ano,mes_num,mes_nome,segmento,categoria,rank,modelo,quantidade_mes,participacao_categoria_pct
2022,1,Janeiro,Autos,Veículos de Entrada,1,VW/GOL,3435,35.14
2022,1,Janeiro,Autos,Veículos de Entrada,2,RENAULT/KWID,3180,32.53
2022,1,Janeiro,Autos,Veículos de Entrada,3,FIAT/MOBI,2528,25.86
2022,1,Janeiro,Autos,Veículos de Entrada,4,FIAT/UNO,622,6.36
2022,1,Janeiro,Autos,Veículos de Entrada,5,VW/FUSCA,10,0.1
2022,1,Janeiro,Autos,Veículos de Entrada,6,VW/UP,1,0.01
2022,1,Janeiro,Autos,Veículos de Entrada,7,FIAT/PALIO,0,0
2022,1,Janeiro,Autos,Veículos de Entrada,8,TOYOTA/ETIOS HB,0,0
2022,1,Janeiro,Autos,Hatch Pequenos,1,HYUNDAI/HB20,5634,32.14
2022,1,Janeiro,Autos,Hatch Pequenos,2,GM/ONIX,5205,29.69
2022,1,Janeiro,Autos,Hatch Pequenos,3,FIAT/ARGO,2676,15.26
2022,1,Janeiro,Autos,Hatch Pequenos,4,PEUGEOT/208,1989,11.35
2022,1,Janeiro,Autos,Hatch Pequenos,5,TOYOTA/YARIS HB,955,5.45
2022,1,Janeiro,Autos,Hatch Pequenos,6,RENAULT/SANDERO,607,3.46
2022,1,Janeiro,Autos,Hatch Pequenos,7,VW/POLO,253,1.44
2022,1,Janeiro,Autos,Hatch Pequenos,8,MINI/COOPER,75,0.43
2022,1,Janeiro,Autos,Hatch Pequenos,9,RENAULT/ZOE,51,0.29
2022,1,Janeiro,Autos,Hatch Pequenos,10,JAC/E-JS1,30,0.17
2022,1,Janeiro,Autos,Hatch Pequenos,11,VW/FOX/CROSS FOX,23,0.13
2022,1,Janeiro,Autos,Hatch Pequenos,12,FIAT/500E,19,0.11
2022,1,Janeiro,Autos,Hatch Médios,1,AUDI/A3,48,37.8
2022,1,Janeiro,Autos,Hatch Médios,2,NISSAN/LEAF,41,32.28
2022,1,Janeiro,Autos,Hatch Médios,3,GM/CRUZE HB,21,16.54
2022,1,Janeiro,Autos,Hatch Médios,4,BMW/I3,12,9.45
2022,1,Janeiro,Autos,Hatch Médios,5,M.BENZ/CLASSE A,3,2.36
2022,1,Janeiro,Autos,Hatch Médios,6,FORD/FOCUS,2,1.57
2022,1,Janeiro,Autos,Sedans Pequenos,1,HYUNDAI/HB20S,2391,40.65
2022,1,Janeiro,Autos,Sedans Pequenos,2,FIAT/CRONOS,1732,29.45
2022,1,Janeiro,Autos,Sedans Pequenos,3,FIAT/SIENA,666,11.32
2022,1,Janeiro,Autos,Sedans Pequenos,4,RENAULT/LOGAN,607,10.32
2022,1,Janeiro,Autos,Sedans Pequenos,5,VW/VOYAGE,479,8.14
2022,1,Janeiro,Autos,Sedans Pequenos,6,FORD/KA SEDAN,2,0.03
2022,1,Janeiro,Autos,Sedans Pequenos,7,NISSAN/VERSA,2,0.03
2022,1,Janeiro,Autos,Sedans Pequenos,8,TOYOTA/ETIOS SEDAN,2,0.03
2022,1,Janeiro,Autos,Sedans Pequenos,9,GM/PRISMA,1,0.02
2022,1,Janeiro,Autos,Sedans Pequenos,10,NISSAN/V-DRIVE,0,0
2022,1,Janeiro,Autos,Sedans Compactos,1,GM/ONIX PLUS,3431,53.25
2022,1,Janeiro,Autos,Sedans Compactos,2,HONDA/CITY,1011,15.69
2022,1,Janeiro,Autos,Sedans Compactos,3,NISSAN/VERSA,794,12.32
2022,1,Janeiro,Autos,Sedans Compactos,4,VW/VIRTUS,612,9.5
2022,1,Janeiro,Autos,Sedans Compactos,5,TOYOTA/YARIS SEDAN,593,9.2
2022,1,Janeiro,Autos,Sedans Compactos,6,CAOA CHERY/ARRIZO 5,2,0.03
2022,1,Janeiro,Autos,Sedans médios,1,TOYOTA/COROLLA,2142,51.37
2022,1,Janeiro,Autos,Sedans médios,2,HONDA/CIVIC,1133,27.17
2022,1,Janeiro,Autos,Sedans médios,3,GM/CRUZE SEDAN,458,10.98
2022,1,Janeiro,Autos,Sedans médios,4,CAOA CHERY/ARRIZO 6,270,6.47
2022,1,Janeiro,Autos,Sedans médios,5,AUDI/A3 SEDAN,60,1.44
2022,1,Janeiro,Autos,Sedans médios,6,KIA/CERATO,4,1.06
2022,1,Janeiro,Autos,Sedans médios,7,VW/JETTA,26,0.62
2022,1,Janeiro,Autos,Sedans médios,8,AUDI/A5,18,0.43
2022,1,Janeiro,Autos,Sedans médios,9,BMW/M235I,5,0.12
2022,1,Janeiro,Autos,Sedans médios,10,BMW/M440I,4,0.1
2022,1,Janeiro,Autos,Sedans médios,11,BMW/218I,3,0.07
2022,1,Janeiro,Autos,Sedans médios,12,M.BENZ/CLASSE A,3,0.07
2022,1,Janeiro,Autos,Sedans médios,13,BMW/420I,2,0.05
2022,1,Janeiro,Autos,Sedans médios,14,M.BENZ/CLA35,2,0.05
2022,1,Janeiro,Autos,Sedans médios,15,BMW/430I,0,0
2022,1,Janeiro,Autos,Sedans médios,16,GM/IMPALA,0,0
2022,1,Janeiro,Autos,Sedans médios,17,M.BENZ/CLA45,0,0
2022,1,Janeiro,Autos,Sedans Grandes,1,BMW/320I,259,51.59
2022,1,Janeiro,Autos,Sedans Grandes,2,M.BENZ/CLASSE C,138,27.49
2022,1,Janeiro,Autos,Sedans Grandes,3,AUDI/A4,25,4.98
2022,1,Janeiro,Autos,Sedans Grandes,4,BMW/330E,17,3.39
2022,1,Janeiro,Autos,Sedans Grandes,5,PORSCHE/PANAMERA,14,2.79
2022,1,Janeiro,Autos,Sedans Grandes,6,BMW/M340I,6,1.2
2022,1,Janeiro,Autos,Sedans Grandes,7,HONDA/ACCORD,6,1.2
2022,1,Janeiro,Autos,Sedans Grandes,8,AUDI/E TRON GT,5,1.0
2022,1,Janeiro,Autos,Sedans Grandes,9,BMW/530E,5,1.0
2022,1,Janeiro,Autos,Sedans Grandes,10,M.BENZ/CLA250,5,1.0
2022,1,Janeiro,Autos,Sedans Grandes,11,VOLVO/S90,4,0.8
2022,1,Janeiro,Autos,Sedans Grandes,12,TESLA/MODEL S,4,0.8
2022,1,Janeiro,Autos,Sw Médios,1,FIAT/PALIO WEEKEND,1,100.0
2022,1,Janeiro,Autos,Sw Médios,2,VW/SPACE FOX,0,0
2022,1,Janeiro,Autos,Sw Grandes,1,AUDI/RS6 AVANT,2,66.67
2022,1,Janeiro,Autos,Sw Grandes,2,GM/CARAVAN,1,33.33
2022,1,Janeiro,Autos,Sw Grandes,3,AUDI/RS4 AVANT,0,0
2022,1,Janeiro,Autos,Monocab,1,HONDA/FIT,154,75.86
2022,1,Janeiro,Autos,Monocab,2,FIAT/DOBLO,48,23.65
2022,1,Janeiro,Autos,Monocab,3,GM/BOLT,1,0.49
2022,1,Janeiro,Autos,Grandcab,1,GM/SPIN,513,90.96
2022,1,Janeiro,Autos,Grandcab,2,KIA/CARNIVAL,49,8.69
2022,1,Janeiro,Autos,Grandcab,3,CHRYSLER/PACIFICA,1,0.18
2022,1,Janeiro,Autos,Grandcab,4,TOYOTA/SIENNA,1,0.18
2022,1,Janeiro,Autos,Sports,1,FORD/MUSTANG,48,36.92
2022,1,Janeiro,Autos,Sports,2,PORSCHE/TAYCAN,21,16.15
2022,1,Janeiro,Autos,Sports,3,PORSCHE/911,16,12.31
2022,1,Janeiro,Autos,Sports,4,PORSCHE/BOXSTER,10,7.69
2022,1,Janeiro,Autos,Sports,5,PORSCHE/CAYMAN,8,6.15
2022,1,Janeiro,Autos,Sports,6,BMW/M3,5,3.85
2022,1,Janeiro,Autos,Sports,7,GM/CORVETTE,5,3.85
2022,1,Janeiro,Autos,Sports,8,AUDI/TT,3,2.31
2022,1,Janeiro,Autos,Sports,9,M.BENZ/AMG GT BS,3,2.31
2022,1,Janeiro,Autos,Suv's,1,JEEP/RENEGADE,4999,10.67
2022,1,Janeiro,Autos,Suv's,2,JEEP/COMPASS,4905,10.47
2022,1,Janeiro,Autos,Suv's,3,HYUNDAI/CRETA,4175,8.91
2022,1,Janeiro,Autos,Suv's,4,VW/T CROSS,3761,8.03
2022,1,Janeiro,Autos,Suv's,5,FIAT/PULSE,3192,6.82
2022,1,Janeiro,Autos,Suv's,6,TOYOTA/COROLLA CROSS,2478,5.29
2022,1,Janeiro,Autos,Suv's,7,GM/TRACKER,2376,5.07
2022,1,Janeiro,Autos,Suv's,8,CITROEN/C4 CACTUS,2283,4.87
2022,1,Janeiro,Autos,Suv's,9,HONDA/HR-V,1792,3.83
2022,1,Janeiro,Autos,Suv's,10,NISSAN/KICKS,1682,3.59
2022,1,Janeiro,Autos,Suv's,11,PEUGEOT/2008,1631,3.48
2022,1,Janeiro,Autos,Suv's,12,RENAULT/DUSTER,1445,3.09
2022,1,Janeiro,Autos,Suv's,13,JEEP/COMMANDER,1437,3.07
2022,1,Janeiro,Autos,Suv's,14,VW/NIVUS,1384,2.96
2022,1,Janeiro,Autos,Suv's,15,CAOA CHERY/TIGGO 3X,1023,2.18
2022,1,Janeiro,Autos,Suv's,16,VW/TAOS,946,2.02
2022,1,Janeiro,Autos,Suv's,17,TOYOTA/HILUX SW4,889,1.9
2022,1,Janeiro,Autos,Suv's,18,CAOA CHERY/TIGGO 8,670,1.43
2022,1,Janeiro,Autos,Suv's,19,HONDA/WR-V,600,1.28
2022,1,Janeiro,Autos,Suv's,20,CAOA CHERY/TIGGO 5X,598,1.28
2022,1,Janeiro,Autos,Suv's,21,RENAULT/CAPTUR,567,1.21
2022,1,Janeiro,Autos,Suv's,22,CAOA CHERY/TIGGO 7,512,1.09
2022,1,Janeiro,Autos,Suv's,23,GM/TRAILBLAZER,347,0.74
2022,1,Janeiro,Autos,Suv's,24,HYUNDAI/TUCSON,220,0.47
2022,1,Janeiro,Autos,Suv's,25,M.BENZ/CLASSE GLB,219,0.47
2022,1,Janeiro,Autos,Suv's,26,VOLVO/XC40,219,0.47
2022,1,Janeiro,Autos,Suv's,27,VOLVO/XC60,198,0.42
2022,1,Janeiro,Autos,Suv's,28,MITSUBISHI/OUTLANDER,184,0.39
2022,1,Janeiro,Autos,Suv's,29,AUDI/Q5,166,0.35
2022,1,Janeiro,Autos,Suv's,30,MITSUBISHI/ECLIPSE CROSS,139,0.3
2022,1,Janeiro,Autos,Suv's,31,BMW/X1,136,0.29
2022,1,Janeiro,Autos,Suv's,32,FORD/TERRITORY,119,0.25
2022,1,Janeiro,Autos,Suv's,33,LAND ROVER/DISCOVERY,92,0.2
2022,1,Janeiro,Autos,Suv's,34,LAND ROVER/DEFENDER,8,0.19
2022,1,Janeiro,Autos,Suv's,35,AUDI/Q3,86,0.18
2022,1,Janeiro,Autos,Suv's,36,MITSUBISHI/PAJERO,78,0.17
2022,1,Janeiro,Autos,Suv's,37,SUBARU/XV,76,0.16
2022,1,Janeiro,Autos,Suv's,38,BMW/X5,74,0.16
2022,1,Janeiro,Autos,Suv's,39,BMW/X3,71,0.15
2022,1,Janeiro,Autos,Suv's,40,FORD/BRONCO,71,0.15
2022,1,Janeiro,Com. Leves,Pick-up's Pequenas,1,FIAT/STRADA,6716,84.99
2022,1,Janeiro,Com. Leves,Pick-up's Pequenas,2,VW/SAVEIRO,1180,14.93
2022,1,Janeiro,Com. Leves,Pick-up's Pequenas,3,PEUGEOT/PARTNER,3,0.04
2022,1,Janeiro,Com. Leves,Pick-up's Pequenas,4,GM/MONTANA,2,0.03
2022,1,Janeiro,Com. Leves,Pick-up's Pequenas,5,FORD/RANCHERO,1,0.01
2022,1,Janeiro,Com. Leves,Pick-up's Grandes,1,FIAT/TORO,3293,26.1
2022,1,Janeiro,Com. Leves,Pick-up's Grandes,2,TOYOTA/HILUX,2912,23.08
2022,1,Janeiro,Com. Leves,Pick-up's Grandes,3,RENAULT/OROCH,1447,11.47
2022,1,Janeiro,Com. Leves,Pick-up's Grandes,4,FORD/RANGER,1221,9.68
2022,1,Janeiro,Com. Leves,Pick-up's Grandes,5,VW/AMAROK,954,7.56
2022,1,Janeiro,Com. Leves,Pick-up's Grandes,6,NISSAN/FRONTIER,950,7.53
2022,1,Janeiro,Com. Leves,Pick-up's Grandes,7,MITSUBISHI/L200,826,6.55
2022,1,Janeiro,Com. Leves,Pick-up's Grandes,8,GM/S10,739,5.86
2022,1,Janeiro,Com. Leves,Pick-up's Grandes,9,RAM/2500,252,2.0
2022,1,Janeiro,Com. Leves,Pick-up's Grandes,10,EFFA/V22,12,0.1
2022,1,Janeiro,Com. Leves,Pick-up's Grandes,11,RAM/1500,3,0.02
2022,1,Janeiro,Com. Leves,Furgões,1,RENAULT/MASTER,623,25.11
2022,1,Janeiro,Com. Leves,Furgões,2,FIAT/DUCATO,452,18.22
2022,1,Janeiro,Com. Leves,Furgões,3,PEUGEOT/EXPERT,398,16.04
2022,1,Janeiro,Com. Leves,Furgões,4,CITROEN/JUMPY,198,7.98
2022,1,Janeiro,Com. Leves,Furgões,5,VW/MAN/EXPRESS,172,6.93
2022,1,Janeiro,Com. Leves,Furgões,6,KIA/K2500,151,6.09
2022,1,Janeiro,Com. Leves,Furgões,7,IVECO/DAILY 35-150,149,6.01
2022,1,Janeiro,Com. Leves,Furgões Pequenos,1,FIAT/FIORINO,1343,96.62
2022,1,Janeiro,Com. Leves,Furgões Pequenos,2,PEUGEOT/PARTNER,36,2.59
2022,1,Janeiro,Com. Leves,Furgões Pequenos,3,FIAT/DOBLO,1,0.79
2022,1,Janeiro,Com. Leves,Furgões Pequenos,4,CITROEN/BERLINGO,0,0
2022,1,Janeiro,Caminhões,Semi-Leve,1,M.BENZ/SPRINTER 416,163,43.47
2022,1,Janeiro,Caminhões,Semi-Leve,2,M.BENZ/SPRINTER 516,57,15.2
2022,1,Janeiro,Caminhões,Semi-Leve,3,IVECO/DAILY 45-170,5,14.67
2022,1,Janeiro,Caminhões,Semi-Leve,4,IVECO/DAILY 65-170,4,11.73
2022,1,Janeiro,Caminhões,Semi-Leve,5,IVECO/DAILY 55-170,23,6.13
2022,1,Janeiro,Caminhões,Semi-Leve,6,VW/MAN/6.160,23,6.13
2022,1,Janeiro,Caminhões,Semi-Leve,7,M.BENZ/SPRINTER,4,1.07
2022,1,Janeiro,Caminhões,Semi-Leve,8,M.BENZ/SPRINTER 415,4,1.07
2022,1,Janeiro,Caminhões,Semi-Leve,9,FORD/F350,1,0.27
2022,1,Janeiro,Caminhões,Semi-Leve,10,VW/MAN/4.150,1,0.27
2022,1,Janeiro,Caminhões,Leve,1,M.BENZ/ACCELO 1016,291,35.4
2022,1,Janeiro,Caminhões,Leve,2,VW/MAN/9.170,245,29.81
2022,1,Janeiro,Caminhões,Leve,3,M.BENZ/ACCELO 815,174,21.17
2022,1,Janeiro,Caminhões,Leve,4,JAC/IEV1200T,38,4.62
2022,1,Janeiro,Caminhões,Leve,5,IVECO/TECTOR 9-190,37,4.5
2022,1,Janeiro,Caminhões,Leve,6,HYUNDAI/HD 80,25,3.04
2022,1,Janeiro,Caminhões,Leve,7,AGRALE/A8700,2,0.24
2022,1,Janeiro,Caminhões,Leve,8,IVECO/DAILY 70C17,2,0.24
2022,1,Janeiro,Caminhões,Leve,9,M.BENZ/ACCELO 915,2,0.24
2022,1,Janeiro,Caminhões,Leve,10,FORD/CARGO 712,1,0.12
2022,1,Janeiro,Caminhões,Médio,1,VW/MAN/11.180,393,53.25
2022,1,Janeiro,Caminhões,Médio,2,IVECO/TECTOR 11-190,106,14.36
2022,1,Janeiro,Caminhões,Médio,3,VW/MAN/14.190,61,8.27
2022,1,Janeiro,Caminhões,Médio,4,M.BENZ/ACCELO 1316,60,8.13
2022,1,Janeiro,Caminhões,Médio,5,M.BENZ/ATEGO 1419,41,5.56
2022,1,Janeiro,Caminhões,Médio,6,VW/MAN/13.180,41,5.56
2022,1,Janeiro,Caminhões,Médio,7,VW/MAN/E-DELIVERY,24,3.25
2022,1,Janeiro,Caminhões,Médio,8,M.BENZ/1418,6,0.81
2022,1,Janeiro,Caminhões,Médio,9,AGRALE/14000,2,0.27
2022,1,Janeiro,Caminhões,Médio,10,AGRALE/A10000,1,0.14
2022,1,Janeiro,Caminhões,Semi-Pesado,1,VOLVO/VM 270,298,12.92
2022,1,Janeiro,Caminhões,Semi-Pesado,2,VW/MAN/24.280,233,10.1
2022,1,Janeiro,Caminhões,Semi-Pesado,3,M.BENZ/ATEGO 2426,216,9.36
2022,1,Janeiro,Caminhões,Semi-Pesado,4,VW/MAN/24.260,167,7.24
2022,1,Janeiro,Caminhões,Semi-Pesado,5,M.BENZ/ATEGO 1719,159,6.89
2022,1,Janeiro,Caminhões,Semi-Pesado,6,VW/MAN/17.190,151,6.55
2022,1,Janeiro,Caminhões,Semi-Pesado,7,VOLVO/VM 330,123,5.33
2022,1,Janeiro,Caminhões,Semi-Pesado,8,IVECO/TECTOR 240,114,4.94
2022,1,Janeiro,Caminhões,Semi-Pesado,9,M.BENZ/ATEGO 3030,97,4.2
2022,1,Janeiro,Caminhões,Semi-Pesado,10,VW/MAN/17.230,94,4.07
2022,1,Janeiro,Caminhões,Pesado,1,VOLVO/FH 540,776,18.16
2022,1,Janeiro,Caminhões,Pesado,2,DAF/XF,499,11.68
2022,1,Janeiro,Caminhões,Pesado,3,VOLVO/FH 460,310,7.25
2022,1,Janeiro,Caminhões,Pesado,4,SCANIA/R450,263,6.15
2022,1,Janeiro,Caminhões,Pesado,5,M.BENZ/ACTROS 2651,201,4.7
2022,1,Janeiro,Caminhões,Pesado,6,SCANIA/R540,154,3.6
2022,1,Janeiro,Caminhões,Pesado,7,M.BENZ/ATEGO 2730,151,3.53
2022,1,Janeiro,Caminhões,Pesado,8,VW/MAN/28.460,150,3.51
2022,1,Janeiro,Caminhões,Pesado,9,VW/MAN/29.520,144,3.37
2022,1,Janeiro,Caminhões,Pesado,10,IVECO/STRALIS 800S44TZ,135,3.16
2022,1,Janeiro,Motos,City,1,HONDA/CG 160,23938,65.41
2022,1,Janeiro,Motos,City,2,YAMAHA/YBR 150,3510,9.59
2022,1,Janeiro,Motos,City,3,HONDA/CB 250F TWISTER,3008,8.22
2022,1,Janeiro,Motos,City,4,YAMAHA/FAZER 250,2378,6.5
2022,1,Janeiro,Motos,City,5,YAMAHA/YS150 FAZER,1892,5.17
2022,1,Janeiro,Motos,City,6,YAMAHA/YBR 125,1184,3.24
2022,1,Janeiro,Motos,City,7,HONDA/CG150,159,0.43
2022,1,Janeiro,Motos,City,8,HAOJUE/DK150,110,0.3
2022,1,Janeiro,Motos,City,9,HAOJUE/CHOPPER,89,0.24
2022,1,Janeiro,Motos,City,10,VOLTZ/EVS,89,0.24
2022,1,Janeiro,Motos,Custom,1,ROYAL ENFIELD/METEOR,172,37.07
2022,1,Janeiro,Motos,Custom,2,KAWASAKI/VULCAN S,63,13.58
2022,1,Janeiro,Motos,Custom,3,ROYAL ENFIELD/INTERCEPTOR,57,12.28
2022,1,Janeiro,Motos,Custom,4,H.DAVIDSON/FL FBS,31,6.68
2022,1,Janeiro,Motos,Custom,5,H.DAVIDSON/FX FBS,31,6.68
2022,1,Janeiro,Motos,Custom,6,ROYAL ENFIELD/CONTINENTAL GT,30,6.47
2022,1,Janeiro,Motos,Custom,7,TRIUMPH/BONNEVILLE,24,5.17
2022,1,Janeiro,Motos,Custom,8,H.DAVIDSON/FL SB,13,2.8
2022,1,Janeiro,Motos,Custom,9,H.DAVIDSON/FX BRS,12,2.59
2022,1,Janeiro,Motos,Custom,10,H.DAVIDSON/FLHCS,7,1.51
2022,1,Janeiro,Motos,Trail/Fun,1,HONDA/NXR160,9350,57.21
2022,1,Janeiro,Motos,Trail/Fun,2,HONDA/XRE 300,2078,12.72
2022,1,Janeiro,Motos,Trail/Fun,3,HONDA/XRE 190,1429,8.74
2022,1,Janeiro,Motos,Trail/Fun,4,YAMAHA/XTZ 250,1346,8.24
2022,1,Janeiro,Motos,Trail/Fun,5,YAMAHA/XTZ150,1237,7.57
2022,1,Janeiro,Motos,Trail/Fun,6,SHINERAY/XY 125,520,3.18
2022,1,Janeiro,Motos,Trail/Fun,7,BMW/G310 GS,154,0.94
2022,1,Janeiro,Motos,Trail/Fun,8,DAFRA/NH 190,79,0.48
2022,1,Janeiro,Motos,Trail/Fun,9,HONDA/NXR150,6,0.4
2022,1,Janeiro,Motos,Trail/Fun,10,KAWASAKI/VERSYS 300,65,0.4
2022,1,Janeiro,Motos,Maxtrail,1,HONDA/CB 500X,284,20.58
2022,1,Janeiro,Motos,Maxtrail,2,TRIUMPH/TIGER 900,255,18.48
2022,1,Janeiro,Motos,Maxtrail,3,BMW/R1250GS,254,18.41
2022,1,Janeiro,Motos,Maxtrail,4,ROYAL ENFIELD/HIMALAYAN,212,15.36
2022,1,Janeiro,Motos,Maxtrail,5,HONDA/NC 750X,101,7.32
2022,1,Janeiro,Motos,Maxtrail,6,HONDA/CRF 1100L,69,5.0
2022,1,Janeiro,Motos,Maxtrail,7,KAWASAKI/VERSYS,57,4.13
2022,1,Janeiro,Motos,Maxtrail,8,BMW/F850 GS,41,2.97
2022,1,Janeiro,Motos,Maxtrail,9,KTM/890,29,2.1
2022,1,Janeiro,Motos,Maxtrail,10,KAWASAKI/VERSYS 1000,2,1.59
2022,1,Janeiro,Motos,Naked/Roadster,1,YAMAHA/MT03,637,33.97
2022,1,Janeiro,Motos,Naked/Roadster,2,HONDA/CB 500,373,19.89
2022,1,Janeiro,Motos,Naked/Roadster,3,HONDA/CB 650,276,14.72
2022,1,Janeiro,Motos,Naked/Roadster,4,YAMAHA/MT07,114,6.08
2022,1,Janeiro,Motos,Naked/Roadster,5,YAMAHA/MT09,107,5.71
2022,1,Janeiro,Motos,Naked/Roadster,6,KAWASAKI/Z400,91,4.85
2022,1,Janeiro,Motos,Naked/Roadster,7,KAWASAKI/Z900,47,2.51
2022,1,Janeiro,Motos,Naked/Roadster,8,KAWASAKI/Z1000,4,2.35
2022,1,Janeiro,Motos,Naked/Roadster,9,TRIUMPH/TRIDENT 660,3,1.76
2022,1,Janeiro,Motos,Naked/Roadster,10,SUZUKI/GSX-S750,26,1.39
2022,1,Janeiro,Motos,Scooter/Cub,1,HONDA/BIZ,12571,39.23
2022,1,Janeiro,Motos,Scooter/Cub,2,HONDA/POP 110I,9585,29.91
2022,1,Janeiro,Motos,Scooter/Cub,3,YAMAHA/NMAX,3195,9.97
2022,1,Janeiro,Motos,Scooter/Cub,4,HONDA/PCX 150,1589,4.96
2022,1,Janeiro,Motos,Scooter/Cub,5,HONDA/ELITE 125,1358,4.24
2022,1,Janeiro,Motos,Scooter/Cub,6,HONDA/ADV 150,857,2.67
2022,1,Janeiro,Motos,Scooter/Cub,7,SHINERAY/XY 50,807,2.52
2022,1,Janeiro,Motos,Scooter/Cub,8,YAMAHA/NEO 125,770,2.4
2022,1,Janeiro,Motos,Scooter/Cub,9,YAMAHA/XMAX 250,457,1.43
2022,1,Janeiro,Motos,Scooter/Cub,10,VOLTZ/EV01,232,0.72
2022,1,Janeiro,Motos,Sport,1,YAMAHA/YZF R3,110,30.14
2022,1,Janeiro,Motos,Sport,2,KAWASAKI/NINJA 400,92,25.21
2022,1,Janeiro,Motos,Sport,3,BMW/S1000 R,73,20.0
2022,1,Janeiro,Motos,Sport,4,KAWASAKI/NINJA ZX 6,34,9.32
2022,1,Janeiro,Motos,Sport,5,KAWASAKI/NINJA 650,24,6.58
2022,1,Janeiro,Motos,Sport,6,KAWASAKI/NINJA ZX10,13,3.56
2022,1,Janeiro,Motos,Sport,7,DUCATI/PANIGALE V4,10,2.74
2022,1,Janeiro,Motos,Sport,8,HONDA/CBR 1000RR,3,0.82
2022,1,Janeiro,Motos,Sport,9,SUZUKI/GSXR1000,3,0.82
2022,1,Janeiro,Motos,Sport,10,DUCATI/SUPERSPORT S,1,0.27
2022,1,Janeiro,Motos,Touring,1,H.DAVIDSON/FL TRK,17,28.33
2022,1,Janeiro,Motos,Touring,2,H.DAVIDSON/FLHTK,17,28.33
2022,1,Janeiro,Motos,Touring,3,H.DAVIDSON/FLH RXS,8,13.33
2022,1,Janeiro,Motos,Touring,4,H.DAVIDSON/FLT,8,13.33
2022,1,Janeiro,Motos,Touring,5,BMW/R1250 RT,5,8.33
2022,1,Janeiro,Motos,Touring,6,H.DAVIDSON/FLHX,4,6.67
2022,1,Janeiro,Motos,Touring,7,BMW/K 1600,1,1.67
2022,2,Fevereiro,Autos,Veículos de Entrada,1,RENAULT/KWID,4262,37.29
2022,2,Fevereiro,Autos,Veículos de Entrada,2,FIAT/MOBI,4162,33.51
2022,2,Fevereiro,Autos,Veículos de Entrada,3,VW/GOL,1710,25.78
2022,2,Fevereiro,Autos,Veículos de Entrada,4,FIAT/UNO,46,3.35
2022,2,Fevereiro,Autos,Veículos de Entrada,5,VW/FUSCA,2,0.06
2022,2,Fevereiro,Autos,Veículos de Entrada,6,VW/UP,1,0.01
2022,2,Fevereiro,Autos,Veículos de Entrada,7,GM/CELTA,1,0.01
2022,2,Fevereiro,Autos,Hatch Pequenos,1,HYUNDAI/HB20,6161,29.7
2022,2,Fevereiro,Autos,Hatch Pequenos,2,GM/ONIX,6541,29.57
2022,2,Fevereiro,Autos,Hatch Pequenos,3,FIAT/ARGO,4321,17.62
2022,2,Fevereiro,Autos,Hatch Pequenos,4,PEUGEOT/208,1847,9.66
2022,2,Fevereiro,Autos,Hatch Pequenos,5,TOYOTA/YARIS HB,2067,7.61
2022,2,Fevereiro,Autos,Hatch Pequenos,6,RENAULT/SANDERO,469,2.71
2022,2,Fevereiro,Autos,Hatch Pequenos,7,VW/POLO,295,1.38
2022,2,Fevereiro,Autos,Hatch Pequenos,8,HONDA/CITY HATCH,245,0.62
2022,2,Fevereiro,Autos,Hatch Pequenos,9,MINI/COOPER,64,0.35
2022,2,Fevereiro,Autos,Hatch Pequenos,10,FIAT/500E,8,0.27
2022,2,Fevereiro,Autos,Hatch Pequenos,11,JAC/E-JS1,48,0.2
2022,2,Fevereiro,Autos,Hatch Pequenos,12,RENAULT/ZOE,5,0.14
2022,2,Fevereiro,Autos,Hatch Médios,1,NISSAN/LEAF,49,34.22
2022,2,Fevereiro,Autos,Hatch Médios,2,AUDI/A3,28,28.9
2022,2,Fevereiro,Autos,Hatch Médios,3,GM/CRUZE HB,53,28.14
2022,2,Fevereiro,Autos,Hatch Médios,4,BMW/I3,0,4.56
2022,2,Fevereiro,Autos,Hatch Médios,5,M.BENZ/CLASSE A,2,1.9
2022,2,Fevereiro,Autos,Hatch Médios,6,FORD/FOCUS,0,0.76
2022,2,Fevereiro,Autos,Sedans Pequenos,1,HYUNDAI/HB20S,2055,34.29
2022,2,Fevereiro,Autos,Sedans Pequenos,2,FIAT/SIENA,2637,25.47
2022,2,Fevereiro,Autos,Sedans Pequenos,3,FIAT/CRONOS,839,19.82
2022,2,Fevereiro,Autos,Sedans Pequenos,4,RENAULT/LOGAN,1363,15.19
2022,2,Fevereiro,Autos,Sedans Pequenos,5,VW/VOYAGE,187,5.14
2022,2,Fevereiro,Autos,Sedans Pequenos,6,NISSAN/VERSA,2,0.03
2022,2,Fevereiro,Autos,Sedans Pequenos,7,GM/PRISMA,2,0.02
2022,2,Fevereiro,Autos,Sedans Pequenos,8,FORD/KA SEDAN,0,0.02
2022,2,Fevereiro,Autos,Sedans Pequenos,9,TOYOTA/ETIOS SEDAN,0,0.02
2022,2,Fevereiro,Autos,Sedans Pequenos,10,GM/CORSA SEDAN,1,0.01
2022,2,Fevereiro,Autos,Sedans Compactos,1,GM/ONIX PLUS,4489,50.06
2022,2,Fevereiro,Autos,Sedans Compactos,2,HONDA/CITY,2326,21.09
2022,2,Fevereiro,Autos,Sedans Compactos,3,NISSAN/VERSA,1056,11.69
2022,2,Fevereiro,Autos,Sedans Compactos,4,TOYOTA/YARIS SEDAN,1202,11.34
2022,2,Fevereiro,Autos,Sedans Compactos,5,VW/VIRTUS,301,5.77
2022,2,Fevereiro,Autos,Sedans Compactos,6,GM/COBALT,4,0.03
2022,2,Fevereiro,Autos,Sedans médios,1,TOYOTA/COROLLA,2729,59.79
2022,2,Fevereiro,Autos,Sedans médios,2,HONDA/CIVIC,471,19.69
2022,2,Fevereiro,Autos,Sedans médios,3,GM/CRUZE SEDAN,477,11.48
2022,2,Fevereiro,Autos,Sedans médios,4,CAOA CHERY/ARRIZO 6,166,5.35
2022,2,Fevereiro,Autos,Sedans médios,5,AUDI/A3 SEDAN,56,1.42
2022,2,Fevereiro,Autos,Sedans médios,6,KIA/CERATO,38,1.01
2022,2,Fevereiro,Autos,Sedans médios,7,VW/JETTA,10,0.44
2022,2,Fevereiro,Autos,Sedans médios,8,AUDI/A5,16,0.42
2022,2,Fevereiro,Autos,Sedans médios,9,BMW/218I,4,0.09
2022,2,Fevereiro,Autos,Sedans médios,10,M.BENZ/CLA35,5,0.09
2022,2,Fevereiro,Autos,Sedans médios,11,M.BENZ/CLASSE A,4,0.09
2022,2,Fevereiro,Autos,Sedans médios,12,BMW/M235I,0,0.06
2022,2,Fevereiro,Autos,Sedans médios,13,BMW/M440I,0,0.05
2022,2,Fevereiro,Autos,Sedans médios,14,BMW/420I,0,0.02
2022,2,Fevereiro,Autos,Sedans médios,15,M.BENZ/CLASSE C,1,0.01
2022,2,Fevereiro,Autos,Sedans Grandes,1,BMW/320I,447,59.28
2022,2,Fevereiro,Autos,Sedans Grandes,2,M.BENZ/CLASSE C,163,25.27
2022,2,Fevereiro,Autos,Sedans Grandes,3,PORSCHE/PANAMERA,23,3.11
2022,2,Fevereiro,Autos,Sedans Grandes,4,BMW/330E,15,2.69
2022,2,Fevereiro,Autos,Sedans Grandes,5,AUDI/A4,3,2.35
2022,2,Fevereiro,Autos,Sedans Grandes,6,BMW/M340I,8,1.18
2022,2,Fevereiro,Autos,Sedans Grandes,7,BMW/530E,6,0.92
2022,2,Fevereiro,Autos,Sedans Grandes,8,HONDA/ACCORD,5,0.92
2022,2,Fevereiro,Autos,Sedans Grandes,9,M.BENZ/CLA250,4,0.76
2022,2,Fevereiro,Autos,Sedans Grandes,10,TESLA/MODEL S,4,0.67
2022,2,Fevereiro,Autos,Sedans Grandes,11,AUDI/E TRON GT,2,0.59
2022,2,Fevereiro,Autos,Sedans Grandes,12,VOLVO/S90,1,0.42
2022,2,Fevereiro,Autos,Sw Médios,1,FIAT/PALIO WEEKEND,0,100.0
2022,2,Fevereiro,Autos,Sw Grandes,1,AUDI/RS6 AVANT,2,50.0
2022,2,Fevereiro,Autos,Sw Grandes,2,AUDI/RS4 AVANT,3,37.5
2022,2,Fevereiro,Autos,Sw Grandes,3,GM/CARAVAN,0,12.5
2022,2,Fevereiro,Autos,Monocab,1,HONDA/FIT,5,61.29
2022,2,Fevereiro,Autos,Monocab,2,FIAT/DOBLO,83,38.42
2022,2,Fevereiro,Autos,Monocab,3,GM/BOLT,0,0.29
2022,2,Fevereiro,Autos,Grandcab,1,GM/SPIN,8,86.85
2022,2,Fevereiro,Autos,Grandcab,2,KIA/CARNIVAL,39,12.72
2022,2,Fevereiro,Autos,Grandcab,3,CHRYSLER/PACIFICA,0,0.14
2022,2,Fevereiro,Autos,Grandcab,4,TOYOTA/SIENNA,0,0.14
2022,2,Fevereiro,Autos,Sports,1,FORD/MUSTANG,21,25.27
2022,2,Fevereiro,Autos,Sports,2,PORSCHE/TAYCAN,2,15.75
2022,2,Fevereiro,Autos,Sports,3,PORSCHE/911,23,14.29
2022,2,Fevereiro,Autos,Sports,4,PORSCHE/BOXSTER,23,12.09
2022,2,Fevereiro,Autos,Sports,5,PORSCHE/CAYMAN,7,5.49
2022,2,Fevereiro,Autos,Sports,6,BMW/M3,8,4.76
2022,2,Fevereiro,Autos,Sports,7,M.BENZ/AMG GT BS,9,4.4
2022,2,Fevereiro,Autos,Sports,8,GM/CORVETTE,4,3.3
2022,2,Fevereiro,Autos,Sports,9,JAGUAR/F-TYPE,7,2.56
2022,2,Fevereiro,Autos,Suv's,1,JEEP/COMPASS,4503,10.42
2022,2,Fevereiro,Autos,Suv's,2,VW/T CROSS,5118,9.83
2022,2,Fevereiro,Autos,Suv's,3,HYUNDAI/CRETA,4163,9.23
2022,2,Fevereiro,Autos,Suv's,4,JEEP/RENEGADE,2229,8.0
2022,2,Fevereiro,Autos,Suv's,5,TOYOTA/COROLLA CROSS,3732,6.88
2022,2,Fevereiro,Autos,Suv's,6,GM/TRACKER,3419,6.42
2022,2,Fevereiro,Autos,Suv's,7,FIAT/PULSE,1843,5.58
2022,2,Fevereiro,Autos,Suv's,8,CITROEN/C4 CACTUS,1587,4.29
2022,2,Fevereiro,Autos,Suv's,9,VW/NIVUS,2417,4.21
2022,2,Fevereiro,Autos,Suv's,10,JEEP/COMMANDER,1614,3.38
2022,2,Fevereiro,Autos,Suv's,11,RENAULT/DUSTER,1550,3.31
2022,2,Fevereiro,Autos,Suv's,12,NISSAN/KICKS,1112,3.09
2022,2,Fevereiro,Autos,Suv's,13,HONDA/HR-V,826,2.9
2022,2,Fevereiro,Autos,Suv's,14,PEUGEOT/2008,445,2.3
2022,2,Fevereiro,Autos,Suv's,15,TOYOTA/HILUX SW4,997,2.09
2022,2,Fevereiro,Autos,Suv's,16,CAOA CHERY/TIGGO 3X,786,2.0
2022,2,Fevereiro,Autos,Suv's,17,VW/TAOS,667,1.79
2022,2,Fevereiro,Autos,Suv's,18,CAOA CHERY/TIGGO 8,878,1.71
2022,2,Fevereiro,Autos,Suv's,19,CAOA CHERY/TIGGO 5X,649,1.38
2022,2,Fevereiro,Autos,Suv's,20,CAOA CHERY/TIGGO 7,730,1.38
2022,2,Fevereiro,Autos,Suv's,21,RENAULT/CAPTUR,480,1.16
2022,2,Fevereiro,Autos,Suv's,22,HYUNDAI/TUCSON,820,1.15
2022,2,Fevereiro,Autos,Suv's,23,HONDA/WR-V,79,0.75
2022,2,Fevereiro,Autos,Suv's,24,GM/TRAILBLAZER,113,0.51
2022,2,Fevereiro,Autos,Suv's,25,MITSUBISHI/OUTLANDER,224,0.45
2022,2,Fevereiro,Autos,Suv's,26,VOLVO/XC60,198,0.44
2022,2,Fevereiro,Autos,Suv's,27,MITSUBISHI/PAJERO,273,0.39
2022,2,Fevereiro,Autos,Suv's,28,M.BENZ/CLASSE GLB,93,0.35
2022,2,Fevereiro,Autos,Suv's,29,VOLVO/XC40,89,0.34
2022,2,Fevereiro,Autos,Suv's,30,AUDI/Q5,126,0.32
2022,2,Fevereiro,Autos,Suv's,31,MITSUBISHI/ECLIPSE CROSS,140,0.31
2022,2,Fevereiro,Autos,Suv's,32,BMW/X1,127,0.29
2022,2,Fevereiro,Autos,Suv's,33,LAND ROVER/DISCOVERY,129,0.24
2022,2,Fevereiro,Autos,Suv's,34,BMW/X5,123,0.22
2022,2,Fevereiro,Autos,Suv's,35,FORD/TERRITORY,64,0.2
2022,2,Fevereiro,Autos,Suv's,36,FORD/BRONCO,89,0.18
2022,2,Fevereiro,Autos,Suv's,37,LAND ROVER/RANGE ROVER,9,0.18
2022,2,Fevereiro,Autos,Suv's,38,LAND ROVER/EVOQUE,68,0.15
2022,2,Fevereiro,Autos,Suv's,39,LAND ROVER/DEFENDER,4,0.15
2022,2,Fevereiro,Autos,Suv's,40,SUZUKI/JIMNY,73,0.14
2022,2,Fevereiro,Com. Leves,Pick-up's Pequenas,1,FIAT/STRADA,7307,90.7
2022,2,Fevereiro,Com. Leves,Pick-up's Pequenas,2,VW/SAVEIRO,247,9.23
2022,2,Fevereiro,Com. Leves,Pick-up's Pequenas,3,PEUGEOT/PARTNER,2,0.03
2022,2,Fevereiro,Com. Leves,Pick-up's Pequenas,4,GM/MONTANA,2,0.03
2022,2,Fevereiro,Com. Leves,Pick-up's Pequenas,5,FORD/PAMPA,1,0.01
2022,2,Fevereiro,Com. Leves,Pick-up's Pequenas,6,FORD/RANCHERO,0,0.01
2022,2,Fevereiro,Com. Leves,Pick-up's Grandes,1,FIAT/TORO,3178,27.15
2022,2,Fevereiro,Com. Leves,Pick-up's Grandes,2,TOYOTA/HILUX,2558,22.95
2022,2,Fevereiro,Com. Leves,Pick-up's Grandes,3,GM/S10,2225,12.44
2022,2,Fevereiro,Com. Leves,Pick-up's Grandes,4,FORD/RANGER,769,8.35
2022,2,Fevereiro,Com. Leves,Pick-up's Grandes,5,RENAULT/OROCH,542,8.34
2022,2,Fevereiro,Com. Leves,Pick-up's Grandes,6,MITSUBISHI/L200,783,6.75
2022,2,Fevereiro,Com. Leves,Pick-up's Grandes,7,NISSAN/FRONTIER,565,6.36
2022,2,Fevereiro,Com. Leves,Pick-up's Grandes,8,VW/AMAROK,506,6.13
2022,2,Fevereiro,Com. Leves,Pick-up's Grandes,9,RAM/2500,42,1.23
2022,2,Fevereiro,Com. Leves,Pick-up's Grandes,10,FORD/MAVERICK,34,0.14
2022,2,Fevereiro,Com. Leves,Pick-up's Grandes,11,EFFA/V22,12,0.1
2022,2,Fevereiro,Com. Leves,Furgões,1,RENAULT/MASTER,480,23.52
2022,2,Fevereiro,Com. Leves,Furgões,2,FIAT/DUCATO,319,16.44
2022,2,Fevereiro,Com. Leves,Furgões,3,PEUGEOT/EXPERT,261,14.05
2022,2,Fevereiro,Com. Leves,Furgões,4,VW/MAN/EXPRESS,268,9.38
2022,2,Fevereiro,Com. Leves,Furgões,5,CITROEN/JUMPY,185,8.21
2022,2,Fevereiro,Com. Leves,Furgões,6,IVECO/DAILY 35-150,191,7.25
2022,2,Fevereiro,Com. Leves,Furgões,7,KIA/K2500,155,6.53
2022,2,Fevereiro,Com. Leves,Furgões Pequenos,1,FIAT/FIORINO,1576,97.17
2022,2,Fevereiro,Com. Leves,Furgões Pequenos,2,PEUGEOT/PARTNER,24,2.0
2022,2,Fevereiro,Com. Leves,Furgões Pequenos,3,FIAT/DOBLO,6,0.57
2022,2,Fevereiro,Com. Leves,Furgões Pequenos,4,FIAT/STRADA,7,0.23
2022,2,Fevereiro,Caminhões,Semi-Leve,1,M.BENZ/SPRINTER 416,144,43.18
2022,2,Fevereiro,Caminhões,Semi-Leve,2,M.BENZ/SPRINTER 516,48,14.77
2022,2,Fevereiro,Caminhões,Semi-Leve,3,IVECO/DAILY 65-170,48,12.94
2022,2,Fevereiro,Caminhões,Semi-Leve,4,IVECO/DAILY 45-170,35,12.66
2022,2,Fevereiro,Caminhões,Semi-Leve,5,VW/MAN/6.160,31,7.59
2022,2,Fevereiro,Caminhões,Semi-Leve,6,IVECO/DAILY 55-170,13,5.06
2022,2,Fevereiro,Caminhões,Semi-Leve,7,M.BENZ/SPRINTER,14,2.53
2022,2,Fevereiro,Caminhões,Semi-Leve,8,M.BENZ/SPRINTER 415,0,0.56
2022,2,Fevereiro,Caminhões,Semi-Leve,9,VW/MAN/4.150,1,0.28
2022,2,Fevereiro,Caminhões,Semi-Leve,10,FORD/F350,0,0.14
2022,2,Fevereiro,Caminhões,Leve,1,M.BENZ/ACCELO 1016,295,34.27
2022,2,Fevereiro,Caminhões,Leve,2,VW/MAN/9.170,190,25.44
2022,2,Fevereiro,Caminhões,Leve,3,M.BENZ/ACCELO 815,177,20.53
2022,2,Fevereiro,Caminhões,Leve,4,JAC/IEV1200T,152,11.11
2022,2,Fevereiro,Caminhões,Leve,5,IVECO/TECTOR 9-190,46,4.85
2022,2,Fevereiro,Caminhões,Leve,6,HYUNDAI/HD 80,15,2.34
2022,2,Fevereiro,Caminhões,Leve,7,IVECO/DAILY 70C17,6,0.47
2022,2,Fevereiro,Caminhões,Leve,8,AGRALE/A8700,3,0.29
2022,2,Fevereiro,Caminhões,Leve,9,FORD/CARGO 816,1,0.12
2022,2,Fevereiro,Caminhões,Leve,10,M.BENZ/ACCELO 915,0,0.12
2022,2,Fevereiro,Caminhões,Médio,1,VW/MAN/11.180,499,54.89
2022,2,Fevereiro,Caminhões,Médio,2,IVECO/TECTOR 11-190,85,11.75
2022,2,Fevereiro,Caminhões,Médio,3,M.BENZ/ATEGO 1419,87,7.88
2022,2,Fevereiro,Caminhões,Médio,4,VW/MAN/14.190,60,7.45
2022,2,Fevereiro,Caminhões,Médio,5,M.BENZ/ACCELO 1316,41,6.22
2022,2,Fevereiro,Caminhões,Médio,6,VW/MAN/13.180,46,5.35
2022,2,Fevereiro,Caminhões,Médio,7,VW/MAN/E-DELIVERY,4,4.18
2022,2,Fevereiro,Caminhões,Médio,8,M.BENZ/1418,16,1.35
2022,2,Fevereiro,Caminhões,Médio,9,FOTON/AUMARK S 11T,5,0.37
2022,2,Fevereiro,Caminhões,Médio,10,AGRALE/A10000,2,0.18
2022,2,Fevereiro,Caminhões,Semi-Pesado,1,VOLVO/VM 270,252,11.8
2022,2,Fevereiro,Caminhões,Semi-Pesado,2,VW/MAN/24.280,202,9.33
2022,2,Fevereiro,Caminhões,Semi-Pesado,3,M.BENZ/ATEGO 2426,188,8.67
2022,2,Fevereiro,Caminhões,Semi-Pesado,4,M.BENZ/ATEGO 1719,197,7.64
2022,2,Fevereiro,Caminhões,Semi-Pesado,5,VW/MAN/24.260,167,7.17
2022,2,Fevereiro,Caminhões,Semi-Pesado,6,VW/MAN/17.190,149,6.44
2022,2,Fevereiro,Caminhões,Semi-Pesado,7,IVECO/TECTOR 240,165,5.99
2022,2,Fevereiro,Caminhões,Semi-Pesado,8,VOLVO/VM 330,143,5.71
2022,2,Fevereiro,Caminhões,Semi-Pesado,9,M.BENZ/ATEGO 3030,109,4.42
2022,2,Fevereiro,Caminhões,Semi-Pesado,10,VW/MAN/17.260,113,3.93
2022,2,Fevereiro,Caminhões,Pesado,1,VOLVO/FH 540,515,16.62
2022,2,Fevereiro,Caminhões,Pesado,2,DAF/XF,305,10.36
2022,2,Fevereiro,Caminhões,Pesado,3,VOLVO/FH 460,237,7.05
2022,2,Fevereiro,Caminhões,Pesado,4,SCANIA/R450,200,5.96
2022,2,Fevereiro,Caminhões,Pesado,5,M.BENZ/ACTROS 2651,130,4.26
2022,2,Fevereiro,Caminhões,Pesado,6,VW/MAN/28.460,150,3.86
2022,2,Fevereiro,Caminhões,Pesado,7,VOLVO/VM 330,157,3.7
2022,2,Fevereiro,Caminhões,Pesado,8,VW/MAN/29.520,143,3.7
2022,2,Fevereiro,Caminhões,Pesado,9,SCANIA/R540,126,3.59
2022,2,Fevereiro,Caminhões,Pesado,10,M.BENZ/ATEGO 2730,105,3.3
2022,2,Fevereiro,Motos,City,1,HONDA/CG 160,18967,66.21
2022,2,Fevereiro,Motos,City,2,YAMAHA/YBR 150,1958,8.44
2022,2,Fevereiro,Motos,City,3,HONDA/CB 250F TWISTER,2212,8.06
2022,2,Fevereiro,Motos,City,4,YAMAHA/FAZER 250,2112,6.93
2022,2,Fevereiro,Motos,City,5,YAMAHA/YS150 FAZER,1817,5.72
2022,2,Fevereiro,Motos,City,6,YAMAHA/YBR 125,562,2.69
2022,2,Fevereiro,Motos,City,7,HAOJUE/DK150,141,0.39
2022,2,Fevereiro,Motos,City,8,HONDA/CG150,54,0.33
2022,2,Fevereiro,Motos,City,9,HAOJUE/CHOPPER,102,0.29
2022,2,Fevereiro,Motos,City,10,VOLTZ/EVS,57,0.23
2022,2,Fevereiro,Motos,Custom,1,ROYAL ENFIELD/METEOR,231,40.71
2022,2,Fevereiro,Motos,Custom,2,ROYAL ENFIELD/INTERCEPTOR,86,14.44
2022,2,Fevereiro,Motos,Custom,3,KAWASAKI/VULCAN S,76,14.04
2022,2,Fevereiro,Motos,Custom,4,H.DAVIDSON/FL FBS,30,6.16
2022,2,Fevereiro,Motos,Custom,5,H.DAVIDSON/FX FBS,24,5.56
2022,2,Fevereiro,Motos,Custom,6,ROYAL ENFIELD/CONTINENTAL GT,16,4.65
2022,2,Fevereiro,Motos,Custom,7,TRIUMPH/BONNEVILLE,14,3.84
2022,2,Fevereiro,Motos,Custom,8,H.DAVIDSON/FX BRS,9,2.12
2022,2,Fevereiro,Motos,Custom,9,H.DAVIDSON/FL SB,6,1.92
2022,2,Fevereiro,Motos,Custom,10,TRIUMPH/STREET SCRAMBLER,10,1.62
2022,2,Fevereiro,Motos,Trail/Fun,1,HONDA/NXR160,8178,56.64
2022,2,Fevereiro,Motos,Trail/Fun,2,HONDA/XRE 300,1529,11.66
2022,2,Fevereiro,Motos,Trail/Fun,3,YAMAHA/XTZ150,1980,10.4
2022,2,Fevereiro,Motos,Trail/Fun,4,HONDA/XRE 190,1025,7.93
2022,2,Fevereiro,Motos,Trail/Fun,5,YAMAHA/XTZ 250,1049,7.74
2022,2,Fevereiro,Motos,Trail/Fun,6,SHINERAY/XY 125,487,3.25
2022,2,Fevereiro,Motos,Trail/Fun,7,BMW/G310 GS,120,0.89
2022,2,Fevereiro,Motos,Trail/Fun,8,DAFRA/NH 190,134,0.69
2022,2,Fevereiro,Motos,Trail/Fun,9,KAWASAKI/VERSYS 300,76,0.46
2022,2,Fevereiro,Motos,Trail/Fun,10,HONDA/NXR150,19,0.27
2022,2,Fevereiro,Motos,Maxtrail,1,BMW/R1250GS,396,23.58
2022,2,Fevereiro,Motos,Maxtrail,2,TRIUMPH/TIGER 900,239,17.92
2022,2,Fevereiro,Motos,Maxtrail,3,HONDA/CB 500X,184,16.98
2022,2,Fevereiro,Motos,Maxtrail,4,ROYAL ENFIELD/HIMALAYAN,194,14.73
2022,2,Fevereiro,Motos,Maxtrail,5,HONDA/NC 750X,43,5.22
2022,2,Fevereiro,Motos,Maxtrail,6,BMW/F850 GS,9,5.08
2022,2,Fevereiro,Motos,Maxtrail,7,HONDA/CRF 1100L,62,4.75
2022,2,Fevereiro,Motos,Maxtrail,8,KAWASAKI/VERSYS,53,3.99
2022,2,Fevereiro,Motos,Maxtrail,9,KAWASAKI/VERSYS 1000,30,1.89
2022,2,Fevereiro,Motos,Maxtrail,10,KTM/890,10,1.42
2022,2,Fevereiro,Motos,Naked/Roadster,1,YAMAHA/MT03,571,34.65
2022,2,Fevereiro,Motos,Naked/Roadster,2,HONDA/CB 500,274,18.56
2022,2,Fevereiro,Motos,Naked/Roadster,3,HONDA/CB 650,210,13.94
2022,2,Fevereiro,Motos,Naked/Roadster,4,YAMAHA/MT09,121,6.54
2022,2,Fevereiro,Motos,Naked/Roadster,5,YAMAHA/MT07,95,6.0
2022,2,Fevereiro,Motos,Naked/Roadster,6,KAWASAKI/Z900,131,5.11
2022,2,Fevereiro,Motos,Naked/Roadster,7,KAWASAKI/Z400,78,4.85
2022,2,Fevereiro,Motos,Naked/Roadster,8,KAWASAKI/Z1000,2,1.89
2022,2,Fevereiro,Motos,Naked/Roadster,9,SUZUKI/GSX-S750,23,1.41
2022,2,Fevereiro,Motos,Naked/Roadster,10,KAWASAKI/Z650,15,1.09
2022,2,Fevereiro,Motos,Scooter/Cub,1,HONDA/BIZ,9383,37.32
2022,2,Fevereiro,Motos,Scooter/Cub,2,HONDA/POP 110I,7406,28.89
2022,2,Fevereiro,Motos,Scooter/Cub,3,YAMAHA/NMAX,2284,9.32
2022,2,Fevereiro,Motos,Scooter/Cub,4,HONDA/PCX 150,2722,7.33
2022,2,Fevereiro,Motos,Scooter/Cub,5,HONDA/ELITE 125,1161,4.28
2022,2,Fevereiro,Motos,Scooter/Cub,6,HONDA/ADV 150,962,3.09
2022,2,Fevereiro,Motos,Scooter/Cub,7,SHINERAY/XY 50,736,2.62
2022,2,Fevereiro,Motos,Scooter/Cub,8,YAMAHA/NEO 125,745,2.58
2022,2,Fevereiro,Motos,Scooter/Cub,9,YAMAHA/XMAX 250,412,1.48
2022,2,Fevereiro,Motos,Scooter/Cub,10,VOLTZ/EV01,465,1.18
2022,2,Fevereiro,Motos,Sport,1,KAWASAKI/NINJA 400,111,28.67
2022,2,Fevereiro,Motos,Sport,2,YAMAHA/YZF R3,76,26.27
2022,2,Fevereiro,Motos,Sport,3,BMW/S1000 R,8,22.74
2022,2,Fevereiro,Motos,Sport,4,KAWASAKI/NINJA ZX 6,31,9.18
2022,2,Fevereiro,Motos,Sport,5,KAWASAKI/NINJA 650,14,5.37
2022,2,Fevereiro,Motos,Sport,6,KAWASAKI/NINJA ZX10,10,3.25
2022,2,Fevereiro,Motos,Sport,7,DUCATI/PANIGALE V4,5,2.12
2022,2,Fevereiro,Motos,Sport,8,HONDA/CBR 1000RR,4,0.99
2022,2,Fevereiro,Motos,Sport,9,SUZUKI/GSXR1000,2,0.71
2022,2,Fevereiro,Motos,Sport,10,DUCATI/SUPERSPORT S,0,0.14
2022,2,Fevereiro,Motos,Touring,1,H.DAVIDSON/FLHTK,15,34.04
2022,2,Fevereiro,Motos,Touring,2,H.DAVIDSON/FL TRK,8,26.6
2022,2,Fevereiro,Motos,Touring,3,H.DAVIDSON/FLT,6,14.89
2022,2,Fevereiro,Motos,Touring,4,H.DAVIDSON/FLH RXS,2,10.64
2022,2,Fevereiro,Motos,Touring,5,BMW/R1250 RT,1,6.38
2022,2,Fevereiro,Motos,Touring,6,H.DAVIDSON/FLHX,2,6.38
2022,2,Fevereiro,Motos,Touring,7,BMW/K 1600,0,1.06
2022,3,Março,Autos,Veículos de Entrada,1,FIAT/MOBI,6581,41.91
2022,3,Março,Autos,Veículos de Entrada,2,RENAULT/KWID,3585,35.86
2022,3,Março,Autos,Veículos de Entrada,3,VW/GOL,1193,19.99
2022,3,Março,Autos,Veículos de Entrada,4,FIAT/UNO,21,2.17
2022,3,Março,Autos,Veículos de Entrada,5,VW/FUSCA,4,0.05
2022,3,Março,Autos,Veículos de Entrada,6,VW/UP,4,0.02
2022,3,Março,Autos,Veículos de Entrada,7,GM/CELTA,0,0
2022,3,Março,Autos,Veículos de Entrada,8,GM/CHEVETTE,1,0
2022,3,Março,Autos,Hatch Pequenos,1,HYUNDAI/HB20,6908,29.68
2022,3,Março,Autos,Hatch Pequenos,2,GM/ONIX,5421,27.45
2022,3,Março,Autos,Hatch Pequenos,3,FIAT/ARGO,3078,16.03
2022,3,Março,Autos,Hatch Pequenos,4,PEUGEOT/208,2307,9.79
2022,3,Março,Autos,Hatch Pequenos,5,TOYOTA/YARIS HB,2085,8.15
2022,3,Março,Autos,Hatch Pequenos,6,HONDA/CITY HATCH,1933,3.47
2022,3,Março,Autos,Hatch Pequenos,7,RENAULT/SANDERO,607,2.74
2022,3,Março,Autos,Hatch Pequenos,8,VW/POLO,491,1.66
2022,3,Março,Autos,Hatch Pequenos,9,MINI/COOPER,74,0.34
2022,3,Março,Autos,Hatch Pequenos,10,JAC/E-JS1,72,0.24
2022,3,Março,Autos,Hatch Pequenos,11,FIAT/500E,24,0.21
2022,3,Março,Autos,Hatch Pequenos,12,RENAULT/ZOE,6,0.1
2022,3,Março,Autos,Hatch Médios,1,GM/CRUZE HB,194,53.06
2022,3,Março,Autos,Hatch Médios,2,NISSAN/LEAF,12,20.12
2022,3,Março,Autos,Hatch Médios,3,AUDI/A3,16,18.15
2022,3,Março,Autos,Hatch Médios,4,BMW/I3,4,3.16
2022,3,Março,Autos,Hatch Médios,5,M.BENZ/CLASSE A,8,2.56
2022,3,Março,Autos,Hatch Médios,6,M.BENZ/A45 AMG,6,1.18
2022,3,Março,Autos,Sedans Pequenos,1,HYUNDAI/HB20S,2304,39.05
2022,3,Março,Autos,Sedans Pequenos,2,FIAT/SIENA,296,20.79
2022,3,Março,Autos,Sedans Pequenos,3,FIAT/CRONOS,785,19.45
2022,3,Março,Autos,Sedans Pequenos,4,RENAULT/LOGAN,798,16.06
2022,3,Março,Autos,Sedans Pequenos,5,VW/VOYAGE,121,4.55
2022,3,Março,Autos,Sedans Pequenos,6,GM/PRISMA,3,0.03
2022,3,Março,Autos,Sedans Pequenos,7,NISSAN/VERSA,1,0.03
2022,3,Março,Autos,Sedans Pequenos,8,FORD/KA SEDAN,1,0.02
2022,3,Março,Autos,Sedans Pequenos,9,TOYOTA/ETIOS SEDAN,0,0.01
2022,3,Março,Autos,Sedans Pequenos,10,GM/CORSA SEDAN,0,0.01
2022,3,Março,Autos,Sedans Compactos,1,GM/ONIX PLUS,4179,49.41
2022,3,Março,Autos,Sedans Compactos,2,HONDA/CITY,1992,21.75
2022,3,Março,Autos,Sedans Compactos,3,TOYOTA/YARIS SEDAN,1221,12.31
2022,3,Março,Autos,Sedans Compactos,4,NISSAN/VERSA,835,10.99
2022,3,Março,Autos,Sedans Compactos,5,VW/VIRTUS,429,5.46
2022,3,Março,Autos,Sedans Compactos,6,GM/COBALT,1,0.06
2022,3,Março,Autos,Sedans médios,1,TOYOTA/COROLLA,4196,66.33
2022,3,Março,Autos,Sedans médios,2,HONDA/CIVIC,250,13.54
2022,3,Março,Autos,Sedans médios,3,GM/CRUZE SEDAN,746,12.3
2022,3,Março,Autos,Sedans médios,4,CAOA CHERY/ARRIZO 6,181,4.52
2022,3,Março,Autos,Sedans médios,5,AUDI/A3 SEDAN,64,1.33
2022,3,Março,Autos,Sedans médios,6,KIA/CERATO,41,0.91
2022,3,Março,Autos,Sedans médios,7,AUDI/A5,14,0.35
2022,3,Março,Autos,Sedans médios,8,VW/JETTA,5,0.3
2022,3,Março,Autos,Sedans médios,9,M.BENZ/CLA35,9,0.12
2022,3,Março,Autos,Sedans médios,10,M.BENZ/CLASSE A,5,0.09
2022,3,Março,Autos,Sedans médios,11,BMW/M440I,4,0.06
2022,3,Março,Autos,Sedans médios,12,BMW/218I,0,0.05
2022,3,Março,Autos,Sedans médios,13,BMW/M235I,2,0.05
2022,3,Março,Autos,Sedans médios,14,M.BENZ/CLA45,4,0.03
2022,3,Março,Autos,Sedans médios,15,BMW/420I,1,0.02
2022,3,Março,Autos,Sedans médios,16,BMW/430I,1,0.01
2022,3,Março,Autos,Sedans médios,17,M.BENZ/CLASSE C,0,0.01
2022,3,Março,Autos,Sedans Grandes,1,BMW/320I,545,65.89
2022,3,Março,Autos,Sedans Grandes,2,M.BENZ/CLASSE C,8,20.32
2022,3,Março,Autos,Sedans Grandes,3,PORSCHE/PANAMERA,16,2.75
2022,3,Março,Autos,Sedans Grandes,4,BMW/330E,13,2.33
2022,3,Março,Autos,Sedans Grandes,5,AUDI/A4,1,2.02
2022,3,Março,Autos,Sedans Grandes,6,AUDI/E TRON GT,1,0.93
2022,3,Março,Autos,Sedans Grandes,7,BMW/M340I,2,0.88
2022,3,Março,Autos,Sedans Grandes,8,BMW/530E,4,0.78
2022,3,Março,Autos,Sedans Grandes,9,M.BENZ/CLA250,5,0.73
2022,3,Março,Autos,Sedans Grandes,10,HONDA/ACCORD,2,0.62
2022,3,Março,Autos,Sedans Grandes,11,TESLA/MODEL S,2,0.52
2022,3,Março,Autos,Sedans Grandes,12,AUDI/A6,4,0.41
2022,3,Março,Autos,Sw Médios,1,FIAT/PALIO WEEKEND,0,100.0
2022,3,Março,Autos,Sw Grandes,1,AUDI/RS6 AVANT,0,50.0
2022,3,Março,Autos,Sw Grandes,2,AUDI/RS4 AVANT,0,37.5
2022,3,Março,Autos,Sw Grandes,3,GM/CARAVAN,0,12.5
2022,3,Março,Autos,Monocab,1,FIAT/DOBLO,169,57.03
2022,3,Março,Autos,Monocab,2,HONDA/FIT,16,42.78
2022,3,Março,Autos,Monocab,3,GM/BOLT,0,0.19
2022,3,Março,Autos,Grandcab,1,GM/SPIN,1224,93.74
2022,3,Março,Autos,Grandcab,2,KIA/CARNIVAL,28,6.05
2022,3,Março,Autos,Grandcab,3,CHRYSLER/PACIFICA,1,0.1
2022,3,Março,Autos,Grandcab,4,TOYOTA/SIENNA,0,0.05
2022,3,Março,Autos,Sports,1,FORD/MUSTANG,18,20.23
2022,3,Março,Autos,Sports,2,PORSCHE/911,40,18.6
2022,3,Março,Autos,Sports,3,PORSCHE/TAYCAN,26,16.05
2022,3,Março,Autos,Sports,4,PORSCHE/BOXSTER,12,10.47
2022,3,Março,Autos,Sports,5,PORSCHE/CAYMAN,7,5.12
2022,3,Março,Autos,Sports,6,BMW/M3,8,4.88
2022,3,Março,Autos,Sports,7,GM/CORVETTE,9,4.19
2022,3,Março,Autos,Sports,8,JAGUAR/F-TYPE,1,4.19
2022,3,Março,Autos,Sports,9,M.BENZ/AMG GT BS,1,3.02
2022,3,Março,Autos,Suv's,1,VW/T CROSS,6549,10.81
2022,3,Março,Autos,Suv's,2,JEEP/COMPASS,4724,9.87
2022,3,Março,Autos,Suv's,3,HYUNDAI/CRETA,4238,8.78
2022,3,Março,Autos,Suv's,4,JEEP/RENEGADE,3789,7.7
2022,3,Março,Autos,Suv's,5,GM/TRACKER,4748,7.41
2022,3,Março,Autos,Suv's,6,TOYOTA/COROLLA CROSS,4318,7.34
2022,3,Março,Autos,Suv's,7,FIAT/PULSE,3650,6.05
2022,3,Março,Autos,Suv's,8,VW/NIVUS,3154,4.86
2022,3,Março,Autos,Suv's,9,NISSAN/KICKS,2569,3.75
2022,3,Março,Autos,Suv's,10,RENAULT/DUSTER,1908,3.46
2022,3,Março,Autos,Suv's,11,JEEP/COMMANDER,1835,3.42
2022,3,Março,Autos,Suv's,12,CITROEN/C4 CACTUS,883,3.32
2022,3,Março,Autos,Suv's,13,HONDA/HR-V,466,2.15
2022,3,Março,Autos,Suv's,14,TOYOTA/HILUX SW4,1201,2.15
2022,3,Março,Autos,Suv's,15,CAOA CHERY/TIGGO 3X,708,1.75
2022,3,Março,Autos,Suv's,16,PEUGEOT/2008,393,1.71
2022,3,Março,Autos,Suv's,17,CAOA CHERY/TIGGO 5X,1082,1.63
2022,3,Março,Autos,Suv's,18,CAOA CHERY/TIGGO 8,543,1.46
2022,3,Março,Autos,Suv's,19,VW/TAOS,445,1.44
2022,3,Março,Autos,Suv's,20,CAOA CHERY/TIGGO 7,646,1.32
2022,3,Março,Autos,Suv's,21,RENAULT/CAPTUR,595,1.17
2022,3,Março,Autos,Suv's,22,HYUNDAI/TUCSON,592,1.14
2022,3,Março,Autos,Suv's,23,HONDA/WR-V,24,0.49
2022,3,Março,Autos,Suv's,24,BMW/X1,395,0.47
2022,3,Março,Autos,Suv's,25,MITSUBISHI/PAJERO,290,0.45
2022,3,Março,Autos,Suv's,26,MITSUBISHI/OUTLANDER,208,0.43
2022,3,Março,Autos,Suv's,27,M.BENZ/CLASSE GLB,264,0.4
2022,3,Março,Autos,Suv's,28,GM/TRAILBLAZER,80,0.37
2022,3,Março,Autos,Suv's,29,VOLVO/XC60,103,0.35
2022,3,Março,Autos,Suv's,30,VOLVO/XC40,128,0.3
2022,3,Março,Autos,Suv's,31,MITSUBISHI/ECLIPSE CROSS,138,0.29
2022,3,Março,Autos,Suv's,32,AUDI/Q5,107,0.28
2022,3,Março,Autos,Suv's,33,LAND ROVER/DISCOVERY,132,0.25
2022,3,Março,Autos,Suv's,34,FORD/BRONCO,145,0.22
2022,3,Março,Autos,Suv's,35,PORSCHE/MACAN,176,0.19
2022,3,Março,Autos,Suv's,36,FORD/TERRITORY,80,0.18
2022,3,Março,Autos,Suv's,37,KIA/STONIC,137,0.17
2022,3,Março,Autos,Suv's,38,BMW/X5,51,0.17
2022,3,Março,Autos,Suv's,39,LAND ROVER/RANGE ROVER,72,0.16
2022,3,Março,Autos,Suv's,40,LAND ROVER/EVOQUE,79,0.15
2022,3,Março,Com. Leves,Pick-up's Pequenas,1,FIAT/STRADA,7566,93.36
2022,3,Março,Com. Leves,Pick-up's Pequenas,2,VW/SAVEIRO,98,6.58
2022,3,Março,Com. Leves,Pick-up's Pequenas,3,GM/MONTANA,2,0.03
2022,3,Março,Com. Leves,Pick-up's Pequenas,4,PEUGEOT/PARTNER,1,0.03
2022,3,Março,Com. Leves,Pick-up's Pequenas,5,FIAT/CITY,1,0
2022,3,Março,Com. Leves,Pick-up's Pequenas,6,FORD/PAMPA,0,0
2022,3,Março,Com. Leves,Pick-up's Grandes,1,FIAT/TORO,4442,28.64
2022,3,Março,Com. Leves,Pick-up's Grandes,2,TOYOTA/HILUX,3971,24.73
2022,3,Março,Com. Leves,Pick-up's Grandes,3,GM/S10,2563,14.49
2022,3,Março,Com. Leves,Pick-up's Grandes,4,FORD/RANGER,1001,7.85
2022,3,Março,Com. Leves,Pick-up's Grandes,5,MITSUBISHI/L200,1095,7.08
2022,3,Março,Com. Leves,Pick-up's Grandes,6,RENAULT/OROCH,219,5.79
2022,3,Março,Com. Leves,Pick-up's Grandes,7,NISSAN/FRONTIER,618,5.6
2022,3,Março,Com. Leves,Pick-up's Grandes,8,VW/AMAROK,243,4.46
2022,3,Março,Com. Leves,Pick-up's Grandes,9,RAM/2500,59,0.93
2022,3,Março,Com. Leves,Pick-up's Grandes,10,FORD/MAVERICK,3,0.18
2022,3,Março,Com. Leves,Pick-up's Grandes,11,EFFA/V22,17,0.11
2022,3,Março,Com. Leves,Furgões,1,RENAULT/MASTER,660,23.93
2022,3,Março,Com. Leves,Furgões,2,FIAT/DUCATO,348,15.21
2022,3,Março,Com. Leves,Furgões,3,PEUGEOT/EXPERT,309,13.46
2022,3,Março,Com. Leves,Furgões,4,CITROEN/JUMPY,284,9.16
2022,3,Março,Com. Leves,Furgões,5,VW/MAN/EXPRESS,216,8.89
2022,3,Março,Com. Leves,Furgões,6,IVECO/DAILY 35-150,205,7.38
2022,3,Março,Com. Leves,Furgões,7,KIA/K2500,181,6.58
2022,3,Março,Com. Leves,Furgões Pequenos,1,FIAT/FIORINO,2017,97.87
2022,3,Março,Com. Leves,Furgões Pequenos,2,PEUGEOT/PARTNER,18,1.54
2022,3,Março,Com. Leves,Furgões Pequenos,3,FIAT/DOBLO,1,0.35
2022,3,Março,Com. Leves,Furgões Pequenos,4,FIAT/STRADA,1,0.16
2022,3,Março,Caminhões,Semi-Leve,1,M.BENZ/SPRINTER 416,255,44.07
2022,3,Março,Caminhões,Semi-Leve,2,M.BENZ/SPRINTER 516,83,14.72
2022,3,Março,Caminhões,Semi-Leve,3,IVECO/DAILY 65-170,69,12.47
2022,3,Março,Caminhões,Semi-Leve,4,IVECO/DAILY 45-170,65,12.08
2022,3,Março,Caminhões,Semi-Leve,5,VW/MAN/6.160,25,6.12
2022,3,Março,Caminhões,Semi-Leve,6,IVECO/DAILY 55-170,28,5.11
2022,3,Março,Caminhões,Semi-Leve,7,M.BENZ/SPRINTER,35,4.18
2022,3,Março,Caminhões,Semi-Leve,8,M.BENZ/SPRINTER 415,3,0.54
2022,3,Março,Caminhões,Semi-Leve,9,JAC/IEV350T,3,0.31
2022,3,Março,Caminhões,Semi-Leve,10,VW/MAN/4.150,0,0.15
2022,3,Março,Caminhões,Leve,1,M.BENZ/ACCELO 1016,315,34.81
2022,3,Março,Caminhões,Leve,2,VW/MAN/9.170,289,27.81
2022,3,Março,Caminhões,Leve,3,M.BENZ/ACCELO 815,172,20.15
2022,3,Março,Caminhões,Leve,4,JAC/IEV1200T,32,8.5
2022,3,Março,Caminhões,Leve,5,IVECO/TECTOR 9-190,46,5.02
2022,3,Março,Caminhões,Leve,6,HYUNDAI/HD 80,14,2.07
2022,3,Março,Caminhões,Leve,7,IVECO/DAILY 70C17,4,0.46
2022,3,Março,Caminhões,Leve,8,AGRALE/A8700,4,0.34
2022,3,Março,Caminhões,Leve,9,M.BENZ/ACCELO 915,5,0.27
2022,3,Março,Caminhões,Leve,10,FORD/CARGO 816,2,0.15
2022,3,Março,Caminhões,Médio,1,VW/MAN/11.180,545,53.73
2022,3,Março,Caminhões,Médio,2,IVECO/TECTOR 11-190,96,10.66
2022,3,Março,Caminhões,Médio,3,M.BENZ/ATEGO 1419,127,9.47
2022,3,Março,Caminhões,Médio,4,VW/MAN/14.190,110,8.58
2022,3,Março,Caminhões,Médio,5,VW/MAN/13.180,65,5.64
2022,3,Março,Caminhões,Médio,6,M.BENZ/ACCELO 1316,49,5.57
2022,3,Março,Caminhões,Médio,7,VW/MAN/E-DELIVERY,49,4.34
2022,3,Março,Caminhões,Médio,8,M.BENZ/1418,7,1.08
2022,3,Março,Caminhões,Médio,9,FOTON/AUMARK S 11T,1,0.26
2022,3,Março,Caminhões,Médio,10,AGRALE/14000,2,0.15
2022,3,Março,Caminhões,Semi-Pesado,1,VOLVO/VM 270,415,12.5
2022,3,Março,Caminhões,Semi-Pesado,2,VW/MAN/24.280,293,9.49
2022,3,Março,Caminhões,Semi-Pesado,3,M.BENZ/ATEGO 2426,215,7.97
2022,3,Março,Caminhões,Semi-Pesado,4,VW/MAN/24.260,251,7.53
2022,3,Março,Caminhões,Semi-Pesado,5,M.BENZ/ATEGO 1719,213,7.35
2022,3,Março,Caminhões,Semi-Pesado,6,VW/MAN/17.190,235,6.9
2022,3,Março,Caminhões,Semi-Pesado,7,IVECO/TECTOR 240,174,5.83
2022,3,Março,Caminhões,Semi-Pesado,8,VOLVO/VM 330,153,5.41
2022,3,Março,Caminhões,Semi-Pesado,9,VW/MAN/17.260,117,3.87
2022,3,Março,Caminhões,Semi-Pesado,10,M.BENZ/ATEGO 3030,92,3.85
2022,3,Março,Caminhões,Pesado,1,VOLVO/FH 540,697,16.09
2022,3,Março,Caminhões,Pesado,2,DAF/XF,457,10.3
2022,3,Março,Caminhões,Pesado,3,VOLVO/FH 460,399,7.68
2022,3,Março,Caminhões,Pesado,4,SCANIA/R450,195,5.32
2022,3,Março,Caminhões,Pesado,5,M.BENZ/ACTROS 2651,324,5.29
2022,3,Março,Caminhões,Pesado,6,VW/MAN/29.520,181,3.8
2022,3,Março,Caminhões,Pesado,7,VW/MAN/28.460,160,3.74
2022,3,Março,Caminhões,Pesado,8,VOLVO/VM 330,165,3.71
2022,3,Março,Caminhões,Pesado,9,SCANIA/R540,165,3.62
2022,3,Março,Caminhões,Pesado,10,M.BENZ/ATEGO 2730,124,3.16
2022,3,Março,Motos,City,1,HONDA/CG 160,29742,66.48
2022,3,Março,Motos,City,2,HONDA/CB 250F TWISTER,3393,7.88
2022,3,Março,Motos,City,3,YAMAHA/YBR 150,3135,7.88
2022,3,Março,Motos,City,4,YAMAHA/FAZER 250,3135,7.0
2022,3,Março,Motos,City,5,YAMAHA/YS150 FAZER,2916,6.07
2022,3,Março,Motos,City,6,YAMAHA/YBR 125,1183,2.68
2022,3,Março,Motos,City,7,HAOJUE/DK150,198,0.41
2022,3,Março,Motos,City,8,HAOJUE/CHOPPER,132,0.29
2022,3,Março,Motos,City,9,HONDA/CG150,78,0.26
2022,3,Março,Motos,City,10,VOLTZ/EVS,65,0.19
2022,3,Março,Motos,Custom,1,ROYAL ENFIELD/METEOR,341,42.71
2022,3,Março,Motos,Custom,2,ROYAL ENFIELD/INTERCEPTOR,135,15.83
2022,3,Março,Motos,Custom,3,KAWASAKI/VULCAN S,8,13.04
2022,3,Março,Motos,Custom,4,H.DAVIDSON/FL FBS,3,5.35
2022,3,Março,Motos,Custom,5,ROYAL ENFIELD/CONTINENTAL GT,45,5.24
2022,3,Março,Motos,Custom,6,H.DAVIDSON/FX FBS,3,5.07
2022,3,Março,Motos,Custom,7,H.DAVIDSON/FL SB,21,2.28
2022,3,Março,Motos,Custom,8,TRIUMPH/BONNEVILLE,2,2.28
2022,3,Março,Motos,Custom,9,H.DAVIDSON/FX BRS,14,1.99
2022,3,Março,Motos,Custom,10,TRIUMPH/STREET SCRAMBLER,5,1.25
2022,3,Março,Motos,Trail/Fun,1,HONDA/NXR160,9459,53.0
2022,3,Março,Motos,Trail/Fun,2,YAMAHA/XTZ150,2986,12.22
2022,3,Março,Motos,Trail/Fun,3,HONDA/XRE 300,2364,11.74
2022,3,Março,Motos,Trail/Fun,4,HONDA/XRE 190,1971,8.69
2022,3,Março,Motos,Trail/Fun,5,YAMAHA/XTZ 250,1917,8.5
2022,3,Março,Motos,Trail/Fun,6,SHINERAY/XY 125,686,3.33
2022,3,Março,Motos,Trail/Fun,7,BMW/G310 GS,197,0.94
2022,3,Março,Motos,Trail/Fun,8,DAFRA/NH 190,179,0.77
2022,3,Março,Motos,Trail/Fun,9,KAWASAKI/VERSYS 300,94,0.46
2022,3,Março,Motos,Trail/Fun,10,HONDA/NXR150,45,0.25
2022,3,Março,Motos,Maxtrail,1,BMW/R1250GS,416,22.76
2022,3,Março,Motos,Maxtrail,2,TRIUMPH/TIGER 900,324,17.25
2022,3,Março,Motos,Maxtrail,3,HONDA/CB 500X,255,15.33
2022,3,Março,Motos,Maxtrail,4,ROYAL ENFIELD/HIMALAYAN,272,14.36
2022,3,Março,Motos,Maxtrail,5,BMW/F850 GS,202,7.28
2022,3,Março,Motos,Maxtrail,6,HONDA/NC 750X,139,5.97
2022,3,Março,Motos,Maxtrail,7,KAWASAKI/VERSYS,95,4.32
2022,3,Março,Motos,Maxtrail,8,HONDA/CRF 1100L,73,4.3
2022,3,Março,Motos,Maxtrail,9,SUZUKI/VSTROM650,93,2.49
2022,3,Março,Motos,Maxtrail,10,KAWASAKI/VERSYS 1000,23,1.58
2022,3,Março,Motos,Naked/Roadster,1,YAMAHA/MT03,547,33.66
2022,3,Março,Motos,Naked/Roadster,2,HONDA/CB 500,188,16.01
2022,3,Março,Motos,Naked/Roadster,3,HONDA/CB 650,307,15.19
2022,3,Março,Motos,Naked/Roadster,4,YAMAHA/MT09,108,6.43
2022,3,Março,Motos,Naked/Roadster,5,YAMAHA/MT07,105,6.03
2022,3,Março,Motos,Naked/Roadster,6,KAWASAKI/Z900,132,6.01
2022,3,Março,Motos,Naked/Roadster,7,KAWASAKI/Z400,128,5.76
2022,3,Março,Motos,Naked/Roadster,8,KAWASAKI/Z1000,16,1.59
2022,3,Março,Motos,Naked/Roadster,9,SUZUKI/GSX-S750,27,1.45
2022,3,Março,Motos,Naked/Roadster,10,KAWASAKI/Z650,25,1.21
2022,3,Março,Motos,Scooter/Cub,1,HONDA/BIZ,15942,38.36
2022,3,Março,Motos,Scooter/Cub,2,HONDA/POP 110I,10961,28.28
2022,3,Março,Motos,Scooter/Cub,3,HONDA/PCX 150,3724,8.16
2022,3,Março,Motos,Scooter/Cub,4,YAMAHA/NMAX,1679,7.28
2022,3,Março,Motos,Scooter/Cub,5,HONDA/ELITE 125,2386,4.97
2022,3,Março,Motos,Scooter/Cub,6,HONDA/ADV 150,1266,3.13
2022,3,Março,Motos,Scooter/Cub,7,SHINERAY/XY 50,1108,2.7
2022,3,Março,Motos,Scooter/Cub,8,YAMAHA/NEO 125,714,2.26
2022,3,Março,Motos,Scooter/Cub,9,YAMAHA/XMAX 250,785,1.68
2022,3,Março,Motos,Scooter/Cub,10,VOLTZ/EV01,449,1.17
2022,3,Março,Motos,Sport,1,YAMAHA/YZF R3,137,27.57
2022,3,Março,Motos,Sport,2,KAWASAKI/NINJA 400,112,26.98
2022,3,Março,Motos,Sport,3,BMW/S1000 R,104,22.72
2022,3,Março,Motos,Sport,4,KAWASAKI/NINJA ZX 6,46,9.53
2022,3,Março,Motos,Sport,5,KAWASAKI/NINJA 650,18,4.77
2022,3,Março,Motos,Sport,6,KAWASAKI/NINJA ZX10,20,3.74
2022,3,Março,Motos,Sport,7,DUCATI/PANIGALE V4,18,2.81
2022,3,Março,Motos,Sport,8,HONDA/CBR 1000RR,0,0.6
2022,3,Março,Motos,Sport,9,SUZUKI/GSXR1000,2,0.6
2022,3,Março,Motos,Sport,10,SUZUKI/GSX 1300,2,0.17
2022,3,Março,Motos,Touring,1,H.DAVIDSON/FLHTK,2,34.62
2022,3,Março,Motos,Touring,2,H.DAVIDSON/FL TRK,15,25.64
2022,3,Março,Motos,Touring,3,H.DAVIDSON/FLT,9,14.74
2022,3,Março,Motos,Touring,4,H.DAVIDSON/FLH RXS,8,11.54
2022,3,Março,Motos,Touring,5,H.DAVIDSON/FLHX,5,7.05
2022,3,Março,Motos,Touring,6,BMW/R1250 RT,3,5.77
2022,3,Março,Motos,Touring,7,BMW/K 1600,0,0.64
2022,4,Abril,Autos,Veículos de Entrada,1,FIAT/MOBI,5911,45.35
2022,4,Abril,Autos,Veículos de Entrada,2,RENAULT/KWID,3849,35.95
2022,4,Abril,Autos,Veículos de Entrada,3,VW/GOL,837,16.96
2022,4,Abril,Autos,Veículos de Entrada,4,FIAT/UNO,17,1.66
2022,4,Abril,Autos,Veículos de Entrada,5,VW/FUSCA,3,0.05
2022,4,Abril,Autos,Veículos de Entrada,6,VW/UP,2,0.02
2022,4,Abril,Autos,Veículos de Entrada,7,FIAT/147,1,0
2022,4,Abril,Autos,Veículos de Entrada,8,FIAT/FIAT,1,0
2022,4,Abril,Autos,Veículos de Entrada,9,GM/CELTA,0,0
2022,4,Abril,Autos,Hatch Pequenos,1,HYUNDAI/HB20,6502,28.75
2022,4,Abril,Autos,Hatch Pequenos,2,GM/ONIX,5574,26.08
2022,4,Abril,Autos,Hatch Pequenos,3,FIAT/ARGO,5488,17.77
2022,4,Abril,Autos,Hatch Pequenos,4,PEUGEOT/208,1736,9.01
2022,4,Abril,Autos,Hatch Pequenos,5,TOYOTA/YARIS HB,2324,8.5
2022,4,Abril,Autos,Hatch Pequenos,6,HONDA/CITY HATCH,1782,4.53
2022,4,Abril,Autos,Hatch Pequenos,7,RENAULT/SANDERO,824,2.91
2022,4,Abril,Autos,Hatch Pequenos,8,VW/POLO,329,1.57
2022,4,Abril,Autos,Hatch Pequenos,9,MINI/COOPER,46,0.29
2022,4,Abril,Autos,Hatch Pequenos,10,JAC/E-JS1,37,0.22
2022,4,Abril,Autos,Hatch Pequenos,11,FIAT/500E,14,0.17
2022,4,Abril,Autos,Hatch Pequenos,12,RENAULT/ZOE,0,0.07
2022,4,Abril,Autos,Hatch Médios,1,GM/CRUZE HB,185,60.94
2022,4,Abril,Autos,Hatch Médios,2,NISSAN/LEAF,3,18.12
2022,4,Abril,Autos,Hatch Médios,3,AUDI/A3,7,13.29
2022,4,Abril,Autos,Hatch Médios,4,BMW/I3,0,2.15
2022,4,Abril,Autos,Hatch Médios,5,M.BENZ/CLASSE A,2,2.01
2022,4,Abril,Autos,Hatch Médios,6,M.BENZ/A45 AMG,7,1.74
2022,4,Abril,Autos,Sedans Pequenos,1,HYUNDAI/HB20S,3192,40.28
2022,4,Abril,Autos,Sedans Pequenos,2,FIAT/CRONOS,3043,25.94
2022,4,Abril,Autos,Sedans Pequenos,3,FIAT/SIENA,205,15.4
2022,4,Abril,Autos,Sedans Pequenos,4,RENAULT/LOGAN,649,13.88
2022,4,Abril,Autos,Sedans Pequenos,5,VW/VOYAGE,302,4.41
2022,4,Abril,Autos,Sedans Pequenos,6,GM/PRISMA,0,0.02
2022,4,Abril,Autos,Sedans Pequenos,7,NISSAN/VERSA,0,0.02
2022,4,Abril,Autos,Sedans Pequenos,8,FORD/KA SEDAN,1,0.02
2022,4,Abril,Autos,Sedans Pequenos,9,TOYOTA/ETIOS SEDAN,0,0.01
2022,4,Abril,Autos,Sedans Pequenos,10,GM/CORSA SEDAN,0,0
2022,4,Abril,Autos,Sedans Compactos,1,GM/ONIX PLUS,5240,50.9
2022,4,Abril,Autos,Sedans Compactos,2,HONDA/CITY,2182,22.04
2022,4,Abril,Autos,Sedans Compactos,3,TOYOTA/YARIS SEDAN,1160,12.26
2022,4,Abril,Autos,Sedans Compactos,4,NISSAN/VERSA,560,9.55
2022,4,Abril,Autos,Sedans Compactos,5,VW/VIRTUS,433,5.2
2022,4,Abril,Autos,Sedans Compactos,6,GM/COBALT,0,0.04
2022,4,Abril,Autos,Sedans médios,1,TOYOTA/COROLLA,3729,67.41
2022,4,Abril,Autos,Sedans médios,2,GM/CRUZE SEDAN,1115,14.73
2022,4,Abril,Autos,Sedans médios,3,HONDA/CIVIC,7,10.17
2022,4,Abril,Autos,Sedans médios,4,CAOA CHERY/ARRIZO 6,243,4.54
2022,4,Abril,Autos,Sedans médios,5,AUDI/A3 SEDAN,41,1.17
2022,4,Abril,Autos,Sedans médios,6,KIA/CERATO,50,0.92
2022,4,Abril,Autos,Sedans médios,7,AUDI/A5,17,0.34
2022,4,Abril,Autos,Sedans médios,8,VW/JETTA,4,0.24
2022,4,Abril,Autos,Sedans médios,9,M.BENZ/CLA35,1,0.14
2022,4,Abril,Autos,Sedans médios,10,M.BENZ/CLASSE A,6,0.09
2022,4,Abril,Autos,Sedans médios,11,BMW/M440I,1,0.05
2022,4,Abril,Autos,Sedans médios,12,BMW/218I,0,0.04
2022,4,Abril,Autos,Sedans médios,13,BMW/420I,4,0.04
2022,4,Abril,Autos,Sedans médios,14,BMW/M235I,0,0.04
2022,4,Abril,Autos,Sedans médios,15,M.BENZ/CLA45,2,0.03
2022,4,Abril,Autos,Sedans médios,16,CITROEN/C4L,5,0.03
2022,4,Abril,Autos,Sedans médios,17,M.BENZ/CLASSE C,1,0.01
2022,4,Abril,Autos,Sedans médios,18,BMW/430I,0,0.01
2022,4,Abril,Autos,Sedans médios,19,FORD/DEL REY,1,0.01
2022,4,Abril,Autos,Sedans médios,20,GM/VECTRA,1,0.01
2022,4,Abril,Autos,Sedans Grandes,1,BMW/320I,313,65.05
2022,4,Abril,Autos,Sedans Grandes,2,M.BENZ/CLASSE C,83,19.51
2022,4,Abril,Autos,Sedans Grandes,3,PORSCHE/PANAMERA,9,2.55
2022,4,Abril,Autos,Sedans Grandes,4,BMW/330E,14,2.42
2022,4,Abril,Autos,Sedans Grandes,5,M.BENZ/CLA250,45,2.42
2022,4,Abril,Autos,Sedans Grandes,6,AUDI/A4,6,1.85
2022,4,Abril,Autos,Sedans Grandes,7,BMW/M340I,6,0.94
2022,4,Abril,Autos,Sedans Grandes,8,AUDI/E TRON GT,2,0.82
2022,4,Abril,Autos,Sedans Grandes,9,BMW/530E,2,0.7
2022,4,Abril,Autos,Sedans Grandes,10,TESLA/MODEL S,3,0.53
2022,4,Abril,Autos,Sedans Grandes,11,HONDA/ACCORD,1,0.49
2022,4,Abril,Autos,Sedans Grandes,12,AUDI/A6,3,0.45
2022,4,Abril,Autos,Sw Médios,1,FIAT/PALIO WEEKEND,0,100.0
2022,4,Abril,Autos,Sw Grandes,1,AUDI/RS6 AVANT,1,55.56
2022,4,Abril,Autos,Sw Grandes,2,AUDI/RS4 AVANT,0,33.33
2022,4,Abril,Autos,Sw Grandes,3,GM/CARAVAN,0,11.11
2022,4,Abril,Autos,Monocab,1,FIAT/DOBLO,3,56.85
2022,4,Abril,Autos,Monocab,2,HONDA/FIT,4,42.96
2022,4,Abril,Autos,Monocab,3,GM/BOLT,0,0.19
2022,4,Abril,Autos,Grandcab,1,GM/SPIN,1611,95.47
2022,4,Abril,Autos,Grandcab,2,KIA/CARNIVAL,3,4.19
2022,4,Abril,Autos,Grandcab,3,CHRYSLER/PACIFICA,4,0.17
2022,4,Abril,Autos,Grandcab,4,TOYOTA/SIENNA,3,0.11
2022,4,Abril,Autos,Sports,1,PORSCHE/911,45,21.37
2022,4,Abril,Autos,Sports,2,FORD/MUSTANG,1,16.58
2022,4,Abril,Autos,Sports,3,PORSCHE/TAYCAN,23,15.73
2022,4,Abril,Autos,Sports,4,PORSCHE/BOXSTER,21,11.28
2022,4,Abril,Autos,Sports,5,PORSCHE/CAYMAN,7,4.96
2022,4,Abril,Autos,Sports,6,BMW/M3,6,4.62
2022,4,Abril,Autos,Sports,7,GM/CORVETTE,8,4.44
2022,4,Abril,Autos,Sports,8,GM/CAMARO,16,3.93
2022,4,Abril,Autos,Sports,9,JAGUAR/F-TYPE,0,3.08
2022,4,Abril,Autos,Suv's,1,VW/T CROSS,4570,10.4
2022,4,Abril,Autos,Suv's,2,JEEP/COMPASS,4766,9.81
2022,4,Abril,Autos,Suv's,3,HYUNDAI/CRETA,4255,8.73
2022,4,Abril,Autos,Suv's,4,JEEP/RENEGADE,4165,7.88
2022,4,Abril,Autos,Suv's,5,GM/TRACKER,4410,7.79
2022,4,Abril,Autos,Suv's,6,TOYOTA/COROLLA CROSS,3861,7.46
2022,4,Abril,Autos,Suv's,7,FIAT/PULSE,5520,7.36
2022,4,Abril,Autos,Suv's,8,VW/NIVUS,2644,4.98
2022,4,Abril,Autos,Suv's,9,NISSAN/KICKS,2473,4.07
2022,4,Abril,Autos,Suv's,10,JEEP/COMMANDER,1894,3.52
2022,4,Abril,Autos,Suv's,11,RENAULT/DUSTER,1405,3.3
2022,4,Abril,Autos,Suv's,12,CITROEN/C4 CACTUS,570,2.77
2022,4,Abril,Autos,Suv's,13,TOYOTA/HILUX SW4,1149,2.2
2022,4,Abril,Autos,Suv's,14,HONDA/HR-V,115,1.66
2022,4,Abril,Autos,Suv's,15,CAOA CHERY/TIGGO 5X,859,1.65
2022,4,Abril,Autos,Suv's,16,CAOA CHERY/TIGGO 3X,544,1.59
2022,4,Abril,Autos,Suv's,17,CAOA CHERY/TIGGO 8,883,1.54
2022,4,Abril,Autos,Suv's,18,PEUGEOT/2008,289,1.43
2022,4,Abril,Autos,Suv's,19,CAOA CHERY/TIGGO 7,717,1.36
2022,4,Abril,Autos,Suv's,20,VW/TAOS,225,1.19
2022,4,Abril,Autos,Suv's,21,RENAULT/CAPTUR,315,1.03
2022,4,Abril,Autos,Suv's,22,HYUNDAI/TUCSON,42,0.87
2022,4,Abril,Autos,Suv's,23,BMW/X1,361,0.53
2022,4,Abril,Autos,Suv's,24,MITSUBISHI/PAJERO,223,0.45
2022,4,Abril,Autos,Suv's,25,GM/TRAILBLAZER,305,0.44
2022,4,Abril,Autos,Suv's,26,MITSUBISHI/OUTLANDER,161,0.4
2022,4,Abril,Autos,Suv's,27,HONDA/WR-V,6,0.37
2022,4,Abril,Autos,Suv's,28,M.BENZ/CLASSE GLB,63,0.33
2022,4,Abril,Autos,Suv's,29,MITSUBISHI/ECLIPSE CROSS,217,0.33
2022,4,Abril,Autos,Suv's,30,VOLVO/XC60,136,0.33
2022,4,Abril,Autos,Suv's,31,VOLVO/XC40,98,0.28
2022,4,Abril,Autos,Suv's,32,AUDI/Q5,93,0.25
2022,4,Abril,Autos,Suv's,33,LAND ROVER/DISCOVERY,96,0.23
2022,4,Abril,Autos,Suv's,34,FORD/BRONCO,125,0.23
2022,4,Abril,Autos,Suv's,35,PORSCHE/MACAN,111,0.2
2022,4,Abril,Autos,Suv's,36,FORD/TERRITORY,9,0.19
2022,4,Abril,Autos,Suv's,37,BMW/X5,102,0.18
2022,4,Abril,Autos,Suv's,38,BMW/X3,128,0.17
2022,4,Abril,Autos,Suv's,39,KIA/STONIC,81,0.17
2022,4,Abril,Autos,Suv's,40,LAND ROVER/EVOQUE,93,0.16
2022,4,Abril,Com. Leves,Pick-up's Pequenas,1,FIAT/STRADA,7983,94.92
2022,4,Abril,Com. Leves,Pick-up's Pequenas,2,VW/SAVEIRO,42,5.02
2022,4,Abril,Com. Leves,Pick-up's Pequenas,3,GM/MONTANA,2,0.03
2022,4,Abril,Com. Leves,Pick-up's Pequenas,4,PEUGEOT/PARTNER,0,0.02
2022,4,Abril,Com. Leves,Pick-up's Pequenas,5,FIAT/CITY,0,0
2022,4,Abril,Com. Leves,Pick-up's Pequenas,6,FORD/PAMPA,0,0
2022,4,Abril,Com. Leves,Pick-up's Grandes,1,FIAT/TORO,5107,30.05
2022,4,Abril,Com. Leves,Pick-up's Grandes,2,TOYOTA/HILUX,4069,25.31
2022,4,Abril,Com. Leves,Pick-up's Grandes,3,GM/S10,2736,15.49
2022,4,Abril,Com. Leves,Pick-up's Grandes,4,FORD/RANGER,1111,7.69
2022,4,Abril,Com. Leves,Pick-up's Grandes,5,MITSUBISHI/L200,1055,7.04
2022,4,Abril,Com. Leves,Pick-up's Grandes,6,RENAULT/OROCH,297,4.7
2022,4,Abril,Com. Leves,Pick-up's Grandes,7,NISSAN/FRONTIER,338,4.64
2022,4,Abril,Com. Leves,Pick-up's Grandes,8,VW/AMAROK,101,3.38
2022,4,Abril,Com. Leves,Pick-up's Grandes,9,RAM/2500,84,0.82
2022,4,Abril,Com. Leves,Pick-up's Grandes,10,FORD/MAVERICK,265,0.63
2022,4,Abril,Com. Leves,Pick-up's Grandes,11,EFFA/V22,21,0.12
2022,4,Abril,Com. Leves,Furgões,1,RENAULT/MASTER,829,26.22
2022,4,Abril,Com. Leves,Furgões,2,FIAT/DUCATO,188,13.25
2022,4,Abril,Com. Leves,Furgões,3,PEUGEOT/EXPERT,247,12.52
2022,4,Abril,Com. Leves,Furgões,4,CITROEN/JUMPY,242,9.28
2022,4,Abril,Com. Leves,Furgões,5,IVECO/DAILY 35-150,292,8.45
2022,4,Abril,Com. Leves,Furgões,6,VW/MAN/EXPRESS,176,8.41
2022,4,Abril,Com. Leves,Furgões,7,KIA/K2500,203,6.96
2022,4,Abril,Com. Leves,Furgões Pequenos,1,FIAT/FIORINO,888,97.78
2022,4,Abril,Com. Leves,Furgões Pequenos,2,PEUGEOT/PARTNER,13,1.52
2022,4,Abril,Com. Leves,Furgões Pequenos,3,FIAT/DOBLO,0,0.3
2022,4,Abril,Com. Leves,Furgões Pequenos,4,BYD/T3,12,0.25
2022,4,Abril,Caminhões,Semi-Leve,1,M.BENZ/SPRINTER 416,188,42.74
2022,4,Abril,Caminhões,Semi-Leve,2,M.BENZ/SPRINTER 516,101,16.43
2022,4,Abril,Caminhões,Semi-Leve,3,IVECO/DAILY 65-170,69,12.99
2022,4,Abril,Caminhões,Semi-Leve,4,IVECO/DAILY 45-170,38,10.95
2022,4,Abril,Caminhões,Semi-Leve,5,VW/MAN/6.160,24,5.82
2022,4,Abril,Caminhões,Semi-Leve,6,IVECO/DAILY 55-170,35,5.7
2022,4,Abril,Caminhões,Semi-Leve,7,M.BENZ/SPRINTER,12,3.73
2022,4,Abril,Caminhões,Semi-Leve,8,JAC/IEV350T,6,0.56
2022,4,Abril,Caminhões,Semi-Leve,9,M.BENZ/SPRINTER 415,2,0.51
2022,4,Abril,Caminhões,Semi-Leve,10,FORD/F350,1,0.11
2022,4,Abril,Caminhões,Leve,1,M.BENZ/ACCELO 1016,235,34.16
2022,4,Abril,Caminhões,Leve,2,VW/MAN/9.170,212,28.01
2022,4,Abril,Caminhões,Leve,3,M.BENZ/ACCELO 815,152,20.24
2022,4,Abril,Caminhões,Leve,4,JAC/IEV1200T,27,7.44
2022,4,Abril,Caminhões,Leve,5,IVECO/TECTOR 9-190,38,5.05
2022,4,Abril,Caminhões,Leve,6,HYUNDAI/HD 80,34,2.63
2022,4,Abril,Caminhões,Leve,7,M.BENZ/ACCELO 915,20,0.81
2022,4,Abril,Caminhões,Leve,8,IVECO/DAILY 70C17,5,0.51
2022,4,Abril,Caminhões,Leve,9,AGRALE/A8700,1,0.3
2022,4,Abril,Caminhões,Leve,10,VW/MAN/9.160,9,0.3
2022,4,Abril,Caminhões,Médio,1,VW/MAN/11.180,534,53.31
2022,4,Abril,Caminhões,Médio,2,VW/MAN/14.190,196,11.49
2022,4,Abril,Caminhões,Médio,3,IVECO/TECTOR 11-190,81,9.9
2022,4,Abril,Caminhões,Médio,4,M.BENZ/ATEGO 1419,90,9.28
2022,4,Abril,Caminhões,Médio,5,VW/MAN/13.180,68,5.92
2022,4,Abril,Caminhões,Médio,6,M.BENZ/ACCELO 1316,36,5.01
2022,4,Abril,Caminhões,Médio,7,VW/MAN/E-DELIVERY,0,3.15
2022,4,Abril,Caminhões,Médio,8,M.BENZ/1418,8,1.0
2022,4,Abril,Caminhões,Médio,9,FOTON/AUMARK S 11T,7,0.38
2022,4,Abril,Caminhões,Médio,10,AGRALE/14000,0,0.11
2022,4,Abril,Caminhões,Semi-Pesado,1,VOLVO/VM 270,366,12.96
2022,4,Abril,Caminhões,Semi-Pesado,2,VW/MAN/24.280,228,9.35
2022,4,Abril,Caminhões,Semi-Pesado,3,VW/MAN/24.260,276,8.34
2022,4,Abril,Caminhões,Semi-Pesado,4,M.BENZ/ATEGO 2426,182,7.76
2022,4,Abril,Caminhões,Semi-Pesado,5,M.BENZ/ATEGO 1719,161,7.09
2022,4,Abril,Caminhões,Semi-Pesado,6,VW/MAN/17.190,188,7.02
2022,4,Abril,Caminhões,Semi-Pesado,7,IVECO/TECTOR 240,132,5.67
2022,4,Abril,Caminhões,Semi-Pesado,8,VOLVO/VM 330,146,5.49
2022,4,Abril,Caminhões,Semi-Pesado,9,VW/MAN/26.280,114,3.96
2022,4,Abril,Caminhões,Semi-Pesado,10,VW/MAN/17.260,61,3.51
2022,4,Abril,Caminhões,Pesado,1,VOLVO/FH 540,600,15.28
2022,4,Abril,Caminhões,Pesado,2,DAF/XF,528,10.64
2022,4,Abril,Caminhões,Pesado,3,VOLVO/FH 460,414,8.05
2022,4,Abril,Caminhões,Pesado,4,M.BENZ/ACTROS 2651,349,5.92
2022,4,Abril,Caminhões,Pesado,5,SCANIA/R450,191,5.01
2022,4,Abril,Caminhões,Pesado,6,VW/MAN/28.460,165,3.7
2022,4,Abril,Caminhões,Pesado,7,VOLVO/VM 330,128,3.46
2022,4,Abril,Caminhões,Pesado,8,VW/MAN/29.520,112,3.43
2022,4,Abril,Caminhões,Pesado,9,SCANIA/R540,133,3.43
2022,4,Abril,Caminhões,Pesado,10,SCANIA/G540,276,2.92
2022,4,Abril,Motos,City,1,HONDA/CG 160,31163,67.59
2022,4,Abril,Motos,City,2,HONDA/CB 250F TWISTER,3410,7.83
2022,4,Abril,Motos,City,3,YAMAHA/YBR 150,2915,7.5
2022,4,Abril,Motos,City,4,YAMAHA/FAZER 250,1991,6.28
2022,4,Abril,Motos,City,5,YAMAHA/YS150 FAZER,1974,5.6
2022,4,Abril,Motos,City,6,YAMAHA/YBR 125,1074,2.6
2022,4,Abril,Motos,City,7,YAMAHA/FLUO 125,891,0.59
2022,4,Abril,Motos,City,8,HAOJUE/DK150,174,0.4
2022,4,Abril,Motos,City,9,HAOJUE/CHOPPER,112,0.28
2022,4,Abril,Motos,City,10,HONDA/CG150,47,0.22
2022,4,Abril,Motos,Custom,1,ROYAL ENFIELD/METEOR,386,44.12
2022,4,Abril,Motos,Custom,2,ROYAL ENFIELD/INTERCEPTOR,102,14.76
2022,4,Abril,Motos,Custom,3,KAWASAKI/VULCAN S,100,12.78
2022,4,Abril,Motos,Custom,4,H.DAVIDSON/FX FBS,42,5.09
2022,4,Abril,Motos,Custom,5,H.DAVIDSON/FL FBS,34,4.97
2022,4,Abril,Motos,Custom,6,ROYAL ENFIELD/CONTINENTAL GT,32,4.82
2022,4,Abril,Motos,Custom,7,H.DAVIDSON/FL SB,20,2.33
2022,4,Abril,Motos,Custom,8,H.DAVIDSON/FX BRS,8,1.67
2022,4,Abril,Motos,Custom,9,TRIUMPH/BONNEVILLE,3,1.67
2022,4,Abril,Motos,Custom,10,TRIUMPH/STREET TWIN,21,1.51
2022,4,Abril,Motos,Trail/Fun,1,HONDA/NXR160,9771,52.38
2022,4,Abril,Motos,Trail/Fun,2,HONDA/XRE 300,2668,12.32
2022,4,Abril,Motos,Trail/Fun,3,YAMAHA/XTZ150,1726,11.33
2022,4,Abril,Motos,Trail/Fun,4,HONDA/XRE 190,1968,9.11
2022,4,Abril,Motos,Trail/Fun,5,YAMAHA/XTZ 250,1707,8.6
2022,4,Abril,Motos,Trail/Fun,6,SHINERAY/XY 125,696,3.41
2022,4,Abril,Motos,Trail/Fun,7,BMW/G310 GS,199,0.96
2022,4,Abril,Motos,Trail/Fun,8,DAFRA/NH 190,217,0.87
2022,4,Abril,Motos,Trail/Fun,9,KAWASAKI/VERSYS 300,78,0.45
2022,4,Abril,Motos,Trail/Fun,10,YAMAHA/CROSSER 150,186,0.28
2022,4,Abril,Motos,Maxtrail,1,BMW/R1250GS,311,20.68
2022,4,Abril,Motos,Maxtrail,2,TRIUMPH/TIGER 900,289,16.47
2022,4,Abril,Motos,Maxtrail,3,HONDA/CB 500X,323,15.62
2022,4,Abril,Motos,Maxtrail,4,ROYAL ENFIELD/HIMALAYAN,209,13.24
2022,4,Abril,Motos,Maxtrail,5,BMW/F850 GS,238,8.67
2022,4,Abril,Motos,Maxtrail,6,HONDA/NC 750X,209,7.32
2022,4,Abril,Motos,Maxtrail,7,HONDA/CRF 1100L,143,5.16
2022,4,Abril,Motos,Maxtrail,8,KAWASAKI/VERSYS,49,3.78
2022,4,Abril,Motos,Maxtrail,9,SUZUKI/VSTROM650,46,2.44
2022,4,Abril,Motos,Maxtrail,10,KAWASAKI/VERSYS 1000,20,1.41
2022,4,Abril,Motos,Naked/Roadster,1,YAMAHA/MT03,582,34.15
2022,4,Abril,Motos,Naked/Roadster,2,HONDA/CB 650,349,16.67
2022,4,Abril,Motos,Naked/Roadster,3,HONDA/CB 500,138,14.22
2022,4,Abril,Motos,Naked/Roadster,4,KAWASAKI/Z400,131,6.3
2022,4,Abril,Motos,Naked/Roadster,5,KAWASAKI/Z900,97,5.99
2022,4,Abril,Motos,Naked/Roadster,6,YAMAHA/MT09,62,5.8
2022,4,Abril,Motos,Naked/Roadster,7,YAMAHA/MT07,65,5.54
2022,4,Abril,Motos,Naked/Roadster,8,KAWASAKI/Z1000,17,1.46
2022,4,Abril,Motos,Naked/Roadster,9,SUZUKI/GSX-S750,23,1.44
2022,4,Abril,Motos,Naked/Roadster,10,KAWASAKI/Z650,26,1.3
2022,4,Abril,Motos,Scooter/Cub,1,HONDA/BIZ,15184,38.69
2022,4,Abril,Motos,Scooter/Cub,2,HONDA/POP 110I,11332,28.63
2022,4,Abril,Motos,Scooter/Cub,3,HONDA/PCX 150,3229,8.23
2022,4,Abril,Motos,Scooter/Cub,4,YAMAHA/NMAX,1636,6.43
2022,4,Abril,Motos,Scooter/Cub,5,HONDA/ELITE 125,2271,5.23
2022,4,Abril,Motos,Scooter/Cub,6,HONDA/ADV 150,817,2.85
2022,4,Abril,Motos,Scooter/Cub,7,SHINERAY/XY 50,1067,2.72
2022,4,Abril,Motos,Scooter/Cub,8,YAMAHA/NEO 125,1176,2.49
2022,4,Abril,Motos,Scooter/Cub,9,YAMAHA/XMAX 250,582,1.63
2022,4,Abril,Motos,Scooter/Cub,10,VOLTZ/EV01,383,1.12
2022,4,Abril,Motos,Sport,1,YAMAHA/YZF R3,107,27.58
2022,4,Abril,Motos,Sport,2,KAWASAKI/NINJA 400,92,26.17
2022,4,Abril,Motos,Sport,3,BMW/S1000 R,92,22.97
2022,4,Abril,Motos,Sport,4,KAWASAKI/NINJA ZX 6,42,9.85
2022,4,Abril,Motos,Sport,5,KAWASAKI/NINJA 650,18,4.73
2022,4,Abril,Motos,Sport,6,KAWASAKI/NINJA ZX10,24,4.35
2022,4,Abril,Motos,Sport,7,DUCATI/PANIGALE V4,7,2.56
2022,4,Abril,Motos,Sport,8,SUZUKI/GSXR1000,3,0.64
2022,4,Abril,Motos,Sport,9,HONDA/CBR 1000RR,2,0.58
2022,4,Abril,Motos,Sport,10,SUZUKI/GSX 1300,0,0.13
2022,4,Abril,Motos,Touring,1,H.DAVIDSON/FLHTK,18,29.88
2022,4,Abril,Motos,Touring,2,H.DAVIDSON/FL TRK,16,23.24
2022,4,Abril,Motos,Touring,3,H.DAVIDSON/FLT,1,14.11
2022,4,Abril,Motos,Touring,4,H.DAVIDSON/FLH RXS,12,12.45
2022,4,Abril,Motos,Touring,5,H.DAVIDSON/FLHX,13,9.96
2022,4,Abril,Motos,Touring,6,HONDA/GOLDWING,12,4.98
2022,4,Abril,Motos,Touring,7,BMW/R1250 RT,1,4.15
2022,4,Abril,Motos,Touring,8,BMW/K 1600,2,1.24
2022,5,Maio,Autos,Veículos de Entrada,1,FIAT/MOBI,7493,44.79
2022,5,Maio,Autos,Veículos de Entrada,2,RENAULT/KWID,2757,30.17
2022,5,Maio,Autos,Veículos de Entrada,3,VW/GOL,6980,23.75
2022,5,Maio,Autos,Veículos de Entrada,4,FIAT/UNO,23,1.22
2022,5,Maio,Autos,Veículos de Entrada,5,VW/FUSCA,6,0.04
2022,5,Maio,Autos,Veículos de Entrada,6,VW/UP,2,0.02
2022,5,Maio,Autos,Veículos de Entrada,7,TOYOTA/ETIOS HB,2,0
2022,5,Maio,Autos,Veículos de Entrada,8,FIAT/147,0,0
2022,5,Maio,Autos,Veículos de Entrada,9,FIAT/FIAT,0,0
2022,5,Maio,Autos,Hatch Pequenos,1,HYUNDAI/HB20,9634,29.97
2022,5,Maio,Autos,Hatch Pequenos,2,GM/ONIX,6982,25.68
2022,5,Maio,Autos,Hatch Pequenos,3,FIAT/ARGO,3415,16.34
2022,5,Maio,Autos,Hatch Pequenos,4,PEUGEOT/208,2812,9.22
2022,5,Maio,Autos,Hatch Pequenos,5,TOYOTA/YARIS HB,2281,8.38
2022,5,Maio,Autos,Hatch Pequenos,6,HONDA/CITY HATCH,1800,4.96
2022,5,Maio,Autos,Hatch Pequenos,7,RENAULT/SANDERO,1089,3.13
2022,5,Maio,Autos,Hatch Pequenos,8,VW/POLO,391,1.52
2022,5,Maio,Autos,Hatch Pequenos,9,MINI/COOPER,75,0.29
2022,5,Maio,Autos,Hatch Pequenos,10,JAC/E-JS1,72,0.22
2022,5,Maio,Autos,Hatch Pequenos,11,FIAT/500E,1,0.13
2022,5,Maio,Autos,Hatch Pequenos,12,RENAULT/ZOE,0,0.05
2022,5,Maio,Autos,Hatch Médios,1,GM/CRUZE HB,165,62.59
2022,5,Maio,Autos,Hatch Médios,2,NISSAN/LEAF,37,17.39
2022,5,Maio,Autos,Hatch Médios,3,AUDI/A3,14,11.43
2022,5,Maio,Autos,Hatch Médios,4,BMW/I3,6,2.22
2022,5,Maio,Autos,Hatch Médios,5,M.BENZ/CLASSE A,6,2.12
2022,5,Maio,Autos,Hatch Médios,6,M.BENZ/A45 AMG,7,2.02
2022,5,Maio,Autos,Sedans Pequenos,1,HYUNDAI/HB20S,3003,36.63
2022,5,Maio,Autos,Sedans Pequenos,2,FIAT/CRONOS,3682,28.53
2022,5,Maio,Autos,Sedans Pequenos,3,VW/VOYAGE,3511,13.01
2022,5,Maio,Autos,Sedans Pequenos,4,FIAT/SIENA,131,11.13
2022,5,Maio,Autos,Sedans Pequenos,5,RENAULT/LOGAN,329,10.63
2022,5,Maio,Autos,Sedans Pequenos,6,GM/PRISMA,0,0.02
2022,5,Maio,Autos,Sedans Pequenos,7,NISSAN/VERSA,0,0.01
2022,5,Maio,Autos,Sedans Pequenos,8,FORD/KA SEDAN,0,0.01
2022,5,Maio,Autos,Sedans Pequenos,9,TOYOTA/ETIOS SEDAN,2,0.01
2022,5,Maio,Autos,Sedans Pequenos,10,FORD/FIESTA SEDAN,1,0
2022,5,Maio,Autos,Sedans Compactos,1,GM/ONIX PLUS,5647,51.56
2022,5,Maio,Autos,Sedans Compactos,2,HONDA/CITY,2383,22.19
2022,5,Maio,Autos,Sedans Compactos,3,TOYOTA/YARIS SEDAN,1353,12.4
2022,5,Maio,Autos,Sedans Compactos,4,NISSAN/VERSA,532,8.5
2022,5,Maio,Autos,Sedans Compactos,5,VW/VIRTUS,592,5.3
2022,5,Maio,Autos,Sedans Compactos,6,GM/COBALT,5,0.04
2022,5,Maio,Autos,Sedans médios,1,TOYOTA/COROLLA,4169,69.02
2022,5,Maio,Autos,Sedans médios,2,GM/CRUZE SEDAN,1085,15.79
2022,5,Maio,Autos,Sedans médios,3,HONDA/CIVIC,27,7.97
2022,5,Maio,Autos,Sedans médios,4,CAOA CHERY/ARRIZO 6,125,4.02
2022,5,Maio,Autos,Sedans médios,5,AUDI/A3 SEDAN,3,1.04
2022,5,Maio,Autos,Sedans médios,6,KIA/CERATO,32,0.84
2022,5,Maio,Autos,Sedans médios,7,AUDI/A5,41,0.43
2022,5,Maio,Autos,Sedans médios,8,VW/JETTA,41,0.35
2022,5,Maio,Autos,Sedans médios,9,M.BENZ/CLA35,13,0.16
2022,5,Maio,Autos,Sedans médios,10,M.BENZ/CLASSE A,5,0.09
2022,5,Maio,Autos,Sedans médios,11,BMW/420I,6,0.05
2022,5,Maio,Autos,Sedans médios,12,JAC/E-J7,12,0.05
2022,5,Maio,Autos,Sedans médios,13,M.BENZ/CLA45,4,0.04
2022,5,Maio,Autos,Sedans médios,14,BMW/M440I,0,0.04
2022,5,Maio,Autos,Sedans médios,15,BMW/218I,0,0.03
2022,5,Maio,Autos,Sedans médios,16,BMW/M235I,0,0.03
2022,5,Maio,Autos,Sedans médios,17,CITROEN/C4L,2,0.03
2022,5,Maio,Autos,Sedans médios,18,M.BENZ/CLASSE C,0,0.01
2022,5,Maio,Autos,Sedans médios,19,BMW/430I,0,0
2022,5,Maio,Autos,Sedans médios,20,FORD/DEL REY,0,0
2022,5,Maio,Autos,Sedans médios,21,GM/VECTRA,0,0
2022,5,Maio,Autos,Sedans Grandes,1,BMW/320I,370,63.48
2022,5,Maio,Autos,Sedans Grandes,2,M.BENZ/CLASSE C,104,18.81
2022,5,Maio,Autos,Sedans Grandes,3,M.BENZ/CLA250,80,4.52
2022,5,Maio,Autos,Sedans Grandes,4,BMW/330E,26,2.76
2022,5,Maio,Autos,Sedans Grandes,5,PORSCHE/PANAMERA,7,2.24
2022,5,Maio,Autos,Sedans Grandes,6,AUDI/A4,10,1.79
2022,5,Maio,Autos,Sedans Grandes,7,BMW/M340I,3,0.84
2022,5,Maio,Autos,Sedans Grandes,8,BMW/530E,7,0.78
2022,5,Maio,Autos,Sedans Grandes,9,AUDI/E TRON GT,2,0.71
2022,5,Maio,Autos,Sedans Grandes,10,M.BENZ/CLASSE E,12,0.68
2022,5,Maio,Autos,Sedans Grandes,11,TESLA/MODEL S,4,0.55
2022,5,Maio,Autos,Sedans Grandes,12,AUDI/A6,4,0.49
2022,5,Maio,Autos,Sw Médios,1,FIAT/PALIO WEEKEND,0,33.33
2022,5,Maio,Autos,Sw Médios,2,FORD/BELINA,1,33.33
2022,5,Maio,Autos,Sw Médios,3,VW/SPACE FOX,1,33.33
2022,5,Maio,Autos,Sw Grandes,1,AUDI/RS6 AVANT,5,66.67
2022,5,Maio,Autos,Sw Grandes,2,AUDI/RS4 AVANT,1,26.67
2022,5,Maio,Autos,Sw Grandes,3,GM/CARAVAN,0,6.67
2022,5,Maio,Autos,Monocab,1,FIAT/DOBLO,6,57.33
2022,5,Maio,Autos,Monocab,2,HONDA/FIT,0,42.49
2022,5,Maio,Autos,Monocab,3,GM/BOLT,0,0.19
2022,5,Maio,Autos,Grandcab,1,GM/SPIN,1926,96.54
2022,5,Maio,Autos,Grandcab,2,KIA/CARNIVAL,27,3.2
2022,5,Maio,Autos,Grandcab,3,CHRYSLER/PACIFICA,0,0.11
2022,5,Maio,Autos,Grandcab,4,TOYOTA/SIENNA,0,0.07
2022,5,Maio,Autos,Sports,1,PORSCHE/911,57,24.76
2022,5,Maio,Autos,Sports,2,PORSCHE/TAYCAN,21,15.37
2022,5,Maio,Autos,Sports,3,FORD/MUSTANG,5,13.88
2022,5,Maio,Autos,Sports,4,PORSCHE/BOXSTER,8,10.07
2022,5,Maio,Autos,Sports,5,BMW/M3,20,6.39
2022,5,Maio,Autos,Sports,6,PORSCHE/CAYMAN,7,4.9
2022,5,Maio,Autos,Sports,7,GM/CORVETTE,8,4.63
2022,5,Maio,Autos,Sports,8,GM/CAMARO,2,3.4
2022,5,Maio,Autos,Sports,9,JAGUAR/F-TYPE,3,2.86
2022,5,Maio,Autos,Suv's,1,VW/T CROSS,6406,10.32
2022,5,Maio,Autos,Suv's,2,JEEP/COMPASS,5924,9.68
2022,5,Maio,Autos,Suv's,3,HYUNDAI/CRETA,6411,9.06
2022,5,Maio,Autos,Suv's,4,GM/TRACKER,6564,8.41
2022,5,Maio,Autos,Suv's,5,JEEP/RENEGADE,5489,8.06
2022,5,Maio,Autos,Suv's,6,FIAT/PULSE,4950,7.46
2022,5,Maio,Autos,Suv's,7,TOYOTA/COROLLA CROSS,3905,7.12
2022,5,Maio,Autos,Suv's,8,VW/NIVUS,4087,5.34
2022,5,Maio,Autos,Suv's,9,NISSAN/KICKS,4892,4.96
2022,5,Maio,Autos,Suv's,10,JEEP/COMMANDER,1405,3.2
2022,5,Maio,Autos,Suv's,11,RENAULT/DUSTER,1311,2.99
2022,5,Maio,Autos,Suv's,12,CITROEN/C4 CACTUS,1590,2.7
2022,5,Maio,Autos,Suv's,13,TOYOTA/HILUX SW4,1279,2.15
2022,5,Maio,Autos,Suv's,14,CAOA CHERY/TIGGO 5X,918,1.6
2022,5,Maio,Autos,Suv's,15,PEUGEOT/2008,1042,1.48
2022,5,Maio,Autos,Suv's,16,CAOA CHERY/TIGGO 7,1111,1.45
2022,5,Maio,Autos,Suv's,17,CAOA CHERY/TIGGO 8,632,1.4
2022,5,Maio,Autos,Suv's,18,CAOA CHERY/TIGGO 3X,246,1.29
2022,5,Maio,Autos,Suv's,19,HONDA/HR-V,21,1.26
2022,5,Maio,Autos,Suv's,20,VW/TAOS,765,1.19
2022,5,Maio,Autos,Suv's,21,RENAULT/CAPTUR,240,0.87
2022,5,Maio,Autos,Suv's,22,HYUNDAI/TUCSON,156,0.71
2022,5,Maio,Autos,Suv's,23,BMW/X1,474,0.59
2022,5,Maio,Autos,Suv's,24,MITSUBISHI/ECLIPSE CROSS,566,0.47
2022,5,Maio,Autos,Suv's,25,MITSUBISHI/PAJERO,210,0.42
2022,5,Maio,Autos,Suv's,26,GM/TRAILBLAZER,209,0.41
2022,5,Maio,Autos,Suv's,27,VOLVO/XC60,279,0.36
2022,5,Maio,Autos,Suv's,28,MITSUBISHI/OUTLANDER,117,0.35
2022,5,Maio,Autos,Suv's,29,HONDA/WR-V,0,0.28
2022,5,Maio,Autos,Suv's,30,M.BENZ/CLASSE GLB,30,0.26
2022,5,Maio,Autos,Suv's,31,VOLVO/XC40,109,0.25
2022,5,Maio,Autos,Suv's,32,LAND ROVER/DISCOVERY,133,0.23
2022,5,Maio,Autos,Suv's,33,AUDI/Q5,83,0.22
2022,5,Maio,Autos,Suv's,34,FORD/BRONCO,120,0.22
2022,5,Maio,Autos,Suv's,35,FORD/TERRITORY,114,0.19
2022,5,Maio,Autos,Suv's,36,PORSCHE/MACAN,81,0.18
2022,5,Maio,Autos,Suv's,37,BMW/X3,96,0.17
2022,5,Maio,Autos,Suv's,38,KIA/STONIC,85,0.16
2022,5,Maio,Autos,Suv's,39,BMW/X5,62,0.16
2022,5,Maio,Autos,Suv's,40,BMW/X4,154,0.16
2022,5,Maio,Com. Leves,Pick-up's Pequenas,1,FIAT/STRADA,11525,93.12
2022,5,Maio,Com. Leves,Pick-up's Pequenas,2,VW/SAVEIRO,1456,6.84
2022,5,Maio,Com. Leves,Pick-up's Pequenas,3,GM/MONTANA,1,0.02
2022,5,Maio,Com. Leves,Pick-up's Pequenas,4,PEUGEOT/PARTNER,1,0.02
2022,5,Maio,Com. Leves,Pick-up's Pequenas,5,FIAT/CITY,0,0
2022,5,Maio,Com. Leves,Pick-up's Pequenas,6,FORD/PAMPA,0,0
2022,5,Maio,Com. Leves,Pick-up's Grandes,1,FIAT/TORO,5287,30.4
2022,5,Maio,Com. Leves,Pick-up's Grandes,2,TOYOTA/HILUX,4145,25.16
2022,5,Maio,Com. Leves,Pick-up's Grandes,3,GM/S10,2715,15.65
2022,5,Maio,Com. Leves,Pick-up's Grandes,4,MITSUBISHI/L200,1819,7.94
2022,5,Maio,Com. Leves,Pick-up's Grandes,5,FORD/RANGER,1215,7.59
2022,5,Maio,Com. Leves,Pick-up's Grandes,6,NISSAN/FRONTIER,721,4.56
2022,5,Maio,Com. Leves,Pick-up's Grandes,7,RENAULT/OROCH,385,4.13
2022,5,Maio,Com. Leves,Pick-up's Grandes,8,VW/AMAROK,47,2.64
2022,5,Maio,Com. Leves,Pick-up's Grandes,9,RAM/2500,98,0.76
2022,5,Maio,Com. Leves,Pick-up's Grandes,10,FORD/MAVERICK,176,0.73
2022,5,Maio,Com. Leves,Pick-up's Grandes,11,EFFA/V22,39,0.15
2022,5,Maio,Com. Leves,Furgões,1,RENAULT/MASTER,1170,28.54
2022,5,Maio,Com. Leves,Furgões,2,PEUGEOT/EXPERT,429,12.63
2022,5,Maio,Com. Leves,Furgões,3,FIAT/DUCATO,247,11.81
2022,5,Maio,Com. Leves,Furgões,4,CITROEN/JUMPY,387,9.88
2022,5,Maio,Com. Leves,Furgões,5,IVECO/DAILY 35-150,226,8.05
2022,5,Maio,Com. Leves,Furgões,6,VW/MAN/EXPRESS,189,7.74
2022,5,Maio,Com. Leves,Furgões,7,KIA/K2500,245,7.08
2022,5,Maio,Com. Leves,Furgões Pequenos,1,FIAT/FIORINO,2165,97.12
2022,5,Maio,Com. Leves,Furgões Pequenos,2,PEUGEOT/PARTNER,90,2.19
2022,5,Maio,Com. Leves,Furgões Pequenos,3,BYD/T3,8,0.28
2022,5,Maio,Com. Leves,Furgões Pequenos,4,FIAT/DOBLO,0,0.22
2022,5,Maio,Caminhões,Semi-Leve,1,M.BENZ/SPRINTER 416,270,42.9
2022,5,Maio,Caminhões,Semi-Leve,2,M.BENZ/SPRINTER 516,97,16.21
2022,5,Maio,Caminhões,Semi-Leve,3,IVECO/DAILY 65-170,76,12.78
2022,5,Maio,Caminhões,Semi-Leve,4,IVECO/DAILY 45-170,63,10.74
2022,5,Maio,Caminhões,Semi-Leve,5,VW/MAN/6.160,50,6.39
2022,5,Maio,Caminhões,Semi-Leve,6,IVECO/DAILY 55-170,42,5.97
2022,5,Maio,Caminhões,Semi-Leve,7,M.BENZ/SPRINTER,1,3.22
2022,5,Maio,Caminhões,Semi-Leve,8,JAC/IEV350T,1,0.88
2022,5,Maio,Caminhões,Semi-Leve,9,M.BENZ/SPRINTER 415,0,0.38
2022,5,Maio,Caminhões,Semi-Leve,10,VW/MAN/4.160,2,0.17
2022,5,Maio,Caminhões,Leve,1,M.BENZ/ACCELO 1016,274,33.67
2022,5,Maio,Caminhões,Leve,2,VW/MAN/9.170,311,29.66
2022,5,Maio,Caminhões,Leve,3,M.BENZ/ACCELO 815,149,19.64
2022,5,Maio,Caminhões,Leve,4,JAC/IEV1200T,9,6.13
2022,5,Maio,Caminhões,Leve,5,IVECO/TECTOR 9-190,50,5.2
2022,5,Maio,Caminhões,Leve,6,HYUNDAI/HD 80,31,2.83
2022,5,Maio,Caminhões,Leve,7,M.BENZ/ACCELO 915,16,1.02
2022,5,Maio,Caminhões,Leve,8,IVECO/DAILY 70C17,4,0.5
2022,5,Maio,Caminhões,Leve,9,VW/MAN/9.160,10,0.47
2022,5,Maio,Caminhões,Leve,10,AGRALE/A8700,2,0.28
2022,5,Maio,Caminhões,Médio,1,VW/MAN/11.180,419,52.38
2022,5,Maio,Caminhões,Médio,2,VW/MAN/14.190,140,12.37
2022,5,Maio,Caminhões,Médio,3,IVECO/TECTOR 11-190,140,11.09
2022,5,Maio,Caminhões,Médio,4,M.BENZ/ATEGO 1419,63,8.9
2022,5,Maio,Caminhões,Médio,5,VW/MAN/13.180,38,5.63
2022,5,Maio,Caminhões,Médio,6,M.BENZ/ACCELO 1316,40,4.93
2022,5,Maio,Caminhões,Médio,7,VW/MAN/E-DELIVERY,4,2.64
2022,5,Maio,Caminhões,Médio,8,M.BENZ/1418,8,0.98
2022,5,Maio,Caminhões,Médio,9,FOTON/AUMARK S 11T,6,0.44
2022,5,Maio,Caminhões,Médio,10,AGRALE/A10000,3,0.15
2022,5,Maio,Caminhões,Semi-Pesado,1,VOLVO/VM 270,388,12.8
2022,5,Maio,Caminhões,Semi-Pesado,2,VW/MAN/24.280,242,8.95
2022,5,Maio,Caminhões,Semi-Pesado,3,VW/MAN/24.260,249,8.23
2022,5,Maio,Caminhões,Semi-Pesado,4,M.BENZ/ATEGO 2426,194,7.38
2022,5,Maio,Caminhões,Semi-Pesado,5,M.BENZ/ATEGO 1719,244,7.24
2022,5,Maio,Caminhões,Semi-Pesado,6,VW/MAN/17.190,244,7.18
2022,5,Maio,Caminhões,Semi-Pesado,7,IVECO/TECTOR 240,175,5.64
2022,5,Maio,Caminhões,Semi-Pesado,8,VOLVO/VM 330,188,5.59
2022,5,Maio,Caminhões,Semi-Pesado,9,VW/MAN/26.280,205,4.55
2022,5,Maio,Caminhões,Semi-Pesado,10,IVECO/TECTOR 170,188,3.61
2022,5,Maio,Caminhões,Pesado,1,VOLVO/FH 540,621,14.77
2022,5,Maio,Caminhões,Pesado,2,DAF/XF,513,10.65
2022,5,Maio,Caminhões,Pesado,3,VOLVO/FH 460,445,8.32
2022,5,Maio,Caminhões,Pesado,4,M.BENZ/ACTROS 2651,264,5.83
2022,5,Maio,Caminhões,Pesado,5,SCANIA/R450,196,4.81
2022,5,Maio,Caminhões,Pesado,6,VW/MAN/28.460,141,3.53
2022,5,Maio,Caminhões,Pesado,7,VW/MAN/29.520,180,3.5
2022,5,Maio,Caminhões,Pesado,8,SCANIA/R540,172,3.46
2022,5,Maio,Caminhões,Pesado,9,VOLVO/VM 330,149,3.38
2022,5,Maio,Caminhões,Pesado,10,M.BENZ/AXOR 34,180,2.91
2022,5,Maio,Motos,City,1,HONDA/CG 160,39601,69.27
2022,5,Maio,Motos,City,2,HONDA/CB 250F TWISTER,4349,7.91
2022,5,Maio,Motos,City,3,YAMAHA/YBR 150,3790,7.4
2022,5,Maio,Motos,City,4,YAMAHA/FAZER 250,2037,5.64
2022,5,Maio,Motos,City,5,YAMAHA/YS150 FAZER,2119,5.18
2022,5,Maio,Motos,City,6,YAMAHA/YBR 125,1252,2.54
2022,5,Maio,Motos,City,7,HAOJUE/DK150,161,0.38
2022,5,Maio,Motos,City,8,HAOJUE/CHOPPER,161,0.29
2022,5,Maio,Motos,City,9,VOLTZ/EVS,262,0.27
2022,5,Maio,Motos,City,10,HAOJUE/DR160,211,0.24
2022,5,Maio,Motos,Custom,1,ROYAL ENFIELD/METEOR,673,48.3
2022,5,Maio,Motos,Custom,2,ROYAL ENFIELD/INTERCEPTOR,114,13.19
2022,5,Maio,Motos,Custom,3,KAWASAKI/VULCAN S,132,12.31
2022,5,Maio,Motos,Custom,4,ROYAL ENFIELD/CONTINENTAL GT,5,4.78
2022,5,Maio,Motos,Custom,5,H.DAVIDSON/FX FBS,41,4.59
2022,5,Maio,Motos,Custom,6,H.DAVIDSON/FL FBS,29,4.19
2022,5,Maio,Motos,Custom,7,H.DAVIDSON/FL SB,14,1.98
2022,5,Maio,Motos,Custom,8,H.DAVIDSON/FLHCS,25,1.55
2022,5,Maio,Motos,Custom,9,TRIUMPH/STREET SCRAMBLER,19,1.44
2022,5,Maio,Motos,Custom,10,H.DAVIDSON/FX BRS,8,1.36
2022,5,Maio,Motos,Trail/Fun,1,HONDA/NXR160,13428,52.24
2022,5,Maio,Motos,Trail/Fun,2,HONDA/XRE 300,3562,12.71
2022,5,Maio,Motos,Trail/Fun,3,YAMAHA/XTZ150,556,8.85
2022,5,Maio,Motos,Trail/Fun,4,HONDA/XRE 190,2021,8.76
2022,5,Maio,Motos,Trail/Fun,5,YAMAHA/XTZ 250,1907,8.26
2022,5,Maio,Motos,Trail/Fun,6,SHINERAY/XY 125,883,3.41
2022,5,Maio,Motos,Trail/Fun,7,YAMAHA/CROSSER 150,2834,3.15
2022,5,Maio,Motos,Trail/Fun,8,DAFRA/NH 190,305,0.95
2022,5,Maio,Motos,Trail/Fun,9,BMW/G310 GS,187,0.9
2022,5,Maio,Motos,Trail/Fun,10,KAWASAKI/VERSYS 300,104,0.43
2022,5,Maio,Motos,Maxtrail,1,BMW/R1250GS,483,20.62
2022,5,Maio,Motos,Maxtrail,2,TRIUMPH/TIGER 900,326,15.78
2022,5,Maio,Motos,Maxtrail,3,ROYAL ENFIELD/HIMALAYAN,325,13.38
2022,5,Maio,Motos,Maxtrail,4,HONDA/CB 500X,108,12.75
2022,5,Maio,Motos,Maxtrail,5,BMW/F850 GS,378,10.58
2022,5,Maio,Motos,Maxtrail,6,HONDA/NC 750X,340,9.16
2022,5,Maio,Motos,Maxtrail,7,HONDA/CRF 1100L,84,4.75
2022,5,Maio,Motos,Maxtrail,8,KAWASAKI/VERSYS,29,3.12
2022,5,Maio,Motos,Maxtrail,9,SUZUKI/VSTROM650,43,2.28
2022,5,Maio,Motos,Maxtrail,10,BMW/F750 GS,61,1.66
2022,5,Maio,Motos,Naked/Roadster,1,YAMAHA/MT03,634,34.16
2022,5,Maio,Motos,Naked/Roadster,2,HONDA/CB 650,409,17.82
2022,5,Maio,Motos,Naked/Roadster,3,HONDA/CB 500,62,11.9
2022,5,Maio,Motos,Naked/Roadster,4,YAMAHA/MT09,154,6.34
2022,5,Maio,Motos,Naked/Roadster,5,KAWASAKI/Z400,114,6.27
2022,5,Maio,Motos,Naked/Roadster,6,KAWASAKI/Z900,106,5.94
2022,5,Maio,Motos,Naked/Roadster,7,YAMAHA/MT07,114,5.67
2022,5,Maio,Motos,Naked/Roadster,8,HONDA/CB 1000R,7,1.88
2022,5,Maio,Motos,Naked/Roadster,9,SUZUKI/GSX-S750,39,1.58
2022,5,Maio,Motos,Naked/Roadster,10,KAWASAKI/Z1000,29,1.48
2022,5,Maio,Motos,Scooter/Cub,1,HONDA/BIZ,19474,38.73
2022,5,Maio,Motos,Scooter/Cub,2,HONDA/POP 110I,12637,27.71
2022,5,Maio,Motos,Scooter/Cub,3,HONDA/PCX 150,3739,8.02
2022,5,Maio,Motos,Scooter/Cub,4,YAMAHA/NMAX,926,5.21
2022,5,Maio,Motos,Scooter/Cub,5,HONDA/ELITE 125,2278,5.05
2022,5,Maio,Motos,Scooter/Cub,6,HONDA/ADV 150,1202,2.73
2022,5,Maio,Motos,Scooter/Cub,7,SHINERAY/XY 50,1328,2.7
2022,5,Maio,Motos,Scooter/Cub,8,YAMAHA/NEO 125,1157,2.44
2022,5,Maio,Motos,Scooter/Cub,9,AVELLOZ/AZ1,964,1.72
2022,5,Maio,Motos,Scooter/Cub,10,YAMAHA/XMAX 250,593,1.51
2022,5,Maio,Motos,Sport,1,YAMAHA/YZF R3,143,27.64
2022,5,Maio,Motos,Sport,2,KAWASAKI/NINJA 400,163,27.54
2022,5,Maio,Motos,Sport,3,BMW/S1000 R,96,21.91
2022,5,Maio,Motos,Sport,4,KAWASAKI/NINJA ZX 6,54,10.01
2022,5,Maio,Motos,Sport,5,KAWASAKI/NINJA 650,23,4.67
2022,5,Maio,Motos,Sport,6,KAWASAKI/NINJA ZX10,15,4.0
2022,5,Maio,Motos,Sport,7,DUCATI/PANIGALE V4,1,2.46
2022,5,Maio,Motos,Sport,8,SUZUKI/GSXR1000,5,0.72
2022,5,Maio,Motos,Sport,9,HONDA/CBR 1000RR,0,0.43
2022,5,Maio,Motos,Sport,10,SUZUKI/GSX 1300,0,0.1
2022,5,Maio,Motos,Touring,1,H.DAVIDSON/FLHTK,15,27.62
2022,5,Maio,Motos,Touring,2,H.DAVIDSON/FL TRK,29,26.98
2022,5,Maio,Motos,Touring,3,H.DAVIDSON/FLT,8,13.33
2022,5,Maio,Motos,Touring,4,H.DAVIDSON/FLHX,13,11.75
2022,5,Maio,Motos,Touring,5,H.DAVIDSON/FLH RXS,5,11.11
2022,5,Maio,Motos,Touring,6,HONDA/GOLDWING,3,4.76
2022,5,Maio,Motos,Touring,7,BMW/R1250 RT,0,3.17
2022,5,Maio,Motos,Touring,8,BMW/K 1600,1,1.27
2022,6,Junho,Autos,Veículos de Entrada,1,FIAT/MOBI,4725,39.86
2022,6,Junho,Autos,Veículos de Entrada,2,VW/GOL,9435,29.92
2022,6,Junho,Autos,Veículos de Entrada,3,RENAULT/KWID,5043,29.21
2022,6,Junho,Autos,Veículos de Entrada,4,FIAT/UNO,15,0.94
2022,6,Junho,Autos,Veículos de Entrada,5,VW/FUSCA,5,0.04
2022,6,Junho,Autos,Veículos de Entrada,6,VW/UP,0,0.01
2022,6,Junho,Autos,Veículos de Entrada,7,CAOA CHERY/QQ,5,0.01
2022,6,Junho,Autos,Veículos de Entrada,8,FIAT/PALIO,1,0
2022,6,Junho,Autos,Veículos de Entrada,9,GM/CHEVETTE,1,0
2022,6,Junho,Autos,Hatch Pequenos,1,HYUNDAI/HB20,7938,30.34
2022,6,Junho,Autos,Hatch Pequenos,2,GM/ONIX,3949,23.98
2022,6,Junho,Autos,Hatch Pequenos,3,FIAT/ARGO,3097,15.68
2022,6,Junho,Autos,Hatch Pequenos,4,PEUGEOT/208,4349,10.68
2022,6,Junho,Autos,Hatch Pequenos,5,TOYOTA/YARIS HB,2239,8.5
2022,6,Junho,Autos,Hatch Pequenos,6,HONDA/CITY HATCH,1564,5.2
2022,6,Junho,Autos,Hatch Pequenos,7,RENAULT/SANDERO,1062,3.33
2022,6,Junho,Autos,Hatch Pequenos,8,VW/POLO,248,1.43
2022,6,Junho,Autos,Hatch Pequenos,9,MINI/COOPER,41,0.27
2022,6,Junho,Autos,Hatch Pequenos,10,JAC/E-JS1,56,0.22
2022,6,Junho,Autos,Hatch Pequenos,11,RENAULT/ZOE,129,0.14
2022,6,Junho,Autos,Hatch Pequenos,12,FIAT/500E,7,0.12
2022,6,Junho,Autos,Hatch Médios,1,GM/CRUZE HB,150,61.87
2022,6,Junho,Autos,Hatch Médios,2,NISSAN/LEAF,36,16.73
2022,6,Junho,Autos,Hatch Médios,3,AUDI/A3,2,10.86
2022,6,Junho,Autos,Hatch Médios,4,BMW/I3,30,4.18
2022,6,Junho,Autos,Hatch Médios,5,M.BENZ/CLASSE A,5,2.09
2022,6,Junho,Autos,Hatch Médios,6,M.BENZ/A45 AMG,3,1.85
2022,6,Junho,Autos,Sedans Pequenos,1,FIAT/CRONOS,6047,33.28
2022,6,Junho,Autos,Sedans Pequenos,2,HYUNDAI/HB20S,2499,31.87
2022,6,Junho,Autos,Sedans Pequenos,3,VW/VOYAGE,3603,16.92
2022,6,Junho,Autos,Sedans Pequenos,4,RENAULT/LOGAN,895,9.6
2022,6,Junho,Autos,Sedans Pequenos,5,FIAT/SIENA,83,8.29
2022,6,Junho,Autos,Sedans Pequenos,6,GM/PRISMA,1,0.01
2022,6,Junho,Autos,Sedans Pequenos,7,NISSAN/VERSA,0,0.01
2022,6,Junho,Autos,Sedans Pequenos,8,FORD/KA SEDAN,0,0.01
2022,6,Junho,Autos,Sedans Pequenos,9,TOYOTA/ETIOS SEDAN,0,0.01
2022,6,Junho,Autos,Sedans Pequenos,10,NISSAN/V-DRIVE,1,0
2022,6,Junho,Autos,Sedans Compactos,1,GM/ONIX PLUS,3874,50.72
2022,6,Junho,Autos,Sedans Compactos,2,HONDA/CITY,2431,23.27
2022,6,Junho,Autos,Sedans Compactos,3,TOYOTA/YARIS SEDAN,1276,12.85
2022,6,Junho,Autos,Sedans Compactos,4,NISSAN/VERSA,364,7.84
2022,6,Junho,Autos,Sedans Compactos,5,VW/VIRTUS,415,5.25
2022,6,Junho,Autos,Sedans Compactos,6,GM/COBALT,1,0.04
2022,6,Junho,Autos,Sedans médios,1,TOYOTA/COROLLA,3834,69.82
2022,6,Junho,Autos,Sedans médios,2,GM/CRUZE SEDAN,946,16.2
2022,6,Junho,Autos,Sedans médios,3,HONDA/CIVIC,6,6.6
2022,6,Junho,Autos,Sedans médios,4,CAOA CHERY/ARRIZO 6,91,3.62
2022,6,Junho,Autos,Sedans médios,5,AUDI/A3 SEDAN,41,1.0
2022,6,Junho,Autos,Sedans médios,6,VW/JETTA,178,0.88
2022,6,Junho,Autos,Sedans médios,7,KIA/CERATO,39,0.82
2022,6,Junho,Autos,Sedans médios,8,AUDI/A5,17,0.41
2022,6,Junho,Autos,Sedans médios,9,M.BENZ/CLA35,6,0.15
2022,6,Junho,Autos,Sedans médios,10,BMW/420I,18,0.1
2022,6,Junho,Autos,Sedans médios,11,M.BENZ/CLASSE A,8,0.1
2022,6,Junho,Autos,Sedans médios,12,M.BENZ/CLA45,18,0.09
2022,6,Junho,Autos,Sedans médios,13,JAC/E-J7,5,0.06
2022,6,Junho,Autos,Sedans médios,14,BMW/218I,2,0.03
2022,6,Junho,Autos,Sedans médios,15,BMW/M440I,0,0.03
2022,6,Junho,Autos,Sedans médios,16,BMW/M235I,0,0.02
2022,6,Junho,Autos,Sedans médios,17,CITROEN/C4L,0,0.02
2022,6,Junho,Autos,Sedans médios,18,M.BENZ/CLASSE C,0,0.01
2022,6,Junho,Autos,Sedans médios,19,BMW/430I,0,0
2022,6,Junho,Autos,Sedans médios,20,FORD/DEL REY,0,0
2022,6,Junho,Autos,Sedans médios,21,GM/VECTRA,0,0
2022,6,Junho,Autos,Sedans Grandes,1,BMW/320I,317,61.56
2022,6,Junho,Autos,Sedans Grandes,2,M.BENZ/CLASSE C,34,16.62
2022,6,Junho,Autos,Sedans Grandes,3,M.BENZ/CLA250,76,5.83
2022,6,Junho,Autos,Sedans Grandes,4,BMW/330E,105,5.15
2022,6,Junho,Autos,Sedans Grandes,5,PORSCHE/PANAMERA,20,2.41
2022,6,Junho,Autos,Sedans Grandes,6,AUDI/A4,6,1.65
2022,6,Junho,Autos,Sedans Grandes,7,BMW/530E,17,1.11
2022,6,Junho,Autos,Sedans Grandes,8,M.BENZ/CLASSE E,10,0.84
2022,6,Junho,Autos,Sedans Grandes,9,BMW/M340I,1,0.73
2022,6,Junho,Autos,Sedans Grandes,10,AUDI/E TRON GT,3,0.68
2022,6,Junho,Autos,Sedans Grandes,11,TESLA/MODEL S,1,0.49
2022,6,Junho,Autos,Sedans Grandes,12,HONDA/ACCORD,2,0.46
2022,6,Junho,Autos,Sw Médios,1,FIAT/PALIO WEEKEND,1,40.0
2022,6,Junho,Autos,Sw Médios,2,VW/SPACE FOX,1,40.0
2022,6,Junho,Autos,Sw Médios,3,FORD/BELINA,0,20.0
2022,6,Junho,Autos,Sw Grandes,1,AUDI/RS6 AVANT,3,72.22
2022,6,Junho,Autos,Sw Grandes,2,AUDI/RS4 AVANT,0,22.22
2022,6,Junho,Autos,Sw Grandes,3,GM/CARAVAN,0,5.56
2022,6,Junho,Autos,Monocab,1,FIAT/DOBLO,2,57.27
2022,6,Junho,Autos,Monocab,2,HONDA/FIT,1,42.36
2022,6,Junho,Autos,Monocab,3,FIAT/IDEA,1,0.18
2022,6,Junho,Autos,Monocab,4,GM/BOLT,0,0.18
2022,6,Junho,Autos,Grandcab,1,GM/SPIN,1539,96.88
2022,6,Junho,Autos,Grandcab,2,KIA/CARNIVAL,28,2.89
2022,6,Junho,Autos,Grandcab,3,CHRYSLER/PACIFICA,1,0.1
2022,6,Junho,Autos,Grandcab,4,TOYOTA/SIENNA,1,0.07
2022,6,Junho,Autos,Sports,1,PORSCHE/911,69,27.05
2022,6,Junho,Autos,Sports,2,PORSCHE/TAYCAN,34,15.84
2022,6,Junho,Autos,Sports,3,FORD/MUSTANG,30,14.22
2022,6,Junho,Autos,Sports,4,PORSCHE/BOXSTER,2,8.19
2022,6,Junho,Autos,Sports,5,BMW/M3,23,7.54
2022,6,Junho,Autos,Sports,6,GM/CORVETTE,10,4.74
2022,6,Junho,Autos,Sports,7,PORSCHE/CAYMAN,2,4.09
2022,6,Junho,Autos,Sports,8,GM/CAMARO,4,3.13
2022,6,Junho,Autos,Sports,9,JAGUAR/F-TYPE,1,2.37
2022,6,Junho,Autos,Suv's,1,VW/T CROSS,6309,10.35
2022,6,Junho,Autos,Suv's,2,JEEP/COMPASS,6104,9.77
2022,6,Junho,Autos,Suv's,3,HYUNDAI/CRETA,5924,9.21
2022,6,Junho,Autos,Suv's,4,GM/TRACKER,5312,8.49
2022,6,Junho,Autos,Suv's,5,JEEP/RENEGADE,4123,7.83
2022,6,Junho,Autos,Suv's,6,FIAT/PULSE,4839,7.56
2022,6,Junho,Autos,Suv's,7,TOYOTA/COROLLA CROSS,3920,7.01
2022,6,Junho,Autos,Suv's,8,NISSAN/KICKS,4315,5.38
2022,6,Junho,Autos,Suv's,9,VW/NIVUS,2930,5.25
2022,6,Junho,Autos,Suv's,10,CITROEN/C4 CACTUS,3664,3.34
2022,6,Junho,Autos,Suv's,11,JEEP/COMMANDER,1426,3.04
2022,6,Junho,Autos,Suv's,12,RENAULT/DUSTER,1839,3.0
2022,6,Junho,Autos,Suv's,13,TOYOTA/HILUX SW4,1169,2.11
2022,6,Junho,Autos,Suv's,14,CAOA CHERY/TIGGO 5X,1028,1.62
2022,6,Junho,Autos,Suv's,15,CAOA CHERY/TIGGO 8,910,1.42
2022,6,Junho,Autos,Suv's,16,CAOA CHERY/TIGGO 7,744,1.41
2022,6,Junho,Autos,Suv's,17,PEUGEOT/2008,125,1.24
2022,6,Junho,Autos,Suv's,18,VW/TAOS,837,1.23
2022,6,Junho,Autos,Suv's,19,CAOA CHERY/TIGGO 3X,94,1.07
2022,6,Junho,Autos,Suv's,20,HONDA/HR-V,7,1.02
2022,6,Junho,Autos,Suv's,21,RENAULT/CAPTUR,209,0.77
2022,6,Junho,Autos,Suv's,22,HYUNDAI/TUCSON,240,0.65
2022,6,Junho,Autos,Suv's,23,BMW/X1,470,0.62
2022,6,Junho,Autos,Suv's,24,MITSUBISHI/ECLIPSE CROSS,358,0.49
2022,6,Junho,Autos,Suv's,25,MITSUBISHI/PAJERO,138,0.38
2022,6,Junho,Autos,Suv's,26,GM/TRAILBLAZER,126,0.37
2022,6,Junho,Autos,Suv's,27,VOLVO/XC60,84,0.32
2022,6,Junho,Autos,Suv's,28,MITSUBISHI/OUTLANDER,90,0.31
2022,6,Junho,Autos,Suv's,29,FORD/BRONCO,229,0.25
2022,6,Junho,Autos,Suv's,30,VOLVO/XC40,122,0.24
2022,6,Junho,Autos,Suv's,31,HONDA/WR-V,0,0.22
2022,6,Junho,Autos,Suv's,32,LAND ROVER/DISCOVERY,123,0.22
2022,6,Junho,Autos,Suv's,33,AUDI/Q5,102,0.21
2022,6,Junho,Autos,Suv's,34,BMW/X3,246,0.21
2022,6,Junho,Autos,Suv's,35,M.BENZ/CLASSE GLB,4,0.21
2022,6,Junho,Autos,Suv's,36,FORD/TERRITORY,95,0.18
2022,6,Junho,Autos,Suv's,37,PORSCHE/MACAN,74,0.17
2022,6,Junho,Autos,Suv's,38,BMW/X5,106,0.16
2022,6,Junho,Autos,Suv's,39,BMW/X4,104,0.16
2022,6,Junho,Autos,Suv's,40,KIA/STONIC,64,0.15
2022,6,Junho,Com. Leves,Pick-up's Pequenas,1,FIAT/STRADA,9828,93.06
2022,6,Junho,Com. Leves,Pick-up's Pequenas,2,VW/SAVEIRO,755,6.9
2022,6,Junho,Com. Leves,Pick-up's Pequenas,3,GM/MONTANA,4,0.02
2022,6,Junho,Com. Leves,Pick-up's Pequenas,4,PEUGEOT/PARTNER,1,0.01
2022,6,Junho,Com. Leves,Pick-up's Pequenas,5,FIAT/CITY,0,0
2022,6,Junho,Com. Leves,Pick-up's Pequenas,6,FORD/PAMPA,0,0
2022,6,Junho,Com. Leves,Pick-up's Grandes,1,FIAT/TORO,4481,29.71
2022,6,Junho,Com. Leves,Pick-up's Grandes,2,TOYOTA/HILUX,3845,24.75
2022,6,Junho,Com. Leves,Pick-up's Grandes,3,GM/S10,2965,16.06
2022,6,Junho,Com. Leves,Pick-up's Grandes,4,MITSUBISHI/L200,1654,8.32
2022,6,Junho,Com. Leves,Pick-up's Grandes,5,FORD/RANGER,1335,7.66
2022,6,Junho,Com. Leves,Pick-up's Grandes,6,NISSAN/FRONTIER,792,4.59
2022,6,Junho,Com. Leves,Pick-up's Grandes,7,RENAULT/OROCH,931,4.4
2022,6,Junho,Com. Leves,Pick-up's Grandes,8,VW/AMAROK,83,2.23
2022,6,Junho,Com. Leves,Pick-up's Grandes,9,FORD/MAVERICK,243,0.87
2022,6,Junho,Com. Leves,Pick-up's Grandes,10,RAM/2500,52,0.68
2022,6,Junho,Com. Leves,Pick-up's Grandes,11,RAM/3500,151,0.29
2022,6,Junho,Com. Leves,Furgões,1,RENAULT/MASTER,663,27.61
2022,6,Junho,Com. Leves,Furgões,2,PEUGEOT/EXPERT,339,12.5
2022,6,Junho,Com. Leves,Furgões,3,FIAT/DUCATO,131,10.53
2022,6,Junho,Com. Leves,Furgões,4,CITROEN/JUMPY,278,9.85
2022,6,Junho,Com. Leves,Furgões,5,IVECO/DAILY 35-150,164,7.65
2022,6,Junho,Com. Leves,Furgões,6,VW/MAN/EXPRESS,154,7.33
2022,6,Junho,Com. Leves,Furgões,7,KIA/K2500,230,7.25
2022,6,Junho,Com. Leves,Furgões Pequenos,1,FIAT/FIORINO,1572,92.89
2022,6,Junho,Com. Leves,Furgões Pequenos,2,RENAULT/KANGOO,393,3.81
2022,6,Junho,Com. Leves,Furgões Pequenos,3,PEUGEOT/PARTNER,90,2.62
2022,6,Junho,Com. Leves,Furgões Pequenos,4,FIAT/STRADA,12,0.26
2022,6,Junho,Caminhões,Semi-Leve,1,M.BENZ/SPRINTER 416,229,41.52
2022,6,Junho,Caminhões,Semi-Leve,2,M.BENZ/SPRINTER 516,96,16.0
2022,6,Junho,Caminhões,Semi-Leve,3,IVECO/DAILY 65-170,58,12.03
2022,6,Junho,Caminhões,Semi-Leve,4,IVECO/DAILY 45-170,102,11.87
2022,6,Junho,Caminhões,Semi-Leve,5,VW/MAN/6.160,85,7.87
2022,6,Junho,Caminhões,Semi-Leve,6,IVECO/DAILY 55-170,37,5.95
2022,6,Junho,Caminhões,Semi-Leve,7,M.BENZ/SPRINTER,7,2.78
2022,6,Junho,Caminhões,Semi-Leve,8,JAC/IEV350T,5,0.86
2022,6,Junho,Caminhões,Semi-Leve,9,M.BENZ/SPRINTER 415,3,0.4
2022,6,Junho,Caminhões,Semi-Leve,10,VW/MAN/4.160,5,0.3
2022,6,Junho,Caminhões,Leve,1,M.BENZ/ACCELO 1016,337,34.45
2022,6,Junho,Caminhões,Leve,2,VW/MAN/9.170,263,29.66
2022,6,Junho,Caminhões,Leve,3,M.BENZ/ACCELO 815,180,19.77
2022,6,Junho,Caminhões,Leve,4,JAC/IEV1200T,6,5.18
2022,6,Junho,Caminhões,Leve,5,IVECO/TECTOR 9-190,38,5.05
2022,6,Junho,Caminhões,Leve,6,HYUNDAI/HD 80,21,2.75
2022,6,Junho,Caminhões,Leve,7,M.BENZ/ACCELO 915,13,1.1
2022,6,Junho,Caminhões,Leve,8,VW/MAN/9.160,7,0.53
2022,6,Junho,Caminhões,Leve,9,IVECO/DAILY 70C17,5,0.51
2022,6,Junho,Caminhões,Leve,10,AGRALE/A8700,8,0.39
2022,6,Junho,Caminhões,Médio,1,VW/MAN/11.180,523,52.75
2022,6,Junho,Caminhões,Médio,2,VW/MAN/14.190,113,12.27
2022,6,Junho,Caminhões,Médio,3,IVECO/TECTOR 11-190,76,10.52
2022,6,Junho,Caminhões,Médio,4,M.BENZ/ATEGO 1419,128,9.67
2022,6,Junho,Caminhões,Médio,5,VW/MAN/13.180,57,5.68
2022,6,Junho,Caminhões,Médio,6,M.BENZ/ACCELO 1316,45,4.89
2022,6,Junho,Caminhões,Médio,7,VW/MAN/E-DELIVERY,2,2.22
2022,6,Junho,Caminhões,Médio,8,M.BENZ/1418,4,0.88
2022,6,Junho,Caminhões,Médio,9,FOTON/AUMARK S 11T,4,0.43
2022,6,Junho,Caminhões,Médio,10,AGRALE/14000,4,0.16
2022,6,Junho,Caminhões,Semi-Pesado,1,VOLVO/VM 270,461,13.43
2022,6,Junho,Caminhões,Semi-Pesado,2,VW/MAN/24.280,218,8.75
2022,6,Junho,Caminhões,Semi-Pesado,3,VW/MAN/24.260,264,8.44
2022,6,Junho,Caminhões,Semi-Pesado,4,M.BENZ/ATEGO 2426,197,7.32
2022,6,Junho,Caminhões,Semi-Pesado,5,M.BENZ/ATEGO 1719,205,7.25
2022,6,Junho,Caminhões,Semi-Pesado,6,VW/MAN/17.190,201,7.18
2022,6,Junho,Caminhões,Semi-Pesado,7,IVECO/TECTOR 240,139,5.52
2022,6,Junho,Caminhões,Semi-Pesado,8,VOLVO/VM 330,139,5.49
2022,6,Junho,Caminhões,Semi-Pesado,9,VW/MAN/26.280,118,4.5
2022,6,Junho,Caminhões,Semi-Pesado,10,IVECO/TECTOR 170,94,3.57
2022,6,Junho,Caminhões,Pesado,1,VOLVO/FH 540,728,14.41
2022,6,Junho,Caminhões,Pesado,2,DAF/XF,527,10.4
2022,6,Junho,Caminhões,Pesado,3,VOLVO/FH 460,540,8.6
2022,6,Junho,Caminhões,Pesado,4,M.BENZ/ACTROS 2651,266,5.61
2022,6,Junho,Caminhões,Pesado,5,SCANIA/R450,368,5.17
2022,6,Junho,Caminhões,Pesado,6,SCANIA/R540,268,3.73
2022,6,Junho,Caminhões,Pesado,7,VW/MAN/29.520,237,3.65
2022,6,Junho,Caminhões,Pesado,8,VW/MAN/28.460,206,3.57
2022,6,Junho,Caminhões,Pesado,9,VOLVO/VM 330,116,3.12
2022,6,Junho,Caminhões,Pesado,10,M.BENZ/AXOR 2544,162,2.78
2022,6,Junho,Motos,City,1,HONDA/CG 160,34515,69.65
2022,6,Junho,Motos,City,2,HONDA/CB 250F TWISTER,3966,7.96
2022,6,Junho,Motos,City,3,YAMAHA/YBR 150,3346,7.31
2022,6,Junho,Motos,City,4,YAMAHA/FAZER 250,2559,5.57
2022,6,Junho,Motos,City,5,YAMAHA/YS150 FAZER,1494,4.78
2022,6,Junho,Motos,City,6,YAMAHA/YBR 125,1245,2.54
2022,6,Junho,Motos,City,7,HAOJUE/DK150,170,0.37
2022,6,Junho,Motos,City,8,VOLTZ/EVS,182,0.29
2022,6,Junho,Motos,City,9,HAOJUE/DR160,229,0.29
2022,6,Junho,Motos,City,10,HAOJUE/CHOPPER,120,0.28
2022,6,Junho,Motos,Custom,1,ROYAL ENFIELD/METEOR,425,48.63
2022,6,Junho,Motos,Custom,2,KAWASAKI/VULCAN S,141,13.1
2022,6,Junho,Motos,Custom,3,ROYAL ENFIELD/INTERCEPTOR,84,12.58
2022,6,Junho,Motos,Custom,4,ROYAL ENFIELD/CONTINENTAL GT,51,5.01
2022,6,Junho,Motos,Custom,5,H.DAVIDSON/FX FBS,3,4.46
2022,6,Junho,Motos,Custom,6,H.DAVIDSON/FL FBS,26,3.98
2022,6,Junho,Motos,Custom,7,H.DAVIDSON/FL SB,12,1.87
2022,6,Junho,Motos,Custom,8,H.DAVIDSON/FLHCS,14,1.57
2022,6,Junho,Motos,Custom,9,H.DAVIDSON/FX BRS,7,1.26
2022,6,Junho,Motos,Custom,10,TRIUMPH/STREET SCRAMBLER,4,1.26
2022,6,Junho,Motos,Trail/Fun,1,HONDA/NXR160,14205,53.13
2022,6,Junho,Motos,Trail/Fun,2,HONDA/XRE 300,2886,12.46
2022,6,Junho,Motos,Trail/Fun,3,HONDA/XRE 190,2257,8.8
2022,6,Junho,Motos,Trail/Fun,4,YAMAHA/XTZ 250,1396,7.7
2022,6,Junho,Motos,Trail/Fun,5,YAMAHA/XTZ150,258,7.23
2022,6,Junho,Motos,Trail/Fun,6,YAMAHA/CROSSER 150,2561,4.61
2022,6,Junho,Motos,Trail/Fun,7,SHINERAY/XY 125,914,3.46
2022,6,Junho,Motos,Trail/Fun,8,DAFRA/NH 190,257,0.97
2022,6,Junho,Motos,Trail/Fun,9,BMW/G310 GS,205,0.88
2022,6,Junho,Motos,Trail/Fun,10,KAWASAKI/VERSYS 300,79,0.41
2022,6,Junho,Motos,Maxtrail,1,BMW/R1250GS,571,21.28
2022,6,Junho,Motos,Maxtrail,2,TRIUMPH/TIGER 900,283,14.94
2022,6,Junho,Motos,Maxtrail,3,ROYAL ENFIELD/HIMALAYAN,276,12.98
2022,6,Junho,Motos,Maxtrail,4,HONDA/CB 500X,250,12.26
2022,6,Junho,Motos,Maxtrail,5,BMW/F850 GS,263,10.66
2022,6,Junho,Motos,Maxtrail,6,HONDA/NC 750X,299,9.85
2022,6,Junho,Motos,Maxtrail,7,HONDA/CRF 1100L,73,4.39
2022,6,Junho,Motos,Maxtrail,8,KAWASAKI/VERSYS,12,2.57
2022,6,Junho,Motos,Maxtrail,9,SUZUKI/VSTROM650,39,2.14
2022,6,Junho,Motos,Maxtrail,10,BMW/F750 GS,53,1.78
2022,6,Junho,Motos,Naked/Roadster,1,YAMAHA/MT03,883,35.28
2022,6,Junho,Motos,Naked/Roadster,2,HONDA/CB 650,382,17.68
2022,6,Junho,Motos,Naked/Roadster,3,HONDA/CB 500,174,11.07
2022,6,Junho,Motos,Naked/Roadster,4,YAMAHA/MT09,192,6.8
2022,6,Junho,Motos,Naked/Roadster,5,KAWASAKI/Z400,96,5.87
2022,6,Junho,Motos,Naked/Roadster,6,YAMAHA/MT07,144,5.83
2022,6,Junho,Motos,Naked/Roadster,7,KAWASAKI/Z900,90,5.55
2022,6,Junho,Motos,Naked/Roadster,8,HONDA/CB 1000R,63,2.08
2022,6,Junho,Motos,Naked/Roadster,9,SUZUKI/GSX-S750,48,1.7
2022,6,Junho,Motos,Naked/Roadster,10,KAWASAKI/Z650,36,1.43
2022,6,Junho,Motos,Scooter/Cub,1,HONDA/BIZ,17195,39.29
2022,6,Junho,Motos,Scooter/Cub,2,HONDA/POP 110I,11419,27.72
2022,6,Junho,Motos,Scooter/Cub,3,HONDA/PCX 150,3379,8.06
2022,6,Junho,Motos,Scooter/Cub,4,HONDA/ELITE 125,1928,4.98
2022,6,Junho,Motos,Scooter/Cub,5,YAMAHA/NMAX,1016,4.72
2022,6,Junho,Motos,Scooter/Cub,6,HONDA/ADV 150,1210,2.77
2022,6,Junho,Motos,Scooter/Cub,7,SHINERAY/XY 50,1011,2.66
2022,6,Junho,Motos,Scooter/Cub,8,YAMAHA/NEO 125,882,2.39
2022,6,Junho,Motos,Scooter/Cub,9,AVELLOZ/AZ1,717,1.72
2022,6,Junho,Motos,Scooter/Cub,10,YAMAHA/FLUO 125,1101,1.54
2022,6,Junho,Motos,Sport,1,YAMAHA/YZF R3,226,30.71
2022,6,Junho,Motos,Sport,2,KAWASAKI/NINJA 400,120,26.56
2022,6,Junho,Motos,Sport,3,BMW/S1000 R,82,20.58
2022,6,Junho,Motos,Sport,4,KAWASAKI/NINJA ZX 6,46,9.75
2022,6,Junho,Motos,Sport,5,KAWASAKI/NINJA 650,23,4.61
2022,6,Junho,Motos,Sport,6,KAWASAKI/NINJA ZX10,13,3.69
2022,6,Junho,Motos,Sport,7,DUCATI/PANIGALE V4,8,2.26
2022,6,Junho,Motos,Sport,8,SUZUKI/GSXR1000,6,0.81
2022,6,Junho,Motos,Sport,9,HONDA/CBR 1000RR,0,0.35
2022,6,Junho,Motos,Sport,10,HONDA/CBR 500R,1,0.08
2022,6,Junho,Motos,Touring,1,H.DAVIDSON/FL TRK,28,28.83
2022,6,Junho,Motos,Touring,2,H.DAVIDSON/FLHTK,16,26.28
2022,6,Junho,Motos,Touring,3,H.DAVIDSON/FLH RXS,14,12.5
2022,6,Junho,Motos,Touring,4,H.DAVIDSON/FLT,5,11.99
2022,6,Junho,Motos,Touring,5,H.DAVIDSON/FLHX,8,11.48
2022,6,Junho,Motos,Touring,6,BMW/R1250 RT,5,3.83
2022,6,Junho,Motos,Touring,7,HONDA/GOLDWING,0,3.83
2022,6,Junho,Motos,Touring,8,BMW/K 1600,1,1.28
2022,7,Julho,Autos,Veículos de Entrada,1,VW/GOL,11925,35.95
2022,7,Julho,Autos,Veículos de Entrada,2,FIAT/MOBI,3493,35.36
2022,7,Julho,Autos,Veículos de Entrada,3,RENAULT/KWID,4489,27.86
2022,7,Julho,Autos,Veículos de Entrada,4,FIAT/UNO,6,0.76
2022,7,Julho,Autos,Veículos de Entrada,5,VW/FUSCA,4,0.04
2022,7,Julho,Autos,Veículos de Entrada,6,VW/UP,0,0.01
2022,7,Julho,Autos,Veículos de Entrada,7,TOYOTA/ETIOS HB,3,0.01
2022,7,Julho,Autos,Veículos de Entrada,8,CAOA CHERY/QQ,0,0.01
2022,7,Julho,Autos,Veículos de Entrada,9,FIAT/PALIO,1,0
2022,7,Julho,Autos,Hatch Pequenos,1,HYUNDAI/HB20,8156,29.62
2022,7,Julho,Autos,Hatch Pequenos,2,GM/ONIX,8837,24.8
2022,7,Julho,Autos,Hatch Pequenos,3,FIAT/ARGO,6103,16.4
2022,7,Julho,Autos,Hatch Pequenos,4,PEUGEOT/208,2803,10.39
2022,7,Julho,Autos,Hatch Pequenos,5,TOYOTA/YARIS HB,2208,8.25
2022,7,Julho,Autos,Hatch Pequenos,6,HONDA/CITY HATCH,1609,5.2
2022,7,Julho,Autos,Hatch Pequenos,7,RENAULT/SANDERO,897,3.25
2022,7,Julho,Autos,Hatch Pequenos,8,VW/POLO,177,1.27
2022,7,Julho,Autos,Hatch Pequenos,9,MINI/COOPER,36,0.24
2022,7,Julho,Autos,Hatch Pequenos,10,JAC/E-JS1,8,0.24
2022,7,Julho,Autos,Hatch Pequenos,11,RENAULT/ZOE,7,0.11
2022,7,Julho,Autos,Hatch Pequenos,12,FIAT/500E,16,0.1
2022,7,Julho,Autos,Hatch Médios,1,GM/CRUZE HB,150,64.09
2022,7,Julho,Autos,Hatch Médios,2,NISSAN/LEAF,9,15.13
2022,7,Julho,Autos,Hatch Médios,3,AUDI/A3,1,10.18
2022,7,Julho,Autos,Hatch Médios,4,BMW/I3,10,4.32
2022,7,Julho,Autos,Hatch Médios,5,M.BENZ/CLASSE A,3,2.02
2022,7,Julho,Autos,Hatch Médios,6,M.BENZ/A45 AMG,1,1.67
2022,7,Julho,Autos,Sedans Pequenos,1,FIAT/CRONOS,3829,33.59
2022,7,Julho,Autos,Sedans Pequenos,2,HYUNDAI/HB20S,958,27.61
2022,7,Julho,Autos,Sedans Pequenos,3,VW/VOYAGE,4776,21.83
2022,7,Julho,Autos,Sedans Pequenos,4,RENAULT/LOGAN,1333,10.07
2022,7,Julho,Autos,Sedans Pequenos,5,FIAT/SIENA,59,6.86
2022,7,Julho,Autos,Sedans Pequenos,6,GM/PRISMA,1,0.01
2022,7,Julho,Autos,Sedans Pequenos,7,NISSAN/VERSA,0,0.01
2022,7,Julho,Autos,Sedans Pequenos,8,FORD/KA SEDAN,0,0.01
2022,7,Julho,Autos,Sedans Pequenos,9,TOYOTA/ETIOS SEDAN,0,0.01
2022,7,Julho,Autos,Sedans Pequenos,10,GM/CLASSIC,1,0
2022,7,Julho,Autos,Sedans Compactos,1,GM/ONIX PLUS,8135,53.42
2022,7,Julho,Autos,Sedans Compactos,2,HONDA/CITY,2342,22.38
2022,7,Julho,Autos,Sedans Compactos,3,TOYOTA/YARIS SEDAN,1350,12.45
2022,7,Julho,Autos,Sedans Compactos,4,NISSAN/VERSA,339,6.86
2022,7,Julho,Autos,Sedans Compactos,5,VW/VIRTUS,381,4.82
2022,7,Julho,Autos,Sedans Compactos,6,GM/COBALT,1,0.03
2022,7,Julho,Autos,Sedans médios,1,TOYOTA/COROLLA,4035,70.58
2022,7,Julho,Autos,Sedans médios,2,GM/CRUZE SEDAN,1049,16.7
2022,7,Julho,Autos,Sedans médios,3,HONDA/CIVIC,1,5.62
2022,7,Julho,Autos,Sedans médios,4,CAOA CHERY/ARRIZO 6,65,3.25
2022,7,Julho,Autos,Sedans médios,5,VW/JETTA,106,1.05
2022,7,Julho,Autos,Sedans médios,6,AUDI/A3 SEDAN,28,0.92
2022,7,Julho,Autos,Sedans médios,7,KIA/CERATO,23,0.76
2022,7,Julho,Autos,Sedans médios,8,AUDI/A5,31,0.44
2022,7,Julho,Autos,Sedans médios,9,M.BENZ/CLA35,9,0.16
2022,7,Julho,Autos,Sedans médios,10,BMW/420I,19,0.14
2022,7,Julho,Autos,Sedans médios,11,M.BENZ/CLA45,1,0.11
2022,7,Julho,Autos,Sedans médios,12,M.BENZ/CLASSE A,6,0.1
2022,7,Julho,Autos,Sedans médios,13,JAC/E-J7,0,0.05
2022,7,Julho,Autos,Sedans médios,14,BMW/218I,4,0.04
2022,7,Julho,Autos,Sedans médios,15,BMW/M440I,0,0.03
2022,7,Julho,Autos,Sedans médios,16,BMW/M235I,0,0.02
2022,7,Julho,Autos,Sedans médios,17,CITROEN/C4L,0,0.02
2022,7,Julho,Autos,Sedans médios,18,M.BENZ/CLASSE C,0,0.01
2022,7,Julho,Autos,Sedans médios,19,BMW/430I,0,0
2022,7,Julho,Autos,Sedans médios,20,FORD/DEL REY,0,0
2022,7,Julho,Autos,Sedans médios,21,FORD/FUSION,1,0
2022,7,Julho,Autos,Sedans Grandes,1,BMW/320I,279,60.57
2022,7,Julho,Autos,Sedans Grandes,2,M.BENZ/CLASSE C,21,15.06
2022,7,Julho,Autos,Sedans Grandes,3,M.BENZ/CLA250,64,6.63
2022,7,Julho,Autos,Sedans Grandes,4,BMW/330E,5,5.82
2022,7,Julho,Autos,Sedans Grandes,5,PORSCHE/PANAMERA,42,3.11
2022,7,Julho,Autos,Sedans Grandes,6,AUDI/A4,18,1.88
2022,7,Julho,Autos,Sedans Grandes,7,BMW/530E,14,1.31
2022,7,Julho,Autos,Sedans Grandes,8,M.BENZ/CLASSE E,3,0.81
2022,7,Julho,Autos,Sedans Grandes,9,BMW/M340I,1,0.67
2022,7,Julho,Autos,Sedans Grandes,10,AUDI/E TRON GT,2,0.64
2022,7,Julho,Autos,Sedans Grandes,11,TESLA/MODEL S,2,0.48
2022,7,Julho,Autos,Sedans Grandes,12,HONDA/ACCORD,2,0.43
2022,7,Julho,Autos,Sw Médios,1,FIAT/PALIO WEEKEND,0,33.33
2022,7,Julho,Autos,Sw Médios,2,FORD/BELINA,1,33.33
2022,7,Julho,Autos,Sw Médios,3,VW/SPACE FOX,0,33.33
2022,7,Julho,Autos,Sw Grandes,1,AUDI/RS6 AVANT,3,76.19
2022,7,Julho,Autos,Sw Grandes,2,AUDI/RS4 AVANT,0,19.05
2022,7,Julho,Autos,Sw Grandes,3,GM/CARAVAN,0,4.76
2022,7,Julho,Autos,Monocab,1,FIAT/DOBLO,1,57.35
2022,7,Julho,Autos,Monocab,2,HONDA/FIT,0,42.28
2022,7,Julho,Autos,Monocab,3,FIAT/IDEA,0,0.18
2022,7,Julho,Autos,Monocab,4,GM/BOLT,0,0.18
2022,7,Julho,Autos,Grandcab,1,GM/SPIN,1266,97.05
2022,7,Julho,Autos,Grandcab,2,KIA/CARNIVAL,25,2.75
2022,7,Julho,Autos,Grandcab,3,CHRYSLER/PACIFICA,1,0.1
2022,7,Julho,Autos,Grandcab,4,TOYOTA/SIENNA,0,0.06
2022,7,Julho,Autos,Sports,1,PORSCHE/911,48,26.89
2022,7,Julho,Autos,Sports,2,PORSCHE/TAYCAN,41,16.91
2022,7,Julho,Autos,Sports,3,FORD/MUSTANG,26,14.21
2022,7,Julho,Autos,Sports,4,BMW/M3,2,8.27
2022,7,Julho,Autos,Sports,5,PORSCHE/BOXSTER,4,7.19
2022,7,Julho,Autos,Sports,6,GM/CORVETTE,7,4.59
2022,7,Julho,Autos,Sports,7,PORSCHE/CAYMAN,1,3.51
2022,7,Julho,Autos,Sports,8,GM/CAMARO,7,3.24
2022,7,Julho,Autos,Sports,9,JAGUAR/F-TYPE,2,2.16
2022,7,Julho,Autos,Suv's,1,VW/T CROSS,3535,9.81
2022,7,Julho,Autos,Suv's,2,JEEP/COMPASS,4402,9.55
2022,7,Julho,Autos,Suv's,3,HYUNDAI/CRETA,5125,9.26
2022,7,Julho,Autos,Suv's,4,GM/TRACKER,5998,8.88
2022,7,Julho,Autos,Suv's,5,FIAT/PULSE,5300,7.9
2022,7,Julho,Autos,Suv's,6,JEEP/RENEGADE,4264,7.85
2022,7,Julho,Autos,Suv's,7,TOYOTA/COROLLA CROSS,3614,6.97
2022,7,Julho,Autos,Suv's,8,NISSAN/KICKS,5221,6.01
2022,7,Julho,Autos,Suv's,9,VW/NIVUS,2995,5.3
2022,7,Julho,Autos,Suv's,10,RENAULT/DUSTER,2039,3.12
2022,7,Julho,Autos,Suv's,11,CITROEN/C4 CACTUS,798,3.08
2022,7,Julho,Autos,Suv's,12,JEEP/COMMANDER,1483,3.0
2022,7,Julho,Autos,Suv's,13,TOYOTA/HILUX SW4,1271,2.15
2022,7,Julho,Autos,Suv's,14,CAOA CHERY/TIGGO 5X,741,1.59
2022,7,Julho,Autos,Suv's,15,CAOA CHERY/TIGGO 8,665,1.4
2022,7,Julho,Autos,Suv's,16,CAOA CHERY/TIGGO 7,556,1.36
2022,7,Julho,Autos,Suv's,17,VW/TAOS,1119,1.35
2022,7,Julho,Autos,Suv's,18,PEUGEOT/2008,227,1.12
2022,7,Julho,Autos,Suv's,19,CAOA CHERY/TIGGO 3X,68,0.94
2022,7,Julho,Autos,Suv's,20,HONDA/HR-V,9,0.88
2022,7,Julho,Autos,Suv's,21,RENAULT/CAPTUR,180,0.71
2022,7,Julho,Autos,Suv's,22,BMW/X1,406,0.64
2022,7,Julho,Autos,Suv's,23,HYUNDAI/TUCSON,26,0.57
2022,7,Julho,Autos,Suv's,24,MITSUBISHI/ECLIPSE CROSS,315,0.51
2022,7,Julho,Autos,Suv's,25,MITSUBISHI/PAJERO,7,0.35
2022,7,Julho,Autos,Suv's,26,GM/TRAILBLAZER,86,0.34
2022,7,Julho,Autos,Suv's,27,VOLVO/XC60,101,0.3
2022,7,Julho,Autos,Suv's,28,MITSUBISHI/OUTLANDER,47,0.28
2022,7,Julho,Autos,Suv's,29,FORD/BRONCO,162,0.26
2022,7,Julho,Autos,Suv's,30,LAND ROVER/DISCOVERY,149,0.23
2022,7,Julho,Autos,Suv's,31,BMW/X3,172,0.23
2022,7,Julho,Autos,Suv's,32,VOLVO/XC40,75,0.23
2022,7,Julho,Autos,Suv's,33,AUDI/Q5,130,0.22
2022,7,Julho,Autos,Suv's,34,HONDA/WR-V,1,0.19
2022,7,Julho,Autos,Suv's,35,M.BENZ/CLASSE GLB,6,0.18
2022,7,Julho,Autos,Suv's,36,BMW/X5,145,0.18
2022,7,Julho,Autos,Suv's,37,FORD/TERRITORY,67,0.17
2022,7,Julho,Autos,Suv's,38,PORSCHE/MACAN,73,0.17
2022,7,Julho,Autos,Suv's,39,BMW/X4,87,0.16
2022,7,Julho,Autos,Suv's,40,TOYOTA/RAV4,131,0.15
2022,7,Julho,Com. Leves,Pick-up's Pequenas,1,FIAT/STRADA,10896,91.76
2022,7,Julho,Com. Leves,Pick-up's Pequenas,2,VW/SAVEIRO,1751,8.2
2022,7,Julho,Com. Leves,Pick-up's Pequenas,3,GM/MONTANA,1,0.02
2022,7,Julho,Com. Leves,Pick-up's Pequenas,4,PEUGEOT/PARTNER,2,0.01
2022,7,Julho,Com. Leves,Pick-up's Pequenas,5,FORD/PAMPA,1,0
2022,7,Julho,Com. Leves,Pick-up's Pequenas,6,FIAT/CITY,0,0
2022,7,Julho,Com. Leves,Pick-up's Grandes,1,FIAT/TORO,4333,29.12
2022,7,Julho,Com. Leves,Pick-up's Grandes,2,TOYOTA/HILUX,4122,24.75
2022,7,Julho,Com. Leves,Pick-up's Grandes,3,GM/S10,2229,15.63
2022,7,Julho,Com. Leves,Pick-up's Grandes,4,MITSUBISHI/L200,1794,8.72
2022,7,Julho,Com. Leves,Pick-up's Grandes,5,FORD/RANGER,653,7.06
2022,7,Julho,Com. Leves,Pick-up's Grandes,6,RENAULT/OROCH,1368,5.02
2022,7,Julho,Com. Leves,Pick-up's Grandes,7,NISSAN/FRONTIER,743,4.57
2022,7,Julho,Com. Leves,Pick-up's Grandes,8,VW/AMAROK,636,2.49
2022,7,Julho,Com. Leves,Pick-up's Grandes,9,FORD/MAVERICK,183,0.9
2022,7,Julho,Com. Leves,Pick-up's Grandes,10,RAM/2500,68,0.63
2022,7,Julho,Com. Leves,Pick-up's Grandes,11,RAM/3500,267,0.5
2022,7,Julho,Com. Leves,Furgões,1,RENAULT/MASTER,940,28.8
2022,7,Julho,Com. Leves,Furgões,2,PEUGEOT/EXPERT,225,11.97
2022,7,Julho,Com. Leves,Furgões,3,CITROEN/JUMPY,165,9.36
2022,7,Julho,Com. Leves,Furgões,4,FIAT/DUCATO,54,9.35
2022,7,Julho,Com. Leves,Furgões,5,KIA/K2500,254,7.61
2022,7,Julho,Com. Leves,Furgões,6,VW/MAN/EXPRESS,185,7.3
2022,7,Julho,Com. Leves,Furgões,7,IVECO/DAILY 35-150,113,7.19
2022,7,Julho,Com. Leves,Furgões Pequenos,1,FIAT/FIORINO,1528,92.67
2022,7,Julho,Com. Leves,Furgões Pequenos,2,PEUGEOT/PARTNER,134,3.38
2022,7,Julho,Com. Leves,Furgões Pequenos,3,RENAULT/KANGOO,5,3.32
2022,7,Julho,Com. Leves,Furgões Pequenos,4,BYD/T3,6,0.24
2022,7,Julho,Caminhões,Semi-Leve,1,M.BENZ/SPRINTER 416,209,40.62
2022,7,Julho,Caminhões,Semi-Leve,2,M.BENZ/SPRINTER 516,86,15.8
2022,7,Julho,Caminhões,Semi-Leve,3,IVECO/DAILY 65-170,79,12.28
2022,7,Julho,Caminhões,Semi-Leve,4,IVECO/DAILY 45-170,65,11.75
2022,7,Julho,Caminhões,Semi-Leve,5,VW/MAN/6.160,67,8.46
2022,7,Julho,Caminhões,Semi-Leve,6,IVECO/DAILY 55-170,3,5.91
2022,7,Julho,Caminhões,Semi-Leve,7,M.BENZ/SPRINTER,24,2.99
2022,7,Julho,Caminhões,Semi-Leve,8,JAC/IEV350T,4,0.83
2022,7,Julho,Caminhões,Semi-Leve,9,VW/MAN/4.160,1,0.55
2022,7,Julho,Caminhões,Semi-Leve,10,M.BENZ/SPRINTER 415,2,0.39
2022,7,Julho,Caminhões,Leve,1,M.BENZ/ACCELO 1016,317,34.39
2022,7,Julho,Caminhões,Leve,2,VW/MAN/9.170,299,30.04
2022,7,Julho,Caminhões,Leve,3,M.BENZ/ACCELO 815,178,19.67
2022,7,Julho,Caminhões,Leve,4,IVECO/TECTOR 9-190,52,5.13
2022,7,Julho,Caminhões,Leve,5,JAC/IEV1200T,39,5.03
2022,7,Julho,Caminhões,Leve,6,HYUNDAI/HD 80,13,2.54
2022,7,Julho,Caminhões,Leve,7,M.BENZ/ACCELO 915,1,1.11
2022,7,Julho,Caminhões,Leve,8,IVECO/DAILY 70C17,5,0.51
2022,7,Julho,Caminhões,Leve,9,VW/MAN/9.160,4,0.51
2022,7,Julho,Caminhões,Leve,10,AGRALE/A8700,4,0.4
2022,7,Julho,Caminhões,Médio,1,VW/MAN/11.180,465,53.1
2022,7,Julho,Caminhões,Médio,2,VW/MAN/14.190,79,11.9
2022,7,Julho,Caminhões,Médio,3,IVECO/TECTOR 11-190,84,10.45
2022,7,Julho,Caminhões,Médio,4,M.BENZ/ATEGO 1419,76,9.59
2022,7,Julho,Caminhões,Médio,5,VW/MAN/13.180,85,6.27
2022,7,Julho,Caminhões,Médio,6,M.BENZ/ACCELO 1316,35,4.8
2022,7,Julho,Caminhões,Médio,7,VW/MAN/E-DELIVERY,0,1.93
2022,7,Julho,Caminhões,Médio,8,M.BENZ/1418,2,0.8
2022,7,Julho,Caminhões,Médio,9,FOTON/AUMARK S 11T,7,0.49
2022,7,Julho,Caminhões,Médio,10,AGRALE/14000,0,0.14
2022,7,Julho,Caminhões,Semi-Pesado,1,VOLVO/VM 270,412,13.39
2022,7,Julho,Caminhões,Semi-Pesado,2,VW/MAN/24.280,267,8.73
2022,7,Julho,Caminhões,Semi-Pesado,3,VW/MAN/24.260,225,8.25
2022,7,Julho,Caminhões,Semi-Pesado,4,VW/MAN/17.190,289,7.52
2022,7,Julho,Caminhões,Semi-Pesado,5,M.BENZ/ATEGO 2426,225,7.31
2022,7,Julho,Caminhões,Semi-Pesado,6,M.BENZ/ATEGO 1719,210,7.17
2022,7,Julho,Caminhões,Semi-Pesado,7,VOLVO/VM 330,140,5.33
2022,7,Julho,Caminhões,Semi-Pesado,8,IVECO/TECTOR 240,118,5.24
2022,7,Julho,Caminhões,Semi-Pesado,9,VW/MAN/26.280,138,4.49
2022,7,Julho,Caminhões,Semi-Pesado,10,IVECO/TECTOR 170,127,3.65
2022,7,Julho,Caminhões,Pesado,1,VOLVO/FH 540,629,13.77
2022,7,Julho,Caminhões,Pesado,2,DAF/XF,566,10.27
2022,7,Julho,Caminhões,Pesado,3,VOLVO/FH 460,526,8.66
2022,7,Julho,Caminhões,Pesado,4,M.BENZ/ACTROS 2651,380,5.77
2022,7,Julho,Caminhões,Pesado,5,SCANIA/R450,426,5.54
2022,7,Julho,Caminhões,Pesado,6,SCANIA/R540,280,3.92
2022,7,Julho,Caminhões,Pesado,7,VW/MAN/29.520,218,3.67
2022,7,Julho,Caminhões,Pesado,8,VW/MAN/28.460,108,3.26
2022,7,Julho,Caminhões,Pesado,9,VOLVO/VM 330,174,3.09
2022,7,Julho,Caminhões,Pesado,10,M.BENZ/AXOR 2544,231,2.99
2022,7,Julho,Motos,City,1,HONDA/CG 160,31080,69.57
2022,7,Julho,Motos,City,2,HONDA/CB 250F TWISTER,3574,7.96
2022,7,Julho,Motos,City,3,YAMAHA/YBR 150,3099,7.24
2022,7,Julho,Motos,City,4,YAMAHA/FAZER 250,2783,5.67
2022,7,Julho,Motos,City,5,YAMAHA/YS150 FAZER,1375,4.53
2022,7,Julho,Motos,City,6,YAMAHA/YBR 125,1065,2.52
2022,7,Julho,Motos,City,7,HAOJUE/DK150,197,0.38
2022,7,Julho,Motos,City,8,TVS/SPORT 110I,876,0.35
2022,7,Julho,Motos,City,9,HAOJUE/DR160,219,0.32
2022,7,Julho,Motos,City,10,VOLTZ/EVS,144,0.29
2022,7,Julho,Motos,Custom,1,ROYAL ENFIELD/METEOR,492,49.46
2022,7,Julho,Motos,Custom,2,KAWASAKI/VULCAN S,110,12.92
2022,7,Julho,Motos,Custom,3,ROYAL ENFIELD/INTERCEPTOR,109,12.47
2022,7,Julho,Motos,Custom,4,ROYAL ENFIELD/CONTINENTAL GT,50,5.08
2022,7,Julho,Motos,Custom,5,H.DAVIDSON/FX FBS,23,4.14
2022,7,Julho,Motos,Custom,6,H.DAVIDSON/FL FBS,32,3.9
2022,7,Julho,Motos,Custom,7,H.DAVIDSON/FL SB,15,1.83
2022,7,Julho,Motos,Custom,8,H.DAVIDSON/FLHCS,2,1.71
2022,7,Julho,Motos,Custom,9,DUCATI/SCRAMBLER,14,1.25
2022,7,Julho,Motos,Custom,10,TRIUMPH/BONNEVILLE,7,1.13
2022,7,Julho,Motos,Trail/Fun,1,HONDA/NXR160,11308,52.95
2022,7,Julho,Motos,Trail/Fun,2,HONDA/XRE 300,1950,11.92
2022,7,Julho,Motos,Trail/Fun,3,HONDA/XRE 190,1959,8.83
2022,7,Julho,Motos,Trail/Fun,4,YAMAHA/XTZ 250,2050,7.96
2022,7,Julho,Motos,Trail/Fun,5,YAMAHA/XTZ150,265,6.32
2022,7,Julho,Motos,Trail/Fun,6,YAMAHA/CROSSER 150,2796,5.86
2022,7,Julho,Motos,Trail/Fun,7,SHINERAY/XY 125,821,3.5
2022,7,Julho,Motos,Trail/Fun,8,DAFRA/NH 190,249,0.99
2022,7,Julho,Motos,Trail/Fun,9,BMW/G310 GS,169,0.87
2022,7,Julho,Motos,Trail/Fun,10,KAWASAKI/VERSYS 300,110,0.42
2022,7,Julho,Motos,Maxtrail,1,BMW/R1250GS,662,22.44
2022,7,Julho,Motos,Maxtrail,2,TRIUMPH/TIGER 900,243,14.16
2022,7,Julho,Motos,Maxtrail,3,ROYAL ENFIELD/HIMALAYAN,250,12.58
2022,7,Julho,Motos,Maxtrail,4,HONDA/CB 500X,268,12.11
2022,7,Julho,Motos,Maxtrail,5,HONDA/NC 750X,301,10.35
2022,7,Julho,Motos,Maxtrail,6,BMW/F850 GS,174,10.1
2022,7,Julho,Motos,Maxtrail,7,HONDA/CRF 1100L,76,4.19
2022,7,Julho,Motos,Maxtrail,8,TRIUMPH/TIGER 1200,194,2.77
2022,7,Julho,Motos,Maxtrail,9,KAWASAKI/VERSYS,5,2.17
2022,7,Julho,Motos,Maxtrail,10,SUZUKI/VSTROM650,34,2.02
2022,7,Julho,Motos,Naked/Roadster,1,YAMAHA/MT03,514,33.81
2022,7,Julho,Motos,Naked/Roadster,2,HONDA/CB 650,361,17.75
2022,7,Julho,Motos,Naked/Roadster,3,HONDA/CB 500,283,11.55
2022,7,Julho,Motos,Naked/Roadster,4,YAMAHA/MT09,185,7.18
2022,7,Julho,Motos,Naked/Roadster,5,KAWASAKI/Z900,157,5.91
2022,7,Julho,Motos,Naked/Roadster,6,KAWASAKI/Z400,120,5.89
2022,7,Julho,Motos,Naked/Roadster,7,YAMAHA/MT07,124,5.89
2022,7,Julho,Motos,Naked/Roadster,8,HONDA/CB 1000R,49,2.13
2022,7,Julho,Motos,Naked/Roadster,9,SUZUKI/GSX-S750,45,1.79
2022,7,Julho,Motos,Naked/Roadster,10,KAWASAKI/Z650,49,1.59
2022,7,Julho,Motos,Scooter/Cub,1,HONDA/BIZ,14729,39.68
2022,7,Julho,Motos,Scooter/Cub,2,HONDA/POP 110I,8802,27.39
2022,7,Julho,Motos,Scooter/Cub,3,HONDA/PCX 150,3311,8.25
2022,7,Julho,Motos,Scooter/Cub,4,HONDA/ELITE 125,1937,5.06
2022,7,Julho,Motos,Scooter/Cub,5,YAMAHA/NMAX,721,4.37
2022,7,Julho,Motos,Scooter/Cub,6,HONDA/ADV 150,1102,2.82
2022,7,Julho,Motos,Scooter/Cub,7,SHINERAY/XY 50,1083,2.72
2022,7,Julho,Motos,Scooter/Cub,8,YAMAHA/NEO 125,424,2.23
2022,7,Julho,Motos,Scooter/Cub,9,AVELLOZ/AZ1,634,1.74
2022,7,Julho,Motos,Scooter/Cub,10,YAMAHA/FLUO 125,921,1.69
2022,7,Julho,Motos,Sport,1,YAMAHA/YZF R3,209,32.35
2022,7,Julho,Motos,Sport,2,KAWASAKI/NINJA 400,120,26.03
2022,7,Julho,Motos,Sport,3,BMW/S1000 R,75,19.59
2022,7,Julho,Motos,Sport,4,KAWASAKI/NINJA ZX 6,59,10.04
2022,7,Julho,Motos,Sport,5,KAWASAKI/NINJA 650,18,4.42
2022,7,Julho,Motos,Sport,6,KAWASAKI/NINJA ZX10,12,3.46
2022,7,Julho,Motos,Sport,7,DUCATI/PANIGALE V4,18,2.47
2022,7,Julho,Motos,Sport,8,SUZUKI/GSXR1000,3,0.77
2022,7,Julho,Motos,Sport,9,HONDA/CBR 1000RR,0,0.29
2022,7,Julho,Motos,Sport,10,HONDA/CBR 500R,0,0.06
2022,7,Julho,Motos,Touring,1,H.DAVIDSON/FL TRK,23,28.63
2022,7,Julho,Motos,Touring,2,H.DAVIDSON/FLHTK,23,26.53
2022,7,Julho,Motos,Touring,3,H.DAVIDSON/FLH RXS,1,12.63
2022,7,Julho,Motos,Touring,4,H.DAVIDSON/FLT,9,11.79
2022,7,Julho,Motos,Touring,5,H.DAVIDSON/FLHX,9,11.37
2022,7,Julho,Motos,Touring,6,BMW/R1250 RT,8,4.84
2022,7,Julho,Motos,Touring,7,HONDA/GOLDWING,0,3.16
2022,7,Julho,Motos,Touring,8,BMW/K 1600,0,1.05
2022,8,Agosto,Autos,Veículos de Entrada,1,VW/GOL,11719,37.8
2022,8,Agosto,Autos,Veículos de Entrada,2,FIAT/MOBI,7613,34.05
2022,8,Agosto,Autos,Veículos de Entrada,3,RENAULT/KWID,6829,27.49
2022,8,Agosto,Autos,Veículos de Entrada,4,FIAT/UNO,6,0.6
2022,8,Agosto,Autos,Veículos de Entrada,5,VW/FUSCA,4,0.03
2022,8,Agosto,Autos,Veículos de Entrada,6,VW/UP,0,0.01
2022,8,Agosto,Autos,Veículos de Entrada,7,TOYOTA/ETIOS HB,2,0.01
2022,8,Agosto,Autos,Veículos de Entrada,8,CAOA CHERY/QQ,0,0
2022,8,Agosto,Autos,Veículos de Entrada,9,FIAT/PALIO,0,0
2022,8,Agosto,Autos,Hatch Pequenos,1,HYUNDAI/HB20,10919,29.69
2022,8,Agosto,Autos,Hatch Pequenos,2,GM/ONIX,9821,25.18
2022,8,Agosto,Autos,Hatch Pequenos,3,FIAT/ARGO,7594,17.18
2022,8,Agosto,Autos,Hatch Pequenos,4,PEUGEOT/208,2825,9.93
2022,8,Agosto,Autos,Hatch Pequenos,5,TOYOTA/YARIS HB,2235,7.88
2022,8,Agosto,Autos,Hatch Pequenos,6,HONDA/CITY HATCH,1504,5.01
2022,8,Agosto,Autos,Hatch Pequenos,7,RENAULT/SANDERO,1002,3.17
2022,8,Agosto,Autos,Hatch Pequenos,8,VW/POLO,130,1.11
2022,8,Agosto,Autos,Hatch Pequenos,9,JAC/E-JS1,73,0.23
2022,8,Agosto,Autos,Hatch Pequenos,10,MINI/COOPER,49,0.22
2022,8,Agosto,Autos,Hatch Pequenos,11,RENAULT/ZOE,0,0.09
2022,8,Agosto,Autos,Hatch Pequenos,12,FIAT/500E,6,0.09
2022,8,Agosto,Autos,Hatch Médios,1,GM/CRUZE HB,129,63.36
2022,8,Agosto,Autos,Hatch Médios,2,NISSAN/LEAF,39,15.48
2022,8,Agosto,Autos,Hatch Médios,3,AUDI/A3,4,9.07
2022,8,Agosto,Autos,Hatch Médios,4,BMW/I3,1,4.41
2022,8,Agosto,Autos,Hatch Médios,5,M.BENZ/CLASSE A,8,2.24
2022,8,Agosto,Autos,Hatch Médios,6,BMW/118I,21,2.12
2022,8,Agosto,Autos,Sedans Pequenos,1,FIAT/CRONOS,3757,33.65
2022,8,Agosto,Autos,Sedans Pequenos,2,VW/VOYAGE,5564,26.3
2022,8,Agosto,Autos,Sedans Pequenos,3,HYUNDAI/HB20S,997,24.7
2022,8,Agosto,Autos,Sedans Pequenos,4,RENAULT/LOGAN,687,9.47
2022,8,Agosto,Autos,Sedans Pequenos,5,FIAT/SIENA,34,5.83
2022,8,Agosto,Autos,Sedans Pequenos,6,GM/PRISMA,0,0.01
2022,8,Agosto,Autos,Sedans Pequenos,7,FORD/KA SEDAN,1,0.01
2022,8,Agosto,Autos,Sedans Pequenos,8,NISSAN/VERSA,0,0.01
2022,8,Agosto,Autos,Sedans Pequenos,9,TOYOTA/ETIOS SEDAN,1,0.01
2022,8,Agosto,Autos,Sedans Pequenos,10,GM/CLASSIC,1,0
2022,8,Agosto,Autos,Sedans Compactos,1,GM/ONIX PLUS,8968,56.09
2022,8,Agosto,Autos,Sedans Compactos,2,HONDA/CITY,2084,21.37
2022,8,Agosto,Autos,Sedans Compactos,3,TOYOTA/YARIS SEDAN,1174,11.9
2022,8,Agosto,Autos,Sedans Compactos,4,NISSAN/VERSA,266,6.08
2022,8,Agosto,Autos,Sedans Compactos,5,VW/VIRTUS,367,4.5
2022,8,Agosto,Autos,Sedans Compactos,6,GM/COBALT,0,0.03
2022,8,Agosto,Autos,Sedans médios,1,TOYOTA/COROLLA,3386,71.12
2022,8,Agosto,Autos,Sedans médios,2,GM/CRUZE SEDAN,889,17.05
2022,8,Agosto,Autos,Sedans médios,3,HONDA/CIVIC,6,5.0
2022,8,Agosto,Autos,Sedans médios,4,CAOA CHERY/ARRIZO 6,56,3.02
2022,8,Agosto,Autos,Sedans médios,5,VW/JETTA,40,1.03
2022,8,Agosto,Autos,Sedans médios,6,AUDI/A3 SEDAN,26,0.88
2022,8,Agosto,Autos,Sedans médios,7,KIA/CERATO,2,0.73
2022,8,Agosto,Autos,Sedans médios,8,AUDI/A5,38,0.48
2022,8,Agosto,Autos,Sedans médios,9,M.BENZ/CLA35,4,0.15
2022,8,Agosto,Autos,Sedans médios,10,BMW/420I,8,0.15
2022,8,Agosto,Autos,Sedans médios,11,M.BENZ/CLASSE A,10,0.12
2022,8,Agosto,Autos,Sedans médios,12,M.BENZ/CLA45,2,0.1
2022,8,Agosto,Autos,Sedans médios,13,JAC/E-J7,3,0.05
2022,8,Agosto,Autos,Sedans médios,14,BMW/218I,2,0.04
2022,8,Agosto,Autos,Sedans médios,15,BMW/M440I,0,0.02
2022,8,Agosto,Autos,Sedans médios,16,BMW/M235I,0,0.02
2022,8,Agosto,Autos,Sedans médios,17,CITROEN/C4L,0,0.02
2022,8,Agosto,Autos,Sedans médios,18,BMW/430I,1,0.01
2022,8,Agosto,Autos,Sedans médios,19,M.BENZ/CLASSE C,0,0.01
2022,8,Agosto,Autos,Sedans médios,20,FORD/DEL REY,0,0
2022,8,Agosto,Autos,Sedans médios,21,FORD/FUSION,0,0
2022,8,Agosto,Autos,Sedans Grandes,1,BMW/320I,217,58.94
2022,8,Agosto,Autos,Sedans Grandes,2,M.BENZ/CLASSE C,7,13.65
2022,8,Agosto,Autos,Sedans Grandes,3,BMW/330E,111,7.58
2022,8,Agosto,Autos,Sedans Grandes,4,M.BENZ/CLA250,50,7.01
2022,8,Agosto,Autos,Sedans Grandes,5,PORSCHE/PANAMERA,24,3.3
2022,8,Agosto,Autos,Sedans Grandes,6,AUDI/A4,14,1.98
2022,8,Agosto,Autos,Sedans Grandes,7,BMW/530E,18,1.55
2022,8,Agosto,Autos,Sedans Grandes,8,M.BENZ/CLASSE E,9,0.92
2022,8,Agosto,Autos,Sedans Grandes,9,AUDI/E TRON GT,6,0.7
2022,8,Agosto,Autos,Sedans Grandes,10,BMW/M340I,0,0.6
2022,8,Agosto,Autos,Sedans Grandes,11,TESLA/MODEL S,1,0.45
2022,8,Agosto,Autos,Sedans Grandes,12,AUDI/A6,3,0.43
2022,8,Agosto,Autos,Sw Médios,1,FIAT/PALIO WEEKEND,1,37.5
2022,8,Agosto,Autos,Sw Médios,2,FORD/BELINA,0,25.0
2022,8,Agosto,Autos,Sw Médios,3,VW/SPACE FOX,0,25.0
2022,8,Agosto,Autos,Sw Médios,4,VW/PARATI,1,12.5
2022,8,Agosto,Autos,Sw Grandes,1,AUDI/RS6 AVANT,2,78.26
2022,8,Agosto,Autos,Sw Grandes,2,AUDI/RS4 AVANT,0,17.39
2022,8,Agosto,Autos,Sw Grandes,3,GM/CARAVAN,0,4.35
2022,8,Agosto,Autos,Monocab,1,FIAT/DOBLO,1,57.43
2022,8,Agosto,Autos,Monocab,2,HONDA/FIT,0,42.2
2022,8,Agosto,Autos,Monocab,3,FIAT/IDEA,0,0.18
2022,8,Agosto,Autos,Monocab,4,GM/BOLT,0,0.18
2022,8,Agosto,Autos,Grandcab,1,GM/SPIN,1515,97.08
2022,8,Agosto,Autos,Grandcab,2,KIA/CARNIVAL,31,2.63
2022,8,Agosto,Autos,Grandcab,3,CHRYSLER/PACIFICA,2,0.1
2022,8,Agosto,Autos,Grandcab,4,BYD/D1,7,0.09
2022,8,Agosto,Autos,Sports,1,PORSCHE/911,32,25.48
2022,8,Agosto,Autos,Sports,2,FORD/MUSTANG,60,16.78
2022,8,Agosto,Autos,Sports,3,PORSCHE/TAYCAN,2,16.17
2022,8,Agosto,Autos,Sports,4,BMW/M3,16,8.31
2022,8,Agosto,Autos,Sports,5,PORSCHE/BOXSTER,1,6.24
2022,8,Agosto,Autos,Sports,6,GM/CORVETTE,8,4.54
2022,8,Agosto,Autos,Sports,7,PORSCHE/CAYMAN,1,3.08
2022,8,Agosto,Autos,Sports,8,GM/CAMARO,3,3.0
2022,8,Agosto,Autos,Sports,9,JAGUAR/F-TYPE,8,2.46
2022,8,Agosto,Autos,Suv's,1,VW/T CROSS,6194,9.84
2022,8,Agosto,Autos,Suv's,2,JEEP/COMPASS,5284,9.41
2022,8,Agosto,Autos,Suv's,3,HYUNDAI/CRETA,5806,9.28
2022,8,Agosto,Autos,Suv's,4,GM/TRACKER,6708,9.17
2022,8,Agosto,Autos,Suv's,5,FIAT/PULSE,4771,7.88
2022,8,Agosto,Autos,Suv's,6,JEEP/RENEGADE,4654,7.81
2022,8,Agosto,Autos,Suv's,7,TOYOTA/COROLLA CROSS,3250,6.73
2022,8,Agosto,Autos,Suv's,8,NISSAN/KICKS,4250,6.14
2022,8,Agosto,Autos,Suv's,9,VW/NIVUS,3380,5.33
2022,8,Agosto,Autos,Suv's,10,RENAULT/DUSTER,2087,3.16
2022,8,Agosto,Autos,Suv's,11,JEEP/COMMANDER,2338,3.11
2022,8,Agosto,Autos,Suv's,12,CITROEN/C4 CACTUS,1983,3.1
2022,8,Agosto,Autos,Suv's,13,TOYOTA/HILUX SW4,1221,2.12
2022,8,Agosto,Autos,Suv's,14,VW/TAOS,1667,1.54
2022,8,Agosto,Autos,Suv's,15,CAOA CHERY/TIGGO 5X,763,1.54
2022,8,Agosto,Autos,Suv's,16,CAOA CHERY/TIGGO 8,1188,1.47
2022,8,Agosto,Autos,Suv's,17,CAOA CHERY/TIGGO 7,983,1.39
2022,8,Agosto,Autos,Suv's,18,PEUGEOT/2008,118,0.99
2022,8,Agosto,Autos,Suv's,19,HONDA/HR-V,486,0.86
2022,8,Agosto,Autos,Suv's,20,CAOA CHERY/TIGGO 3X,53,0.82
2022,8,Agosto,Autos,Suv's,21,BMW/X1,487,0.66
2022,8,Agosto,Autos,Suv's,22,RENAULT/CAPTUR,130,0.64
2022,8,Agosto,Autos,Suv's,23,MITSUBISHI/ECLIPSE CROSS,400,0.53
2022,8,Agosto,Autos,Suv's,24,HYUNDAI/TUCSON,38,0.5
2022,8,Agosto,Autos,Suv's,25,GM/TRAILBLAZER,245,0.35
2022,8,Agosto,Autos,Suv's,26,MITSUBISHI/PAJERO,43,0.31
2022,8,Agosto,Autos,Suv's,27,VOLVO/XC60,6,0.27
2022,8,Agosto,Autos,Suv's,28,FORD/BRONCO,129,0.25
2022,8,Agosto,Autos,Suv's,29,MITSUBISHI/OUTLANDER,20,0.24
2022,8,Agosto,Autos,Suv's,30,LAND ROVER/DISCOVERY,162,0.24
2022,8,Agosto,Autos,Suv's,31,BMW/X3,130,0.23
2022,8,Agosto,Autos,Suv's,32,AUDI/Q5,145,0.22
2022,8,Agosto,Autos,Suv's,33,VOLVO/XC40,9,0.22
2022,8,Agosto,Autos,Suv's,34,BMW/X5,170,0.19
2022,8,Agosto,Autos,Suv's,35,PORSCHE/MACAN,118,0.17
2022,8,Agosto,Autos,Suv's,36,HONDA/WR-V,0,0.16
2022,8,Agosto,Autos,Suv's,37,FORD/TERRITORY,68,0.16
2022,8,Agosto,Autos,Suv's,38,TOYOTA/RAV4,146,0.16
2022,8,Agosto,Autos,Suv's,39,BMW/X4,95,0.16
2022,8,Agosto,Autos,Suv's,40,M.BENZ/CLASSE GLB,8,0.16
2022,8,Agosto,Com. Leves,Pick-up's Pequenas,1,FIAT/STRADA,14145,90.06
2022,8,Agosto,Com. Leves,Pick-up's Pequenas,2,VW/SAVEIRO,2836,9.91
2022,8,Agosto,Com. Leves,Pick-up's Pequenas,3,GM/MONTANA,1,0.02
2022,8,Agosto,Com. Leves,Pick-up's Pequenas,4,PEUGEOT/PARTNER,0,0.01
2022,8,Agosto,Com. Leves,Pick-up's Pequenas,5,FORD/PAMPA,0,0
2022,8,Agosto,Com. Leves,Pick-up's Pequenas,6,FIAT/CITY,0,0
2022,8,Agosto,Com. Leves,Pick-up's Grandes,1,FIAT/TORO,4290,28.75
2022,8,Agosto,Com. Leves,Pick-up's Grandes,2,TOYOTA/HILUX,3979,24.72
2022,8,Agosto,Com. Leves,Pick-up's Grandes,3,GM/S10,2115,15.27
2022,8,Agosto,Com. Leves,Pick-up's Grandes,4,MITSUBISHI/L200,1284,8.6
2022,8,Agosto,Com. Leves,Pick-up's Grandes,5,FORD/RANGER,1371,7.25
2022,8,Agosto,Com. Leves,Pick-up's Grandes,6,RENAULT/OROCH,1134,5.28
2022,8,Agosto,Com. Leves,Pick-up's Grandes,7,NISSAN/FRONTIER,600,4.45
2022,8,Agosto,Com. Leves,Pick-up's Grandes,8,VW/AMAROK,719,2.75
2022,8,Agosto,Com. Leves,Pick-up's Grandes,9,FORD/MAVERICK,161,0.91
2022,8,Agosto,Com. Leves,Pick-up's Grandes,10,RAM/2500,107,0.64
2022,8,Agosto,Com. Leves,Pick-up's Grandes,11,RAM/3500,225,0.62
2022,8,Agosto,Com. Leves,Furgões,1,RENAULT/MASTER,1062,29.72
2022,8,Agosto,Com. Leves,Furgões,2,PEUGEOT/EXPERT,386,12.09
2022,8,Agosto,Com. Leves,Furgões,3,CITROEN/JUMPY,299,9.45
2022,8,Agosto,Com. Leves,Furgões,4,FIAT/DUCATO,40,8.24
2022,8,Agosto,Com. Leves,Furgões,5,KIA/K2500,272,7.81
2022,8,Agosto,Com. Leves,Furgões,6,VW/MAN/EXPRESS,200,7.21
2022,8,Agosto,Com. Leves,Furgões,7,IVECO/DAILY 35-150,40,6.38
2022,8,Agosto,Com. Leves,Furgões Pequenos,1,FIAT/FIORINO,1897,87.88
2022,8,Agosto,Com. Leves,Furgões Pequenos,2,PEUGEOT/PARTNER,897,8.79
2022,8,Agosto,Com. Leves,Furgões Pequenos,3,RENAULT/KANGOO,2,2.7
2022,8,Agosto,Com. Leves,Furgões Pequenos,4,FIAT/STRADA,12,0.27
2022,8,Agosto,Caminhões,Semi-Leve,1,M.BENZ/SPRINTER 416,223,39.93
2022,8,Agosto,Caminhões,Semi-Leve,2,M.BENZ/SPRINTER 516,98,15.78
2022,8,Agosto,Caminhões,Semi-Leve,3,IVECO/DAILY 65-170,61,11.92
2022,8,Agosto,Caminhões,Semi-Leve,4,IVECO/DAILY 45-170,40,10.98
2022,8,Agosto,Caminhões,Semi-Leve,5,VW/MAN/6.160,68,8.82
2022,8,Agosto,Caminhões,Semi-Leve,6,IVECO/DAILY 55-170,54,6.32
2022,8,Agosto,Caminhões,Semi-Leve,7,M.BENZ/SPRINTER,36,3.41
2022,8,Agosto,Caminhões,Semi-Leve,8,VW/MAN/4.160,21,0.97
2022,8,Agosto,Caminhões,Semi-Leve,9,JAC/IEV350T,1,0.73
2022,8,Agosto,Caminhões,Semi-Leve,10,IVECO/DAILY 50-170,16,0.47
2022,8,Agosto,Caminhões,Leve,1,M.BENZ/ACCELO 1016,280,33.73
2022,8,Agosto,Caminhões,Leve,2,VW/MAN/9.170,408,31.8
2022,8,Agosto,Caminhões,Leve,3,M.BENZ/ACCELO 815,183,19.62
2022,8,Agosto,Caminhões,Leve,4,IVECO/TECTOR 9-190,35,4.93
2022,8,Agosto,Caminhões,Leve,5,JAC/IEV1200T,3,4.39
2022,8,Agosto,Caminhões,Leve,6,HYUNDAI/HD 80,16,2.42
2022,8,Agosto,Caminhões,Leve,7,M.BENZ/ACCELO 915,4,1.02
2022,8,Agosto,Caminhões,Leve,8,IVECO/DAILY 70C17,6,0.53
2022,8,Agosto,Caminhões,Leve,9,VW/MAN/9.160,1,0.46
2022,8,Agosto,Caminhões,Leve,10,AGRALE/A8700,6,0.43
2022,8,Agosto,Caminhões,Médio,1,VW/MAN/11.180,424,52.83
2022,8,Agosto,Caminhões,Médio,2,VW/MAN/14.190,110,12.04
2022,8,Agosto,Caminhões,Médio,3,IVECO/TECTOR 11-190,112,10.8
2022,8,Agosto,Caminhões,Médio,4,M.BENZ/ATEGO 1419,47,9.13
2022,8,Agosto,Caminhões,Médio,5,VW/MAN/13.180,94,6.85
2022,8,Agosto,Caminhões,Médio,6,M.BENZ/ACCELO 1316,38,4.77
2022,8,Agosto,Caminhões,Médio,7,VW/MAN/E-DELIVERY,1,1.72
2022,8,Agosto,Caminhões,Médio,8,M.BENZ/1418,4,0.76
2022,8,Agosto,Caminhões,Médio,9,FOTON/AUMARK S 11T,3,0.47
2022,8,Agosto,Caminhões,Médio,10,AGRALE/14000,1,0.14
2022,8,Agosto,Caminhões,Semi-Pesado,1,VOLVO/VM 270,430,13.21
2022,8,Agosto,Caminhões,Semi-Pesado,2,VW/MAN/24.280,312,8.74
2022,8,Agosto,Caminhões,Semi-Pesado,3,VW/MAN/24.260,216,7.92
2022,8,Agosto,Caminhões,Semi-Pesado,4,VW/MAN/17.190,334,7.82
2022,8,Agosto,Caminhões,Semi-Pesado,5,M.BENZ/ATEGO 2426,280,7.4
2022,8,Agosto,Caminhões,Semi-Pesado,6,M.BENZ/ATEGO 1719,220,7.03
2022,8,Agosto,Caminhões,Semi-Pesado,7,VOLVO/VM 330,137,5.11
2022,8,Agosto,Caminhões,Semi-Pesado,8,IVECO/TECTOR 240,143,5.06
2022,8,Agosto,Caminhões,Semi-Pesado,9,VW/MAN/26.280,187,4.61
2022,8,Agosto,Caminhões,Semi-Pesado,10,IVECO/TECTOR 170,270,4.27
2022,8,Agosto,Caminhões,Pesado,1,VOLVO/FH 540,811,13.6
2022,8,Agosto,Caminhões,Pesado,2,DAF/XF,601,10.14
2022,8,Agosto,Caminhões,Pesado,3,VOLVO/FH 460,603,8.79
2022,8,Agosto,Caminhões,Pesado,4,SCANIA/R450,535,6.0
2022,8,Agosto,Caminhões,Pesado,5,M.BENZ/ACTROS 2651,297,5.59
2022,8,Agosto,Caminhões,Pesado,6,SCANIA/R540,391,4.28
2022,8,Agosto,Caminhões,Pesado,7,VW/MAN/29.520,264,3.74
2022,8,Agosto,Caminhões,Pesado,8,VOLVO/VM 330,201,3.1
2022,8,Agosto,Caminhões,Pesado,9,VW/MAN/28.460,138,3.09
2022,8,Agosto,Caminhões,Pesado,10,M.BENZ/AXOR 2544,213,3.05
2022,8,Agosto,Motos,City,1,HONDA/CG 160,32761,69.34
2022,8,Agosto,Motos,City,2,HONDA/CB 250F TWISTER,4108,8.04
2022,8,Agosto,Motos,City,3,YAMAHA/YBR 150,2928,7.08
2022,8,Agosto,Motos,City,4,YAMAHA/FAZER 250,3551,5.9
2022,8,Agosto,Motos,City,5,YAMAHA/YS150 FAZER,1449,4.31
2022,8,Agosto,Motos,City,6,YAMAHA/YBR 125,898,2.43
2022,8,Agosto,Motos,City,7,TVS/SPORT 110I,1317,0.68
2022,8,Agosto,Motos,City,8,HAOJUE/DK150,263,0.4
2022,8,Agosto,Motos,City,9,HAOJUE/DR160,197,0.33
2022,8,Agosto,Motos,City,10,VOLTZ/EVS,85,0.28
2022,8,Agosto,Motos,Custom,1,ROYAL ENFIELD/METEOR,548,50.05
2022,8,Agosto,Motos,Custom,2,ROYAL ENFIELD/INTERCEPTOR,146,12.74
2022,8,Agosto,Motos,Custom,3,KAWASAKI/VULCAN S,100,12.41
2022,8,Agosto,Motos,Custom,4,ROYAL ENFIELD/CONTINENTAL GT,62,5.23
2022,8,Agosto,Motos,Custom,5,H.DAVIDSON/FX FBS,20,3.79
2022,8,Agosto,Motos,Custom,6,H.DAVIDSON/FL FBS,25,3.67
2022,8,Agosto,Motos,Custom,7,H.DAVIDSON/FLHCS,23,1.79
2022,8,Agosto,Motos,Custom,8,H.DAVIDSON/FL SB,5,1.62
2022,8,Agosto,Motos,Custom,9,DUCATI/SCRAMBLER,1,1.22
2022,8,Agosto,Motos,Custom,10,H.DAVIDSON/FX BRS,12,1.12
2022,8,Agosto,Motos,Trail/Fun,1,HONDA/NXR160,12496,53.0
2022,8,Agosto,Motos,Trail/Fun,2,HONDA/XRE 300,2109,11.51
2022,8,Agosto,Motos,Trail/Fun,3,HONDA/XRE 190,2648,9.18
2022,8,Agosto,Motos,Trail/Fun,4,YAMAHA/XTZ 250,2019,8.06
2022,8,Agosto,Motos,Trail/Fun,5,YAMAHA/CROSSER 150,2601,6.6
2022,8,Agosto,Motos,Trail/Fun,6,YAMAHA/XTZ150,223,5.56
2022,8,Agosto,Motos,Trail/Fun,7,SHINERAY/XY 125,819,3.5
2022,8,Agosto,Motos,Trail/Fun,8,DAFRA/NH 190,171,0.96
2022,8,Agosto,Motos,Trail/Fun,9,BMW/G310 GS,142,0.83
2022,8,Agosto,Motos,Trail/Fun,10,KAWASAKI/VERSYS 300,102,0.43
2022,8,Agosto,Motos,Maxtrail,1,BMW/R1250GS,686,22.8
2022,8,Agosto,Motos,Maxtrail,2,TRIUMPH/TIGER 900,271,13.41
2022,8,Agosto,Motos,Maxtrail,3,HONDA/CB 500X,406,12.52
2022,8,Agosto,Motos,Maxtrail,4,ROYAL ENFIELD/HIMALAYAN,291,12.22
2022,8,Agosto,Motos,Maxtrail,5,HONDA/NC 750X,337,10.64
2022,8,Agosto,Motos,Maxtrail,6,BMW/F850 GS,299,10.21
2022,8,Agosto,Motos,Maxtrail,7,HONDA/CRF 1100L,90,4.03
2022,8,Agosto,Motos,Maxtrail,8,TRIUMPH/TIGER 1200,121,3.03
2022,8,Agosto,Motos,Maxtrail,9,SUZUKI/VSTROM650,27,1.85
2022,8,Agosto,Motos,Maxtrail,10,KAWASAKI/VERSYS,2,1.82
2022,8,Agosto,Motos,Naked/Roadster,1,YAMAHA/MT03,852,33.98
2022,8,Agosto,Motos,Naked/Roadster,2,HONDA/CB 650,301,16.88
2022,8,Agosto,Motos,Naked/Roadster,3,HONDA/CB 500,293,11.62
2022,8,Agosto,Motos,Naked/Roadster,4,YAMAHA/MT09,239,7.6
2022,8,Agosto,Motos,Naked/Roadster,5,YAMAHA/MT07,202,6.27
2022,8,Agosto,Motos,Naked/Roadster,6,KAWASAKI/Z900,123,5.77
2022,8,Agosto,Motos,Naked/Roadster,7,KAWASAKI/Z400,117,5.72
2022,8,Agosto,Motos,Naked/Roadster,8,HONDA/CB 1000R,61,2.19
2022,8,Agosto,Motos,Naked/Roadster,9,SUZUKI/GSX-S750,40,1.76
2022,8,Agosto,Motos,Naked/Roadster,10,KAWASAKI/Z650,54,1.68
2022,8,Agosto,Motos,Scooter/Cub,1,HONDA/BIZ,16970,40.06
2022,8,Agosto,Motos,Scooter/Cub,2,HONDA/POP 110I,9905,27.06
2022,8,Agosto,Motos,Scooter/Cub,3,HONDA/PCX 150,2983,8.15
2022,8,Agosto,Motos,Scooter/Cub,4,HONDA/ELITE 125,2566,5.24
2022,8,Agosto,Motos,Scooter/Cub,5,YAMAHA/NMAX,1347,4.24
2022,8,Agosto,Motos,Scooter/Cub,6,HONDA/ADV 150,1055,2.8
2022,8,Agosto,Motos,Scooter/Cub,7,SHINERAY/XY 50,1183,2.75
2022,8,Agosto,Motos,Scooter/Cub,8,YAMAHA/NEO 125,796,2.2
2022,8,Agosto,Motos,Scooter/Cub,9,YAMAHA/FLUO 125,998,1.8
2022,8,Agosto,Motos,Scooter/Cub,10,AVELLOZ/AZ1,676,1.73
2022,8,Agosto,Motos,Sport,1,YAMAHA/YZF R3,172,32.44
2022,8,Agosto,Motos,Sport,2,KAWASAKI/NINJA 400,151,26.45
2022,8,Agosto,Motos,Sport,3,BMW/S1000 R,59,18.4
2022,8,Agosto,Motos,Sport,4,KAWASAKI/NINJA ZX 6,56,10.13
2022,8,Agosto,Motos,Sport,5,KAWASAKI/NINJA 650,19,4.31
2022,8,Agosto,Motos,Sport,6,KAWASAKI/NINJA ZX10,2,3.57
2022,8,Agosto,Motos,Sport,7,DUCATI/PANIGALE V4,10,2.39
2022,8,Agosto,Motos,Sport,8,SUZUKI/GSXR1000,5,0.8
2022,8,Agosto,Motos,Sport,9,SUZUKI/GSX 1300,24,0.71
2022,8,Agosto,Motos,Sport,10,HONDA/CBR 1000RR,0,0.25
2022,8,Agosto,Motos,Touring,1,H.DAVIDSON/FL TRK,23,28.39
2022,8,Agosto,Motos,Touring,2,H.DAVIDSON/FLHTK,13,24.82
2022,8,Agosto,Motos,Touring,3,H.DAVIDSON/FLH RXS,12,12.86
2022,8,Agosto,Motos,Touring,4,H.DAVIDSON/FLHX,9,11.25
2022,8,Agosto,Motos,Touring,5,H.DAVIDSON/FLT,6,11.07
2022,8,Agosto,Motos,Touring,6,BMW/R1250 RT,15,6.79
2022,8,Agosto,Motos,Touring,7,HONDA/GOLDWING,1,2.86
2022,8,Agosto,Motos,Touring,8,H.DAVIDSON/FLTRK,6,1.07
2022,9,Setembro,Autos,Veículos de Entrada,1,VW/GOL,5773,36.82
2022,9,Setembro,Autos,Veículos de Entrada,2,FIAT/MOBI,7476,34.75
2022,9,Setembro,Autos,Veículos de Entrada,3,RENAULT/KWID,5719,27.84
2022,9,Setembro,Autos,Veículos de Entrada,4,FIAT/UNO,7,0.53
2022,9,Setembro,Autos,Veículos de Entrada,5,VW/FUSCA,7,0.03
2022,9,Setembro,Autos,Veículos de Entrada,6,VW/UP,5,0.01
2022,9,Setembro,Autos,Veículos de Entrada,7,TOYOTA/ETIOS HB,0,0
2022,9,Setembro,Autos,Veículos de Entrada,8,CAOA CHERY/QQ,0,0
2022,9,Setembro,Autos,Veículos de Entrada,9,GM/CHEVETTE,1,0
2022,9,Setembro,Autos,Hatch Pequenos,1,HYUNDAI/HB20,8836,29.26
2022,9,Setembro,Autos,Hatch Pequenos,2,GM/ONIX,8078,25.06
2022,9,Setembro,Autos,Hatch Pequenos,3,FIAT/ARGO,7093,17.75
2022,9,Setembro,Autos,Hatch Pequenos,4,PEUGEOT/208,2214,9.48
2022,9,Setembro,Autos,Hatch Pequenos,5,TOYOTA/YARIS HB,2341,7.77
2022,9,Setembro,Autos,Hatch Pequenos,6,HONDA/CITY HATCH,1452,4.92
2022,9,Setembro,Autos,Hatch Pequenos,7,RENAULT/SANDERO,777,3.05
2022,9,Setembro,Autos,Hatch Pequenos,8,VW/POLO,89,1.0
2022,9,Setembro,Autos,Hatch Pequenos,9,CITROEN/C3,1604,0.73
2022,9,Setembro,Autos,Hatch Pequenos,10,CAOA CHERY/ICAR,596,0.3
2022,9,Setembro,Autos,Hatch Pequenos,11,MINI/COOPER,68,0.22
2022,9,Setembro,Autos,Hatch Pequenos,12,JAC/E-JS1,49,0.22
2022,9,Setembro,Autos,Hatch Médios,1,GM/CRUZE HB,98,62.73
2022,9,Setembro,Autos,Hatch Médios,2,NISSAN/LEAF,13,14.72
2022,9,Setembro,Autos,Hatch Médios,3,AUDI/A3,3,8.37
2022,9,Setembro,Autos,Hatch Médios,4,BMW/I3,26,5.42
2022,9,Setembro,Autos,Hatch Médios,5,BMW/118I,16,2.79
2022,9,Setembro,Autos,Hatch Médios,6,M.BENZ/CLASSE A,8,2.46
2022,9,Setembro,Autos,Sedans Pequenos,1,FIAT/CRONOS,3066,33.29
2022,9,Setembro,Autos,Sedans Pequenos,2,VW/VOYAGE,4476,28.6
2022,9,Setembro,Autos,Sedans Pequenos,3,HYUNDAI/HB20S,1599,23.62
2022,9,Setembro,Autos,Sedans Pequenos,4,RENAULT/LOGAN,834,9.33
2022,9,Setembro,Autos,Sedans Pequenos,5,FIAT/SIENA,12,5.12
2022,9,Setembro,Autos,Sedans Pequenos,6,GM/PRISMA,1,0.01
2022,9,Setembro,Autos,Sedans Pequenos,7,FORD/KA SEDAN,1,0.01
2022,9,Setembro,Autos,Sedans Pequenos,8,NISSAN/VERSA,0,0.01
2022,9,Setembro,Autos,Sedans Pequenos,9,TOYOTA/ETIOS SEDAN,0,0.01
2022,9,Setembro,Autos,Sedans Pequenos,10,GM/CLASSIC,0,0
2022,9,Setembro,Autos,Sedans Compactos,1,GM/ONIX PLUS,7781,57.63
2022,9,Setembro,Autos,Sedans Compactos,2,HONDA/CITY,1742,20.6
2022,9,Setembro,Autos,Sedans Compactos,3,TOYOTA/YARIS SEDAN,1360,11.91
2022,9,Setembro,Autos,Sedans Compactos,4,NISSAN/VERSA,196,5.52
2022,9,Setembro,Autos,Sedans Compactos,5,VW/VIRTUS,313,4.28
2022,9,Setembro,Autos,Sedans Compactos,6,GM/COBALT,2,0.03
2022,9,Setembro,Autos,Sedans médios,1,TOYOTA/COROLLA,3360,71.39
2022,9,Setembro,Autos,Sedans médios,2,GM/CRUZE SEDAN,780,17.05
2022,9,Setembro,Autos,Sedans médios,3,HONDA/CIVIC,1,4.49
2022,9,Setembro,Autos,Sedans médios,4,CAOA CHERY/ARRIZO 6,45,2.81
2022,9,Setembro,Autos,Sedans médios,5,VW/JETTA,5,0.94
2022,9,Setembro,Autos,Sedans médios,6,AUDI/A3 SEDAN,29,0.86
2022,9,Setembro,Autos,Sedans médios,7,KIA/CERATO,12,0.68
2022,9,Setembro,Autos,Sedans médios,8,HYUNDAI/IONIQ,238,0.54
2022,9,Setembro,Autos,Sedans médios,9,AUDI/A5,26,0.49
2022,9,Setembro,Autos,Sedans médios,10,BMW/420I,2,0.18
2022,9,Setembro,Autos,Sedans médios,11,M.BENZ/CLA35,2,0.14
2022,9,Setembro,Autos,Sedans médios,12,M.BENZ/CLASSE A,4,0.12
2022,9,Setembro,Autos,Sedans médios,13,M.BENZ/CLA45,9,0.11
2022,9,Setembro,Autos,Sedans médios,14,BMW/218I,13,0.06
2022,9,Setembro,Autos,Sedans médios,15,JAC/E-J7,8,0.06
2022,9,Setembro,Autos,Sedans médios,16,BMW/M440I,0,0.02
2022,9,Setembro,Autos,Sedans médios,17,BMW/M235I,0,0.02
2022,9,Setembro,Autos,Sedans médios,18,CITROEN/C4L,0,0.02
2022,9,Setembro,Autos,Sedans médios,19,M.BENZ/CLASSE C,1,0.01
2022,9,Setembro,Autos,Sedans médios,20,BMW/430I,0,0
2022,9,Setembro,Autos,Sedans médios,21,FORD/FUSION,1,0
2022,9,Setembro,Autos,Sedans Grandes,1,BMW/320I,278,57.99
2022,9,Setembro,Autos,Sedans Grandes,2,M.BENZ/CLASSE C,51,13.16
2022,9,Setembro,Autos,Sedans Grandes,3,BMW/330E,9,8.67
2022,9,Setembro,Autos,Sedans Grandes,4,M.BENZ/CLA250,21,6.67
2022,9,Setembro,Autos,Sedans Grandes,5,PORSCHE/PANAMERA,21,3.35
2022,9,Setembro,Autos,Sedans Grandes,6,AUDI/A4,36,2.46
2022,9,Setembro,Autos,Sedans Grandes,7,BMW/530E,17,1.71
2022,9,Setembro,Autos,Sedans Grandes,8,M.BENZ/CLASSE E,3,0.88
2022,9,Setembro,Autos,Sedans Grandes,9,AUDI/E TRON GT,10,0.82
2022,9,Setembro,Autos,Sedans Grandes,10,BMW/M340I,0,0.53
2022,9,Setembro,Autos,Sedans Grandes,11,TESLA/MODEL S,3,0.46
2022,9,Setembro,Autos,Sedans Grandes,12,AUDI/A6,0,0.38
2022,9,Setembro,Autos,Sw Médios,1,FIAT/PALIO WEEKEND,0,37.5
2022,9,Setembro,Autos,Sw Médios,2,FORD/BELINA,0,25.0
2022,9,Setembro,Autos,Sw Médios,3,VW/SPACE FOX,0,25.0
2022,9,Setembro,Autos,Sw Médios,4,VW/PARATI,0,12.5
2022,9,Setembro,Autos,Sw Grandes,1,AUDI/RS6 AVANT,1,79.17
2022,9,Setembro,Autos,Sw Grandes,2,AUDI/RS4 AVANT,0,16.67
2022,9,Setembro,Autos,Sw Grandes,3,GM/CARAVAN,0,4.17
2022,9,Setembro,Autos,Monocab,1,FIAT/DOBLO,1,57.19
2022,9,Setembro,Autos,Monocab,2,HONDA/FIT,0,41.89
2022,9,Setembro,Autos,Monocab,3,GM/BOLT,3,0.73
2022,9,Setembro,Autos,Monocab,4,FIAT/IDEA,0,0.18
2022,9,Setembro,Autos,Grandcab,1,GM/SPIN,2062,97.35
2022,9,Setembro,Autos,Grandcab,2,KIA/CARNIVAL,25,2.38
2022,9,Setembro,Autos,Grandcab,3,BYD/D1,4,0.11
2022,9,Setembro,Autos,Grandcab,4,CHRYSLER/PACIFICA,0,0.08
2022,9,Setembro,Autos,Sports,1,PORSCHE/911,108,28.44
2022,9,Setembro,Autos,Sports,2,FORD/MUSTANG,5,17.65
2022,9,Setembro,Autos,Sports,3,PORSCHE/TAYCAN,13,14.41
2022,9,Setembro,Autos,Sports,4,BMW/M3,15,7.95
2022,9,Setembro,Autos,Sports,5,PORSCHE/BOXSTER,0,5.24
2022,9,Setembro,Autos,Sports,6,GM/CORVETTE,9,4.4
2022,9,Setembro,Autos,Sports,7,JAGUAR/F-TYPE,13,2.91
2022,9,Setembro,Autos,Sports,8,GM/CAMARO,5,2.84
2022,9,Setembro,Autos,Sports,9,PORSCHE/CAYMAN,0,2.59
2022,9,Setembro,Autos,Suv's,1,VW/T CROSS,5803,9.78
2022,9,Setembro,Autos,Suv's,2,GM/TRACKER,7127,9.46
2022,9,Setembro,Autos,Suv's,3,HYUNDAI/CRETA,5586,9.25
2022,9,Setembro,Autos,Suv's,4,JEEP/COMPASS,5047,9.25
2022,9,Setembro,Autos,Suv's,5,FIAT/PULSE,4398,7.78
2022,9,Setembro,Autos,Suv's,6,JEEP/RENEGADE,3755,7.59
2022,9,Setembro,Autos,Suv's,7,TOYOTA/COROLLA CROSS,2861,6.47
2022,9,Setembro,Autos,Suv's,8,NISSAN/KICKS,3549,6.08
2022,9,Setembro,Autos,Suv's,9,VW/NIVUS,3029,5.27
2022,9,Setembro,Autos,Suv's,10,RENAULT/DUSTER,2506,3.29
2022,9,Setembro,Autos,Suv's,11,JEEP/COMMANDER,2064,3.14
2022,9,Setembro,Autos,Suv's,12,CITROEN/C4 CACTUS,2118,3.14
2022,9,Setembro,Autos,Suv's,13,TOYOTA/HILUX SW4,758,2.01
2022,9,Setembro,Autos,Suv's,14,VW/TAOS,1421,1.64
2022,9,Setembro,Autos,Suv's,15,CAOA CHERY/TIGGO 8,1593,1.61
2022,9,Setembro,Autos,Suv's,16,CAOA CHERY/TIGGO 5X,677,1.48
2022,9,Setembro,Autos,Suv's,17,CAOA CHERY/TIGGO 7,823,1.38
2022,9,Setembro,Autos,Suv's,18,HONDA/HR-V,2956,1.35
2022,9,Setembro,Autos,Suv's,19,PEUGEOT/2008,227,0.91
2022,9,Setembro,Autos,Suv's,20,CAOA CHERY/TIGGO 3X,29,0.72
2022,9,Setembro,Autos,Suv's,21,BMW/X1,346,0.65
2022,9,Setembro,Autos,Suv's,22,RENAULT/CAPTUR,69,0.57
2022,9,Setembro,Autos,Suv's,23,MITSUBISHI/ECLIPSE CROSS,426,0.55
2022,9,Setembro,Autos,Suv's,24,GM/TRAILBLAZER,717,0.45
2022,9,Setembro,Autos,Suv's,25,HYUNDAI/TUCSON,3,0.44
2022,9,Setembro,Autos,Suv's,26,MITSUBISHI/PAJERO,42,0.28
2022,9,Setembro,Autos,Suv's,27,VOLVO/XC60,216,0.28
2022,9,Setembro,Autos,Suv's,28,AUDI/Q5,241,0.24
2022,9,Setembro,Autos,Suv's,29,LAND ROVER/DISCOVERY,153,0.24
2022,9,Setembro,Autos,Suv's,30,FORD/BRONCO,91,0.24
2022,9,Setembro,Autos,Suv's,31,VOLVO/XC40,145,0.22
2022,9,Setembro,Autos,Suv's,32,MITSUBISHI/OUTLANDER,15,0.22
2022,9,Setembro,Autos,Suv's,33,BMW/X3,46,0.21
2022,9,Setembro,Autos,Suv's,34,BMW/X5,97,0.19
2022,9,Setembro,Autos,Suv's,35,AUDI/Q3,279,0.19
2022,9,Setembro,Autos,Suv's,36,GM/EQUINOX,217,0.17
2022,9,Setembro,Autos,Suv's,37,PORSCHE/MACAN,96,0.17
2022,9,Setembro,Autos,Suv's,38,TOYOTA/RAV4,124,0.17
2022,9,Setembro,Autos,Suv's,39,FORD/TERRITORY,85,0.16
2022,9,Setembro,Autos,Suv's,40,BMW/X4,79,0.16
2022,9,Setembro,Com. Leves,Pick-up's Pequenas,1,FIAT/STRADA,9894,86.86
2022,9,Setembro,Com. Leves,Pick-up's Pequenas,2,VW/SAVEIRO,4608,13.11
2022,9,Setembro,Com. Leves,Pick-up's Pequenas,3,GM/MONTANA,1,0.02
2022,9,Setembro,Com. Leves,Pick-up's Pequenas,4,PEUGEOT/PARTNER,0,0.01
2022,9,Setembro,Com. Leves,Pick-up's Pequenas,5,FORD/PAMPA,0,0
2022,9,Setembro,Com. Leves,Pick-up's Pequenas,6,FIAT/CITY,0,0
2022,9,Setembro,Com. Leves,Pick-up's Grandes,1,FIAT/TORO,4335,28.27
2022,9,Setembro,Com. Leves,Pick-up's Grandes,2,TOYOTA/HILUX,4163,24.62
2022,9,Setembro,Com. Leves,Pick-up's Grandes,3,GM/S10,2408,15.09
2022,9,Setembro,Com. Leves,Pick-up's Grandes,4,MITSUBISHI/L200,1429,8.56
2022,9,Setembro,Com. Leves,Pick-up's Grandes,5,FORD/RANGER,1328,7.3
2022,9,Setembro,Com. Leves,Pick-up's Grandes,6,RENAULT/OROCH,1641,5.81
2022,9,Setembro,Com. Leves,Pick-up's Grandes,7,NISSAN/FRONTIER,674,4.38
2022,9,Setembro,Com. Leves,Pick-up's Grandes,8,VW/AMAROK,621,2.85
2022,9,Setembro,Com. Leves,Pick-up's Grandes,9,RAM/3500,441,0.86
2022,9,Setembro,Com. Leves,Pick-up's Grandes,10,FORD/MAVERICK,5,0.84
2022,9,Setembro,Com. Leves,Pick-up's Grandes,11,RAM/2500,89,0.62
2022,9,Setembro,Com. Leves,Furgões,1,RENAULT/MASTER,1187,30.7
2022,9,Setembro,Com. Leves,Furgões,2,PEUGEOT/EXPERT,298,11.74
2022,9,Setembro,Com. Leves,Furgões,3,CITROEN/JUMPY,255,9.27
2022,9,Setembro,Com. Leves,Furgões,4,KIA/K2500,247,7.81
2022,9,Setembro,Com. Leves,Furgões,5,FIAT/DUCATO,30,7.31
2022,9,Setembro,Com. Leves,Furgões,6,VW/MAN/EXPRESS,178,7.01
2022,9,Setembro,Com. Leves,Furgões,7,IVECO/DAILY 35-150,23,5.65
2022,9,Setembro,Com. Leves,Furgões Pequenos,1,FIAT/FIORINO,1903,88.03
2022,9,Setembro,Com. Leves,Furgões Pequenos,2,PEUGEOT/PARTNER,218,8.97
2022,9,Setembro,Com. Leves,Furgões Pequenos,3,RENAULT/KANGOO,0,2.36
2022,9,Setembro,Com. Leves,Furgões Pequenos,4,FIAT/STRADA,14,0.32
2022,9,Setembro,Caminhões,Semi-Leve,1,M.BENZ/SPRINTER 416,224,40.19
2022,9,Setembro,Caminhões,Semi-Leve,2,M.BENZ/SPRINTER 516,73,15.56
2022,9,Setembro,Caminhões,Semi-Leve,3,IVECO/DAILY 65-170,58,11.81
2022,9,Setembro,Caminhões,Semi-Leve,4,IVECO/DAILY 45-170,76,11.35
2022,9,Setembro,Caminhões,Semi-Leve,5,VW/MAN/6.160,32,8.51
2022,9,Setembro,Caminhões,Semi-Leve,6,IVECO/DAILY 55-170,3,6.31
2022,9,Setembro,Caminhões,Semi-Leve,7,M.BENZ/SPRINTER,19,3.43
2022,9,Setembro,Caminhões,Semi-Leve,8,VW/MAN/4.160,7,1.01
2022,9,Setembro,Caminhões,Semi-Leve,9,JAC/IEV350T,4,0.74
2022,9,Setembro,Caminhões,Semi-Leve,10,IVECO/DAILY 50-170,3,0.48
2022,9,Setembro,Caminhões,Leve,1,M.BENZ/ACCELO 1016,267,33.16
2022,9,Setembro,Caminhões,Leve,2,VW/MAN/9.170,370,32.77
2022,9,Setembro,Caminhões,Leve,3,M.BENZ/ACCELO 815,189,19.71
2022,9,Setembro,Caminhões,Leve,4,IVECO/TECTOR 9-190,37,4.82
2022,9,Setembro,Caminhões,Leve,5,JAC/IEV1200T,18,4.1
2022,9,Setembro,Caminhões,Leve,6,HYUNDAI/HD 80,18,2.37
2022,9,Setembro,Caminhões,Leve,7,M.BENZ/ACCELO 915,5,0.96
2022,9,Setembro,Caminhões,Leve,8,IVECO/DAILY 70C17,3,0.51
2022,9,Setembro,Caminhões,Leve,9,AGRALE/A8700,3,0.42
2022,9,Setembro,Caminhões,Leve,10,VW/MAN/9.160,0,0.41
2022,9,Setembro,Caminhões,Médio,1,VW/MAN/11.180,475,53.65
2022,9,Setembro,Caminhões,Médio,2,VW/MAN/14.190,6,11.7
2022,9,Setembro,Caminhões,Médio,3,IVECO/TECTOR 11-190,102,11.02
2022,9,Setembro,Caminhões,Médio,4,M.BENZ/ATEGO 1419,52,8.9
2022,9,Setembro,Caminhões,Médio,5,VW/MAN/13.180,39,6.67
2022,9,Setembro,Caminhões,Médio,6,M.BENZ/ACCELO 1316,31,4.69
2022,9,Setembro,Caminhões,Médio,7,VW/MAN/E-DELIVERY,0,1.55
2022,9,Setembro,Caminhões,Médio,8,M.BENZ/1418,6,0.76
2022,9,Setembro,Caminhões,Médio,9,FOTON/AUMARK S 11T,3,0.46
2022,9,Setembro,Caminhões,Médio,10,AGRALE/14000,0,0.13
2022,9,Setembro,Caminhões,Semi-Pesado,1,VOLVO/VM 270,394,13.3
2022,9,Setembro,Caminhões,Semi-Pesado,2,VW/MAN/24.280,291,8.92
2022,9,Setembro,Caminhões,Semi-Pesado,3,VW/MAN/17.190,231,7.86
2022,9,Setembro,Caminhões,Semi-Pesado,4,VW/MAN/24.260,191,7.8
2022,9,Setembro,Caminhões,Semi-Pesado,5,M.BENZ/ATEGO 2426,242,7.54
2022,9,Setembro,Caminhões,Semi-Pesado,6,M.BENZ/ATEGO 1719,197,7.03
2022,9,Setembro,Caminhões,Semi-Pesado,7,IVECO/TECTOR 240,136,5.04
2022,9,Setembro,Caminhões,Semi-Pesado,8,VOLVO/VM 330,120,5.02
2022,9,Setembro,Caminhões,Semi-Pesado,9,VW/MAN/26.280,124,4.59
2022,9,Setembro,Caminhões,Semi-Pesado,10,IVECO/TECTOR 170,98,4.18
2022,9,Setembro,Caminhões,Pesado,1,VOLVO/FH 540,777,13.5
2022,9,Setembro,Caminhões,Pesado,2,DAF/XF,592,10.09
2022,9,Setembro,Caminhões,Pesado,3,VOLVO/FH 460,482,8.67
2022,9,Setembro,Caminhões,Pesado,4,SCANIA/R450,771,6.9
2022,9,Setembro,Caminhões,Pesado,5,M.BENZ/ACTROS 2651,276,5.45
2022,9,Setembro,Caminhões,Pesado,6,SCANIA/R540,410,4.61
2022,9,Setembro,Caminhões,Pesado,7,VW/MAN/29.520,209,3.71
2022,9,Setembro,Caminhões,Pesado,8,M.BENZ/AXOR 2544,188,3.05
2022,9,Setembro,Caminhões,Pesado,9,VOLVO/VM 330,129,2.97
2022,9,Setembro,Caminhões,Pesado,10,VW/MAN/28.460,117,2.93
2022,9,Setembro,Motos,City,1,HONDA/CG 160,35515,69.4
2022,9,Setembro,Motos,City,2,HONDA/CB 250F TWISTER,3851,7.98
2022,9,Setembro,Motos,City,3,YAMAHA/YBR 150,2712,6.86
2022,9,Setembro,Motos,City,4,YAMAHA/FAZER 250,3246,5.96
2022,9,Setembro,Motos,City,5,YAMAHA/YS150 FAZER,1580,4.16
2022,9,Setembro,Motos,City,6,YAMAHA/YBR 125,1089,2.39
2022,9,Setembro,Motos,City,7,TVS/SPORT 110I,1226,0.9
2022,9,Setembro,Motos,City,8,HAOJUE/DK150,200,0.4
2022,9,Setembro,Motos,City,9,HAOJUE/DR160,198,0.34
2022,9,Setembro,Motos,City,10,HAOJUE/CHOPPER,94,0.26
2022,9,Setembro,Motos,Custom,1,ROYAL ENFIELD/METEOR,443,49.01
2022,9,Setembro,Motos,Custom,2,ROYAL ENFIELD/INTERCEPTOR,119,12.55
2022,9,Setembro,Motos,Custom,3,KAWASAKI/VULCAN S,75,11.7
2022,9,Setembro,Motos,Custom,4,ROYAL ENFIELD/CONTINENTAL GT,46,5.12
2022,9,Setembro,Motos,Custom,5,H.DAVIDSON/FL FBS,27,3.52
2022,9,Setembro,Motos,Custom,6,H.DAVIDSON/FX FBS,16,3.48
2022,9,Setembro,Motos,Custom,7,ROYAL ENFIELD/CLASSIC 350,167,2.23
2022,9,Setembro,Motos,Custom,8,H.DAVIDSON/FLHCS,12,1.7
2022,9,Setembro,Motos,Custom,9,H.DAVIDSON/FL SB,4,1.45
2022,9,Setembro,Motos,Custom,10,H.DAVIDSON/RA1250,82,1.33
2022,9,Setembro,Motos,Trail/Fun,1,HONDA/NXR160,14143,53.45
2022,9,Setembro,Motos,Trail/Fun,2,HONDA/XRE 300,2496,11.31
2022,9,Setembro,Motos,Trail/Fun,3,HONDA/XRE 190,2190,9.12
2022,9,Setembro,Motos,Trail/Fun,4,YAMAHA/XTZ 250,3217,8.68
2022,9,Setembro,Motos,Trail/Fun,5,YAMAHA/CROSSER 150,1728,6.64
2022,9,Setembro,Motos,Trail/Fun,6,YAMAHA/XTZ150,9,4.89
2022,9,Setembro,Motos,Trail/Fun,7,SHINERAY/XY 125,657,3.39
2022,9,Setembro,Motos,Trail/Fun,8,DAFRA/NH 190,111,0.89
2022,9,Setembro,Motos,Trail/Fun,9,BMW/G310 GS,214,0.83
2022,9,Setembro,Motos,Trail/Fun,10,KAWASAKI/VERSYS 300,108,0.43
2022,9,Setembro,Motos,Maxtrail,1,BMW/R1250GS,487,22.67
2022,9,Setembro,Motos,Maxtrail,2,HONDA/CB 500X,367,12.98
2022,9,Setembro,Motos,Maxtrail,3,TRIUMPH/TIGER 900,182,12.78
2022,9,Setembro,Motos,Maxtrail,4,ROYAL ENFIELD/HIMALAYAN,190,11.77
2022,9,Setembro,Motos,Maxtrail,5,HONDA/NC 750X,272,10.81
2022,9,Setembro,Motos,Maxtrail,6,BMW/F850 GS,270,10.42
2022,9,Setembro,Motos,Maxtrail,7,HONDA/CRF 1100L,68,3.91
2022,9,Setembro,Motos,Maxtrail,8,TRIUMPH/TIGER 1200,151,3.47
2022,9,Setembro,Motos,Maxtrail,9,BMW/F750 GS,58,1.83
2022,9,Setembro,Motos,Maxtrail,10,SUZUKI/VSTROM650,13,1.7
2022,9,Setembro,Motos,Naked/Roadster,1,YAMAHA/MT03,683,33.83
2022,9,Setembro,Motos,Naked/Roadster,2,HONDA/CB 650,210,16.07
2022,9,Setembro,Motos,Naked/Roadster,3,HONDA/CB 500,248,11.65
2022,9,Setembro,Motos,Naked/Roadster,4,YAMAHA/MT09,205,7.86
2022,9,Setembro,Motos,Naked/Roadster,5,YAMAHA/MT07,195,6.64
2022,9,Setembro,Motos,Naked/Roadster,6,KAWASAKI/Z900,126,5.8
2022,9,Setembro,Motos,Naked/Roadster,7,KAWASAKI/Z400,93,5.57
2022,9,Setembro,Motos,Naked/Roadster,8,HONDA/CB 1000R,65,2.3
2022,9,Setembro,Motos,Naked/Roadster,9,SUZUKI/GSX-S750,5,1.87
2022,9,Setembro,Motos,Naked/Roadster,10,KAWASAKI/Z650,50,1.77
2022,9,Setembro,Motos,Scooter/Cub,1,HONDA/BIZ,18599,40.62
2022,9,Setembro,Motos,Scooter/Cub,2,HONDA/POP 110I,11042,27.0
2022,9,Setembro,Motos,Scooter/Cub,3,HONDA/PCX 150,2816,7.98
2022,9,Setembro,Motos,Scooter/Cub,4,HONDA/ELITE 125,2039,5.2
2022,9,Setembro,Motos,Scooter/Cub,5,YAMAHA/NMAX,1155,4.06
2022,9,Setembro,Motos,Scooter/Cub,6,HONDA/ADV 150,1142,2.79
2022,9,Setembro,Motos,Scooter/Cub,7,SHINERAY/XY 50,1052,2.72
2022,9,Setembro,Motos,Scooter/Cub,8,YAMAHA/NEO 125,899,2.2
2022,9,Setembro,Motos,Scooter/Cub,9,YAMAHA/FLUO 125,708,1.79
2022,9,Setembro,Motos,Scooter/Cub,10,AVELLOZ/AZ1,583,1.69
2022,9,Setembro,Motos,Sport,1,YAMAHA/YZF R3,122,31.92
2022,9,Setembro,Motos,Sport,2,KAWASAKI/NINJA 400,110,26.29
2022,9,Setembro,Motos,Sport,3,BMW/S1000 R,9,18.84
2022,9,Setembro,Motos,Sport,4,KAWASAKI/NINJA ZX 6,36,9.92
2022,9,Setembro,Motos,Sport,5,KAWASAKI/NINJA 650,13,4.16
2022,9,Setembro,Motos,Sport,6,KAWASAKI/NINJA ZX10,9,3.41
2022,9,Setembro,Motos,Sport,7,DUCATI/PANIGALE V4,10,2.38
2022,9,Setembro,Motos,Sport,8,SUZUKI/GSX 1300,34,1.47
2022,9,Setembro,Motos,Sport,9,SUZUKI/GSXR1000,4,0.81
2022,9,Setembro,Motos,Sport,10,HONDA/CBR 1000RR,0,0.22
2022,9,Setembro,Motos,Touring,1,H.DAVIDSON/FL TRK,23,28.17
2022,9,Setembro,Motos,Touring,2,H.DAVIDSON/FLHTK,24,25.23
2022,9,Setembro,Motos,Touring,3,H.DAVIDSON/FLH RXS,9,12.54
2022,9,Setembro,Motos,Touring,4,H.DAVIDSON/FLHX,13,11.76
2022,9,Setembro,Motos,Touring,5,H.DAVIDSON/FLT,7,10.68
2022,9,Setembro,Motos,Touring,6,BMW/R1250 RT,4,6.5
2022,9,Setembro,Motos,Touring,7,HONDA/GOLDWING,0,2.48
2022,9,Setembro,Motos,Touring,8,H.DAVIDSON/FLTRK,6,1.86
2022,10,Outubro,Autos,Veículos de Entrada,1,FIAT/MOBI,6741,35.51
2022,10,Outubro,Autos,Veículos de Entrada,2,VW/GOL,3099,35.1
2022,10,Outubro,Autos,Veículos de Entrada,3,RENAULT/KWID,6041,28.85
2022,10,Outubro,Autos,Veículos de Entrada,4,FIAT/UNO,10,0.48
2022,10,Outubro,Autos,Veículos de Entrada,5,VW/FUSCA,6,0.03
2022,10,Outubro,Autos,Veículos de Entrada,6,VW/UP,0,0.01
2022,10,Outubro,Autos,Veículos de Entrada,7,TOYOTA/ETIOS HB,0,0
2022,10,Outubro,Autos,Veículos de Entrada,8,CAOA CHERY/QQ,0,0
2022,10,Outubro,Autos,Veículos de Entrada,9,GM/CHEVETTE,0,0
2022,10,Outubro,Autos,Hatch Pequenos,1,HYUNDAI/HB20,9084,29.12
2022,10,Outubro,Autos,Hatch Pequenos,2,GM/ONIX,7768,24.93
2022,10,Outubro,Autos,Hatch Pequenos,3,FIAT/ARGO,6628,18.07
2022,10,Outubro,Autos,Hatch Pequenos,4,PEUGEOT/208,1232,8.81
2022,10,Outubro,Autos,Hatch Pequenos,5,TOYOTA/YARIS HB,2254,7.67
2022,10,Outubro,Autos,Hatch Pequenos,6,HONDA/CITY HATCH,1322,4.83
2022,10,Outubro,Autos,Hatch Pequenos,7,RENAULT/SANDERO,588,2.91
2022,10,Outubro,Autos,Hatch Pequenos,8,CITROEN/C3,2620,1.6
2022,10,Outubro,Autos,Hatch Pequenos,9,VW/POLO,740,1.15
2022,10,Outubro,Autos,Hatch Pequenos,10,CAOA CHERY/ICAR,41,0.28
2022,10,Outubro,Autos,Hatch Pequenos,11,MINI/COOPER,57,0.21
2022,10,Outubro,Autos,Hatch Pequenos,12,JAC/E-JS1,27,0.2
2022,10,Outubro,Autos,Hatch Médios,1,GM/CRUZE HB,107,63.12
2022,10,Outubro,Autos,Hatch Médios,2,NISSAN/LEAF,9,14.01
2022,10,Outubro,Autos,Hatch Médios,3,AUDI/A3,1,7.76
2022,10,Outubro,Autos,Hatch Médios,4,BMW/I3,1,5.54
2022,10,Outubro,Autos,Hatch Médios,5,BMW/118I,18,3.48
2022,10,Outubro,Autos,Hatch Médios,6,M.BENZ/CLASSE A,6,2.57
2022,10,Outubro,Autos,Sedans Pequenos,1,FIAT/CRONOS,3716,33.42
2022,10,Outubro,Autos,Sedans Pequenos,2,VW/VOYAGE,4229,29.85
2022,10,Outubro,Autos,Sedans Pequenos,3,HYUNDAI/HB20S,2155,23.19
2022,10,Outubro,Autos,Sedans Pequenos,4,RENAULT/LOGAN,689,8.98
2022,10,Outubro,Autos,Sedans Pequenos,5,FIAT/SIENA,7,4.53
2022,10,Outubro,Autos,Sedans Pequenos,6,GM/PRISMA,0,0.01
2022,10,Outubro,Autos,Sedans Pequenos,7,FORD/KA SEDAN,0,0.01
2022,10,Outubro,Autos,Sedans Pequenos,8,TOYOTA/ETIOS SEDAN,1,0.01
2022,10,Outubro,Autos,Sedans Pequenos,9,NISSAN/VERSA,0,0.01
2022,10,Outubro,Autos,Sedans Pequenos,10,GM/CLASSIC,0,0
2022,10,Outubro,Autos,Sedans Compactos,1,GM/ONIX PLUS,7354,58.99
2022,10,Outubro,Autos,Sedans Compactos,2,HONDA/CITY,1137,19.6
2022,10,Outubro,Autos,Sedans Compactos,3,TOYOTA/YARIS SEDAN,1456,12.12
2022,10,Outubro,Autos,Sedans Compactos,4,NISSAN/VERSA,7,5.03
2022,10,Outubro,Autos,Sedans Compactos,5,VW/VIRTUS,382,4.22
2022,10,Outubro,Autos,Sedans Compactos,6,GM/COBALT,0,0.02
2022,10,Outubro,Autos,Sedans médios,1,TOYOTA/COROLLA,3286,72.48
2022,10,Outubro,Autos,Sedans médios,2,GM/CRUZE SEDAN,413,16.54
2022,10,Outubro,Autos,Sedans médios,3,HONDA/CIVIC,2,4.13
2022,10,Outubro,Autos,Sedans médios,4,CAOA CHERY/ARRIZO 6,31,2.65
2022,10,Outubro,Autos,Sedans médios,5,VW/JETTA,37,0.94
2022,10,Outubro,Autos,Sedans médios,6,AUDI/A3 SEDAN,10,0.81
2022,10,Outubro,Autos,Sedans médios,7,KIA/CERATO,14,0.66
2022,10,Outubro,Autos,Sedans médios,8,AUDI/A5,25,0.5
2022,10,Outubro,Autos,Sedans médios,9,HYUNDAI/IONIQ,2,0.5
2022,10,Outubro,Autos,Sedans médios,10,BMW/420I,12,0.19
2022,10,Outubro,Autos,Sedans médios,11,M.BENZ/CLA35,10,0.15
2022,10,Outubro,Autos,Sedans médios,12,M.BENZ/CLASSE A,2,0.11
2022,10,Outubro,Autos,Sedans médios,13,M.BENZ/CLA45,2,0.11
2022,10,Outubro,Autos,Sedans médios,14,BMW/218I,10,0.08
2022,10,Outubro,Autos,Sedans médios,15,JAC/E-J7,9,0.08
2022,10,Outubro,Autos,Sedans médios,16,BMW/M440I,0,0.02
2022,10,Outubro,Autos,Sedans médios,17,BMW/M235I,0,0.01
2022,10,Outubro,Autos,Sedans médios,18,CITROEN/C4L,0,0.01
2022,10,Outubro,Autos,Sedans médios,19,M.BENZ/CLASSE C,0,0.01
2022,10,Outubro,Autos,Sedans médios,20,BMW/430I,0,0
2022,10,Outubro,Autos,Sedans médios,21,FORD/FUSION,0,0
2022,10,Outubro,Autos,Sedans Grandes,1,BMW/320I,454,57.82
2022,10,Outubro,Autos,Sedans Grandes,2,M.BENZ/CLASSE C,198,14.69
2022,10,Outubro,Autos,Sedans Grandes,3,BMW/330E,62,8.54
2022,10,Outubro,Autos,Sedans Grandes,4,M.BENZ/CLA250,18,6.08
2022,10,Outubro,Autos,Sedans Grandes,5,PORSCHE/PANAMERA,13,3.12
2022,10,Outubro,Autos,Sedans Grandes,6,AUDI/A4,26,2.56
2022,10,Outubro,Autos,Sedans Grandes,7,BMW/530E,7,1.6
2022,10,Outubro,Autos,Sedans Grandes,8,M.BENZ/CLASSE E,7,0.88
2022,10,Outubro,Autos,Sedans Grandes,9,AUDI/E TRON GT,2,0.74
2022,10,Outubro,Autos,Sedans Grandes,10,BMW/M340I,0,0.46
2022,10,Outubro,Autos,Sedans Grandes,11,TESLA/MODEL S,1,0.41
2022,10,Outubro,Autos,Sedans Grandes,12,LEXUS/ES300,3,0.35
2022,10,Outubro,Autos,Sw Médios,1,FIAT/PALIO WEEKEND,0,37.5
2022,10,Outubro,Autos,Sw Médios,2,FORD/BELINA,0,25.0
2022,10,Outubro,Autos,Sw Médios,3,VW/SPACE FOX,0,25.0
2022,10,Outubro,Autos,Sw Médios,4,VW/PARATI,0,12.5
2022,10,Outubro,Autos,Sw Grandes,1,AUDI/RS6 AVANT,6,83.33
2022,10,Outubro,Autos,Sw Grandes,2,AUDI/RS4 AVANT,0,13.33
2022,10,Outubro,Autos,Sw Grandes,3,GM/CARAVAN,0,3.33
2022,10,Outubro,Autos,Monocab,1,FIAT/DOBLO,0,56.68
2022,10,Outubro,Autos,Monocab,2,HONDA/FIT,1,41.7
2022,10,Outubro,Autos,Monocab,3,GM/BOLT,4,1.44
2022,10,Outubro,Autos,Monocab,4,FIAT/IDEA,0,0.18
2022,10,Outubro,Autos,Grandcab,1,GM/SPIN,1736,97.49
2022,10,Outubro,Autos,Grandcab,2,KIA/CARNIVAL,24,2.25
2022,10,Outubro,Autos,Grandcab,3,BYD/D1,0,0.09
2022,10,Outubro,Autos,Grandcab,4,CHRYSLER/PACIFICA,2,0.09
2022,10,Outubro,Autos,Sports,1,PORSCHE/911,76,30.03
2022,10,Outubro,Autos,Sports,2,FORD/MUSTANG,30,17.64
2022,10,Outubro,Autos,Sports,3,PORSCHE/TAYCAN,3,13.15
2022,10,Outubro,Autos,Sports,4,BMW/M3,17,8.15
2022,10,Outubro,Autos,Sports,5,PORSCHE/BOXSTER,1,4.77
2022,10,Outubro,Autos,Sports,6,GM/CORVETTE,5,4.25
2022,10,Outubro,Autos,Sports,7,JAGUAR/F-TYPE,10,3.2
2022,10,Outubro,Autos,Sports,8,GM/CAMARO,5,2.85
2022,10,Outubro,Autos,Sports,9,PORSCHE/CAYMAN,0,2.33
2022,10,Outubro,Autos,Suv's,1,GM/TRACKER,8496,9.95
2022,10,Outubro,Autos,Suv's,2,VW/T CROSS,5590,9.72
2022,10,Outubro,Autos,Suv's,3,JEEP/COMPASS,5307,9.19
2022,10,Outubro,Autos,Suv's,4,HYUNDAI/CRETA,5048,9.15
2022,10,Outubro,Autos,Suv's,5,FIAT/PULSE,4311,7.71
2022,10,Outubro,Autos,Suv's,6,JEEP/RENEGADE,3957,7.47
2022,10,Outubro,Autos,Suv's,7,TOYOTA/COROLLA CROSS,3225,6.34
2022,10,Outubro,Autos,Suv's,8,NISSAN/KICKS,2604,5.89
2022,10,Outubro,Autos,Suv's,9,VW/NIVUS,3772,5.37
2022,10,Outubro,Autos,Suv's,10,RENAULT/DUSTER,1913,3.27
2022,10,Outubro,Autos,Suv's,11,JEEP/COMMANDER,2112,3.18
2022,10,Outubro,Autos,Suv's,12,CITROEN/C4 CACTUS,1171,3.0
2022,10,Outubro,Autos,Suv's,13,TOYOTA/HILUX SW4,869,1.95
2022,10,Outubro,Autos,Suv's,14,HONDA/HR-V,2603,1.67
2022,10,Outubro,Autos,Suv's,15,VW/TAOS,989,1.64
2022,10,Outubro,Autos,Suv's,16,CAOA CHERY/TIGGO 8,978,1.61
2022,10,Outubro,Autos,Suv's,17,CAOA CHERY/TIGGO 5X,456,1.4
2022,10,Outubro,Autos,Suv's,18,CAOA CHERY/TIGGO 7,482,1.32
2022,10,Outubro,Autos,Suv's,19,PEUGEOT/2008,225,0.85
2022,10,Outubro,Autos,Suv's,20,CAOA CHERY/TIGGO 3X,17,0.64
2022,10,Outubro,Autos,Suv's,21,BMW/X1,161,0.61
2022,10,Outubro,Autos,Suv's,22,FIAT/FASTBACK,2843,0.59
2022,10,Outubro,Autos,Suv's,23,MITSUBISHI/ECLIPSE CROSS,264,0.53
2022,10,Outubro,Autos,Suv's,24,RENAULT/CAPTUR,58,0.52
2022,10,Outubro,Autos,Suv's,25,GM/TRAILBLAZER,349,0.46
2022,10,Outubro,Autos,Suv's,26,HYUNDAI/TUCSON,2,0.4
2022,10,Outubro,Autos,Suv's,27,VOLVO/XC60,7,0.26
2022,10,Outubro,Autos,Suv's,28,MITSUBISHI/PAJERO,37,0.26
2022,10,Outubro,Autos,Suv's,29,VOLVO/XC40,264,0.24
2022,10,Outubro,Autos,Suv's,30,FORD/BRONCO,175,0.24
2022,10,Outubro,Autos,Suv's,31,LAND ROVER/DISCOVERY,108,0.23
2022,10,Outubro,Autos,Suv's,32,AUDI/Q5,64,0.23
2022,10,Outubro,Autos,Suv's,33,AUDI/Q3,224,0.21
2022,10,Outubro,Autos,Suv's,34,GM/EQUINOX,289,0.2
2022,10,Outubro,Autos,Suv's,35,MITSUBISHI/OUTLANDER,8,0.19
2022,10,Outubro,Autos,Suv's,36,BMW/X3,13,0.19
2022,10,Outubro,Autos,Suv's,37,BMW/X5,19,0.17
2022,10,Outubro,Autos,Suv's,38,PORSCHE/MACAN,93,0.17
2022,10,Outubro,Autos,Suv's,39,FORD/TERRITORY,79,0.16
2022,10,Outubro,Autos,Suv's,40,TOYOTA/RAV4,46,0.16
2022,10,Outubro,Com. Leves,Pick-up's Pequenas,1,FIAT/STRADA,8041,84.34
2022,10,Outubro,Com. Leves,Pick-up's Pequenas,2,VW/SAVEIRO,4447,15.63
2022,10,Outubro,Com. Leves,Pick-up's Pequenas,3,GM/MONTANA,0,0.01
2022,10,Outubro,Com. Leves,Pick-up's Pequenas,4,PEUGEOT/PARTNER,0,0.01
2022,10,Outubro,Com. Leves,Pick-up's Pequenas,5,FORD/PAMPA,0,0
2022,10,Outubro,Com. Leves,Pick-up's Pequenas,6,FIAT/CITY,0,0
2022,10,Outubro,Com. Leves,Pick-up's Grandes,1,FIAT/TORO,2980,27.52
2022,10,Outubro,Com. Leves,Pick-up's Grandes,2,TOYOTA/HILUX,4203,25.03
2022,10,Outubro,Com. Leves,Pick-up's Grandes,3,GM/S10,1625,14.72
2022,10,Outubro,Com. Leves,Pick-up's Grandes,4,MITSUBISHI/L200,1242,8.55
2022,10,Outubro,Com. Leves,Pick-up's Grandes,5,FORD/RANGER,1403,7.52
2022,10,Outubro,Com. Leves,Pick-up's Grandes,6,RENAULT/OROCH,1443,6.2
2022,10,Outubro,Com. Leves,Pick-up's Grandes,7,NISSAN/FRONTIER,602,4.36
2022,10,Outubro,Com. Leves,Pick-up's Grandes,8,VW/AMAROK,432,2.86
2022,10,Outubro,Com. Leves,Pick-up's Grandes,9,RAM/3500,267,0.95
2022,10,Outubro,Com. Leves,Pick-up's Grandes,10,FORD/MAVERICK,40,0.78
2022,10,Outubro,Com. Leves,Pick-up's Grandes,11,RAM/1500,205,0.63
2022,10,Outubro,Com. Leves,Furgões,1,RENAULT/MASTER,745,30.83
2022,10,Outubro,Com. Leves,Furgões,2,PEUGEOT/EXPERT,314,11.9
2022,10,Outubro,Com. Leves,Furgões,3,CITROEN/JUMPY,129,8.95
2022,10,Outubro,Com. Leves,Furgões,4,KIA/K2500,257,8.09
2022,10,Outubro,Com. Leves,Furgões,5,VW/MAN/EXPRESS,125,6.87
2022,10,Outubro,Com. Leves,Furgões,6,FIAT/DUCATO,15,6.74
2022,10,Outubro,Com. Leves,Furgões,7,IVECO/DAILY 35-150,4,5.19
2022,10,Outubro,Com. Leves,Furgões Pequenos,1,FIAT/FIORINO,1905,88.25
2022,10,Outubro,Com. Leves,Furgões Pequenos,2,PEUGEOT/PARTNER,205,9.05
2022,10,Outubro,Com. Leves,Furgões Pequenos,3,RENAULT/KANGOO,0,2.1
2022,10,Outubro,Com. Leves,Furgões Pequenos,4,FIAT/STRADA,5,0.31
2022,10,Outubro,Caminhões,Semi-Leve,1,M.BENZ/SPRINTER 416,168,39.54
2022,10,Outubro,Caminhões,Semi-Leve,2,M.BENZ/SPRINTER 516,7,15.55
2022,10,Outubro,Caminhões,Semi-Leve,3,IVECO/DAILY 45-170,6,11.53
2022,10,Outubro,Caminhões,Semi-Leve,4,IVECO/DAILY 65-170,27,11.21
2022,10,Outubro,Caminhões,Semi-Leve,5,VW/MAN/6.160,75,9.13
2022,10,Outubro,Caminhões,Semi-Leve,6,IVECO/DAILY 55-170,39,6.45
2022,10,Outubro,Caminhões,Semi-Leve,7,M.BENZ/SPRINTER,20,3.48
2022,10,Outubro,Caminhões,Semi-Leve,8,VW/MAN/4.160,19,1.27
2022,10,Outubro,Caminhões,Semi-Leve,9,JAC/IEV350T,0,0.67
2022,10,Outubro,Caminhões,Semi-Leve,10,IVECO/DAILY 50-170,2,0.48
2022,10,Outubro,Caminhões,Leve,1,M.BENZ/ACCELO 1016,235,33.11
2022,10,Outubro,Caminhões,Leve,2,VW/MAN/9.170,190,32.23
2022,10,Outubro,Caminhões,Leve,3,M.BENZ/ACCELO 815,163,19.95
2022,10,Outubro,Caminhões,Leve,4,IVECO/TECTOR 9-190,26,4.73
2022,10,Outubro,Caminhões,Leve,5,JAC/IEV1200T,75,4.63
2022,10,Outubro,Caminhões,Leve,6,HYUNDAI/HD 80,21,2.4
2022,10,Outubro,Caminhões,Leve,7,M.BENZ/ACCELO 915,1,0.89
2022,10,Outubro,Caminhões,Leve,8,IVECO/DAILY 70C17,2,0.49
2022,10,Outubro,Caminhões,Leve,9,AGRALE/A8700,0,0.38
2022,10,Outubro,Caminhões,Leve,10,VW/MAN/9.160,0,0.37
2022,10,Outubro,Caminhões,Médio,1,VW/MAN/11.180,398,53.93
2022,10,Outubro,Caminhões,Médio,2,VW/MAN/14.190,90,11.8
2022,10,Outubro,Caminhões,Médio,3,IVECO/TECTOR 11-190,6,10.9
2022,10,Outubro,Caminhões,Médio,4,M.BENZ/ATEGO 1419,41,8.66
2022,10,Outubro,Caminhões,Médio,5,VW/MAN/13.180,52,6.73
2022,10,Outubro,Caminhões,Médio,6,M.BENZ/ACCELO 1316,23,4.58
2022,10,Outubro,Caminhões,Médio,7,VW/MAN/E-DELIVERY,1,1.55
2022,10,Outubro,Caminhões,Médio,8,M.BENZ/1418,5,0.76
2022,10,Outubro,Caminhões,Médio,9,FOTON/AUMARK S 11T,7,0.51
2022,10,Outubro,Caminhões,Médio,10,AGRALE/14000,0,0.12
2022,10,Outubro,Caminhões,Semi-Pesado,1,VOLVO/VM 270,404,13.43
2022,10,Outubro,Caminhões,Semi-Pesado,2,VW/MAN/24.280,255,8.95
2022,10,Outubro,Caminhões,Semi-Pesado,3,VW/MAN/17.190,209,7.84
2022,10,Outubro,Caminhões,Semi-Pesado,4,VW/MAN/24.260,214,7.79
2022,10,Outubro,Caminhões,Semi-Pesado,5,M.BENZ/ATEGO 2426,209,7.54
2022,10,Outubro,Caminhões,Semi-Pesado,6,M.BENZ/ATEGO 1719,212,7.09
2022,10,Outubro,Caminhões,Semi-Pesado,7,VOLVO/VM 330,132,5.0
2022,10,Outubro,Caminhões,Semi-Pesado,8,IVECO/TECTOR 240,102,4.91
2022,10,Outubro,Caminhões,Semi-Pesado,9,VW/MAN/26.280,142,4.64
2022,10,Outubro,Caminhões,Semi-Pesado,10,IVECO/TECTOR 170,72,4.03
2022,10,Outubro,Caminhões,Pesado,1,VOLVO/FH 540,671,13.26
2022,10,Outubro,Caminhões,Pesado,2,DAF/XF,468,9.85
2022,10,Outubro,Caminhões,Pesado,3,VOLVO/FH 460,338,8.34
2022,10,Outubro,Caminhões,Pesado,4,SCANIA/R450,688,7.45
2022,10,Outubro,Caminhões,Pesado,5,M.BENZ/ACTROS 2651,342,5.49
2022,10,Outubro,Caminhões,Pesado,6,SCANIA/R540,340,4.74
2022,10,Outubro,Caminhões,Pesado,7,VW/MAN/29.520,282,3.83
2022,10,Outubro,Caminhões,Pesado,8,M.BENZ/AXOR 2544,174,3.04
2022,10,Outubro,Caminhões,Pesado,9,VOLVO/VM 330,121,2.87
2022,10,Outubro,Caminhões,Pesado,10,VW/MAN/28.460,136,2.86
2022,10,Outubro,Motos,City,1,HONDA/CG 160,33501,69.04
2022,10,Outubro,Motos,City,2,HONDA/CB 250F TWISTER,3957,7.96
2022,10,Outubro,Motos,City,3,YAMAHA/YBR 150,2854,6.72
2022,10,Outubro,Motos,City,4,YAMAHA/FAZER 250,3222,6.01
2022,10,Outubro,Motos,City,5,YAMAHA/YS150 FAZER,1730,4.08
2022,10,Outubro,Motos,City,6,YAMAHA/YBR 125,840,2.31
2022,10,Outubro,Motos,City,7,TVS/SPORT 110I,1165,1.05
2022,10,Outubro,Motos,City,8,YAMAHA/FAZER 150,1803,0.55
2022,10,Outubro,Motos,City,9,HAOJUE/DK150,258,0.42
2022,10,Outubro,Motos,City,10,HAOJUE/DR160,179,0.34
2022,10,Outubro,Motos,Custom,1,ROYAL ENFIELD/METEOR,335,46.97
2022,10,Outubro,Motos,Custom,2,ROYAL ENFIELD/INTERCEPTOR,87,12.04
2022,10,Outubro,Motos,Custom,3,KAWASAKI/VULCAN S,67,11.06
2022,10,Outubro,Motos,Custom,4,ROYAL ENFIELD/CLASSIC 350,344,5.95
2022,10,Outubro,Motos,Custom,5,ROYAL ENFIELD/CONTINENTAL GT,47,5.04
2022,10,Outubro,Motos,Custom,6,H.DAVIDSON/FL FBS,19,3.32
2022,10,Outubro,Motos,Custom,7,H.DAVIDSON/FX FBS,14,3.22
2022,10,Outubro,Motos,Custom,8,H.DAVIDSON/RA1250,43,1.67
2022,10,Outubro,Motos,Custom,9,H.DAVIDSON/FLHCS,6,1.57
2022,10,Outubro,Motos,Custom,10,H.DAVIDSON/FL SB,7,1.36
2022,10,Outubro,Motos,Trail/Fun,1,HONDA/NXR160,13211,53.82
2022,10,Outubro,Motos,Trail/Fun,2,HONDA/XRE 300,2294,11.15
2022,10,Outubro,Motos,Trail/Fun,3,HONDA/XRE 190,2256,9.19
2022,10,Outubro,Motos,Trail/Fun,4,YAMAHA/XTZ 250,2971,9.13
2022,10,Outubro,Motos,Trail/Fun,5,YAMAHA/CROSSER 150,1183,6.47
2022,10,Outubro,Motos,Trail/Fun,6,YAMAHA/XTZ150,84,4.4
2022,10,Outubro,Motos,Trail/Fun,7,SHINERAY/XY 125,660,3.33
2022,10,Outubro,Motos,Trail/Fun,8,DAFRA/NH 190,127,0.85
2022,10,Outubro,Motos,Trail/Fun,9,BMW/G310 GS,183,0.83
2022,10,Outubro,Motos,Trail/Fun,10,KAWASAKI/VERSYS 300,101,0.43
2022,10,Outubro,Motos,Maxtrail,1,BMW/R1250GS,362,22.14
2022,10,Outubro,Motos,Maxtrail,2,HONDA/CB 500X,276,13.0
2022,10,Outubro,Motos,Maxtrail,3,TRIUMPH/TIGER 900,203,12.48
2022,10,Outubro,Motos,Maxtrail,4,ROYAL ENFIELD/HIMALAYAN,196,11.54
2022,10,Outubro,Motos,Maxtrail,5,HONDA/NC 750X,318,11.26
2022,10,Outubro,Motos,Maxtrail,6,BMW/F850 GS,351,11.06
2022,10,Outubro,Motos,Maxtrail,7,HONDA/CRF 1100L,52,3.77
2022,10,Outubro,Motos,Maxtrail,8,TRIUMPH/TIGER 1200,73,3.47
2022,10,Outubro,Motos,Maxtrail,9,BMW/F750 GS,60,1.94
2022,10,Outubro,Motos,Maxtrail,10,SUZUKI/VSTROM650,24,1.64
2022,10,Outubro,Motos,Naked/Roadster,1,YAMAHA/MT03,528,33.18
2022,10,Outubro,Motos,Naked/Roadster,2,HONDA/CB 650,212,15.56
2022,10,Outubro,Motos,Naked/Roadster,3,HONDA/CB 500,247,11.76
2022,10,Outubro,Motos,Naked/Roadster,4,YAMAHA/MT09,198,8.1
2022,10,Outubro,Motos,Naked/Roadster,5,YAMAHA/MT07,176,6.88
2022,10,Outubro,Motos,Naked/Roadster,6,KAWASAKI/Z900,128,5.88
2022,10,Outubro,Motos,Naked/Roadster,7,KAWASAKI/Z400,110,5.58
2022,10,Outubro,Motos,Naked/Roadster,8,HONDA/CB 1000R,52,2.34
2022,10,Outubro,Motos,Naked/Roadster,9,SUZUKI/GSX-S750,39,1.88
2022,10,Outubro,Motos,Naked/Roadster,10,KAWASAKI/Z650,43,1.81
2022,10,Outubro,Motos,Scooter/Cub,1,HONDA/BIZ,18363,41.08
2022,10,Outubro,Motos,Scooter/Cub,2,HONDA/POP 110I,12011,27.26
2022,10,Outubro,Motos,Scooter/Cub,3,HONDA/PCX 150,1313,7.48
2022,10,Outubro,Motos,Scooter/Cub,4,HONDA/ELITE 125,1601,5.07
2022,10,Outubro,Motos,Scooter/Cub,5,YAMAHA/NMAX,1060,3.91
2022,10,Outubro,Motos,Scooter/Cub,6,HONDA/ADV 150,992,2.75
2022,10,Outubro,Motos,Scooter/Cub,7,SHINERAY/XY 50,927,2.67
2022,10,Outubro,Motos,Scooter/Cub,8,YAMAHA/NEO 125,985,2.22
2022,10,Outubro,Motos,Scooter/Cub,9,YAMAHA/FLUO 125,748,1.79
2022,10,Outubro,Motos,Scooter/Cub,10,AVELLOZ/AZ1,682,1.69
2022,10,Outubro,Motos,Sport,1,YAMAHA/YZF R3,158,32.22
2022,10,Outubro,Motos,Sport,2,KAWASAKI/NINJA 400,125,26.42
2022,10,Outubro,Motos,Sport,3,BMW/S1000 R,61,18.3
2022,10,Outubro,Motos,Sport,4,KAWASAKI/NINJA ZX 6,46,9.94
2022,10,Outubro,Motos,Sport,5,KAWASAKI/NINJA 650,16,4.1
2022,10,Outubro,Motos,Sport,6,KAWASAKI/NINJA ZX10,10,3.29
2022,10,Outubro,Motos,Sport,7,DUCATI/PANIGALE V4,14,2.45
2022,10,Outubro,Motos,Sport,8,SUZUKI/GSX 1300,18,1.72
2022,10,Outubro,Motos,Sport,9,SUZUKI/GSXR1000,1,0.75
2022,10,Outubro,Motos,Sport,10,HONDA/CBR 1000RR,1,0.22
2022,10,Outubro,Motos,Touring,1,H.DAVIDSON/FL TRK,27,28.79
2022,10,Outubro,Motos,Touring,2,H.DAVIDSON/FLHTK,16,24.66
2022,10,Outubro,Motos,Touring,3,H.DAVIDSON/FLH RXS,9,12.4
2022,10,Outubro,Motos,Touring,4,H.DAVIDSON/FLHX,1,11.98
2022,10,Outubro,Motos,Touring,5,H.DAVIDSON/FLT,8,10.61
2022,10,Outubro,Motos,Touring,6,BMW/R1250 RT,1,5.92
2022,10,Outubro,Motos,Touring,7,H.DAVIDSON/FLTRK,4,2.2
2022,10,Outubro,Motos,Touring,8,HONDA/GOLDWING,0,2.2
2022,11,Novembro,Autos,Veículos de Entrada,1,FIAT/MOBI,8724,35.96
2022,11,Novembro,Autos,Veículos de Entrada,2,VW/GOL,7320,34.83
2022,11,Novembro,Autos,Veículos de Entrada,3,RENAULT/KWID,6182,28.72
2022,11,Novembro,Autos,Veículos de Entrada,4,FIAT/UNO,5,0.43
2022,11,Novembro,Autos,Veículos de Entrada,5,VW/FUSCA,4,0.03
2022,11,Novembro,Autos,Veículos de Entrada,6,VW/UP,1,0.01
2022,11,Novembro,Autos,Veículos de Entrada,7,TOYOTA/ETIOS HB,0,0
2022,11,Novembro,Autos,Veículos de Entrada,8,CAOA CHERY/QQ,0,0
2022,11,Novembro,Autos,Veículos de Entrada,9,GM/CHEVETTE,0,0
2022,11,Novembro,Autos,Hatch Pequenos,1,HYUNDAI/HB20,9457,28.5
2022,11,Novembro,Autos,Hatch Pequenos,2,GM/ONIX,7393,24.18
2022,11,Novembro,Autos,Hatch Pequenos,3,FIAT/ARGO,7737,18.28
2022,11,Novembro,Autos,Hatch Pequenos,4,PEUGEOT/208,3978,8.98
2022,11,Novembro,Autos,Hatch Pequenos,5,TOYOTA/YARIS HB,2365,7.47
2022,11,Novembro,Autos,Hatch Pequenos,6,HONDA/CITY HATCH,1381,4.66
2022,11,Novembro,Autos,Hatch Pequenos,7,RENAULT/SANDERO,1341,2.97
2022,11,Novembro,Autos,Hatch Pequenos,8,CITROEN/C3,3191,2.41
2022,11,Novembro,Autos,Hatch Pequenos,9,VW/POLO,2152,1.69
2022,11,Novembro,Autos,Hatch Pequenos,10,CAOA CHERY/ICAR,13,0.25
2022,11,Novembro,Autos,Hatch Pequenos,11,MINI/COOPER,83,0.21
2022,11,Novembro,Autos,Hatch Pequenos,12,JAC/E-JS1,37,0.19
2022,11,Novembro,Autos,Hatch Médios,1,GM/CRUZE HB,78,61.82
2022,11,Novembro,Autos,Hatch Médios,2,NISSAN/LEAF,63,15.84
2022,11,Novembro,Autos,Hatch Médios,3,AUDI/A3,0,7.15
2022,11,Novembro,Autos,Hatch Médios,4,BMW/I3,10,5.57
2022,11,Novembro,Autos,Hatch Médios,5,BMW/118I,12,3.76
2022,11,Novembro,Autos,Hatch Médios,6,M.BENZ/CLASSE A,2,2.46
2022,11,Novembro,Autos,Sedans Pequenos,1,FIAT/CRONOS,6575,35.26
2022,11,Novembro,Autos,Sedans Pequenos,2,VW/VOYAGE,4677,30.36
2022,11,Novembro,Autos,Sedans Pequenos,3,HYUNDAI/HB20S,1412,21.47
2022,11,Novembro,Autos,Sedans Pequenos,4,RENAULT/LOGAN,1206,8.94
2022,11,Novembro,Autos,Sedans Pequenos,5,FIAT/SIENA,6,3.93
2022,11,Novembro,Autos,Sedans Pequenos,6,GM/PRISMA,0,0.01
2022,11,Novembro,Autos,Sedans Pequenos,7,FORD/KA SEDAN,1,0.01
2022,11,Novembro,Autos,Sedans Pequenos,8,TOYOTA/ETIOS SEDAN,0,0.01
2022,11,Novembro,Autos,Sedans Pequenos,9,NISSAN/VERSA,0,0
2022,11,Novembro,Autos,Sedans Pequenos,10,GM/CLASSIC,0,0
2022,11,Novembro,Autos,Sedans Compactos,1,GM/ONIX PLUS,8035,60.09
2022,11,Novembro,Autos,Sedans Compactos,2,HONDA/CITY,1147,18.6
2022,11,Novembro,Autos,Sedans Compactos,3,TOYOTA/YARIS SEDAN,1615,12.32
2022,11,Novembro,Autos,Sedans Compactos,4,NISSAN/VERSA,131,4.63
2022,11,Novembro,Autos,Sedans Compactos,5,VW/VIRTUS,600,4.32
2022,11,Novembro,Autos,Sedans Compactos,6,GM/COBALT,2,0.02
2022,11,Novembro,Autos,Sedans médios,1,TOYOTA/COROLLA,3656,73.58
2022,11,Novembro,Autos,Sedans médios,2,GM/CRUZE SEDAN,371,15.91
2022,11,Novembro,Autos,Sedans médios,3,HONDA/CIVIC,1,3.8
2022,11,Novembro,Autos,Sedans médios,4,CAOA CHERY/ARRIZO 6,71,2.57
2022,11,Novembro,Autos,Sedans médios,5,VW/JETTA,65,0.99
2022,11,Novembro,Autos,Sedans médios,6,AUDI/A3 SEDAN,6,0.76
2022,11,Novembro,Autos,Sedans médios,7,KIA/CERATO,12,0.63
2022,11,Novembro,Autos,Sedans médios,8,AUDI/A5,25,0.51
2022,11,Novembro,Autos,Sedans médios,9,HYUNDAI/IONIQ,0,0.46
2022,11,Novembro,Autos,Sedans médios,10,BMW/420I,14,0.2
2022,11,Novembro,Autos,Sedans médios,11,M.BENZ/CLA35,3,0.14
2022,11,Novembro,Autos,Sedans médios,12,M.BENZ/CLA45,6,0.11
2022,11,Novembro,Autos,Sedans médios,13,M.BENZ/CLASSE A,2,0.1
2022,11,Novembro,Autos,Sedans médios,14,BMW/218I,10,0.09
2022,11,Novembro,Autos,Sedans médios,15,JAC/E-J7,7,0.08
2022,11,Novembro,Autos,Sedans médios,16,BMW/M440I,0,0.02
2022,11,Novembro,Autos,Sedans médios,17,BMW/M235I,0,0.01
2022,11,Novembro,Autos,Sedans médios,18,CITROEN/C4L,0,0.01
2022,11,Novembro,Autos,Sedans médios,19,M.BENZ/CLASSE C,0,0.01
2022,11,Novembro,Autos,Sedans médios,20,BMW/430I,0,0
2022,11,Novembro,Autos,Sedans médios,21,FORD/FUSION,0,0
2022,11,Novembro,Autos,Sedans Grandes,1,BMW/320I,666,59.84
2022,11,Novembro,Autos,Sedans Grandes,2,M.BENZ/CLASSE C,96,14.15
2022,11,Novembro,Autos,Sedans Grandes,3,BMW/330E,25,7.79
2022,11,Novembro,Autos,Sedans Grandes,4,M.BENZ/CLA250,40,5.86
2022,11,Novembro,Autos,Sedans Grandes,5,PORSCHE/PANAMERA,14,2.92
2022,11,Novembro,Autos,Sedans Grandes,6,AUDI/A4,29,2.64
2022,11,Novembro,Autos,Sedans Grandes,7,BMW/530E,12,1.57
2022,11,Novembro,Autos,Sedans Grandes,8,M.BENZ/CLASSE E,1,0.78
2022,11,Novembro,Autos,Sedans Grandes,9,AUDI/E TRON GT,0,0.65
2022,11,Novembro,Autos,Sedans Grandes,10,BMW/M340I,1,0.42
2022,11,Novembro,Autos,Sedans Grandes,11,LEXUS/ES300,4,0.36
2022,11,Novembro,Autos,Sedans Grandes,12,TESLA/MODEL S,0,0.36
2022,11,Novembro,Autos,Sw Médios,1,FIAT/PALIO WEEKEND,0,37.5
2022,11,Novembro,Autos,Sw Médios,2,FORD/BELINA,0,25.0
2022,11,Novembro,Autos,Sw Médios,3,VW/SPACE FOX,0,25.0
2022,11,Novembro,Autos,Sw Médios,4,VW/PARATI,0,12.5
2022,11,Novembro,Autos,Sw Grandes,1,AUDI/RS6 AVANT,1,83.87
2022,11,Novembro,Autos,Sw Grandes,2,AUDI/RS4 AVANT,0,12.9
2022,11,Novembro,Autos,Sw Grandes,3,GM/CARAVAN,0,3.23
2022,11,Novembro,Autos,Monocab,1,FIAT/DOBLO,0,56.68
2022,11,Novembro,Autos,Monocab,2,HONDA/FIT,0,41.7
2022,11,Novembro,Autos,Monocab,3,GM/BOLT,0,1.44
2022,11,Novembro,Autos,Monocab,4,FIAT/IDEA,0,0.18
2022,11,Novembro,Autos,Grandcab,1,GM/SPIN,1903,97.67
2022,11,Novembro,Autos,Grandcab,2,KIA/CARNIVAL,19,2.1
2022,11,Novembro,Autos,Grandcab,3,BYD/D1,0,0.08
2022,11,Novembro,Autos,Grandcab,4,CHRYSLER/PACIFICA,0,0.08
2022,11,Novembro,Autos,Sports,1,PORSCHE/911,48,30.72
2022,11,Novembro,Autos,Sports,2,FORD/MUSTANG,18,17.43
2022,11,Novembro,Autos,Sports,3,PORSCHE/TAYCAN,7,12.69
2022,11,Novembro,Autos,Sports,4,BMW/M3,8,8.06
2022,11,Novembro,Autos,Sports,5,PORSCHE/BOXSTER,0,4.47
2022,11,Novembro,Autos,Sports,6,GM/CORVETTE,5,4.25
2022,11,Novembro,Autos,Sports,7,JAGUAR/F-TYPE,6,3.32
2022,11,Novembro,Autos,Sports,8,GM/CAMARO,1,2.72
2022,11,Novembro,Autos,Sports,9,PORSCHE/CAYMAN,1,2.23
2022,11,Novembro,Autos,Suv's,1,GM/TRACKER,7231,10.08
2022,11,Novembro,Autos,Suv's,2,VW/T CROSS,5174,9.54
2022,11,Novembro,Autos,Suv's,3,JEEP/COMPASS,6409,9.27
2022,11,Novembro,Autos,Suv's,4,HYUNDAI/CRETA,5269,9.04
2022,11,Novembro,Autos,Suv's,5,FIAT/PULSE,3685,7.5
2022,11,Novembro,Autos,Suv's,6,JEEP/RENEGADE,4474,7.42
2022,11,Novembro,Autos,Suv's,7,TOYOTA/COROLLA CROSS,3402,6.23
2022,11,Novembro,Autos,Suv's,8,NISSAN/KICKS,2607,5.7
2022,11,Novembro,Autos,Suv's,9,VW/NIVUS,4859,5.6
2022,11,Novembro,Autos,Suv's,10,RENAULT/DUSTER,2245,3.29
2022,11,Novembro,Autos,Suv's,11,JEEP/COMMANDER,2422,3.24
2022,11,Novembro,Autos,Suv's,12,CITROEN/C4 CACTUS,1004,2.85
2022,11,Novembro,Autos,Suv's,13,TOYOTA/HILUX SW4,1522,1.99
2022,11,Novembro,Autos,Suv's,14,HONDA/HR-V,2904,1.97
2022,11,Novembro,Autos,Suv's,15,VW/TAOS,1149,1.65
2022,11,Novembro,Autos,Suv's,16,CAOA CHERY/TIGGO 8,776,1.57
2022,11,Novembro,Autos,Suv's,17,CAOA CHERY/TIGGO 5X,1177,1.45
2022,11,Novembro,Autos,Suv's,18,CAOA CHERY/TIGGO 7,672,1.29
2022,11,Novembro,Autos,Suv's,19,FIAT/FASTBACK,3190,1.05
2022,11,Novembro,Autos,Suv's,20,PEUGEOT/2008,210,0.8
2022,11,Novembro,Autos,Suv's,21,CAOA CHERY/TIGGO 3X,37,0.58
2022,11,Novembro,Autos,Suv's,22,BMW/X1,74,0.56
2022,11,Novembro,Autos,Suv's,23,MITSUBISHI/ECLIPSE CROSS,476,0.55
2022,11,Novembro,Autos,Suv's,24,RENAULT/CAPTUR,49,0.47
2022,11,Novembro,Autos,Suv's,25,GM/TRAILBLAZER,337,0.47
2022,11,Novembro,Autos,Suv's,26,HYUNDAI/TUCSON,20,0.36
2022,11,Novembro,Autos,Suv's,27,MITSUBISHI/PAJERO,186,0.26
2022,11,Novembro,Autos,Suv's,28,VOLVO/XC40,257,0.26
2022,11,Novembro,Autos,Suv's,29,VOLVO/XC60,109,0.25
2022,11,Novembro,Autos,Suv's,30,FORD/BRONCO,145,0.24
2022,11,Novembro,Autos,Suv's,31,GM/EQUINOX,288,0.23
2022,11,Novembro,Autos,Suv's,32,AUDI/Q5,97,0.22
2022,11,Novembro,Autos,Suv's,33,AUDI/Q3,213,0.22
2022,11,Novembro,Autos,Suv's,34,LAND ROVER/DISCOVERY,54,0.22
2022,11,Novembro,Autos,Suv's,35,MITSUBISHI/OUTLANDER,1,0.17
2022,11,Novembro,Autos,Suv's,36,BMW/X3,40,0.17
2022,11,Novembro,Autos,Suv's,37,PORSCHE/MACAN,73,0.16
2022,11,Novembro,Autos,Suv's,38,TOYOTA/RAV4,109,0.16
2022,11,Novembro,Autos,Suv's,39,BMW/X5,10,0.15
2022,11,Novembro,Autos,Suv's,40,FORD/TERRITORY,54,0.15
2022,11,Novembro,Com. Leves,Pick-up's Pequenas,1,FIAT/STRADA,9236,83.48
2022,11,Novembro,Com. Leves,Pick-up's Pequenas,2,VW/SAVEIRO,2975,16.5
2022,11,Novembro,Com. Leves,Pick-up's Pequenas,3,GM/MONTANA,1,0.01
2022,11,Novembro,Com. Leves,Pick-up's Pequenas,4,PEUGEOT/PARTNER,0,0.01
2022,11,Novembro,Com. Leves,Pick-up's Pequenas,5,FORD/PAMPA,1,0
2022,11,Novembro,Com. Leves,Pick-up's Pequenas,6,FORD/RANCHERO,1,0
2022,11,Novembro,Com. Leves,Pick-up's Grandes,1,FIAT/TORO,3473,26.91
2022,11,Novembro,Com. Leves,Pick-up's Grandes,2,TOYOTA/HILUX,4816,25.46
2022,11,Novembro,Com. Leves,Pick-up's Grandes,3,GM/S10,1404,14.12
2022,11,Novembro,Com. Leves,Pick-up's Grandes,4,MITSUBISHI/L200,1252,8.47
2022,11,Novembro,Com. Leves,Pick-up's Grandes,5,FORD/RANGER,1284,7.55
2022,11,Novembro,Com. Leves,Pick-up's Grandes,6,RENAULT/OROCH,1410,6.44
2022,11,Novembro,Com. Leves,Pick-up's Grandes,7,NISSAN/FRONTIER,1108,4.59
2022,11,Novembro,Com. Leves,Pick-up's Grandes,8,VW/AMAROK,774,3.05
2022,11,Novembro,Com. Leves,Pick-up's Grandes,9,RAM/3500,304,1.04
2022,11,Novembro,Com. Leves,Pick-up's Grandes,10,FORD/MAVERICK,62,0.75
2022,11,Novembro,Com. Leves,Pick-up's Grandes,11,RAM/1500,178,0.68
2022,11,Novembro,Com. Leves,Furgões,1,RENAULT/MASTER,755,30.99
2022,11,Novembro,Com. Leves,Furgões,2,PEUGEOT/EXPERT,155,11.49
2022,11,Novembro,Com. Leves,Furgões,3,CITROEN/JUMPY,167,8.82
2022,11,Novembro,Com. Leves,Furgões,4,KIA/K2500,266,8.36
2022,11,Novembro,Com. Leves,Furgões,5,VW/MAN/EXPRESS,112,6.71
2022,11,Novembro,Com. Leves,Furgões,6,FIAT/DUCATO,8,6.24
2022,11,Novembro,Com. Leves,Furgões,7,FORD/TRANSIT,274,5.13
2022,11,Novembro,Com. Leves,Furgões Pequenos,1,FIAT/FIORINO,2111,88.63
2022,11,Novembro,Com. Leves,Furgões Pequenos,2,PEUGEOT/PARTNER,184,8.94
2022,11,Novembro,Com. Leves,Furgões Pequenos,3,RENAULT/KANGOO,0,1.87
2022,11,Novembro,Com. Leves,Furgões Pequenos,4,FIAT/STRADA,4,0.29
2022,11,Novembro,Caminhões,Semi-Leve,1,M.BENZ/SPRINTER 416,156,39.61
2022,11,Novembro,Caminhões,Semi-Leve,2,M.BENZ/SPRINTER 516,75,15.82
2022,11,Novembro,Caminhões,Semi-Leve,3,IVECO/DAILY 45-170,35,11.37
2022,11,Novembro,Caminhões,Semi-Leve,4,IVECO/DAILY 65-170,40,11.15
2022,11,Novembro,Caminhões,Semi-Leve,5,VW/MAN/6.160,26,8.97
2022,11,Novembro,Caminhões,Semi-Leve,6,IVECO/DAILY 55-170,32,6.58
2022,11,Novembro,Caminhões,Semi-Leve,7,M.BENZ/SPRINTER,12,3.46
2022,11,Novembro,Caminhões,Semi-Leve,8,VW/MAN/4.160,4,1.26
2022,11,Novembro,Caminhões,Semi-Leve,9,JAC/IEV350T,0,0.62
2022,11,Novembro,Caminhões,Semi-Leve,10,IVECO/DAILY 50-170,1,0.46
2022,11,Novembro,Caminhões,Leve,1,M.BENZ/ACCELO 1016,240,33.09
2022,11,Novembro,Caminhões,Leve,2,VW/MAN/9.170,206,31.91
2022,11,Novembro,Caminhões,Leve,3,M.BENZ/ACCELO 815,167,20.18
2022,11,Novembro,Caminhões,Leve,4,JAC/IEV1200T,50,4.8
2022,11,Novembro,Caminhões,Leve,5,IVECO/TECTOR 9-190,32,4.71
2022,11,Novembro,Caminhões,Leve,6,HYUNDAI/HD 80,21,2.44
2022,11,Novembro,Caminhões,Leve,7,M.BENZ/ACCELO 915,3,0.86
2022,11,Novembro,Caminhões,Leve,8,IVECO/DAILY 70C17,4,0.49
2022,11,Novembro,Caminhões,Leve,9,AGRALE/A8700,2,0.37
2022,11,Novembro,Caminhões,Leve,10,VW/MAN/9.160,0,0.34
2022,11,Novembro,Caminhões,Médio,1,VW/MAN/11.180,452,54.24
2022,11,Novembro,Caminhões,Médio,2,VW/MAN/14.190,46,11.31
2022,11,Novembro,Caminhões,Médio,3,IVECO/TECTOR 11-190,76,10.8
2022,11,Novembro,Caminhões,Médio,4,M.BENZ/ATEGO 1419,48,8.45
2022,11,Novembro,Caminhões,Médio,5,VW/MAN/13.180,91,7.14
2022,11,Novembro,Caminhões,Médio,6,M.BENZ/ACCELO 1316,4,4.67
2022,11,Novembro,Caminhões,Médio,7,VW/MAN/E-DELIVERY,1,1.44
2022,11,Novembro,Caminhões,Médio,8,M.BENZ/1418,7,0.77
2022,11,Novembro,Caminhões,Médio,9,FOTON/AUMARK S 11T,9,0.56
2022,11,Novembro,Caminhões,Médio,10,AGRALE/14000,5,0.16
2022,11,Novembro,Caminhões,Semi-Pesado,1,VOLVO/VM 270,473,13.77
2022,11,Novembro,Caminhões,Semi-Pesado,2,VW/MAN/24.280,202,8.82
2022,11,Novembro,Caminhões,Semi-Pesado,3,VW/MAN/17.190,177,7.72
2022,11,Novembro,Caminhões,Semi-Pesado,4,VW/MAN/24.260,170,7.66
2022,11,Novembro,Caminhões,Semi-Pesado,5,M.BENZ/ATEGO 2426,223,7.59
2022,11,Novembro,Caminhões,Semi-Pesado,6,M.BENZ/ATEGO 1719,185,7.07
2022,11,Novembro,Caminhões,Semi-Pesado,7,VOLVO/VM 330,152,5.05
2022,11,Novembro,Caminhões,Semi-Pesado,8,IVECO/TECTOR 240,118,4.86
2022,11,Novembro,Caminhões,Semi-Pesado,9,VW/MAN/26.280,109,4.59
2022,11,Novembro,Caminhões,Semi-Pesado,10,IVECO/TECTOR 170,59,3.87
2022,11,Novembro,Caminhões,Pesado,1,VOLVO/FH 540,670,13.2
2022,11,Novembro,Caminhões,Pesado,2,DAF/XF,459,9.74
2022,11,Novembro,Caminhões,Pesado,3,VOLVO/FH 460,366,8.2
2022,11,Novembro,Caminhões,Pesado,4,SCANIA/R450,628,7.86
2022,11,Novembro,Caminhões,Pesado,5,M.BENZ/ACTROS 2651,320,5.54
2022,11,Novembro,Caminhões,Pesado,6,SCANIA/R540,317,4.86
2022,11,Novembro,Caminhões,Pesado,7,VW/MAN/29.520,211,3.84
2022,11,Novembro,Caminhões,Pesado,8,M.BENZ/AXOR 2544,126,2.98
2022,11,Novembro,Caminhões,Pesado,9,VOLVO/VM 330,158,2.88
2022,11,Novembro,Caminhões,Pesado,10,VW/MAN/28.460,155,2.87
2022,11,Novembro,Motos,City,1,HONDA/CG 160,35278,68.68
2022,11,Novembro,Motos,City,2,HONDA/CB 250F TWISTER,3576,7.82
2022,11,Novembro,Motos,City,3,YAMAHA/YBR 150,3218,6.64
2022,11,Novembro,Motos,City,4,YAMAHA/FAZER 250,3339,6.03
2022,11,Novembro,Motos,City,5,YAMAHA/YS150 FAZER,1671,3.97
2022,11,Novembro,Motos,City,6,YAMAHA/YBR 125,643,2.19
2022,11,Novembro,Motos,City,7,TVS/SPORT 110I,394,1.02
2022,11,Novembro,Motos,City,8,YAMAHA/FAZER 150,2319,0.95
2022,11,Novembro,Motos,City,9,MOTTU/SPORT 110I,2137,0.51
2022,11,Novembro,Motos,City,10,HAOJUE/DK150,275,0.43
2022,11,Novembro,Motos,Custom,1,ROYAL ENFIELD/METEOR,315,45.69
2022,11,Novembro,Motos,Custom,2,ROYAL ENFIELD/INTERCEPTOR,75,11.66
2022,11,Novembro,Motos,Custom,3,KAWASAKI/VULCAN S,35,10.35
2022,11,Novembro,Motos,Custom,4,ROYAL ENFIELD/CLASSIC 350,243,7.91
2022,11,Novembro,Motos,Custom,5,ROYAL ENFIELD/CONTINENTAL GT,3,4.9
2022,11,Novembro,Motos,Custom,6,H.DAVIDSON/FL FBS,15,3.15
2022,11,Novembro,Motos,Custom,7,H.DAVIDSON/FX FBS,1,3.02
2022,11,Novembro,Motos,Custom,8,H.DAVIDSON/RA1250,24,1.76
2022,11,Novembro,Motos,Custom,9,H.DAVIDSON/FLHCS,10,1.52
2022,11,Novembro,Motos,Custom,10,H.DAVIDSON/FL SB,1,1.23
2022,11,Novembro,Motos,Trail/Fun,1,HONDA/NXR160,13516,54.09
2022,11,Novembro,Motos,Trail/Fun,2,HONDA/XRE 300,2194,10.96
2022,11,Novembro,Motos,Trail/Fun,3,YAMAHA/XTZ 250,3232,9.57
2022,11,Novembro,Motos,Trail/Fun,4,HONDA/XRE 190,2368,9.26
2022,11,Novembro,Motos,Trail/Fun,5,YAMAHA/CROSSER 150,1248,6.35
2022,11,Novembro,Motos,Trail/Fun,6,YAMAHA/XTZ150,73,3.99
2022,11,Novembro,Motos,Trail/Fun,7,SHINERAY/XY 125,651,3.27
2022,11,Novembro,Motos,Trail/Fun,8,BMW/G310 GS,286,0.86
2022,11,Novembro,Motos,Trail/Fun,9,DAFRA/NH 190,136,0.82
2022,11,Novembro,Motos,Trail/Fun,10,KAWASAKI/VERSYS 300,87,0.42
2022,11,Novembro,Motos,Maxtrail,1,BMW/R1250GS,438,22.11
2022,11,Novembro,Motos,Maxtrail,2,HONDA/CB 500X,218,12.81
2022,11,Novembro,Motos,Maxtrail,3,TRIUMPH/TIGER 900,233,12.4
2022,11,Novembro,Motos,Maxtrail,4,BMW/F850 GS,363,11.67
2022,11,Novembro,Motos,Maxtrail,5,ROYAL ENFIELD/HIMALAYAN,161,11.23
2022,11,Novembro,Motos,Maxtrail,6,HONDA/NC 750X,216,11.21
2022,11,Novembro,Motos,Maxtrail,7,TRIUMPH/TIGER 1200,104,3.62
2022,11,Novembro,Motos,Maxtrail,8,HONDA/CRF 1100L,37,3.6
2022,11,Novembro,Motos,Maxtrail,9,BMW/F750 GS,68,2.06
2022,11,Novembro,Motos,Maxtrail,10,KAWASAKI/VERSYS 650,70,1.65
2022,11,Novembro,Motos,Naked/Roadster,1,YAMAHA/MT03,594,32.88
2022,11,Novembro,Motos,Naked/Roadster,2,HONDA/CB 650,152,14.83
2022,11,Novembro,Motos,Naked/Roadster,3,HONDA/CB 500,243,11.81
2022,11,Novembro,Motos,Naked/Roadster,4,YAMAHA/MT09,219,8.37
2022,11,Novembro,Motos,Naked/Roadster,5,YAMAHA/MT07,176,7.07
2022,11,Novembro,Motos,Naked/Roadster,6,KAWASAKI/Z900,162,6.1
2022,11,Novembro,Motos,Naked/Roadster,7,KAWASAKI/Z400,113,5.59
2022,11,Novembro,Motos,Naked/Roadster,8,HONDA/CB 1000R,69,2.45
2022,11,Novembro,Motos,Naked/Roadster,9,SUZUKI/GSX-S750,27,1.83
2022,11,Novembro,Motos,Naked/Roadster,10,KAWASAKI/Z650,38,1.82
2022,11,Novembro,Motos,Scooter/Cub,1,HONDA/BIZ,17886,41.42
2022,11,Novembro,Motos,Scooter/Cub,2,HONDA/POP 110I,11167,27.32
2022,11,Novembro,Motos,Scooter/Cub,3,HONDA/PCX 150,502,6.89
2022,11,Novembro,Motos,Scooter/Cub,4,HONDA/ELITE 125,1812,5.01
2022,11,Novembro,Motos,Scooter/Cub,5,YAMAHA/NMAX,1101,3.8
2022,11,Novembro,Motos,Scooter/Cub,6,HONDA/ADV 150,891,2.7
2022,11,Novembro,Motos,Scooter/Cub,7,SHINERAY/XY 50,857,2.62
2022,11,Novembro,Motos,Scooter/Cub,8,YAMAHA/NEO 125,1216,2.3
2022,11,Novembro,Motos,Scooter/Cub,9,YAMAHA/FLUO 125,787,1.81
2022,11,Novembro,Motos,Scooter/Cub,10,AVELLOZ/AZ1,643,1.68
2022,11,Novembro,Motos,Sport,1,YAMAHA/YZF R3,164,32.73
2022,11,Novembro,Motos,Sport,2,KAWASAKI/NINJA 400,107,26.28
2022,11,Novembro,Motos,Sport,3,BMW/S1000 R,80,18.33
2022,11,Novembro,Motos,Sport,4,KAWASAKI/NINJA ZX 6,25,9.59
2022,11,Novembro,Motos,Sport,5,KAWASAKI/NINJA 650,21,4.17
2022,11,Novembro,Motos,Sport,6,KAWASAKI/NINJA ZX10,7,3.14
2022,11,Novembro,Motos,Sport,7,DUCATI/PANIGALE V4,12,2.48
2022,11,Novembro,Motos,Sport,8,SUZUKI/GSX 1300,12,1.81
2022,11,Novembro,Motos,Sport,9,SUZUKI/GSXR1000,1,0.7
2022,11,Novembro,Motos,Sport,10,HONDA/CBR 1000RR,0,0.2
2022,11,Novembro,Motos,Touring,1,H.DAVIDSON/FL TRK,19,28.75
2022,11,Novembro,Motos,Touring,2,H.DAVIDSON/FLHTK,12,24.09
2022,11,Novembro,Motos,Touring,3,H.DAVIDSON/FLH RXS,8,12.36
2022,11,Novembro,Motos,Touring,4,H.DAVIDSON/FLHX,7,11.85
2022,11,Novembro,Motos,Touring,5,H.DAVIDSON/FLT,6,10.47
2022,11,Novembro,Motos,Touring,6,BMW/R1250 RT,9,6.56
2022,11,Novembro,Motos,Touring,7,H.DAVIDSON/FLTRK,1,2.14
2022,11,Novembro,Motos,Touring,8,HONDA/GOLDWING,0,2.02
2022,12,Dezembro,Autos,Veículos de Entrada,1,FIAT/MOBI,7258,35.73
2022,12,Dezembro,Autos,Veículos de Entrada,2,VW/GOL,9166,35.65
2022,12,Dezembro,Autos,Veículos de Entrada,3,RENAULT/KWID,5083,28.18
2022,12,Dezembro,Autos,Veículos de Entrada,4,FIAT/UNO,6,0.38
2022,12,Dezembro,Autos,Veículos de Entrada,5,VW/FUSCA,5,0.03
2022,12,Dezembro,Autos,Veículos de Entrada,6,VW/UP,0,0.01
2022,12,Dezembro,Autos,Veículos de Entrada,7,TOYOTA/ETIOS HB,2,0
2022,12,Dezembro,Autos,Veículos de Entrada,8,FIAT/PALIO,2,0
2022,12,Dezembro,Autos,Veículos de Entrada,9,CAOA CHERY/QQ,0,0
2022,12,Dezembro,Autos,Hatch Pequenos,1,HYUNDAI/HB20,6970,27.45
2022,12,Dezembro,Autos,Hatch Pequenos,2,GM/ONIX,9511,24.31
2022,12,Dezembro,Autos,Hatch Pequenos,3,FIAT/ARGO,6737,18.26
2022,12,Dezembro,Autos,Hatch Pequenos,4,PEUGEOT/208,1787,8.53
2022,12,Dezembro,Autos,Hatch Pequenos,5,TOYOTA/YARIS HB,3221,7.59
2022,12,Dezembro,Autos,Hatch Pequenos,6,HONDA/CITY HATCH,1507,4.6
2022,12,Dezembro,Autos,Hatch Pequenos,7,CITROEN/C3,3271,3.09
2022,12,Dezembro,Autos,Hatch Pequenos,8,RENAULT/SANDERO,1365,3.04
2022,12,Dezembro,Autos,Hatch Pequenos,9,VW/POLO,2887,2.34
2022,12,Dezembro,Autos,Hatch Pequenos,10,CAOA CHERY/ICAR,3,0.22
2022,12,Dezembro,Autos,Hatch Pequenos,11,MINI/COOPER,82,0.21
2022,12,Dezembro,Autos,Hatch Pequenos,12,JAC/E-JS1,20,0.17
2022,12,Dezembro,Autos,Hatch Médios,1,GM/CRUZE HB,68,61.01
2022,12,Dezembro,Autos,Hatch Médios,2,NISSAN/LEAF,6,15.13
2022,12,Dezembro,Autos,Hatch Médios,3,AUDI/A3,7,7.02
2022,12,Dezembro,Autos,Hatch Médios,4,BMW/I3,37,6.85
2022,12,Dezembro,Autos,Hatch Médios,5,BMW/118I,15,4.19
2022,12,Dezembro,Autos,Hatch Médios,6,M.BENZ/CLASSE A,5,2.53
2022,12,Dezembro,Autos,Sedans Pequenos,1,FIAT/CRONOS,4598,35.44
2022,12,Dezembro,Autos,Sedans Pequenos,2,VW/VOYAGE,4002,30.55
2022,12,Dezembro,Autos,Sedans Pequenos,3,HYUNDAI/HB20S,2920,21.68
2022,12,Dezembro,Autos,Sedans Pequenos,4,RENAULT/LOGAN,916,8.78
2022,12,Dezembro,Autos,Sedans Pequenos,5,FIAT/SIENA,4,3.52
2022,12,Dezembro,Autos,Sedans Pequenos,6,FORD/KA SEDAN,2,0.01
2022,12,Dezembro,Autos,Sedans Pequenos,7,GM/PRISMA,0,0.01
2022,12,Dezembro,Autos,Sedans Pequenos,8,NISSAN/VERSA,1,0.01
2022,12,Dezembro,Autos,Sedans Pequenos,9,TOYOTA/ETIOS SEDAN,0,0.01
2022,12,Dezembro,Autos,Sedans Pequenos,10,GM/CLASSIC,0,0
2022,12,Dezembro,Autos,Sedans Compactos,1,GM/ONIX PLUS,8030,60.44
2022,12,Dezembro,Autos,Sedans Compactos,2,HONDA/CITY,1324,17.78
2022,12,Dezembro,Autos,Sedans Compactos,3,TOYOTA/YARIS SEDAN,2004,12.68
2022,12,Dezembro,Autos,Sedans Compactos,4,NISSAN/VERSA,481,4.54
2022,12,Dezembro,Autos,Sedans Compactos,5,VW/VIRTUS,796,4.52
2022,12,Dezembro,Autos,Sedans Compactos,6,GM/COBALT,0,0.02
2022,12,Dezembro,Autos,Sedans médios,1,TOYOTA/COROLLA,4330,74.83
2022,12,Dezembro,Autos,Sedans médios,2,GM/CRUZE SEDAN,181,14.86
2022,12,Dezembro,Autos,Sedans médios,3,HONDA/CIVIC,5,3.48
2022,12,Dezembro,Autos,Sedans médios,4,CAOA CHERY/ARRIZO 6,108,2.54
2022,12,Dezembro,Autos,Sedans médios,5,VW/JETTA,31,0.96
2022,12,Dezembro,Autos,Sedans médios,6,AUDI/A3 SEDAN,84,0.84
2022,12,Dezembro,Autos,Sedans médios,7,AUDI/A5,76,0.6
2022,12,Dezembro,Autos,Sedans médios,8,KIA/CERATO,10,0.59
2022,12,Dezembro,Autos,Sedans médios,9,HYUNDAI/IONIQ,0,0.42
2022,12,Dezembro,Autos,Sedans médios,10,BMW/420I,40,0.25
2022,12,Dezembro,Autos,Sedans médios,11,M.BENZ/CLA45,2,0.14
2022,12,Dezembro,Autos,Sedans médios,12,M.BENZ/CLA35,4,0.14
2022,12,Dezembro,Autos,Sedans médios,13,BMW/218I,1,0.1
2022,12,Dezembro,Autos,Sedans médios,14,M.BENZ/CLASSE A,2,0.1
2022,12,Dezembro,Autos,Sedans médios,15,JAC/E-J7,6,0.09
2022,12,Dezembro,Autos,Sedans médios,16,BMW/M440I,1,0.02
2022,12,Dezembro,Autos,Sedans médios,17,BMW/M235I,0,0.01
2022,12,Dezembro,Autos,Sedans médios,18,CITROEN/C4L,0,0.01
2022,12,Dezembro,Autos,Sedans médios,19,M.BENZ/CLASSE C,0,0.01
2022,12,Dezembro,Autos,Sedans médios,20,BMW/430I,0,0
2022,12,Dezembro,Autos,Sedans médios,21,FORD/FUSION,0,0
2022,12,Dezembro,Autos,Sedans Grandes,1,BMW/320I,745,60.41
2022,12,Dezembro,Autos,Sedans Grandes,2,M.BENZ/CLASSE C,107,13.44
2022,12,Dezembro,Autos,Sedans Grandes,3,BMW/330E,67,7.49
2022,12,Dezembro,Autos,Sedans Grandes,4,M.BENZ/CLA250,50,5.64
2022,12,Dezembro,Autos,Sedans Grandes,5,AUDI/A4,9,3.48
2022,12,Dezembro,Autos,Sedans Grandes,6,PORSCHE/PANAMERA,24,2.79
2022,12,Dezembro,Autos,Sedans Grandes,7,BMW/530E,17,1.55
2022,12,Dezembro,Autos,Sedans Grandes,8,M.BENZ/CLASSE E,1,0.68
2022,12,Dezembro,Autos,Sedans Grandes,9,AUDI/E TRON GT,5,0.62
2022,12,Dezembro,Autos,Sedans Grandes,10,LEXUS/ES300,5,0.37
2022,12,Dezembro,Autos,Sedans Grandes,11,BMW/M340I,0,0.36
2022,12,Dezembro,Autos,Sedans Grandes,12,TESLA/MODEL S,0,0.31
2022,12,Dezembro,Autos,Sw Médios,1,FIAT/PALIO WEEKEND,0,37.5
2022,12,Dezembro,Autos,Sw Médios,2,FORD/BELINA,0,25.0
2022,12,Dezembro,Autos,Sw Médios,3,VW/SPACE FOX,0,25.0
2022,12,Dezembro,Autos,Sw Médios,4,VW/PARATI,0,12.5
2022,12,Dezembro,Autos,Sw Grandes,1,AUDI/RS6 AVANT,1,88.1
2022,12,Dezembro,Autos,Sw Grandes,2,AUDI/RS4 AVANT,0,9.52
2022,12,Dezembro,Autos,Sw Grandes,3,GM/CARAVAN,0,2.38
2022,12,Dezembro,Autos,Monocab,1,FIAT/DOBLO,0,56.47
2022,12,Dezembro,Autos,Monocab,2,HONDA/FIT,0,41.55
2022,12,Dezembro,Autos,Monocab,3,GM/BOLT,2,1.8
2022,12,Dezembro,Autos,Monocab,4,FIAT/IDEA,0,0.18
2022,12,Dezembro,Autos,Grandcab,1,GM/SPIN,2432,97.86
2022,12,Dezembro,Autos,Grandcab,2,KIA/CARNIVAL,16,1.9
2022,12,Dezembro,Autos,Grandcab,3,BYD/D1,7,0.11
2022,12,Dezembro,Autos,Grandcab,4,CHRYSLER/PACIFICA,0,0.07
2022,12,Dezembro,Autos,Sports,1,PORSCHE/911,50,30.99
2022,12,Dezembro,Autos,Sports,2,FORD/MUSTANG,10,16.66
2022,12,Dezembro,Autos,Sports,3,PORSCHE/TAYCAN,8,12.17
2022,12,Dezembro,Autos,Sports,4,BMW/M3,30,8.99
2022,12,Dezembro,Autos,Sports,5,GM/CORVETTE,4,4.14
2022,12,Dezembro,Autos,Sports,6,PORSCHE/BOXSTER,0,4.14
2022,12,Dezembro,Autos,Sports,7,JAGUAR/F-TYPE,13,3.74
2022,12,Dezembro,Autos,Sports,8,GM/CAMARO,3,2.68
2022,12,Dezembro,Autos,Sports,9,PORSCHE/CAYMAN,4,2.27
2022,12,Dezembro,Autos,Suv's,1,GM/TRACKER,8283,10.24
2022,12,Dezembro,Autos,Suv's,2,VW/T CROSS,6182,9.45
2022,12,Dezembro,Autos,Suv's,3,JEEP/COMPASS,6092,9.19
2022,12,Dezembro,Autos,Suv's,4,HYUNDAI/CRETA,6572,9.06
2022,12,Dezembro,Autos,Suv's,5,JEEP/RENEGADE,5420,7.43
2022,12,Dezembro,Autos,Suv's,6,FIAT/PULSE,4019,7.31
2022,12,Dezembro,Autos,Suv's,7,TOYOTA/COROLLA CROSS,3894,6.15
2022,12,Dezembro,Autos,Suv's,8,VW/NIVUS,4756,5.71
2022,12,Dezembro,Autos,Suv's,9,NISSAN/KICKS,3667,5.64
2022,12,Dezembro,Autos,Suv's,10,RENAULT/DUSTER,2268,3.28
2022,12,Dezembro,Autos,Suv's,11,JEEP/COMMANDER,2281,3.23
2022,12,Dezembro,Autos,Suv's,12,CITROEN/C4 CACTUS,758,2.67
2022,12,Dezembro,Autos,Suv's,13,HONDA/HR-V,3198,2.23
2022,12,Dezembro,Autos,Suv's,14,TOYOTA/HILUX SW4,1380,1.98
2022,12,Dezembro,Autos,Suv's,15,VW/TAOS,1495,1.7
2022,12,Dezembro,Autos,Suv's,16,CAOA CHERY/TIGGO 8,715,1.51
2022,12,Dezembro,Autos,Suv's,17,FIAT/FASTBACK,3411,1.43
2022,12,Dezembro,Autos,Suv's,18,CAOA CHERY/TIGGO 5X,689,1.4
2022,12,Dezembro,Autos,Suv's,19,CAOA CHERY/TIGGO 7,880,1.28
2022,12,Dezembro,Autos,Suv's,20,PEUGEOT/2008,240,0.75
2022,12,Dezembro,Autos,Suv's,21,MITSUBISHI/ECLIPSE CROSS,284,0.54
2022,12,Dezembro,Autos,Suv's,22,CAOA CHERY/TIGGO 3X,40,0.53
2022,12,Dezembro,Autos,Suv's,23,BMW/X1,28,0.5
2022,12,Dezembro,Autos,Suv's,24,GM/TRAILBLAZER,296,0.46
2022,12,Dezembro,Autos,Suv's,25,RENAULT/CAPTUR,75,0.43
2022,12,Dezembro,Autos,Suv's,26,HYUNDAI/TUCSON,21,0.32
2022,12,Dezembro,Autos,Suv's,27,MITSUBISHI/PAJERO,349,0.28
2022,12,Dezembro,Autos,Suv's,28,VOLVO/XC40,309,0.28
2022,12,Dezembro,Autos,Suv's,29,VOLVO/XC60,312,0.27
2022,12,Dezembro,Autos,Suv's,30,GM/EQUINOX,356,0.26
2022,12,Dezembro,Autos,Suv's,31,AUDI/Q3,269,0.23
2022,12,Dezembro,Autos,Suv's,32,FORD/BRONCO,94,0.23
2022,12,Dezembro,Autos,Suv's,33,AUDI/Q5,219,0.23
2022,12,Dezembro,Autos,Suv's,34,LAND ROVER/DISCOVERY,83,0.21
2022,12,Dezembro,Autos,Suv's,35,BMW/X3,3,0.16
2022,12,Dezembro,Autos,Suv's,36,MITSUBISHI/OUTLANDER,8,0.16
2022,12,Dezembro,Autos,Suv's,37,PORSCHE/MACAN,87,0.16
2022,12,Dezembro,Autos,Suv's,38,TOYOTA/RAV4,111,0.16
2022,12,Dezembro,Autos,Suv's,39,BMW/X5,45,0.15
2022,12,Dezembro,Autos,Suv's,40,FORD/TERRITORY,52,0.14
2022,12,Dezembro,Com. Leves,Pick-up's Pequenas,1,FIAT/STRADA,9166,82.73
2022,12,Dezembro,Com. Leves,Pick-up's Pequenas,2,VW/SAVEIRO,3024,17.24
2022,12,Dezembro,Com. Leves,Pick-up's Pequenas,3,GM/MONTANA,1,0.01
2022,12,Dezembro,Com. Leves,Pick-up's Pequenas,4,PEUGEOT/PARTNER,0,0.01
2022,12,Dezembro,Com. Leves,Pick-up's Pequenas,5,FORD/PAMPA,0,0
2022,12,Dezembro,Com. Leves,Pick-up's Pequenas,6,FORD/RANCHERO,1,0
2022,12,Dezembro,Com. Leves,Pick-up's Grandes,1,FIAT/TORO,4296,26.22
2022,12,Dezembro,Com. Leves,Pick-up's Grandes,2,TOYOTA/HILUX,5783,25.71
2022,12,Dezembro,Com. Leves,Pick-up's Grandes,3,GM/S10,3374,14.35
2022,12,Dezembro,Com. Leves,Pick-up's Grandes,4,MITSUBISHI/L200,1589,8.37
2022,12,Dezembro,Com. Leves,Pick-up's Grandes,5,FORD/RANGER,1594,7.56
2022,12,Dezembro,Com. Leves,Pick-up's Grandes,6,RENAULT/OROCH,1192,6.36
2022,12,Dezembro,Com. Leves,Pick-up's Grandes,7,NISSAN/FRONTIER,945,4.58
2022,12,Dezembro,Com. Leves,Pick-up's Grandes,8,VW/AMAROK,888,3.18
2022,12,Dezembro,Com. Leves,Pick-up's Grandes,9,RAM/3500,452,1.17
2022,12,Dezembro,Com. Leves,Pick-up's Grandes,10,FORD/MAVERICK,128,0.73
2022,12,Dezembro,Com. Leves,Pick-up's Grandes,11,RAM/1500,112,0.66
2022,12,Dezembro,Com. Leves,Furgões,1,RENAULT/MASTER,894,31.16
2022,12,Dezembro,Com. Leves,Furgões,2,PEUGEOT/EXPERT,184,11.1
2022,12,Dezembro,Com. Leves,Furgões,3,CITROEN/JUMPY,152,8.55
2022,12,Dezembro,Com. Leves,Furgões,4,KIA/K2500,226,8.36
2022,12,Dezembro,Com. Leves,Furgões,5,VW/MAN/EXPRESS,150,6.61
2022,12,Dezembro,Com. Leves,Furgões,6,FORD/TRANSIT,555,6.42
2022,12,Dezembro,Com. Leves,Furgões,7,FIAT/DUCATO,1,5.75
2022,12,Dezembro,Com. Leves,Furgões Pequenos,1,FIAT/FIORINO,2019,88.7
2022,12,Dezembro,Com. Leves,Furgões Pequenos,2,PEUGEOT/PARTNER,235,9.08
2022,12,Dezembro,Com. Leves,Furgões Pequenos,3,RENAULT/KANGOO,1,1.7
2022,12,Dezembro,Com. Leves,Furgões Pequenos,4,FIAT/STRADA,3,0.28
2022,12,Dezembro,Caminhões,Semi-Leve,1,M.BENZ/SPRINTER 416,273,40.7
2022,12,Dezembro,Caminhões,Semi-Leve,2,M.BENZ/SPRINTER 516,81,15.81
2022,12,Dezembro,Caminhões,Semi-Leve,3,IVECO/DAILY 45-170,26,10.83
2022,12,Dezembro,Caminhões,Semi-Leve,4,IVECO/DAILY 65-170,36,10.8
2022,12,Dezembro,Caminhões,Semi-Leve,5,VW/MAN/6.160,40,8.86
2022,12,Dezembro,Caminhões,Semi-Leve,6,IVECO/DAILY 55-170,31,6.53
2022,12,Dezembro,Caminhões,Semi-Leve,7,M.BENZ/SPRINTER,20,3.49
2022,12,Dezembro,Caminhões,Semi-Leve,8,VW/MAN/4.160,7,1.27
2022,12,Dezembro,Caminhões,Semi-Leve,9,JAC/IEV350T,0,0.57
2022,12,Dezembro,Caminhões,Semi-Leve,10,IVECO/DAILY 50-170,1,0.44
2022,12,Dezembro,Caminhões,Leve,1,M.BENZ/ACCELO 1016,320,33.64
2022,12,Dezembro,Caminhões,Leve,2,VW/MAN/9.170,201,31.38
2022,12,Dezembro,Caminhões,Leve,3,M.BENZ/ACCELO 815,163,20.2
2022,12,Dezembro,Caminhões,Leve,4,JAC/IEV1200T,45,4.87
2022,12,Dezembro,Caminhões,Leve,5,IVECO/TECTOR 9-190,35,4.68
2022,12,Dezembro,Caminhões,Leve,6,HYUNDAI/HD 80,16,2.4
2022,12,Dezembro,Caminhões,Leve,7,M.BENZ/ACCELO 915,3,0.82
2022,12,Dezembro,Caminhões,Leve,8,IVECO/DAILY 70C17,5,0.5
2022,12,Dezembro,Caminhões,Leve,9,AGRALE/A8700,2,0.36
2022,12,Dezembro,Caminhões,Leve,10,VW/MAN/9.160,0,0.32
2022,12,Dezembro,Caminhões,Médio,1,VW/MAN/11.180,459,53.71
2022,12,Dezembro,Caminhões,Médio,2,IVECO/TECTOR 11-190,130,11.07
2022,12,Dezembro,Caminhões,Médio,3,VW/MAN/14.190,43,10.69
2022,12,Dezembro,Caminhões,Médio,4,M.BENZ/ATEGO 1419,104,8.68
2022,12,Dezembro,Caminhões,Médio,5,VW/MAN/13.180,121,7.65
2022,12,Dezembro,Caminhões,Médio,6,M.BENZ/ACCELO 1316,48,4.7
2022,12,Dezembro,Caminhões,Médio,7,VW/MAN/E-DELIVERY,2,1.32
2022,12,Dezembro,Caminhões,Médio,8,M.BENZ/1418,14,0.84
2022,12,Dezembro,Caminhões,Médio,9,FOTON/AUMARK S 11T,20,0.7
2022,12,Dezembro,Caminhões,Médio,10,AGRALE/14000,1,0.15
2022,12,Dezembro,Caminhões,Semi-Pesado,1,VOLVO/VM 270,434,13.79
2022,12,Dezembro,Caminhões,Semi-Pesado,2,VW/MAN/24.280,214,8.64
2022,12,Dezembro,Caminhões,Semi-Pesado,3,VW/MAN/24.260,235,7.65
2022,12,Dezembro,Caminhões,Semi-Pesado,4,M.BENZ/ATEGO 2426,242,7.61
2022,12,Dezembro,Caminhões,Semi-Pesado,5,VW/MAN/17.190,171,7.52
2022,12,Dezembro,Caminhões,Semi-Pesado,6,M.BENZ/ATEGO 1719,223,7.08
2022,12,Dezembro,Caminhões,Semi-Pesado,7,VOLVO/VM 330,196,5.16
2022,12,Dezembro,Caminhões,Semi-Pesado,8,IVECO/TECTOR 240,131,4.8
2022,12,Dezembro,Caminhões,Semi-Pesado,9,VW/MAN/26.280,130,4.55
2022,12,Dezembro,Caminhões,Semi-Pesado,10,IVECO/TECTOR 170,62,3.7
2022,12,Dezembro,Caminhões,Pesado,1,VOLVO/FH 540,818,13.1
2022,12,Dezembro,Caminhões,Pesado,2,DAF/XF,771,9.93
2022,12,Dezembro,Caminhões,Pesado,3,VOLVO/FH 460,512,8.15
2022,12,Dezembro,Caminhões,Pesado,4,SCANIA/R450,708,8.14
2022,12,Dezembro,Caminhões,Pesado,5,M.BENZ/ACTROS 2651,428,5.63
2022,12,Dezembro,Caminhões,Pesado,6,SCANIA/R540,388,4.96
2022,12,Dezembro,Caminhões,Pesado,7,VW/MAN/29.520,239,3.82
2022,12,Dezembro,Caminhões,Pesado,8,M.BENZ/AXOR 2544,126,2.86
2022,12,Dezembro,Caminhões,Pesado,9,VOLVO/VM 330,160,2.83
2022,12,Dezembro,Caminhões,Pesado,10,M.BENZ/ATEGO 2730,171,2.78
2022,12,Dezembro,Motos,City,1,HONDA/CG 160,36744,68.1
2022,12,Dezembro,Motos,City,2,HONDA/CB 250F TWISTER,3296,7.6
2022,12,Dezembro,Motos,City,3,YAMAHA/YBR 150,3680,6.61
2022,12,Dezembro,Motos,City,4,YAMAHA/FAZER 250,3572,6.04
2022,12,Dezembro,Motos,City,5,YAMAHA/YS150 FAZER,1860,3.89
2022,12,Dezembro,Motos,City,6,YAMAHA/YBR 125,812,2.11
2022,12,Dezembro,Motos,City,7,YAMAHA/FAZER 150,3156,1.42
2022,12,Dezembro,Motos,City,8,MOTTU/SPORT 110I,3503,1.08
2022,12,Dezembro,Motos,City,9,TVS/SPORT 110I,45,0.92
2022,12,Dezembro,Motos,City,10,HAOJUE/DK150,211,0.42
2022,12,Dezembro,Motos,Custom,1,ROYAL ENFIELD/METEOR,310,44.37
2022,12,Dezembro,Motos,Custom,2,ROYAL ENFIELD/INTERCEPTOR,7,11.3
2022,12,Dezembro,Motos,Custom,3,KAWASAKI/VULCAN S,75,10.09
2022,12,Dezembro,Motos,Custom,4,ROYAL ENFIELD/CLASSIC 350,232,9.37
2022,12,Dezembro,Motos,Custom,5,ROYAL ENFIELD/CONTINENTAL GT,45,4.87
2022,12,Dezembro,Motos,Custom,6,H.DAVIDSON/FL FBS,28,3.12
2022,12,Dezembro,Motos,Custom,7,H.DAVIDSON/FX FBS,1,2.85
2022,12,Dezembro,Motos,Custom,8,H.DAVIDSON/RA1250,15,1.74
2022,12,Dezembro,Motos,Custom,9,BMW/R 18,89,1.49
2022,12,Dezembro,Motos,Custom,10,H.DAVIDSON/FLHCS,6,1.43
2022,12,Dezembro,Motos,Trail/Fun,1,HONDA/NXR160,13403,53.83
2022,12,Dezembro,Motos,Trail/Fun,2,HONDA/XRE 300,2815,10.94
2022,12,Dezembro,Motos,Trail/Fun,3,YAMAHA/XTZ 250,3723,10.03
2022,12,Dezembro,Motos,Trail/Fun,4,HONDA/XRE 190,3092,9.52
2022,12,Dezembro,Motos,Trail/Fun,5,YAMAHA/CROSSER 150,1713,6.37
2022,12,Dezembro,Motos,Trail/Fun,6,YAMAHA/XTZ150,75,3.62
2022,12,Dezembro,Motos,Trail/Fun,7,SHINERAY/XY 125,680,3.2
2022,12,Dezembro,Motos,Trail/Fun,8,BMW/G310 GS,179,0.85
2022,12,Dezembro,Motos,Trail/Fun,9,DAFRA/NH 190,141,0.8
2022,12,Dezembro,Motos,Trail/Fun,10,KAWASAKI/VERSYS 300,79,0.41
2022,12,Dezembro,Motos,Maxtrail,1,BMW/R1250GS,273,21.59
2022,12,Dezembro,Motos,Maxtrail,2,HONDA/CB 500X,233,12.81
2022,12,Dezembro,Motos,Maxtrail,3,TRIUMPH/TIGER 900,292,12.67
2022,12,Dezembro,Motos,Maxtrail,4,BMW/F850 GS,198,11.62
2022,12,Dezembro,Motos,Maxtrail,5,HONDA/NC 750X,223,11.29
2022,12,Dezembro,Motos,Maxtrail,6,ROYAL ENFIELD/HIMALAYAN,171,11.09
2022,12,Dezembro,Motos,Maxtrail,7,TRIUMPH/TIGER 1200,90,3.72
2022,12,Dezembro,Motos,Maxtrail,8,HONDA/CRF 1100L,42,3.51
2022,12,Dezembro,Motos,Maxtrail,9,BMW/F750 GS,67,2.18
2022,12,Dezembro,Motos,Maxtrail,10,KAWASAKI/VERSYS 650,35,1.67
2022,12,Dezembro,Motos,Naked/Roadster,1,YAMAHA/MT03,644,33.77
2022,12,Dezembro,Motos,Naked/Roadster,2,HONDA/CB 500,266,12.28
2022,12,Dezembro,Motos,Naked/Roadster,3,HONDA/CB 650R,133,11.09
2022,12,Dezembro,Motos,Naked/Roadster,4,YAMAHA/MT09,218,8.84
2022,12,Dezembro,Motos,Naked/Roadster,5,YAMAHA/MT07,187,7.47
2022,12,Dezembro,Motos,Naked/Roadster,6,KAWASAKI/Z900,198,6.61
2022,12,Dezembro,Motos,Naked/Roadster,7,KAWASAKI/Z400,196,6.12
2022,12,Dezembro,Motos,Naked/Roadster,8,HONDA/CB 1000R,57,2.55
2022,12,Dezembro,Motos,Naked/Roadster,9,KAWASAKI/Z650,59,1.98
2022,12,Dezembro,Motos,Naked/Roadster,10,SUZUKI/GSX-S750,4,1.92
2022,12,Dezembro,Motos,Scooter/Cub,1,HONDA/BIZ,18882,41.72
2022,12,Dezembro,Motos,Scooter/Cub,2,HONDA/POP 110I,11884,27.39
2022,12,Dezembro,Motos,Scooter/Cub,3,HONDA/PCX 150,325,6.34
2022,12,Dezembro,Motos,Scooter/Cub,4,HONDA/ELITE 125,1977,4.98
2022,12,Dezembro,Motos,Scooter/Cub,5,YAMAHA/NMAX,1293,3.73
2022,12,Dezembro,Motos,Scooter/Cub,6,HONDA/ADV 150,824,2.64
2022,12,Dezembro,Motos,Scooter/Cub,7,SHINERAY/XY 50,780,2.55
2022,12,Dezembro,Motos,Scooter/Cub,8,YAMAHA/NEO 125,1328,2.37
2022,12,Dezembro,Motos,Scooter/Cub,9,YAMAHA/FLUO 125,796,1.81
2022,12,Dezembro,Motos,Scooter/Cub,10,AVELLOZ/AZ1,609,1.66
2022,12,Dezembro,Motos,Sport,1,YAMAHA/YZF R3,198,29.06
2022,12,Dezembro,Motos,Sport,2,KAWASAKI/NINJA 400,68,21.89
2022,12,Dezembro,Motos,Sport,3,BMW/S1000 R,118,16.39
2022,12,Dezembro,Motos,Sport,4,HONDA/CBR 650R,49,13.18
2022,12,Dezembro,Motos,Sport,5,KAWASAKI/NINJA ZX 6,34,8.13
2022,12,Dezembro,Motos,Sport,6,KAWASAKI/NINJA 650,14,3.52
2022,12,Dezembro,Motos,Sport,7,KAWASAKI/NINJA ZX10,16,2.74
2022,12,Dezembro,Motos,Sport,8,DUCATI/PANIGALE V4,18,2.25
2022,12,Dezembro,Motos,Sport,9,SUZUKI/GSX 1300,8,1.56
2022,12,Dezembro,Motos,Sport,10,SUZUKI/GSXR1000,5,0.64
2022,12,Dezembro,Motos,Touring,1,H.DAVIDSON/FL TRK,18,28.47
2022,12,Dezembro,Motos,Touring,2,H.DAVIDSON/FLHTK,13,23.61
2022,12,Dezembro,Motos,Touring,3,H.DAVIDSON/FLH RXS,8,12.27
2022,12,Dezembro,Motos,Touring,4,H.DAVIDSON/FLHX,1,12.15
2022,12,Dezembro,Motos,Touring,5,H.DAVIDSON/FLT,8,10.53
2022,12,Dezembro,Motos,Touring,6,BMW/R1250 RT,5,6.6
2022,12,Dezembro,Motos,Touring,7,HONDA/GOLDWING,6,2.55
2022,12,Dezembro,Motos,Touring,8,H.DAVIDSON/FLTRK,1,2.08
2023,1,Janeiro,Autos,Veículos de Entrada,1,FIAT/MOBI,4208,38.53
2023,1,Janeiro,Autos,Veículos de Entrada,2,VW/GOL,3387,31.02
2023,1,Janeiro,Autos,Veículos de Entrada,3,RENAULT/KWID,3307,30.28
2023,1,Janeiro,Autos,Veículos de Entrada,4,VW/FUSCA,7,0.06
2023,1,Janeiro,Autos,Veículos de Entrada,5,FIAT/UNO,6,0.05
2023,1,Janeiro,Autos,Veículos de Entrada,6,VW/UP,3,0.03
2023,1,Janeiro,Autos,Veículos de Entrada,7,FIAT/PALIO,1,0.01
2023,1,Janeiro,Autos,Veículos de Entrada,8,GM/CHEVETTE,1,0.01
2023,1,Janeiro,Autos,Veículos de Entrada,9,TOYOTA/ETIOS HB,0,0
2023,1,Janeiro,Autos,Hatch Pequenos,1,GM/ONIX,7162,28.44
2023,1,Janeiro,Autos,Hatch Pequenos,2,HYUNDAI/HB20,4840,19.22
2023,1,Janeiro,Autos,Hatch Pequenos,3,FIAT/ARGO,4282,17.01
2023,1,Janeiro,Autos,Hatch Pequenos,4,VW/POLO,2115,8.4
2023,1,Janeiro,Autos,Hatch Pequenos,5,TOYOTA/YARIS HB,2072,8.23
2023,1,Janeiro,Autos,Hatch Pequenos,6,CITROEN/C3,1488,5.91
2023,1,Janeiro,Autos,Hatch Pequenos,7,HONDA/CITY HATCH,1442,5.73
2023,1,Janeiro,Autos,Hatch Pequenos,8,PEUGEOT/208,1201,4.77
2023,1,Janeiro,Autos,Hatch Pequenos,9,RENAULT/SANDERO,488,1.94
2023,1,Janeiro,Autos,Hatch Pequenos,10,MINI/COOPER,49,0.19
2023,1,Janeiro,Autos,Hatch Pequenos,11,JAC/E-JS1,23,0.09
2023,1,Janeiro,Autos,Hatch Pequenos,12,FIAT/500E,8,0.03
2023,1,Janeiro,Autos,Hatch Médios,1,NISSAN/LEAF,80,50.63
2023,1,Janeiro,Autos,Hatch Médios,2,AUDI/A3,32,20.25
2023,1,Janeiro,Autos,Hatch Médios,3,GM/CRUZE HB,25,15.82
2023,1,Janeiro,Autos,Hatch Médios,4,BMW/I3,9,5.7
2023,1,Janeiro,Autos,Hatch Médios,5,BMW/118I,5,3.16
2023,1,Janeiro,Autos,Hatch Médios,6,M.BENZ/A45 AMG,2,1.27
2023,1,Janeiro,Autos,Sedans Pequenos,1,FIAT/CRONOS,2481,38.39
2023,1,Janeiro,Autos,Sedans Pequenos,2,VW/VOYAGE,2004,31.01
2023,1,Janeiro,Autos,Sedans Pequenos,3,HYUNDAI/HB20S,1684,26.06
2023,1,Janeiro,Autos,Sedans Pequenos,4,RENAULT/LOGAN,286,4.43
2023,1,Janeiro,Autos,Sedans Pequenos,5,FIAT/SIENA,7,0.11
2023,1,Janeiro,Autos,Sedans Pequenos,6,GM/CLASSIC,1,0.02
2023,1,Janeiro,Autos,Sedans Pequenos,7,FORD/KA SEDAN,0,0
2023,1,Janeiro,Autos,Sedans Pequenos,8,NISSAN/VERSA,0,0
2023,1,Janeiro,Autos,Sedans Compactos,1,GM/ONIX PLUS,6164,67.31
2023,1,Janeiro,Autos,Sedans Compactos,2,TOYOTA/YARIS SEDAN,1099,12.0
2023,1,Janeiro,Autos,Sedans Compactos,3,HONDA/CITY,1091,11.91
2023,1,Janeiro,Autos,Sedans Compactos,4,VW/VIRTUS,490,5.35
2023,1,Janeiro,Autos,Sedans Compactos,5,NISSAN/VERSA,313,3.42
2023,1,Janeiro,Autos,Sedans Compactos,6,FORD/CORCEL I,1,0.01
2023,1,Janeiro,Autos,Sedans médios,1,TOYOTA/COROLLA,2238,86.24
2023,1,Janeiro,Autos,Sedans médios,2,GM/CRUZE SEDAN,86,3.31
2023,1,Janeiro,Autos,Sedans médios,3,CAOA CHERY/ARRIZO 6,61,2.35
2023,1,Janeiro,Autos,Sedans médios,4,AUDI/A3 SEDAN,46,1.77
2023,1,Janeiro,Autos,Sedans médios,5,AUDI/A5,4,1.7
2023,1,Janeiro,Autos,Sedans médios,6,HONDA/CIVIC,42,1.62
2023,1,Janeiro,Autos,Sedans médios,7,BMW/420I,16,0.62
2023,1,Janeiro,Autos,Sedans médios,8,M.BENZ/CLA45,16,0.62
2023,1,Janeiro,Autos,Sedans médios,9,VW/JETTA,15,0.58
2023,1,Janeiro,Autos,Sedans médios,10,BMW/218I,9,0.35
2023,1,Janeiro,Autos,Sedans médios,11,M.BENZ/CLA35,8,0.31
2023,1,Janeiro,Autos,Sedans médios,12,KIA/CERATO,5,0.19
2023,1,Janeiro,Autos,Sedans médios,13,NISSAN/SENTRA,5,0.19
2023,1,Janeiro,Autos,Sedans médios,14,JAC/E-J7,4,0.15
2023,1,Janeiro,Autos,Sedans médios,15,BMW/M440I,0,0
2023,1,Janeiro,Autos,Sedans médios,16,GM/IMPALA,0,0
2023,1,Janeiro,Autos,Sedans médios,17,M.BENZ/CLASSE A,0,0
2023,1,Janeiro,Autos,Sedans Grandes,1,BMW/320I,254,44.25
2023,1,Janeiro,Autos,Sedans Grandes,2,M.BENZ/CLASSE C,108,18.82
2023,1,Janeiro,Autos,Sedans Grandes,3,BMW/330E,7,13.41
2023,1,Janeiro,Autos,Sedans Grandes,4,AUDI/A4,28,4.88
2023,1,Janeiro,Autos,Sedans Grandes,5,M.BENZ/CLA250,27,4.7
2023,1,Janeiro,Autos,Sedans Grandes,6,PORSCHE/PANAMERA,20,3.48
2023,1,Janeiro,Autos,Sedans Grandes,7,BYD/HAN,17,2.96
2023,1,Janeiro,Autos,Sedans Grandes,8,BMW/I4,1,1.92
2023,1,Janeiro,Autos,Sedans Grandes,9,BMW/530E,4,0.7
2023,1,Janeiro,Autos,Sedans Grandes,10,TOYOTA/CAMRY,4,0.7
2023,1,Janeiro,Autos,Sedans Grandes,11,TESLA/MODEL 3,4,0.7
2023,1,Janeiro,Autos,Sedans Grandes,12,LEXUS/ES300,3,0.52
2023,1,Janeiro,Autos,Sw Médios,1,VW/SPACE FOX,1,100.0
2023,1,Janeiro,Autos,Sw Grandes,1,AUDI/RS6 AVANT,1,100.0
2023,1,Janeiro,Autos,Monocab,1,GM/BOLT,4,100.0
2023,1,Janeiro,Autos,Grandcab,1,GM/SPIN,1415,99.09
2023,1,Janeiro,Autos,Grandcab,2,KIA/CARNIVAL,10,0.7
2023,1,Janeiro,Autos,Grandcab,3,CHRYSLER/GCARAVAN,1,0.07
2023,1,Janeiro,Autos,Grandcab,4,BYD/D1,1,0.07
2023,1,Janeiro,Autos,Sports,1,PORSCHE/911,79,37.98
2023,1,Janeiro,Autos,Sports,2,BMW/M3,3,15.87
2023,1,Janeiro,Autos,Sports,3,FORD/MUSTANG,26,12.5
2023,1,Janeiro,Autos,Sports,4,PORSCHE/TAYCAN,20,9.62
2023,1,Janeiro,Autos,Sports,5,JAGUAR/F-TYPE,10,4.81
2023,1,Janeiro,Autos,Sports,6,PORSCHE/CAYMAN,10,4.81
2023,1,Janeiro,Autos,Sports,7,GM/CORVETTE,6,2.88
2023,1,Janeiro,Autos,Sports,8,GM/CAMARO,4,1.92
2023,1,Janeiro,Autos,Sports,9,FERRARI/F8 SPIDER,2,0.96
2023,1,Janeiro,Autos,Suv's,1,GM/TRACKER,5296,11.23
2023,1,Janeiro,Autos,Suv's,2,HYUNDAI/CRETA,4969,10.54
2023,1,Janeiro,Autos,Suv's,3,VW/T CROSS,4454,9.45
2023,1,Janeiro,Autos,Suv's,4,JEEP/COMPASS,4139,8.78
2023,1,Janeiro,Autos,Suv's,5,VW/NIVUS,3100,6.58
2023,1,Janeiro,Autos,Suv's,6,JEEP/RENEGADE,3049,6.47
2023,1,Janeiro,Autos,Suv's,7,FIAT/PULSE,3015,6.4
2023,1,Janeiro,Autos,Suv's,8,NISSAN/KICKS,2984,6.33
2023,1,Janeiro,Autos,Suv's,9,FIAT/FASTBACK,2707,5.74
2023,1,Janeiro,Autos,Suv's,10,TOYOTA/COROLLA CROSS,2604,5.52
2023,1,Janeiro,Autos,Suv's,11,RENAULT/DUSTER,1495,3.17
2023,1,Janeiro,Autos,Suv's,12,JEEP/COMMANDER,1289,2.73
2023,1,Janeiro,Autos,Suv's,13,VW/TAOS,1184,2.51
2023,1,Janeiro,Autos,Suv's,14,TOYOTA/HILUX SW4,937,1.99
2023,1,Janeiro,Autos,Suv's,15,HONDA/HR-V,698,1.48
2023,1,Janeiro,Autos,Suv's,16,CAOA CHERY/TIGGO 8,588,1.25
2023,1,Janeiro,Autos,Suv's,17,VOLVO/XC60,578,1.23
2023,1,Janeiro,Autos,Suv's,18,CAOA CHERY/TIGGO 7,372,0.79
2023,1,Janeiro,Autos,Suv's,19,GM/EQUINOX,316,0.67
2023,1,Janeiro,Autos,Suv's,20,CAOA CHERY/TIGGO 5X,293,0.62
2023,1,Janeiro,Autos,Suv's,21,CITROEN/C4 CACTUS,253,0.54
2023,1,Janeiro,Autos,Suv's,22,MITSUBISHI/ECLIPSE CROSS,215,0.46
2023,1,Janeiro,Autos,Suv's,23,PEUGEOT/2008,158,0.34
2023,1,Janeiro,Autos,Suv's,24,VOLVO/XC40,156,0.33
2023,1,Janeiro,Autos,Suv's,25,MITSUBISHI/PAJERO,138,0.29
2023,1,Janeiro,Autos,Suv's,26,BMW/X3,119,0.25
2023,1,Janeiro,Autos,Suv's,27,AUDI/Q5,100,0.21
2023,1,Janeiro,Autos,Suv's,28,KIA/STONIC,8,0.19
2023,1,Janeiro,Autos,Suv's,29,M.BENZ/CLASSE GLA,85,0.18
2023,1,Janeiro,Autos,Suv's,30,PORSCHE/MACAN,85,0.18
2023,1,Janeiro,Autos,Suv's,31,KIA/SPORTAGE,80,0.17
2023,1,Janeiro,Autos,Suv's,32,M.BENZ/CLASSE GLB,80,0.17
2023,1,Janeiro,Autos,Suv's,33,PORSCHE/CAYENNE,80,0.17
2023,1,Janeiro,Autos,Suv's,34,AUDI/Q3,79,0.17
2023,1,Janeiro,Autos,Suv's,35,BYD/YUAN PLUS,79,0.17
2023,1,Janeiro,Autos,Suv's,36,BMW/X6,74,0.16
2023,1,Janeiro,Autos,Suv's,37,MINI/COOPER COUNTRYMAN,74,0.16
2023,1,Janeiro,Autos,Suv's,38,GM/TRAILBLAZER,71,0.15
2023,1,Janeiro,Autos,Suv's,39,BMW/X5,69,0.15
2023,1,Janeiro,Autos,Suv's,40,M.BENZ/GLE,67,0.14
2023,1,Janeiro,Com. Leves,Pick-up's Pequenas,1,FIAT/STRADA,6996,72.05
2023,1,Janeiro,Com. Leves,Pick-up's Pequenas,2,VW/SAVEIRO,2714,27.95
2023,1,Janeiro,Com. Leves,Pick-up's Pequenas,3,FORD/RANCHERO,0,0
2023,1,Janeiro,Com. Leves,Pick-up's Pequenas,4,GM/MONTANA,0,0
2023,1,Janeiro,Com. Leves,Pick-up's Grandes,1,TOYOTA/HILUX,3435,25.87
2023,1,Janeiro,Com. Leves,Pick-up's Grandes,2,FIAT/TORO,3281,24.71
2023,1,Janeiro,Com. Leves,Pick-up's Grandes,3,GM/S10,2039,15.36
2023,1,Janeiro,Com. Leves,Pick-up's Grandes,4,FORD/RANGER,977,7.36
2023,1,Janeiro,Com. Leves,Pick-up's Grandes,5,MITSUBISHI/L200,783,5.9
2023,1,Janeiro,Com. Leves,Pick-up's Grandes,6,RENAULT/OROCH,716,5.39
2023,1,Janeiro,Com. Leves,Pick-up's Grandes,7,NISSAN/FRONTIER,661,4.98
2023,1,Janeiro,Com. Leves,Pick-up's Grandes,8,VW/AMAROK,567,4.27
2023,1,Janeiro,Com. Leves,Pick-up's Grandes,9,RAM/3500,270,2.03
2023,1,Janeiro,Com. Leves,Pick-up's Grandes,10,RAM/CLASSIC,166,1.25
2023,1,Janeiro,Com. Leves,Pick-up's Grandes,11,RAM/2500,107,0.81
2023,1,Janeiro,Com. Leves,Furgões,1,RENAULT/MASTER,664,30.43
2023,1,Janeiro,Com. Leves,Furgões,2,FIAT/SCUDO,277,12.69
2023,1,Janeiro,Com. Leves,Furgões,3,FORD/TRANSIT,260,11.92
2023,1,Janeiro,Com. Leves,Furgões,4,KIA/K2500,214,9.81
2023,1,Janeiro,Com. Leves,Furgões,5,CITROEN/JUMPY,173,7.93
2023,1,Janeiro,Com. Leves,Furgões,6,PEUGEOT/EXPERT,148,6.78
2023,1,Janeiro,Com. Leves,Furgões,7,IVECO/DAILY,134,6.14
2023,1,Janeiro,Com. Leves,Furgões Pequenos,1,FIAT/FIORINO,1303,91.89
2023,1,Janeiro,Com. Leves,Furgões Pequenos,2,PEUGEOT/PARTNER,102,7.19
2023,1,Janeiro,Com. Leves,Furgões Pequenos,3,BYD/T3,7,0.49
2023,1,Janeiro,Com. Leves,Furgões Pequenos,4,FIAT/STRADA,4,0.28
2023,1,Janeiro,Caminhões,Semi-Leve,1,M.BENZ/SPRINTER 416,224,51.14
2023,1,Janeiro,Caminhões,Semi-Leve,2,M.BENZ/SPRINTER 516,78,17.81
2023,1,Janeiro,Caminhões,Semi-Leve,3,IVECO/DAILY 65-170,4,10.05
2023,1,Janeiro,Caminhões,Semi-Leve,4,IVECO/DAILY 45-170,42,9.59
2023,1,Janeiro,Caminhões,Semi-Leve,5,VW/MAN/6.160,16,3.65
2023,1,Janeiro,Caminhões,Semi-Leve,6,IVECO/DAILY 55-170,15,3.42
2023,1,Janeiro,Caminhões,Semi-Leve,7,M.BENZ/SPRINTER,13,2.97
2023,1,Janeiro,Caminhões,Semi-Leve,8,VW/MAN/4.160,4,0.91
2023,1,Janeiro,Caminhões,Semi-Leve,9,IVECO/DAILY 50-170,1,0.23
2023,1,Janeiro,Caminhões,Semi-Leve,10,M.BENZ/SPRINTER 415,1,0.23
2023,1,Janeiro,Caminhões,Leve,1,M.BENZ/ACCELO 1016,305,42.72
2023,1,Janeiro,Caminhões,Leve,2,VW/MAN/9.170,171,23.95
2023,1,Janeiro,Caminhões,Leve,3,M.BENZ/ACCELO 815,146,20.45
2023,1,Janeiro,Caminhões,Leve,4,HYUNDAI/HD 80,45,6.3
2023,1,Janeiro,Caminhões,Leve,5,IVECO/TECTOR 9-190,23,3.22
2023,1,Janeiro,Caminhões,Leve,6,JAC/IEV1200T,10,1.4
2023,1,Janeiro,Caminhões,Leve,7,FOTON/AUMARK S 6.5 T,5,0.7
2023,1,Janeiro,Caminhões,Leve,8,IVECO/DAILY 70C17,3,0.42
2023,1,Janeiro,Caminhões,Leve,9,AGRALE/A8700,2,0.28
2023,1,Janeiro,Caminhões,Leve,10,IVECO/DAILY 70-170,2,0.28
2023,1,Janeiro,Caminhões,Médio,1,VW/MAN/11.180,319,49.69
2023,1,Janeiro,Caminhões,Médio,2,IVECO/TECTOR 11-190,102,15.89
2023,1,Janeiro,Caminhões,Médio,3,M.BENZ/ACCELO 1316,61,9.5
2023,1,Janeiro,Caminhões,Médio,4,VW/MAN/13.180,58,9.03
2023,1,Janeiro,Caminhões,Médio,5,M.BENZ/ATEGO 1419,49,7.63
2023,1,Janeiro,Caminhões,Médio,6,VW/MAN/14.190,32,4.98
2023,1,Janeiro,Caminhões,Médio,7,FOTON/AUMARK S 11T,9,1.4
2023,1,Janeiro,Caminhões,Médio,8,M.BENZ/1418,6,0.93
2023,1,Janeiro,Caminhões,Médio,9,VW/MAN/E-DELIVERY,5,0.78
2023,1,Janeiro,Caminhões,Médio,10,VW/MAN/15.180,1,0.16
2023,1,Janeiro,Caminhões,Semi-Pesado,1,VOLVO/VM 270,384,15.14
2023,1,Janeiro,Caminhões,Semi-Pesado,2,VW/MAN/24.260,215,8.47
2023,1,Janeiro,Caminhões,Semi-Pesado,3,VW/MAN/17.190,189,7.45
2023,1,Janeiro,Caminhões,Semi-Pesado,4,M.BENZ/ATEGO 1719,185,7.29
2023,1,Janeiro,Caminhões,Semi-Pesado,5,M.BENZ/ATEGO 2426,176,6.94
2023,1,Janeiro,Caminhões,Semi-Pesado,6,VW/MAN/24.280,162,6.39
2023,1,Janeiro,Caminhões,Semi-Pesado,7,VOLVO/VM 330,133,5.24
2023,1,Janeiro,Caminhões,Semi-Pesado,8,VW/MAN/17.260,127,5.01
2023,1,Janeiro,Caminhões,Semi-Pesado,9,IVECO/TECTOR 240,119,4.69
2023,1,Janeiro,Caminhões,Semi-Pesado,10,M.BENZ/ATEGO 3030,118,4.65
2023,1,Janeiro,Caminhões,Pesado,1,VOLVO/FH 540,882,14.99
2023,1,Janeiro,Caminhões,Pesado,2,DAF/XF,752,12.78
2023,1,Janeiro,Caminhões,Pesado,3,SCANIA/R450,515,8.75
2023,1,Janeiro,Caminhões,Pesado,4,M.BENZ/ACTROS 2651,339,5.76
2023,1,Janeiro,Caminhões,Pesado,5,VOLVO/FH 460,339,5.76
2023,1,Janeiro,Caminhões,Pesado,6,SCANIA/R540,236,4.01
2023,1,Janeiro,Caminhões,Pesado,7,VW/MAN/29.520,216,3.67
2023,1,Janeiro,Caminhões,Pesado,8,M.BENZ/ATEGO 2730,209,3.55
2023,1,Janeiro,Caminhões,Pesado,9,SCANIA/G540,197,3.35
2023,1,Janeiro,Caminhões,Pesado,10,M.BENZ/AXOR 34,194,3.3
2023,1,Janeiro,Motos,City,1,HONDA/CG 160,30386,60.65
2023,1,Janeiro,Motos,City,2,MOTTU/SPORT 110I,4444,8.87
2023,1,Janeiro,Motos,City,3,YAMAHA/YBR 150,3392,6.77
2023,1,Janeiro,Motos,City,4,YAMAHA/FAZER 250,2978,5.94
2023,1,Janeiro,Motos,City,5,YAMAHA/FAZER 150,2790,5.57
2023,1,Janeiro,Motos,City,6,HONDA/CB 250F TWISTER,2170,4.33
2023,1,Janeiro,Motos,City,7,YAMAHA/YS150 FAZER,1883,3.76
2023,1,Janeiro,Motos,City,8,YAMAHA/YBR 125,511,1.02
2023,1,Janeiro,Motos,City,9,VOLTZ/EVS,259,0.52
2023,1,Janeiro,Motos,City,10,HAOJUE/DK150,182,0.36
2023,1,Janeiro,Motos,Custom,1,ROYAL ENFIELD/METEOR,286,32.91
2023,1,Janeiro,Motos,Custom,2,ROYAL ENFIELD/CLASSIC 350,279,32.11
2023,1,Janeiro,Motos,Custom,3,ROYAL ENFIELD/INTERCEPTOR,87,10.01
2023,1,Janeiro,Motos,Custom,4,KAWASAKI/VULCAN S,74,8.52
2023,1,Janeiro,Motos,Custom,5,BMW/R 18,3,3.8
2023,1,Janeiro,Motos,Custom,6,ROYAL ENFIELD/CONTINENTAL GT,31,3.57
2023,1,Janeiro,Motos,Custom,7,H.DAVIDSON/FL FBS,18,2.07
2023,1,Janeiro,Motos,Custom,8,H.DAVIDSON/FX FBS,9,1.04
2023,1,Janeiro,Motos,Custom,9,TRIUMPH/BONNEVILLE,8,0.92
2023,1,Janeiro,Motos,Custom,10,TRIUMPH/SPEED TWIN,8,0.92
2023,1,Janeiro,Motos,Trail/Fun,1,HONDA/NXR160,10104,47.39
2023,1,Janeiro,Motos,Trail/Fun,2,YAMAHA/XTZ 250,3548,16.64
2023,1,Janeiro,Motos,Trail/Fun,3,HONDA/XRE 190,3027,14.2
2023,1,Janeiro,Motos,Trail/Fun,4,HONDA/XRE 300,1749,8.2
2023,1,Janeiro,Motos,Trail/Fun,5,YAMAHA/CROSSER 150,1577,7.4
2023,1,Janeiro,Motos,Trail/Fun,6,SHINERAY/XY 125,709,3.33
2023,1,Janeiro,Motos,Trail/Fun,7,DAFRA/NH 190,193,0.91
2023,1,Janeiro,Motos,Trail/Fun,8,BMW/G310 GS,130,0.61
2023,1,Janeiro,Motos,Trail/Fun,9,HAOJUE/NK 150,116,0.54
2023,1,Janeiro,Motos,Trail/Fun,10,KAWASAKI/VERSYS 300,89,0.42
2023,1,Janeiro,Motos,Maxtrail,1,HONDA/CB 500X,281,16.31
2023,1,Janeiro,Motos,Maxtrail,2,BMW/R1250GS,232,13.46
2023,1,Janeiro,Motos,Maxtrail,3,TRIUMPH/TIGER 900,197,11.43
2023,1,Janeiro,Motos,Maxtrail,4,HONDA/NC 750X,186,10.8
2023,1,Janeiro,Motos,Maxtrail,5,ROYAL ENFIELD/HIMALAYAN,182,10.56
2023,1,Janeiro,Motos,Maxtrail,6,BMW/F850 GS,135,7.84
2023,1,Janeiro,Motos,Maxtrail,7,KAWASAKI/VERSYS 650,97,5.63
2023,1,Janeiro,Motos,Maxtrail,8,HONDA/CRF 1100L,94,5.46
2023,1,Janeiro,Motos,Maxtrail,9,BMW/F750 GS,82,4.76
2023,1,Janeiro,Motos,Maxtrail,10,TRIUMPH/TIGER,64,3.71
2023,1,Janeiro,Motos,Naked/Roadster,1,YAMAHA/MT03,530,32.36
2023,1,Janeiro,Motos,Naked/Roadster,2,HONDA/CB 500,246,15.02
2023,1,Janeiro,Motos,Naked/Roadster,3,YAMAHA/MT07,188,11.48
2023,1,Janeiro,Motos,Naked/Roadster,4,YAMAHA/MT09,168,10.26
2023,1,Janeiro,Motos,Naked/Roadster,5,HONDA/CB 650R,136,8.3
2023,1,Janeiro,Motos,Naked/Roadster,6,KAWASAKI/Z900,8,5.37
2023,1,Janeiro,Motos,Naked/Roadster,7,HONDA/CB 1000R,54,3.3
2023,1,Janeiro,Motos,Naked/Roadster,8,KAWASAKI/Z400,40,2.44
2023,1,Janeiro,Motos,Naked/Roadster,9,BMW/G310 R,38,2.32
2023,1,Janeiro,Motos,Naked/Roadster,10,KAWASAKI/Z650,30,1.83
2023,1,Janeiro,Motos,Scooter/Cub,1,HONDA/BIZ,13812,40.3
2023,1,Janeiro,Motos,Scooter/Cub,2,HONDA/POP 110I,8771,25.59
2023,1,Janeiro,Motos,Scooter/Cub,3,HONDA/PCX 160,2659,7.76
2023,1,Janeiro,Motos,Scooter/Cub,4,HONDA/ELITE 125,1816,5.3
2023,1,Janeiro,Motos,Scooter/Cub,5,YAMAHA/NMAX,1329,3.88
2023,1,Janeiro,Motos,Scooter/Cub,6,YAMAHA/NEO 125,1254,3.66
2023,1,Janeiro,Motos,Scooter/Cub,7,HONDA/ADV 150,954,2.78
2023,1,Janeiro,Motos,Scooter/Cub,8,YAMAHA/FLUO 125,814,2.38
2023,1,Janeiro,Motos,Scooter/Cub,9,SHINERAY/XY 50,761,2.22
2023,1,Janeiro,Motos,Scooter/Cub,10,AVELLOZ/AZ1,615,1.79
2023,1,Janeiro,Motos,Sport,1,YAMAHA/YZF R3,180,38.96
2023,1,Janeiro,Motos,Sport,2,BMW/S1000 R,110,23.81
2023,1,Janeiro,Motos,Sport,3,KAWASAKI/NINJA 400,83,17.97
2023,1,Janeiro,Motos,Sport,4,KAWASAKI/NINJA ZX 6,3,7.14
2023,1,Janeiro,Motos,Sport,5,HONDA/CBR 650R,26,5.63
2023,1,Janeiro,Motos,Sport,6,DUCATI/PANIGALE V4,8,1.73
2023,1,Janeiro,Motos,Sport,7,SUZUKI/GSX 1300,8,1.73
2023,1,Janeiro,Motos,Sport,8,KAWASAKI/NINJA 650,5,1.08
2023,1,Janeiro,Motos,Sport,9,KAWASAKI/NINJA ZX10,5,1.08
2023,1,Janeiro,Motos,Sport,10,SUZUKI/GSXR1000,3,0.65
2023,1,Janeiro,Motos,Touring,1,H.DAVIDSON/FLHTK,9,22.5
2023,1,Janeiro,Motos,Touring,2,H.DAVIDSON/FL TRK,8,20.0
2023,1,Janeiro,Motos,Touring,3,BMW/R1250 RT,5,12.5
2023,1,Janeiro,Motos,Touring,4,H.DAVIDSON/FLHX,5,12.5
2023,1,Janeiro,Motos,Touring,5,H.DAVIDSON/FLH RXS,4,10.0
2023,1,Janeiro,Motos,Touring,6,H.DAVIDSON/FLT,4,10.0
2023,1,Janeiro,Motos,Touring,7,HONDA/GOLDWING,3,7.5
2023,1,Janeiro,Motos,Touring,8,BMW/K 1600,2,5.0
2023,2,Fevereiro,Autos,Veículos de Entrada,1,FIAT/MOBI,4074,41.4
2023,2,Fevereiro,Autos,Veículos de Entrada,2,RENAULT/KWID,3827,35.66
2023,2,Fevereiro,Autos,Veículos de Entrada,3,VW/GOL,1172,22.79
2023,2,Fevereiro,Autos,Veículos de Entrada,4,VW/FUSCA,6,0.06
2023,2,Fevereiro,Autos,Veículos de Entrada,5,FIAT/UNO,4,0.05
2023,2,Fevereiro,Autos,Veículos de Entrada,6,VW/UP,0,0.01
2023,2,Fevereiro,Autos,Veículos de Entrada,7,FIAT/PALIO,1,0.01
2023,2,Fevereiro,Autos,Veículos de Entrada,8,FIAT/147,1,0
2023,2,Fevereiro,Autos,Veículos de Entrada,9,GM/CHEVETTE,0,0
2023,2,Fevereiro,Autos,Hatch Pequenos,1,GM/ONIX,6084,27.42
2023,2,Fevereiro,Autos,Hatch Pequenos,2,FIAT/ARGO,4536,18.25
2023,2,Fevereiro,Autos,Hatch Pequenos,3,HYUNDAI/HB20,2992,16.21
2023,2,Fevereiro,Autos,Hatch Pequenos,4,VW/POLO,3762,12.16
2023,2,Fevereiro,Autos,Hatch Pequenos,5,TOYOTA/YARIS HB,1576,7.55
2023,2,Fevereiro,Autos,Hatch Pequenos,6,CITROEN/C3,1313,5.8
2023,2,Fevereiro,Autos,Hatch Pequenos,7,HONDA/CITY HATCH,1232,5.53
2023,2,Fevereiro,Autos,Hatch Pequenos,8,PEUGEOT/208,1163,4.89
2023,2,Fevereiro,Autos,Hatch Pequenos,9,RENAULT/SANDERO,392,1.82
2023,2,Fevereiro,Autos,Hatch Pequenos,10,MINI/COOPER,38,0.18
2023,2,Fevereiro,Autos,Hatch Pequenos,11,JAC/E-JS1,29,0.11
2023,2,Fevereiro,Autos,Hatch Pequenos,12,FIAT/500E,9,0.04
2023,2,Fevereiro,Autos,Hatch Médios,1,NISSAN/LEAF,6,39.45
2023,2,Fevereiro,Autos,Hatch Médios,2,AUDI/A3,26,26.61
2023,2,Fevereiro,Autos,Hatch Médios,3,GM/CRUZE HB,20,20.64
2023,2,Fevereiro,Autos,Hatch Médios,4,BMW/I3,1,4.59
2023,2,Fevereiro,Autos,Hatch Médios,5,M.BENZ/CLASSE A,4,2.75
2023,2,Fevereiro,Autos,Hatch Médios,6,BMW/118I,0,2.29
2023,2,Fevereiro,Autos,Sedans Pequenos,1,FIAT/CRONOS,1653,44.32
2023,2,Fevereiro,Autos,Sedans Pequenos,2,HYUNDAI/HB20S,1098,29.83
2023,2,Fevereiro,Autos,Sedans Pequenos,3,VW/VOYAGE,57,22.1
2023,2,Fevereiro,Autos,Sedans Pequenos,4,RENAULT/LOGAN,54,3.65
2023,2,Fevereiro,Autos,Sedans Pequenos,5,FIAT/SIENA,2,0.1
2023,2,Fevereiro,Autos,Sedans Pequenos,6,GM/CLASSIC,0,0.01
2023,2,Fevereiro,Autos,Sedans Compactos,1,GM/ONIX PLUS,5125,65.92
2023,2,Fevereiro,Autos,Sedans Compactos,2,HONDA/CITY,1084,12.7
2023,2,Fevereiro,Autos,Sedans Compactos,3,TOYOTA/YARIS SEDAN,773,10.93
2023,2,Fevereiro,Autos,Sedans Compactos,4,VW/VIRTUS,614,6.45
2023,2,Fevereiro,Autos,Sedans Compactos,5,NISSAN/VERSA,370,3.99
2023,2,Fevereiro,Autos,Sedans Compactos,6,FORD/CORCEL I,1,0.01
2023,2,Fevereiro,Autos,Sedans médios,1,TOYOTA/COROLLA,2847,86.46
2023,2,Fevereiro,Autos,Sedans médios,2,HONDA/CIVIC,157,3.38
2023,2,Fevereiro,Autos,Sedans médios,3,GM/CRUZE SEDAN,49,2.3
2023,2,Fevereiro,Autos,Sedans médios,4,CAOA CHERY/ARRIZO 6,47,1.84
2023,2,Fevereiro,Autos,Sedans médios,5,AUDI/A5,47,1.55
2023,2,Fevereiro,Autos,Sedans médios,6,AUDI/A3 SEDAN,30,1.29
2023,2,Fevereiro,Autos,Sedans médios,7,VW/JETTA,53,1.16
2023,2,Fevereiro,Autos,Sedans médios,8,M.BENZ/CLA45,13,0.49
2023,2,Fevereiro,Autos,Sedans médios,9,BMW/420I,10,0.44
2023,2,Fevereiro,Autos,Sedans médios,10,BMW/218I,13,0.37
2023,2,Fevereiro,Autos,Sedans médios,11,JAC/E-J7,10,0.24
2023,2,Fevereiro,Autos,Sedans médios,12,M.BENZ/CLA35,5,0.22
2023,2,Fevereiro,Autos,Sedans médios,13,KIA/CERATO,2,0.12
2023,2,Fevereiro,Autos,Sedans médios,14,NISSAN/SENTRA,1,0.1
2023,2,Fevereiro,Autos,Sedans médios,15,HYUNDAI/IONIQ,1,0.02
2023,2,Fevereiro,Autos,Sedans médios,16,VW/SANTANA,1,0.02
2023,2,Fevereiro,Autos,Sedans Grandes,1,BMW/320I,330,49.91
2023,2,Fevereiro,Autos,Sedans Grandes,2,M.BENZ/CLASSE C,81,16.15
2023,2,Fevereiro,Autos,Sedans Grandes,3,BMW/330E,71,12.65
2023,2,Fevereiro,Autos,Sedans Grandes,4,M.BENZ/CLA250,40,5.73
2023,2,Fevereiro,Autos,Sedans Grandes,5,AUDI/A4,29,4.87
2023,2,Fevereiro,Autos,Sedans Grandes,6,PORSCHE/PANAMERA,12,2.74
2023,2,Fevereiro,Autos,Sedans Grandes,7,BYD/HAN,6,1.97
2023,2,Fevereiro,Autos,Sedans Grandes,8,BMW/I4,8,1.62
2023,2,Fevereiro,Autos,Sedans Grandes,9,LEXUS/ES300,3,0.51
2023,2,Fevereiro,Autos,Sedans Grandes,10,TOYOTA/CAMRY,2,0.51
2023,2,Fevereiro,Autos,Sedans Grandes,11,BMW/530E,1,0.43
2023,2,Fevereiro,Autos,Sedans Grandes,12,M.BENZ/CLASSE E,3,0.43
2023,2,Fevereiro,Autos,Sw Médios,1,VW/PARATI,1,50.0
2023,2,Fevereiro,Autos,Sw Médios,2,VW/SPACE FOX,0,50.0
2023,2,Fevereiro,Autos,Sw Grandes,1,AUDI/RS6 AVANT,2,100.0
2023,2,Fevereiro,Autos,Monocab,1,GM/BOLT,4,88.89
2023,2,Fevereiro,Autos,Monocab,2,FIAT/DOBLO,1,11.11
2023,2,Fevereiro,Autos,Grandcab,1,GM/SPIN,1309,98.91
2023,2,Fevereiro,Autos,Grandcab,2,KIA/CARNIVAL,5,0.54
2023,2,Fevereiro,Autos,Grandcab,3,BYD/D1,8,0.33
2023,2,Fevereiro,Autos,Grandcab,4,TOYOTA/SIENNA,3,0.11
2023,2,Fevereiro,Autos,Sports,1,PORSCHE/911,69,36.45
2023,2,Fevereiro,Autos,Sports,2,BMW/M3,31,15.76
2023,2,Fevereiro,Autos,Sports,3,FORD/MUSTANG,36,15.27
2023,2,Fevereiro,Autos,Sports,4,PORSCHE/TAYCAN,26,11.33
2023,2,Fevereiro,Autos,Sports,5,JAGUAR/F-TYPE,7,4.19
2023,2,Fevereiro,Autos,Sports,6,PORSCHE/CAYMAN,3,3.2
2023,2,Fevereiro,Autos,Sports,7,GM/CORVETTE,4,2.46
2023,2,Fevereiro,Autos,Sports,8,GM/CAMARO,2,1.48
2023,2,Fevereiro,Autos,Sports,9,DODGE/CHALLENGER,4,1.23
2023,2,Fevereiro,Autos,Suv's,1,HYUNDAI/CRETA,4606,10.14
2023,2,Fevereiro,Autos,Suv's,2,GM/TRACKER,3769,9.6
2023,2,Fevereiro,Autos,Suv's,3,VW/T CROSS,4294,9.27
2023,2,Fevereiro,Autos,Suv's,4,JEEP/COMPASS,4430,9.08
2023,2,Fevereiro,Autos,Suv's,5,NISSAN/KICKS,3495,6.86
2023,2,Fevereiro,Autos,Suv's,6,JEEP/RENEGADE,3019,6.43
2023,2,Fevereiro,Autos,Suv's,7,TOYOTA/COROLLA CROSS,3335,6.29
2023,2,Fevereiro,Autos,Suv's,8,VW/NIVUS,2774,6.22
2023,2,Fevereiro,Autos,Suv's,9,FIAT/PULSE,2761,6.12
2023,2,Fevereiro,Autos,Suv's,10,FIAT/FASTBACK,2393,5.4
2023,2,Fevereiro,Autos,Suv's,11,RENAULT/DUSTER,2152,3.86
2023,2,Fevereiro,Autos,Suv's,12,JEEP/COMMANDER,1577,3.04
2023,2,Fevereiro,Autos,Suv's,13,HONDA/HR-V,1709,2.55
2023,2,Fevereiro,Autos,Suv's,14,VW/TAOS,995,2.31
2023,2,Fevereiro,Autos,Suv's,15,TOYOTA/HILUX SW4,915,1.96
2023,2,Fevereiro,Autos,Suv's,16,CAOA CHERY/TIGGO 8,577,1.23
2023,2,Fevereiro,Autos,Suv's,17,VOLVO/XC60,198,0.82
2023,2,Fevereiro,Autos,Suv's,18,CAOA CHERY/TIGGO 7,375,0.79
2023,2,Fevereiro,Autos,Suv's,19,CAOA CHERY/TIGGO 5X,293,0.62
2023,2,Fevereiro,Autos,Suv's,20,GM/EQUINOX,269,0.62
2023,2,Fevereiro,Autos,Suv's,21,CITROEN/C4 CACTUS,289,0.57
2023,2,Fevereiro,Autos,Suv's,22,MITSUBISHI/ECLIPSE CROSS,234,0.48
2023,2,Fevereiro,Autos,Suv's,23,VOLVO/XC40,180,0.36
2023,2,Fevereiro,Autos,Suv's,24,MITSUBISHI/PAJERO,124,0.28
2023,2,Fevereiro,Autos,Suv's,25,PEUGEOT/2008,91,0.26
2023,2,Fevereiro,Autos,Suv's,26,AUDI/Q5,124,0.24
2023,2,Fevereiro,Autos,Suv's,27,AUDI/Q3,119,0.21
2023,2,Fevereiro,Autos,Suv's,28,PORSCHE/CAYENNE,109,0.2
2023,2,Fevereiro,Autos,Suv's,29,BYD/SONG PLUS,145,0.19
2023,2,Fevereiro,Autos,Suv's,30,PORSCHE/MACAN,92,0.19
2023,2,Fevereiro,Autos,Suv's,31,BMW/X3,53,0.18
2023,2,Fevereiro,Autos,Suv's,32,SUZUKI/JIMNY SIERRA,9,0.17
2023,2,Fevereiro,Autos,Suv's,33,KIA/STONIC,68,0.17
2023,2,Fevereiro,Autos,Suv's,34,M.BENZ/CLASSE GLB,74,0.16
2023,2,Fevereiro,Autos,Suv's,35,GM/TRAILBLAZER,80,0.16
2023,2,Fevereiro,Autos,Suv's,36,M.BENZ/CLASSE GLA,65,0.16
2023,2,Fevereiro,Autos,Suv's,37,KIA/SPORTAGE,69,0.16
2023,2,Fevereiro,Autos,Suv's,38,BMW/X6,72,0.15
2023,2,Fevereiro,Autos,Suv's,39,VOLVO/XC90,86,0.15
2023,2,Fevereiro,Autos,Suv's,40,BYD/YUAN PLUS,64,0.15
2023,2,Fevereiro,Com. Leves,Pick-up's Pequenas,1,FIAT/STRADA,6836,74.21
2023,2,Fevereiro,Com. Leves,Pick-up's Pequenas,2,VW/SAVEIRO,2092,25.78
2023,2,Fevereiro,Com. Leves,Pick-up's Pequenas,3,GM/MONTANA,1,0.01
2023,2,Fevereiro,Com. Leves,Pick-up's Grandes,1,FIAT/TORO,3191,25.51
2023,2,Fevereiro,Com. Leves,Pick-up's Grandes,2,TOYOTA/HILUX,2814,24.63
2023,2,Fevereiro,Com. Leves,Pick-up's Grandes,3,GM/S10,1512,13.99
2023,2,Fevereiro,Com. Leves,Pick-up's Grandes,4,FORD/RANGER,1025,7.89
2023,2,Fevereiro,Com. Leves,Pick-up's Grandes,5,MITSUBISHI/L200,787,6.19
2023,2,Fevereiro,Com. Leves,Pick-up's Grandes,6,RENAULT/OROCH,718,5.65
2023,2,Fevereiro,Com. Leves,Pick-up's Grandes,7,NISSAN/FRONTIER,429,4.3
2023,2,Fevereiro,Com. Leves,Pick-up's Grandes,8,VW/AMAROK,453,4.02
2023,2,Fevereiro,Com. Leves,Pick-up's Grandes,9,RAM/3500,239,2.01
2023,2,Fevereiro,Com. Leves,Pick-up's Grandes,10,GM/MONTANA,349,1.73
2023,2,Fevereiro,Com. Leves,Pick-up's Grandes,11,RAM/CLASSIC,161,1.29
2023,2,Fevereiro,Com. Leves,Furgões,1,RENAULT/MASTER,482,27.86
2023,2,Fevereiro,Com. Leves,Furgões,2,FIAT/SCUDO,224,12.18
2023,2,Fevereiro,Com. Leves,Furgões,3,FORD/TRANSIT,222,11.72
2023,2,Fevereiro,Com. Leves,Furgões,4,KIA/K2500,208,10.26
2023,2,Fevereiro,Com. Leves,Furgões,5,CITROEN/JUMPY,248,10.23
2023,2,Fevereiro,Com. Leves,Furgões,6,PEUGEOT/EXPERT,114,6.37
2023,2,Fevereiro,Com. Leves,Furgões,7,IVECO/DAILY,112,5.98
2023,2,Fevereiro,Com. Leves,Furgões Pequenos,1,FIAT/FIORINO,911,92.02
2023,2,Fevereiro,Com. Leves,Furgões Pequenos,2,PEUGEOT/PARTNER,65,6.94
2023,2,Fevereiro,Com. Leves,Furgões Pequenos,3,BYD/T3,1,0.75
2023,2,Fevereiro,Com. Leves,Furgões Pequenos,4,FIAT/STRADA,1,0.21
2023,2,Fevereiro,Caminhões,Semi-Leve,1,M.BENZ/SPRINTER 416,224,51.67
2023,2,Fevereiro,Caminhões,Semi-Leve,2,M.BENZ/SPRINTER 516,63,16.26
2023,2,Fevereiro,Caminhões,Semi-Leve,3,IVECO/DAILY 65-170,56,11.53
2023,2,Fevereiro,Caminhões,Semi-Leve,4,IVECO/DAILY 45-170,29,8.19
2023,2,Fevereiro,Caminhões,Semi-Leve,5,VW/MAN/6.160,24,4.61
2023,2,Fevereiro,Caminhões,Semi-Leve,6,IVECO/DAILY 55-170,18,3.81
2023,2,Fevereiro,Caminhões,Semi-Leve,7,M.BENZ/SPRINTER,8,2.42
2023,2,Fevereiro,Caminhões,Semi-Leve,8,VW/MAN/4.160,2,0.69
2023,2,Fevereiro,Caminhões,Semi-Leve,9,M.BENZ/SPRINTER 417,3,0.35
2023,2,Fevereiro,Caminhões,Semi-Leve,10,IVECO/DAILY 50-170,1,0.23
2023,2,Fevereiro,Caminhões,Leve,1,M.BENZ/ACCELO 1016,311,41.71
2023,2,Fevereiro,Caminhões,Leve,2,VW/MAN/9.170,186,24.17
2023,2,Fevereiro,Caminhões,Leve,3,M.BENZ/ACCELO 815,151,20.11
2023,2,Fevereiro,Caminhões,Leve,4,JAC/IEV1200T,53,4.27
2023,2,Fevereiro,Caminhões,Leve,5,HYUNDAI/HD 80,16,4.13
2023,2,Fevereiro,Caminhões,Leve,6,IVECO/TECTOR 9-190,34,3.86
2023,2,Fevereiro,Caminhões,Leve,7,FOTON/AUMARK S 6.5 T,2,0.47
2023,2,Fevereiro,Caminhões,Leve,8,IVECO/DAILY 70C17,3,0.41
2023,2,Fevereiro,Caminhões,Leve,9,VW/MAN/9.160,4,0.27
2023,2,Fevereiro,Caminhões,Leve,10,AGRALE/A8700,1,0.2
2023,2,Fevereiro,Caminhões,Médio,1,VW/MAN/11.180,341,49.11
2023,2,Fevereiro,Caminhões,Médio,2,IVECO/TECTOR 11-190,116,16.22
2023,2,Fevereiro,Caminhões,Médio,3,VW/MAN/13.180,7,10.04
2023,2,Fevereiro,Caminhões,Médio,4,M.BENZ/ACCELO 1316,54,8.56
2023,2,Fevereiro,Caminhões,Médio,5,M.BENZ/ATEGO 1419,60,8.11
2023,2,Fevereiro,Caminhões,Médio,6,VW/MAN/14.190,32,4.76
2023,2,Fevereiro,Caminhões,Médio,7,FOTON/AUMARK S 11T,12,1.56
2023,2,Fevereiro,Caminhões,Médio,8,VW/MAN/E-DELIVERY,5,0.74
2023,2,Fevereiro,Caminhões,Médio,9,M.BENZ/1418,2,0.6
2023,2,Fevereiro,Caminhões,Médio,10,AGRALE/14000,1,0.07
2023,2,Fevereiro,Caminhões,Semi-Pesado,1,VOLVO/VM 270,342,14.39
2023,2,Fevereiro,Caminhões,Semi-Pesado,2,VW/MAN/24.260,183,7.89
2023,2,Fevereiro,Caminhões,Semi-Pesado,3,VW/MAN/17.190,188,7.47
2023,2,Fevereiro,Caminhões,Semi-Pesado,4,VW/MAN/24.280,212,7.41
2023,2,Fevereiro,Caminhões,Semi-Pesado,5,M.BENZ/ATEGO 2426,165,6.76
2023,2,Fevereiro,Caminhões,Semi-Pesado,6,M.BENZ/ATEGO 1719,153,6.7
2023,2,Fevereiro,Caminhões,Semi-Pesado,7,VOLVO/VM 330,147,5.55
2023,2,Fevereiro,Caminhões,Semi-Pesado,8,IVECO/TECTOR 240,132,4.97
2023,2,Fevereiro,Caminhões,Semi-Pesado,9,VW/MAN/17.260,101,4.52
2023,2,Fevereiro,Caminhões,Semi-Pesado,10,VW/MAN/31.280,108,4.06
2023,2,Fevereiro,Caminhões,Pesado,1,VOLVO/FH 540,340,13.13
2023,2,Fevereiro,Caminhões,Pesado,2,DAF/XF,414,12.53
2023,2,Fevereiro,Caminhões,Pesado,3,SCANIA/R450,138,7.02
2023,2,Fevereiro,Caminhões,Pesado,4,M.BENZ/ACTROS 2651,193,5.72
2023,2,Fevereiro,Caminhões,Pesado,5,VOLVO/FH 460,165,5.42
2023,2,Fevereiro,Caminhões,Pesado,6,VW/MAN/29.520,184,4.3
2023,2,Fevereiro,Caminhões,Pesado,7,M.BENZ/ATEGO 2730,163,4.0
2023,2,Fevereiro,Caminhões,Pesado,8,SCANIA/R540,111,3.73
2023,2,Fevereiro,Caminhões,Pesado,9,M.BENZ/AXOR 2544,153,3.68
2023,2,Fevereiro,Caminhões,Pesado,10,M.BENZ/AXOR 3131,160,3.27
2023,2,Fevereiro,Motos,City,1,HONDA/CG 160,27109,60.68
2023,2,Fevereiro,Motos,City,2,MOTTU/SPORT 110I,3468,8.35
2023,2,Fevereiro,Motos,City,3,YAMAHA/YBR 150,3003,6.75
2023,2,Fevereiro,Motos,City,4,YAMAHA/FAZER 250,2790,6.09
2023,2,Fevereiro,Motos,City,5,YAMAHA/FAZER 150,1935,4.99
2023,2,Fevereiro,Motos,City,6,YAMAHA/YS150 FAZER,1594,3.67
2023,2,Fevereiro,Motos,City,7,HONDA/CB 250F TWISTER,490,2.81
2023,2,Fevereiro,Motos,City,8,HONDA/CB 300F,2098,2.24
2023,2,Fevereiro,Motos,City,9,YAMAHA/YBR 125,689,1.27
2023,2,Fevereiro,Motos,City,10,HAOJUE/DK150,189,0.39
2023,2,Fevereiro,Motos,Custom,1,ROYAL ENFIELD/METEOR,290,34.66
2023,2,Fevereiro,Motos,Custom,2,ROYAL ENFIELD/CLASSIC 350,217,29.84
2023,2,Fevereiro,Motos,Custom,3,ROYAL ENFIELD/INTERCEPTOR,71,9.51
2023,2,Fevereiro,Motos,Custom,4,KAWASAKI/VULCAN S,63,8.24
2023,2,Fevereiro,Motos,Custom,5,ROYAL ENFIELD/CONTINENTAL GT,29,3.61
2023,2,Fevereiro,Motos,Custom,6,BMW/R 18,19,3.13
2023,2,Fevereiro,Motos,Custom,7,H.DAVIDSON/FL FBS,15,1.99
2023,2,Fevereiro,Motos,Custom,8,TRIUMPH/BONNEVILLE,19,1.62
2023,2,Fevereiro,Motos,Custom,9,TRIUMPH/SPEED TWIN,12,1.2
2023,2,Fevereiro,Motos,Custom,10,TRIUMPH/SCRAMBLER 900,10,1.02
2023,2,Fevereiro,Motos,Trail/Fun,1,HONDA/NXR160,9474,48.65
2023,2,Fevereiro,Motos,Trail/Fun,2,YAMAHA/XTZ 250,2906,16.04
2023,2,Fevereiro,Motos,Trail/Fun,3,HONDA/XRE 190,1742,11.85
2023,2,Fevereiro,Motos,Trail/Fun,4,HONDA/XRE 300,1836,8.91
2023,2,Fevereiro,Motos,Trail/Fun,5,YAMAHA/CROSSER 150,1768,8.31
2023,2,Fevereiro,Motos,Trail/Fun,6,SHINERAY/XY 125,649,3.37
2023,2,Fevereiro,Motos,Trail/Fun,7,DAFRA/NH 190,142,0.83
2023,2,Fevereiro,Motos,Trail/Fun,8,BMW/G310 GS,162,0.73
2023,2,Fevereiro,Motos,Trail/Fun,9,HAOJUE/NK 150,84,0.5
2023,2,Fevereiro,Motos,Trail/Fun,10,KAWASAKI/VERSYS 300,79,0.42
2023,2,Fevereiro,Motos,Maxtrail,1,HONDA/CB 500X,270,16.94
2023,2,Fevereiro,Motos,Maxtrail,2,BMW/R1250GS,249,14.79
2023,2,Fevereiro,Motos,Maxtrail,3,TRIUMPH/TIGER 900,188,11.81
2023,2,Fevereiro,Motos,Maxtrail,4,HONDA/NC 750X,159,10.61
2023,2,Fevereiro,Motos,Maxtrail,5,ROYAL ENFIELD/HIMALAYAN,159,10.49
2023,2,Fevereiro,Motos,Maxtrail,6,BMW/F850 GS,115,7.69
2023,2,Fevereiro,Motos,Maxtrail,7,HONDA/CRF 1100L,80,5.35
2023,2,Fevereiro,Motos,Maxtrail,8,KAWASAKI/VERSYS 650,69,5.1
2023,2,Fevereiro,Motos,Maxtrail,9,BMW/F750 GS,48,4.0
2023,2,Fevereiro,Motos,Maxtrail,10,TRIUMPH/TIGER 1200,48,3.41
2023,2,Fevereiro,Motos,Naked/Roadster,1,YAMAHA/MT03,487,31.73
2023,2,Fevereiro,Motos,Naked/Roadster,2,HONDA/CB 500,244,15.29
2023,2,Fevereiro,Motos,Naked/Roadster,3,YAMAHA/MT07,180,11.48
2023,2,Fevereiro,Motos,Naked/Roadster,4,YAMAHA/MT09,171,10.58
2023,2,Fevereiro,Motos,Naked/Roadster,5,HONDA/CB 650R,145,8.77
2023,2,Fevereiro,Motos,Naked/Roadster,6,KAWASAKI/Z900,68,4.87
2023,2,Fevereiro,Motos,Naked/Roadster,7,HONDA/CB 1000R,36,2.81
2023,2,Fevereiro,Motos,Naked/Roadster,8,KAWASAKI/Z400,42,2.56
2023,2,Fevereiro,Motos,Naked/Roadster,9,BMW/G310 R,29,2.09
2023,2,Fevereiro,Motos,Naked/Roadster,10,KAWASAKI/Z650,19,1.53
2023,2,Fevereiro,Motos,Scooter/Cub,1,HONDA/BIZ,13338,40.64
2023,2,Fevereiro,Motos,Scooter/Cub,2,HONDA/POP 110I,8255,25.49
2023,2,Fevereiro,Motos,Scooter/Cub,3,HONDA/PCX 160,1935,6.88
2023,2,Fevereiro,Motos,Scooter/Cub,4,HONDA/ELITE 125,1654,5.19
2023,2,Fevereiro,Motos,Scooter/Cub,5,YAMAHA/NEO 125,1272,3.78
2023,2,Fevereiro,Motos,Scooter/Cub,6,YAMAHA/NMAX,1141,3.7
2023,2,Fevereiro,Motos,Scooter/Cub,7,HONDA/ADV 150,1042,2.99
2023,2,Fevereiro,Motos,Scooter/Cub,8,YAMAHA/FLUO 125,921,2.6
2023,2,Fevereiro,Motos,Scooter/Cub,9,SHINERAY/XY 50,662,2.13
2023,2,Fevereiro,Motos,Scooter/Cub,10,AVELLOZ/AZ1,590,1.8
2023,2,Fevereiro,Motos,Sport,1,YAMAHA/YZF R3,148,36.85
2023,2,Fevereiro,Motos,Sport,2,BMW/S1000 R,110,24.72
2023,2,Fevereiro,Motos,Sport,3,KAWASAKI/NINJA 400,79,18.2
2023,2,Fevereiro,Motos,Sport,4,KAWASAKI/NINJA ZX 6,2,6.18
2023,2,Fevereiro,Motos,Sport,5,HONDA/CBR 650R,23,5.51
2023,2,Fevereiro,Motos,Sport,6,SUZUKI/GSX 1300,9,1.91
2023,2,Fevereiro,Motos,Sport,7,DUCATI/PANIGALE V4,8,1.8
2023,2,Fevereiro,Motos,Sport,8,KAWASAKI/NINJA ZX10,1,1.8
2023,2,Fevereiro,Motos,Sport,9,SUZUKI/GSXR1000,10,1.46
2023,2,Fevereiro,Motos,Sport,10,HONDA/CBR 1000RR,7,0.79
2023,2,Fevereiro,Motos,Touring,1,H.DAVIDSON/FL TRK,12,21.98
2023,2,Fevereiro,Motos,Touring,2,H.DAVIDSON/FLHTK,1,21.98
2023,2,Fevereiro,Motos,Touring,3,H.DAVIDSON/FLH RXS,7,12.09
2023,2,Fevereiro,Motos,Touring,4,H.DAVIDSON/FLHX,5,10.99
2023,2,Fevereiro,Motos,Touring,5,BMW/R1250 RT,4,9.89
2023,2,Fevereiro,Motos,Touring,6,HONDA/GOLDWING,5,8.79
2023,2,Fevereiro,Motos,Touring,7,H.DAVIDSON/FLT,3,7.69
2023,2,Fevereiro,Motos,Touring,8,BMW/K 1600,4,6.59
2023,3,Março,Autos,Veículos de Entrada,1,FIAT/MOBI,6384,43.32
2023,3,Março,Autos,Veículos de Entrada,2,RENAULT/KWID,6704,40.88
2023,3,Março,Autos,Veículos de Entrada,3,VW/GOL,741,15.66
2023,3,Março,Autos,Veículos de Entrada,4,VW/FUSCA,15,0.08
2023,3,Março,Autos,Veículos de Entrada,5,FIAT/UNO,3,0.04
2023,3,Março,Autos,Veículos de Entrada,6,VW/UP,0,0.01
2023,3,Março,Autos,Veículos de Entrada,7,FIAT/PALIO,0,0.01
2023,3,Março,Autos,Veículos de Entrada,8,FIAT/147,0,0
2023,3,Março,Autos,Veículos de Entrada,9,GM/CHEVETTE,0,0
2023,3,Março,Autos,Hatch Pequenos,1,GM/ONIX,8283,24.57
2023,3,Março,Autos,Hatch Pequenos,2,HYUNDAI/HB20,8363,18.48
2023,3,Março,Autos,Hatch Pequenos,3,FIAT/ARGO,6171,17.11
2023,3,Março,Autos,Hatch Pequenos,4,VW/POLO,8197,16.06
2023,3,Março,Autos,Hatch Pequenos,5,TOYOTA/YARIS HB,2016,6.46
2023,3,Março,Autos,Hatch Pequenos,6,CITROEN/C3,2035,5.52
2023,3,Março,Autos,Hatch Pequenos,7,PEUGEOT/208,2101,5.09
2023,3,Março,Autos,Hatch Pequenos,8,HONDA/CITY HATCH,1340,4.58
2023,3,Março,Autos,Hatch Pequenos,9,RENAULT/SANDERO,658,1.76
2023,3,Março,Autos,Hatch Pequenos,10,MINI/COOPER,82,0.19
2023,3,Março,Autos,Hatch Pequenos,11,JAC/E-JS1,39,0.1
2023,3,Março,Autos,Hatch Pequenos,12,FIAT/500E,7,0.03
2023,3,Março,Autos,Hatch Médios,1,NISSAN/LEAF,8,31.33
2023,3,Março,Autos,Hatch Médios,2,GM/CRUZE HB,40,28.33
2023,3,Março,Autos,Hatch Médios,3,AUDI/A3,20,26.0
2023,3,Março,Autos,Hatch Médios,4,M.BENZ/CLASSE A,9,5.0
2023,3,Março,Autos,Hatch Médios,5,BMW/I3,0,3.33
2023,3,Março,Autos,Hatch Médios,6,BMW/118I,0,1.67
2023,3,Março,Autos,Sedans Pequenos,1,FIAT/CRONOS,3442,50.36
2023,3,Março,Autos,Sedans Pequenos,2,HYUNDAI/HB20S,2025,31.96
2023,3,Março,Autos,Sedans Pequenos,3,VW/VOYAGE,1,13.71
2023,3,Março,Autos,Sedans Pequenos,4,RENAULT/LOGAN,240,3.86
2023,3,Março,Autos,Sedans Pequenos,5,FIAT/SIENA,3,0.08
2023,3,Março,Autos,Sedans Pequenos,6,TOYOTA/ETIOS SEDAN,2,0.01
2023,3,Março,Autos,Sedans Pequenos,7,FORD/FIESTA SEDAN,1,0.01
2023,3,Março,Autos,Sedans Pequenos,8,FORD/KA SEDAN,1,0.01
2023,3,Março,Autos,Sedans Pequenos,9,GM/CLASSIC,0,0.01
2023,3,Março,Autos,Sedans Pequenos,10,GM/CORSA SEDAN,1,0.01
2023,3,Março,Autos,Sedans Compactos,1,GM/ONIX PLUS,7104,64.05
2023,3,Março,Autos,Sedans Compactos,2,HONDA/CITY,1249,11.92
2023,3,Março,Autos,Sedans Compactos,3,TOYOTA/YARIS SEDAN,932,9.76
2023,3,Março,Autos,Sedans Compactos,4,VW/VIRTUS,1562,9.28
2023,3,Março,Autos,Sedans Compactos,5,NISSAN/VERSA,741,4.96
2023,3,Março,Autos,Sedans Compactos,6,FORD/CORCEL,4,0.01
2023,3,Março,Autos,Sedans médios,1,TOYOTA/COROLLA,3865,83.71
2023,3,Março,Autos,Sedans médios,2,NISSAN/SENTRA,453,4.29
2023,3,Março,Autos,Sedans médios,3,HONDA/CIVIC,76,2.57
2023,3,Março,Autos,Sedans médios,4,GM/CRUZE SEDAN,83,2.04
2023,3,Março,Autos,Sedans médios,5,VW/JETTA,145,1.99
2023,3,Março,Autos,Sedans médios,6,CAOA CHERY/ARRIZO 6,61,1.58
2023,3,Março,Autos,Sedans médios,7,AUDI/A5,48,1.3
2023,3,Março,Autos,Sedans médios,8,AUDI/A3 SEDAN,41,1.09
2023,3,Março,Autos,Sedans médios,9,M.BENZ/CLA45,15,0.41
2023,3,Março,Autos,Sedans médios,10,BMW/218I,7,0.27
2023,3,Março,Autos,Sedans médios,11,BMW/420I,3,0.27
2023,3,Março,Autos,Sedans médios,12,M.BENZ/CLA35,9,0.21
2023,3,Março,Autos,Sedans médios,13,JAC/E-J7,0,0.13
2023,3,Março,Autos,Sedans médios,14,KIA/CERATO,2,0.08
2023,3,Março,Autos,Sedans médios,15,HYUNDAI/IONIQ,0,0.01
2023,3,Março,Autos,Sedans médios,16,M.BENZ/CLASSE A,1,0.01
2023,3,Março,Autos,Sedans médios,17,RENAULT/FLUENCE,1,0.01
2023,3,Março,Autos,Sedans médios,18,TOYOTA/PRIUS,0,0.01
2023,3,Março,Autos,Sedans médios,19,VW/SANTANA,0,0.01
2023,3,Março,Autos,Sedans Grandes,1,BMW/320I,551,53.56
2023,3,Março,Autos,Sedans Grandes,2,BMW/330E,120,12.65
2023,3,Março,Autos,Sedans Grandes,3,M.BENZ/CLASSE C,36,10.62
2023,3,Março,Autos,Sedans Grandes,4,AUDI/A4,73,6.13
2023,3,Março,Autos,Sedans Grandes,5,M.BENZ/CLA250,56,5.8
2023,3,Março,Autos,Sedans Grandes,6,PORSCHE/PANAMERA,4,3.59
2023,3,Março,Autos,Sedans Grandes,7,BYD/HAN,12,1.65
2023,3,Março,Autos,Sedans Grandes,8,BMW/I4,4,1.09
2023,3,Março,Autos,Sedans Grandes,9,LEXUS/ES300,12,0.85
2023,3,Março,Autos,Sedans Grandes,10,TOYOTA/CAMRY,9,0.76
2023,3,Março,Autos,Sedans Grandes,11,AUDI/E TRON GT,7,0.47
2023,3,Março,Autos,Sedans Grandes,12,BMW/530E,2,0.33
2023,3,Março,Autos,Sw Médios,1,VW/PARATI,1,66.67
2023,3,Março,Autos,Sw Médios,2,VW/SPACE FOX,0,33.33
2023,3,Março,Autos,Sw Grandes,1,AUDI/RS6 AVANT,0,60.0
2023,3,Março,Autos,Sw Grandes,2,GM/CARAVAN,1,20.0
2023,3,Março,Autos,Sw Grandes,3,VW/QUANTUM,1,20.0
2023,3,Março,Autos,Monocab,1,GM/BOLT,14,91.67
2023,3,Março,Autos,Monocab,2,FIAT/DOBLO,1,8.33
2023,3,Março,Autos,Grandcab,1,GM/SPIN,1781,99.12
2023,3,Março,Autos,Grandcab,2,KIA/CARNIVAL,6,0.48
2023,3,Março,Autos,Grandcab,3,BYD/D1,3,0.26
2023,3,Março,Autos,Grandcab,4,TOYOTA/SIENNA,0,0.07
2023,3,Março,Autos,Sports,1,PORSCHE/911,92,35.45
2023,3,Março,Autos,Sports,2,BMW/M3,47,16.4
2023,3,Março,Autos,Sports,3,FORD/MUSTANG,39,14.92
2023,3,Março,Autos,Sports,4,PORSCHE/TAYCAN,24,10.34
2023,3,Março,Autos,Sports,5,JAGUAR/F-TYPE,7,3.55
2023,3,Março,Autos,Sports,6,PORSCHE/BOXSTER,21,3.4
2023,3,Março,Autos,Sports,7,PORSCHE/CAYMAN,8,3.1
2023,3,Março,Autos,Sports,8,GM/CORVETTE,3,1.92
2023,3,Março,Autos,Sports,9,DODGE/CHALLENGER,4,1.33
2023,3,Março,Autos,Suv's,1,JEEP/COMPASS,6988,9.6
2023,3,Março,Autos,Suv's,2,HYUNDAI/CRETA,5851,9.51
2023,3,Março,Autos,Suv's,3,GM/TRACKER,5431,8.94
2023,3,Março,Autos,Suv's,4,VW/T CROSS,5420,8.74
2023,3,Março,Autos,Suv's,5,NISSAN/KICKS,4844,6.98
2023,3,Março,Autos,Suv's,6,JEEP/RENEGADE,4674,6.63
2023,3,Março,Autos,Suv's,7,TOYOTA/COROLLA CROSS,4511,6.45
2023,3,Março,Autos,Suv's,8,FIAT/PULSE,4276,6.2
2023,3,Março,Autos,Suv's,9,VW/NIVUS,3210,5.6
2023,3,Março,Autos,Suv's,10,FIAT/FASTBACK,3605,5.37
2023,3,Março,Autos,Suv's,11,HONDA/HR-V,4063,3.99
2023,3,Março,Autos,Suv's,12,RENAULT/DUSTER,2031,3.5
2023,3,Março,Autos,Suv's,13,JEEP/COMMANDER,2522,3.32
2023,3,Março,Autos,Suv's,14,TOYOTA/HILUX SW4,1412,2.01
2023,3,Março,Autos,Suv's,15,VW/TAOS,855,1.87
2023,3,Março,Autos,Suv's,16,CAOA CHERY/TIGGO 8,653,1.12
2023,3,Março,Autos,Suv's,17,VOLVO/XC60,504,0.79
2023,3,Março,Autos,Suv's,18,CAOA CHERY/TIGGO 7,475,0.75
2023,3,Março,Autos,Suv's,19,CITROEN/C4 CACTUS,564,0.68
2023,3,Março,Autos,Suv's,20,CAOA CHERY/TIGGO 5X,479,0.66
2023,3,Março,Autos,Suv's,21,GM/EQUINOX,342,0.57
2023,3,Março,Autos,Suv's,22,MITSUBISHI/ECLIPSE CROSS,258,0.44
2023,3,Março,Autos,Suv's,23,VOLVO/XC40,117,0.28
2023,3,Março,Autos,Suv's,24,PEUGEOT/2008,182,0.27
2023,3,Março,Autos,Suv's,25,AUDI/Q5,201,0.26
2023,3,Março,Autos,Suv's,26,MITSUBISHI/PAJERO,155,0.26
2023,3,Março,Autos,Suv's,27,PORSCHE/MACAN,228,0.25
2023,3,Março,Autos,Suv's,28,PORSCHE/CAYENNE,195,0.24
2023,3,Março,Autos,Suv's,29,BYD/SONG PLUS,205,0.24
2023,3,Março,Autos,Suv's,30,GM/TRAILBLAZER,210,0.22
2023,3,Março,Autos,Suv's,31,AUDI/Q3,150,0.21
2023,3,Março,Autos,Suv's,32,LAND ROVER/DISCOVERY,202,0.19
2023,3,Março,Autos,Suv's,33,M.BENZ/CLASSE GLB,147,0.19
2023,3,Março,Autos,Suv's,34,BMW/X1,245,0.18
2023,3,Março,Autos,Suv's,35,M.BENZ/CLASSE GLA,139,0.18
2023,3,Março,Autos,Suv's,36,TOYOTA/RAV4,176,0.18
2023,3,Março,Autos,Suv's,37,FORD/TERRITORY,144,0.17
2023,3,Março,Autos,Suv's,38,KIA/STONIC,116,0.17
2023,3,Março,Autos,Suv's,39,SUZUKI/JIMNY SIERRA,105,0.17
2023,3,Março,Autos,Suv's,40,VOLVO/XC90,120,0.16
2023,3,Março,Com. Leves,Pick-up's Pequenas,1,FIAT/STRADA,9928,76.14
2023,3,Março,Com. Leves,Pick-up's Pequenas,2,VW/SAVEIRO,2637,23.85
2023,3,Março,Com. Leves,Pick-up's Pequenas,3,GM/MONTANA,1,0.01
2023,3,Março,Com. Leves,Pick-up's Pequenas,4,PEUGEOT/PARTNER,1,0
2023,3,Março,Com. Leves,Pick-up's Grandes,1,FIAT/TORO,5607,24.82
2023,3,Março,Com. Leves,Pick-up's Grandes,2,TOYOTA/HILUX,4362,21.8
2023,3,Março,Com. Leves,Pick-up's Grandes,3,GM/S10,2701,12.85
2023,3,Março,Com. Leves,Pick-up's Grandes,4,GM/MONTANA,3987,9.1
2023,3,Março,Com. Leves,Pick-up's Grandes,5,FORD/RANGER,1978,8.18
2023,3,Março,Com. Leves,Pick-up's Grandes,6,RENAULT/OROCH,1208,5.43
2023,3,Março,Com. Leves,Pick-up's Grandes,7,MITSUBISHI/L200,952,5.18
2023,3,Março,Com. Leves,Pick-up's Grandes,8,NISSAN/FRONTIER,571,3.41
2023,3,Março,Com. Leves,Pick-up's Grandes,9,VW/AMAROK,601,3.33
2023,3,Março,Com. Leves,Pick-up's Grandes,10,RAM/3500,553,2.18
2023,3,Março,Com. Leves,Pick-up's Grandes,11,RAM/CLASSIC,251,1.19
2023,3,Março,Com. Leves,Furgões,1,RENAULT/MASTER,789,27.86
2023,3,Março,Com. Leves,Furgões,2,FIAT/SCUDO,378,12.68
2023,3,Março,Com. Leves,Furgões,3,FORD/TRANSIT,337,11.87
2023,3,Março,Com. Leves,Furgões,4,KIA/K2500,286,10.2
2023,3,Março,Com. Leves,Furgões,5,CITROEN/JUMPY,231,9.39
2023,3,Março,Com. Leves,Furgões,6,VW/MAN/EXPRESS,224,6.64
2023,3,Março,Com. Leves,Furgões,7,PEUGEOT/EXPERT,154,5.99
2023,3,Março,Com. Leves,Furgões Pequenos,1,FIAT/FIORINO,1634,93.06
2023,3,Março,Com. Leves,Furgões Pequenos,2,PEUGEOT/PARTNER,84,6.07
2023,3,Março,Com. Leves,Furgões Pequenos,3,BYD/T3,4,0.53
2023,3,Março,Com. Leves,Furgões Pequenos,4,FIAT/STRADA,7,0.29
2023,3,Março,Caminhões,Semi-Leve,1,M.BENZ/SPRINTER 416,186,46.14
2023,3,Março,Caminhões,Semi-Leve,2,M.BENZ/SPRINTER 516,102,17.69
2023,3,Março,Caminhões,Semi-Leve,3,IVECO/DAILY 65-170,4,10.48
2023,3,Março,Caminhões,Semi-Leve,4,IVECO/DAILY 45-170,41,8.15
2023,3,Março,Caminhões,Semi-Leve,5,VW/MAN/6.160,29,5.02
2023,3,Março,Caminhões,Semi-Leve,6,IVECO/DAILY 55-170,26,4.29
2023,3,Março,Caminhões,Semi-Leve,7,M.BENZ/SPRINTER 417,49,3.78
2023,3,Março,Caminhões,Semi-Leve,8,M.BENZ/SPRINTER,24,3.28
2023,3,Março,Caminhões,Semi-Leve,9,VW/MAN/4.160,0,0.44
2023,3,Março,Caminhões,Semi-Leve,10,M.BENZ/SPRINTER 415,2,0.22
2023,3,Março,Caminhões,Leve,1,M.BENZ/ACCELO 1016,286,38.48
2023,3,Março,Caminhões,Leve,2,VW/MAN/9.170,220,24.62
2023,3,Março,Caminhões,Leve,3,M.BENZ/ACCELO 815,186,20.61
2023,3,Março,Caminhões,Leve,4,IVECO/TECTOR 9-190,57,4.86
2023,3,Março,Caminhões,Leve,5,HYUNDAI/HD 80,40,4.31
2023,3,Março,Caminhões,Leve,6,JAC/IEV1200T,31,4.01
2023,3,Março,Caminhões,Leve,7,VW/MAN/9.180,18,0.81
2023,3,Março,Caminhões,Leve,8,FOTON/AUMARK S 6.5 T,5,0.51
2023,3,Março,Caminhões,Leve,9,IVECO/DAILY 70C17,5,0.47
2023,3,Março,Caminhões,Leve,10,AGRALE/A8700,7,0.43
2023,3,Março,Caminhões,Médio,1,VW/MAN/11.180,456,48.95
2023,3,Março,Caminhões,Médio,2,IVECO/TECTOR 11-190,121,14.87
2023,3,Março,Caminhões,Médio,3,VW/MAN/13.180,93,10.0
2023,3,Março,Caminhões,Médio,4,M.BENZ/ATEGO 1419,98,9.08
2023,3,Março,Caminhões,Médio,5,M.BENZ/ACCELO 1316,59,7.63
2023,3,Março,Caminhões,Médio,6,VW/MAN/14.190,78,6.23
2023,3,Março,Caminhões,Médio,7,FOTON/AUMARK S 11T,12,1.45
2023,3,Março,Caminhões,Médio,8,VW/MAN/E-DELIVERY,2,0.53
2023,3,Março,Caminhões,Médio,9,M.BENZ/ACCELO 1017,9,0.39
2023,3,Março,Caminhões,Médio,10,M.BENZ/1418,0,0.35
2023,3,Março,Caminhões,Semi-Pesado,1,VOLVO/VM 270,332,13.0
2023,3,Março,Caminhões,Semi-Pesado,2,VW/MAN/17.190,287,8.16
2023,3,Março,Caminhões,Semi-Pesado,3,VW/MAN/24.260,233,7.75
2023,3,Março,Caminhões,Semi-Pesado,4,VW/MAN/24.280,254,7.72
2023,3,Março,Caminhões,Semi-Pesado,5,M.BENZ/ATEGO 2426,233,7.05
2023,3,Março,Caminhões,Semi-Pesado,6,M.BENZ/ATEGO 1719,202,6.64
2023,3,Março,Caminhões,Semi-Pesado,7,VOLVO/VM 330,159,5.39
2023,3,Março,Caminhões,Semi-Pesado,8,IVECO/TECTOR 240,142,4.82
2023,3,Março,Caminhões,Semi-Pesado,9,VW/MAN/17.260,107,4.12
2023,3,Março,Caminhões,Semi-Pesado,10,M.BENZ/ATEGO 3030,127,4.06
2023,3,Março,Caminhões,Pesado,1,VOLVO/FH 540,364,11.92
2023,3,Março,Caminhões,Pesado,2,DAF/XF 530,274,6.52
2023,3,Março,Caminhões,Pesado,3,DAF/XF 480,193,5.76
2023,3,Março,Caminhões,Pesado,4,SCANIA/R450,98,5.64
2023,3,Março,Caminhões,Pesado,5,VOLVO/FH 460,206,5.34
2023,3,Março,Caminhões,Pesado,6,M.BENZ/ACTROS 2651,117,4.88
2023,3,Março,Caminhões,Pesado,7,M.BENZ/ATEGO 2730,190,4.22
2023,3,Março,Caminhões,Pesado,8,M.BENZ/AXOR 3131,189,3.71
2023,3,Março,Caminhões,Pesado,9,VW/MAN/29.520,75,3.57
2023,3,Março,Caminhões,Pesado,10,SCANIA/R540,105,3.4
2023,3,Março,Motos,City,1,HONDA/CG 160,39754,61.51
2023,3,Março,Motos,City,2,YAMAHA/YBR 150,4369,6.81
2023,3,Março,Motos,City,3,MOTTU/SPORT 110I,2834,6.8
2023,3,Março,Motos,City,4,YAMAHA/FAZER 250,4136,6.26
2023,3,Março,Motos,City,5,YAMAHA/FAZER 150,2630,4.65
2023,3,Março,Motos,City,6,HONDA/CB 300F,4310,4.07
2023,3,Março,Motos,City,7,YAMAHA/YS150 FAZER,2037,3.49
2023,3,Março,Motos,City,8,HONDA/CB 250F TWISTER,326,1.89
2023,3,Março,Motos,City,9,YAMAHA/YBR 125,997,1.39
2023,3,Março,Motos,City,10,HAOJUE/DK150,272,0.41
2023,3,Março,Motos,Custom,1,ROYAL ENFIELD/METEOR,388,33.17
2023,3,Março,Motos,Custom,2,ROYAL ENFIELD/CLASSIC 350,360,29.46
2023,3,Março,Motos,Custom,3,ROYAL ENFIELD/INTERCEPTOR,103,8.98
2023,3,Março,Motos,Custom,4,KAWASAKI/VULCAN S,97,8.05
2023,3,Março,Motos,Custom,5,ROYAL ENFIELD/CONTINENTAL GT,46,3.65
2023,3,Março,Motos,Custom,6,TRIUMPH/BONNEVILLE,51,2.68
2023,3,Março,Motos,Custom,7,BMW/R 18,17,2.37
2023,3,Março,Motos,Custom,8,H.DAVIDSON/FL FBS,25,2.0
2023,3,Março,Motos,Custom,9,TRIUMPH/SCRAMBLER 900,26,1.48
2023,3,Março,Motos,Custom,10,TRIUMPH/SPEED TWIN,15,1.2
2023,3,Março,Motos,Trail/Fun,1,HONDA/NXR160,14103,49.33
2023,3,Março,Motos,Trail/Fun,2,YAMAHA/XTZ 250,3931,15.21
2023,3,Março,Motos,Trail/Fun,3,HONDA/XRE 190,2626,10.83
2023,3,Março,Motos,Trail/Fun,4,HONDA/XRE 300,3048,9.72
2023,3,Março,Motos,Trail/Fun,5,YAMAHA/CROSSER 150,2790,8.99
2023,3,Março,Motos,Trail/Fun,6,SHINERAY/XY 125,830,3.2
2023,3,Março,Motos,Trail/Fun,7,BMW/G310 GS,227,0.76
2023,3,Março,Motos,Trail/Fun,8,DAFRA/NH 190,140,0.7
2023,3,Março,Motos,Trail/Fun,9,HAOJUE/NK 150,134,0.49
2023,3,Março,Motos,Trail/Fun,10,KAWASAKI/VERSYS 300,85,0.37
2023,3,Março,Motos,Maxtrail,1,BMW/R1250GS,570,18.27
2023,3,Março,Motos,Maxtrail,2,HONDA/CB 500X,388,16.32
2023,3,Março,Motos,Maxtrail,3,HONDA/NC 750X,281,10.88
2023,3,Março,Motos,Maxtrail,4,TRIUMPH/TIGER 900,240,10.85
2023,3,Março,Motos,Maxtrail,5,ROYAL ENFIELD/HIMALAYAN,210,9.58
2023,3,Março,Motos,Maxtrail,6,BMW/F850 GS,199,7.8
2023,3,Março,Motos,Maxtrail,7,KAWASAKI/VERSYS 650,148,5.46
2023,3,Março,Motos,Maxtrail,8,HONDA/CRF 1100L,103,4.81
2023,3,Março,Motos,Maxtrail,9,TRIUMPH/TIGER 1200,92,3.53
2023,3,Março,Motos,Maxtrail,10,BMW/F750 GS,39,2.94
2023,3,Março,Motos,Naked/Roadster,1,YAMAHA/MT03,806,32.35
2023,3,Março,Motos,Naked/Roadster,2,HONDA/CB 500,333,14.6
2023,3,Março,Motos,Naked/Roadster,3,YAMAHA/MT07,218,10.4
2023,3,Março,Motos,Naked/Roadster,4,YAMAHA/MT09,221,9.92
2023,3,Março,Motos,Naked/Roadster,5,HONDA/CB 650R,206,8.64
2023,3,Março,Motos,Naked/Roadster,6,KAWASAKI/Z900,113,4.77
2023,3,Março,Motos,Naked/Roadster,7,HONDA/CB 1000R,85,3.11
2023,3,Março,Motos,Naked/Roadster,8,KAWASAKI/Z400,84,2.95
2023,3,Março,Motos,Naked/Roadster,9,BMW/G310 R,62,2.29
2023,3,Março,Motos,Naked/Roadster,10,BMW/F900 R,4,1.45
2023,3,Março,Motos,Scooter/Cub,1,HONDA/BIZ,19543,40.83
2023,3,Março,Motos,Scooter/Cub,2,HONDA/POP 110I,12620,25.93
2023,3,Março,Motos,Scooter/Cub,3,HONDA/PCX 160,3026,6.66
2023,3,Março,Motos,Scooter/Cub,4,HONDA/ELITE 125,2198,4.96
2023,3,Março,Motos,Scooter/Cub,5,YAMAHA/NMAX,1692,3.64
2023,3,Março,Motos,Scooter/Cub,6,YAMAHA/NEO 125,1574,3.59
2023,3,Março,Motos,Scooter/Cub,7,HONDA/ADV 150,1509,3.07
2023,3,Março,Motos,Scooter/Cub,8,YAMAHA/FLUO 125,1168,2.54
2023,3,Março,Motos,Scooter/Cub,9,SHINERAY/XY 50,714,1.87
2023,3,Março,Motos,Scooter/Cub,10,AVELLOZ/AZ1,713,1.68
2023,3,Março,Motos,Sport,1,YAMAHA/YZF R3,212,35.57
2023,3,Março,Motos,Sport,2,BMW/S1000 R,123,22.6
2023,3,Março,Motos,Sport,3,KAWASAKI/NINJA 400,115,18.25
2023,3,Março,Motos,Sport,4,HONDA/CBR 650R,78,8.37
2023,3,Março,Motos,Sport,5,KAWASAKI/NINJA ZX 6,20,4.94
2023,3,Março,Motos,Sport,6,SUZUKI/GSX 1300,20,2.44
2023,3,Março,Motos,Sport,7,KAWASAKI/NINJA ZX10,1,1.78
2023,3,Março,Motos,Sport,8,DUCATI/PANIGALE V4,9,1.65
2023,3,Março,Motos,Sport,9,HONDA/CBR 1000RR,14,1.38
2023,3,Março,Motos,Sport,10,KAWASAKI/NINJA 300,17,1.12
2023,3,Março,Motos,Touring,1,H.DAVIDSON/FL TRK,27,25.82
2023,3,Março,Motos,Touring,2,H.DAVIDSON/FLHTK,15,19.23
2023,3,Março,Motos,Touring,3,H.DAVIDSON/FLH RXS,13,13.19
2023,3,Março,Motos,Touring,4,BMW/R1250 RT,13,12.09
2023,3,Março,Motos,Touring,5,H.DAVIDSON/FLHX,9,10.44
2023,3,Março,Motos,Touring,6,H.DAVIDSON/FLT,4,6.04
2023,3,Março,Motos,Touring,7,BMW/K 1600,4,5.49
2023,3,Março,Motos,Touring,8,HONDA/GOLDWING,2,5.49
2023,4,Abril,Autos,Veículos de Entrada,1,FIAT/MOBI,4686,44.99
2023,4,Abril,Autos,Veículos de Entrada,2,RENAULT/KWID,4152,41.82
2023,4,Abril,Autos,Veículos de Entrada,3,VW/GOL,318,13.06
2023,4,Abril,Autos,Veículos de Entrada,4,VW/FUSCA,8,0.08
2023,4,Abril,Autos,Veículos de Entrada,5,FIAT/UNO,1,0.03
2023,4,Abril,Autos,Veículos de Entrada,6,VW/UP,0,0.01
2023,4,Abril,Autos,Veículos de Entrada,7,FIAT/PALIO,0,0
2023,4,Abril,Autos,Veículos de Entrada,8,GM/CHEVETTE,1,0
2023,4,Abril,Autos,Veículos de Entrada,9,FIAT/147,0,0
2023,4,Abril,Autos,Hatch Pequenos,1,GM/ONIX,7376,23.93
2023,4,Abril,Autos,Hatch Pequenos,2,HYUNDAI/HB20,7143,19.32
2023,4,Abril,Autos,Hatch Pequenos,3,FIAT/ARGO,5475,16.94
2023,4,Abril,Autos,Hatch Pequenos,4,VW/POLO,6063,16.67
2023,4,Abril,Autos,Hatch Pequenos,5,TOYOTA/YARIS HB,1818,6.19
2023,4,Abril,Autos,Hatch Pequenos,6,CITROEN/C3,1965,5.63
2023,4,Abril,Autos,Hatch Pequenos,7,PEUGEOT/208,1901,5.27
2023,4,Abril,Autos,Hatch Pequenos,8,HONDA/CITY HATCH,867,4.04
2023,4,Abril,Autos,Hatch Pequenos,9,RENAULT/SANDERO,419,1.62
2023,4,Abril,Autos,Hatch Pequenos,10,MINI/COOPER,74,0.2
2023,4,Abril,Autos,Hatch Pequenos,11,JAC/E-JS1,34,0.1
2023,4,Abril,Autos,Hatch Pequenos,12,FIAT/500E,4,0.02
2023,4,Abril,Autos,Hatch Médios,1,GM/CRUZE HB,41,33.51
2023,4,Abril,Autos,Hatch Médios,2,NISSAN/LEAF,5,26.33
2023,4,Abril,Autos,Hatch Médios,3,AUDI/A3,20,26.06
2023,4,Abril,Autos,Hatch Médios,4,M.BENZ/CLASSE A,0,3.99
2023,4,Abril,Autos,Hatch Médios,5,BMW/118I,5,2.66
2023,4,Abril,Autos,Hatch Médios,6,BMW/I3,0,2.66
2023,4,Abril,Autos,Sedans Pequenos,1,FIAT/CRONOS,3701,54.2
2023,4,Abril,Autos,Sedans Pequenos,2,HYUNDAI/HB20S,1916,32.31
2023,4,Abril,Autos,Sedans Pequenos,3,VW/VOYAGE,1,9.92
2023,4,Abril,Autos,Sedans Pequenos,4,RENAULT/LOGAN,142,3.47
2023,4,Abril,Autos,Sedans Pequenos,5,FIAT/SIENA,3,0.07
2023,4,Abril,Autos,Sedans Pequenos,6,TOYOTA/ETIOS SEDAN,0,0.01
2023,4,Abril,Autos,Sedans Pequenos,7,FORD/FIESTA SEDAN,0,0
2023,4,Abril,Autos,Sedans Pequenos,8,FORD/KA SEDAN,0,0
2023,4,Abril,Autos,Sedans Pequenos,9,GM/CLASSIC,0,0
2023,4,Abril,Autos,Sedans Pequenos,10,GM/CORSA SEDAN,0,0
2023,4,Abril,Autos,Sedans Compactos,1,GM/ONIX PLUS,5295,61.38
2023,4,Abril,Autos,Sedans Compactos,2,VW/VIRTUS,2091,12.33
2023,4,Abril,Autos,Sedans Compactos,3,HONDA/CITY,964,11.37
2023,4,Abril,Autos,Sedans Compactos,4,TOYOTA/YARIS SEDAN,891,9.58
2023,4,Abril,Autos,Sedans Compactos,5,NISSAN/VERSA,632,5.33
2023,4,Abril,Autos,Sedans Compactos,6,FORD/CORCEL,1,0.01
2023,4,Abril,Autos,Sedans médios,1,TOYOTA/COROLLA,3261,82.59
2023,4,Abril,Autos,Sedans médios,2,NISSAN/SENTRA,450,6.15
2023,4,Abril,Autos,Sedans médios,3,GM/CRUZE SEDAN,117,2.27
2023,4,Abril,Autos,Sedans médios,4,HONDA/CIVIC,3,2.08
2023,4,Abril,Autos,Sedans médios,5,VW/JETTA,61,1.85
2023,4,Abril,Autos,Sedans médios,6,CAOA CHERY/ARRIZO 6,71,1.62
2023,4,Abril,Autos,Sedans médios,7,AUDI/A5,25,1.11
2023,4,Abril,Autos,Sedans médios,8,AUDI/A3 SEDAN,41,1.07
2023,4,Abril,Autos,Sedans médios,9,M.BENZ/CLA45,7,0.34
2023,4,Abril,Autos,Sedans médios,10,BMW/420I,8,0.25
2023,4,Abril,Autos,Sedans médios,11,BMW/218I,4,0.22
2023,4,Abril,Autos,Sedans médios,12,M.BENZ/CLA35,5,0.18
2023,4,Abril,Autos,Sedans médios,13,JAC/E-J7,6,0.14
2023,4,Abril,Autos,Sedans médios,14,KIA/CERATO,0,0.06
2023,4,Abril,Autos,Sedans médios,15,M.BENZ/CLASSE A,4,0.03
2023,4,Abril,Autos,Sedans médios,16,HYUNDAI/IONIQ,0,0.01
2023,4,Abril,Autos,Sedans médios,17,RENAULT/FLUENCE,0,0.01
2023,4,Abril,Autos,Sedans médios,18,TOYOTA/PRIUS,0,0.01
2023,4,Abril,Autos,Sedans médios,19,VW/SANTANA,0,0.01
2023,4,Abril,Autos,Sedans Grandes,1,BMW/320I,336,55.11
2023,4,Abril,Autos,Sedans Grandes,2,BMW/330E,57,12.18
2023,4,Abril,Autos,Sedans Grandes,3,M.BENZ/CLASSE C,31,9.59
2023,4,Abril,Autos,Sedans Grandes,4,AUDI/A4,24,5.77
2023,4,Abril,Autos,Sedans Grandes,5,M.BENZ/CLA250,20,5.36
2023,4,Abril,Autos,Sedans Grandes,6,PORSCHE/PANAMERA,41,4.38
2023,4,Abril,Autos,Sedans Grandes,7,BYD/HAN,6,1.54
2023,4,Abril,Autos,Sedans Grandes,8,BMW/I4,4,1.01
2023,4,Abril,Autos,Sedans Grandes,9,LEXUS/ES300,6,0.9
2023,4,Abril,Autos,Sedans Grandes,10,TOYOTA/CAMRY,1,0.64
2023,4,Abril,Autos,Sedans Grandes,11,BMW/530E,6,0.49
2023,4,Abril,Autos,Sedans Grandes,12,AUDI/E TRON GT,2,0.45
2023,4,Abril,Autos,Sw Médios,1,VW/PARATI,0,66.67
2023,4,Abril,Autos,Sw Médios,2,VW/SPACE FOX,0,33.33
2023,4,Abril,Autos,Sw Grandes,1,AUDI/RS6 AVANT,3,75.0
2023,4,Abril,Autos,Sw Grandes,2,GM/CARAVAN,0,12.5
2023,4,Abril,Autos,Sw Grandes,3,VW/QUANTUM,0,12.5
2023,4,Abril,Autos,Monocab,1,GM/BOLT,0,91.67
2023,4,Abril,Autos,Monocab,2,FIAT/DOBLO,0,8.33
2023,4,Abril,Autos,Grandcab,1,GM/SPIN,1084,99.2
2023,4,Abril,Autos,Grandcab,2,KIA/CARNIVAL,0,0.39
2023,4,Abril,Autos,Grandcab,3,BYD/D1,2,0.25
2023,4,Abril,Autos,Grandcab,4,TOYOTA/SIENNA,0,0.05
2023,4,Abril,Autos,Sports,1,PORSCHE/911,47,31.23
2023,4,Abril,Autos,Sports,2,FORD/MUSTANG,4,15.78
2023,4,Abril,Autos,Sports,3,BMW/M3,20,14.25
2023,4,Abril,Autos,Sports,4,PORSCHE/TAYCAN,25,10.34
2023,4,Abril,Autos,Sports,5,PORSCHE/BOXSTER,45,7.4
2023,4,Abril,Autos,Sports,6,PORSCHE/CAYMAN,18,4.24
2023,4,Abril,Autos,Sports,7,JAGUAR/F-TYPE,6,3.26
2023,4,Abril,Autos,Sports,8,GM/CORVETTE,7,2.18
2023,4,Abril,Autos,Sports,9,GM/CAMARO,5,1.52
2023,4,Abril,Autos,Suv's,1,JEEP/COMPASS,4898,9.46
2023,4,Abril,Autos,Suv's,2,HYUNDAI/CRETA,4660,9.29
2023,4,Abril,Autos,Suv's,3,VW/T CROSS,4592,8.68
2023,4,Abril,Autos,Suv's,4,GM/TRACKER,4078,8.59
2023,4,Abril,Autos,Suv's,5,TOYOTA/COROLLA CROSS,3946,6.66
2023,4,Abril,Autos,Suv's,6,NISSAN/KICKS,3055,6.65
2023,4,Abril,Autos,Suv's,7,JEEP/RENEGADE,3219,6.46
2023,4,Abril,Autos,Suv's,8,FIAT/PULSE,3504,6.27
2023,4,Abril,Autos,Suv's,9,VW/NIVUS,3702,5.92
2023,4,Abril,Autos,Suv's,10,FIAT/FASTBACK,2466,5.17
2023,4,Abril,Autos,Suv's,11,HONDA/HR-V,4688,5.16
2023,4,Abril,Autos,Suv's,12,JEEP/COMMANDER,1835,3.34
2023,4,Abril,Autos,Suv's,13,RENAULT/DUSTER,1377,3.26
2023,4,Abril,Autos,Suv's,14,TOYOTA/HILUX SW4,1113,2.02
2023,4,Abril,Autos,Suv's,15,VW/TAOS,792,1.77
2023,4,Abril,Autos,Suv's,16,CAOA CHERY/TIGGO 8,544,1.09
2023,4,Abril,Autos,Suv's,17,CAOA CHERY/TIGGO 7,418,0.76
2023,4,Abril,Autos,Suv's,18,CAOA CHERY/TIGGO 5X,516,0.73
2023,4,Abril,Autos,Suv's,19,CITROEN/C4 CACTUS,344,0.67
2023,4,Abril,Autos,Suv's,20,VOLVO/XC60,157,0.66
2023,4,Abril,Autos,Suv's,21,GM/EQUINOX,292,0.56
2023,4,Abril,Autos,Suv's,22,MITSUBISHI/ECLIPSE CROSS,206,0.42
2023,4,Abril,Autos,Suv's,23,BMW/X1,367,0.3
2023,4,Abril,Autos,Suv's,24,AUDI/Q5,185,0.28
2023,4,Abril,Autos,Suv's,25,VOLVO/XC40,140,0.27
2023,4,Abril,Autos,Suv's,26,GM/TRAILBLAZER,231,0.27
2023,4,Abril,Autos,Suv's,27,PEUGEOT/2008,138,0.26
2023,4,Abril,Autos,Suv's,28,PORSCHE/MACAN,149,0.26
2023,4,Abril,Autos,Suv's,29,PORSCHE/CAYENNE,145,0.24
2023,4,Abril,Autos,Suv's,30,MITSUBISHI/PAJERO,108,0.24
2023,4,Abril,Autos,Suv's,31,AUDI/Q3,125,0.22
2023,4,Abril,Autos,Suv's,32,LAND ROVER/DISCOVERY,119,0.2
2023,4,Abril,Autos,Suv's,33,BYD/SONG PLUS,39,0.2
2023,4,Abril,Autos,Suv's,34,VOLVO/XC90,123,0.18
2023,4,Abril,Autos,Suv's,35,M.BENZ/CLASSE GLB,81,0.18
2023,4,Abril,Autos,Suv's,36,KIA/STONIC,96,0.17
2023,4,Abril,Autos,Suv's,37,FORD/TERRITORY,8,0.17
2023,4,Abril,Autos,Suv's,38,SUZUKI/JIMNY SIERRA,83,0.16
2023,4,Abril,Autos,Suv's,39,M.BENZ/CLASSE GLA,53,0.16
2023,4,Abril,Autos,Suv's,40,TOYOTA/RAV4,47,0.15
2023,4,Abril,Com. Leves,Pick-up's Pequenas,1,FIAT/STRADA,8047,75.01
2023,4,Abril,Com. Leves,Pick-up's Pequenas,2,VW/SAVEIRO,3152,24.98
2023,4,Abril,Com. Leves,Pick-up's Pequenas,3,GM/MONTANA,2,0.01
2023,4,Abril,Com. Leves,Pick-up's Pequenas,4,PEUGEOT/PARTNER,0,0
2023,4,Abril,Com. Leves,Pick-up's Grandes,1,FIAT/TORO,3812,23.69
2023,4,Abril,Com. Leves,Pick-up's Grandes,2,TOYOTA/HILUX,3199,20.59
2023,4,Abril,Com. Leves,Pick-up's Grandes,3,GM/S10,2752,13.42
2023,4,Abril,Com. Leves,Pick-up's Grandes,4,GM/MONTANA,3085,11.2
2023,4,Abril,Com. Leves,Pick-up's Grandes,5,FORD/RANGER,1361,7.96
2023,4,Abril,Com. Leves,Pick-up's Grandes,6,RENAULT/OROCH,1158,5.66
2023,4,Abril,Com. Leves,Pick-up's Grandes,7,MITSUBISHI/L200,810,4.97
2023,4,Abril,Com. Leves,Pick-up's Grandes,8,VW/AMAROK,716,3.48
2023,4,Abril,Com. Leves,Pick-up's Grandes,9,NISSAN/FRONTIER,452,3.15
2023,4,Abril,Com. Leves,Pick-up's Grandes,10,RAM/3500,550,2.4
2023,4,Abril,Com. Leves,Pick-up's Grandes,11,RAM/CLASSIC,129,1.05
2023,4,Abril,Com. Leves,Furgões,1,RENAULT/MASTER,887,29.82
2023,4,Abril,Com. Leves,Furgões,2,FIAT/SCUDO,307,12.56
2023,4,Abril,Com. Leves,Furgões,3,FORD/TRANSIT,286,11.74
2023,4,Abril,Com. Leves,Furgões,4,KIA/K2500,194,9.54
2023,4,Abril,Com. Leves,Furgões,5,CITROEN/JUMPY,168,8.67
2023,4,Abril,Com. Leves,Furgões,6,VW/MAN/EXPRESS,159,6.56
2023,4,Abril,Com. Leves,Furgões,7,PEUGEOT/EXPERT,76,5.2
2023,4,Abril,Com. Leves,Furgões Pequenos,1,FIAT/FIORINO,1374,93.37
2023,4,Abril,Com. Leves,Furgões Pequenos,2,PEUGEOT/PARTNER,71,5.76
2023,4,Abril,Com. Leves,Furgões Pequenos,3,BYD/T3,8,0.54
2023,4,Abril,Com. Leves,Furgões Pequenos,4,FIAT/STRADA,4,0.29
2023,4,Abril,Caminhões,Semi-Leve,1,M.BENZ/SPRINTER 416,116,42.3
2023,4,Abril,Caminhões,Semi-Leve,2,M.BENZ/SPRINTER 516,5,16.81
2023,4,Abril,Caminhões,Semi-Leve,3,IVECO/DAILY 65-170,53,11.11
2023,4,Abril,Caminhões,Semi-Leve,4,IVECO/DAILY 45-170,37,8.4
2023,4,Abril,Caminhões,Semi-Leve,5,M.BENZ/SPRINTER 417,8,7.9
2023,4,Abril,Caminhões,Semi-Leve,6,VW/MAN/6.160,10,4.46
2023,4,Abril,Caminhões,Semi-Leve,7,IVECO/DAILY 55-170,17,4.29
2023,4,Abril,Caminhões,Semi-Leve,8,M.BENZ/SPRINTER,16,3.44
2023,4,Abril,Caminhões,Semi-Leve,9,VW/MAN/4.160,2,0.45
2023,4,Abril,Caminhões,Semi-Leve,10,IVECO/DAILY 50-170,4,0.34
2023,4,Abril,Caminhões,Leve,1,M.BENZ/ACCELO 1016,213,37.58
2023,4,Abril,Caminhões,Leve,2,VW/MAN/9.170,134,23.96
2023,4,Abril,Caminhões,Leve,3,M.BENZ/ACCELO 815,132,20.73
2023,4,Abril,Caminhões,Leve,4,IVECO/TECTOR 9-190,38,5.12
2023,4,Abril,Caminhões,Leve,5,JAC/IEV1200T,34,4.31
2023,4,Abril,Caminhões,Leve,6,HYUNDAI/HD 80,20,4.08
2023,4,Abril,Caminhões,Leve,7,VW/MAN/9.180,26,1.52
2023,4,Abril,Caminhões,Leve,8,FOTON/AUMARK S 6.5 T,6,0.61
2023,4,Abril,Caminhões,Leve,9,IVECO/DAILY 70C17,5,0.54
2023,4,Abril,Caminhões,Leve,10,VW/MAN/6.170,1,0.47
2023,4,Abril,Caminhões,Médio,1,VW/MAN/11.180,350,49.68
2023,4,Abril,Caminhões,Médio,2,IVECO/TECTOR 11-190,71,13.89
2023,4,Abril,Caminhões,Médio,3,VW/MAN/13.180,57,9.66
2023,4,Abril,Caminhões,Médio,4,M.BENZ/ATEGO 1419,45,8.54
2023,4,Abril,Caminhões,Médio,5,M.BENZ/ACCELO 1316,50,7.59
2023,4,Abril,Caminhões,Médio,6,VW/MAN/14.190,31,5.86
2023,4,Abril,Caminhões,Médio,7,FOTON/AUMARK S 11T,15,1.63
2023,4,Abril,Caminhões,Médio,8,M.BENZ/ACCELO 1017,17,0.88
2023,4,Abril,Caminhões,Médio,9,M.BENZ/1418,10,0.61
2023,4,Abril,Caminhões,Médio,10,VW/MAN/E-DELIVERY,3,0.51
2023,4,Abril,Caminhões,Semi-Pesado,1,VOLVO/VM 270,218,12.38
2023,4,Abril,Caminhões,Semi-Pesado,2,VW/MAN/17.190,152,7.92
2023,4,Abril,Caminhões,Semi-Pesado,3,VW/MAN/24.280,177,7.81
2023,4,Abril,Caminhões,Semi-Pesado,4,VW/MAN/24.260,152,7.6
2023,4,Abril,Caminhões,Semi-Pesado,5,M.BENZ/ATEGO 2426,131,6.84
2023,4,Abril,Caminhões,Semi-Pesado,6,M.BENZ/ATEGO 1719,133,6.53
2023,4,Abril,Caminhões,Semi-Pesado,7,IVECO/TECTOR 240,138,5.15
2023,4,Abril,Caminhões,Semi-Pesado,8,VOLVO/VM 330,78,5.02
2023,4,Abril,Caminhões,Semi-Pesado,9,M.BENZ/ATEGO 3030,71,3.88
2023,4,Abril,Caminhões,Semi-Pesado,10,VW/MAN/17.260,64,3.87
2023,4,Abril,Caminhões,Pesado,1,VOLVO/FH 540,381,11.76
2023,4,Abril,Caminhões,Pesado,2,DAF/XF 530,238,6.6
2023,4,Abril,Caminhões,Pesado,3,VOLVO/FH 460,254,5.76
2023,4,Abril,Caminhões,Pesado,4,DAF/XF 480,181,5.66
2023,4,Abril,Caminhões,Pesado,5,SCANIA/R450,43,4.75
2023,4,Abril,Caminhões,Pesado,6,M.BENZ/ACTROS 2651,94,4.44
2023,4,Abril,Caminhões,Pesado,7,M.BENZ/ATEGO 2730,123,4.09
2023,4,Abril,Caminhões,Pesado,8,M.BENZ/AXOR 3131,108,3.59
2023,4,Abril,Caminhões,Pesado,9,VW/MAN/29.520,60,3.2
2023,4,Abril,Caminhões,Pesado,10,SCANIA/R540,67,3.1
2023,4,Abril,Motos,City,1,HONDA/CG 160,33689,61.82
2023,4,Abril,Motos,City,2,YAMAHA/YBR 150,3516,6.74
2023,4,Abril,Motos,City,3,MOTTU/SPORT 110I,2800,6.4
2023,4,Abril,Motos,City,4,YAMAHA/FAZER 250,3510,6.33
2023,4,Abril,Motos,City,5,HONDA/CB 300F,3713,4.79
2023,4,Abril,Motos,City,6,YAMAHA/FAZER 150,2189,4.51
2023,4,Abril,Motos,City,7,YAMAHA/YS150 FAZER,1655,3.38
2023,4,Abril,Motos,City,8,HONDA/CB 250F TWISTER,176,1.49
2023,4,Abril,Motos,City,9,YAMAHA/YBR 125,785,1.41
2023,4,Abril,Motos,City,10,HAOJUE/DK150,251,0.42
2023,4,Abril,Motos,Custom,1,ROYAL ENFIELD/METEOR,326,33.56
2023,4,Abril,Motos,Custom,2,ROYAL ENFIELD/CLASSIC 350,247,28.69
2023,4,Abril,Motos,Custom,3,ROYAL ENFIELD/INTERCEPTOR,83,8.95
2023,4,Abril,Motos,Custom,4,KAWASAKI/VULCAN S,74,8.01
2023,4,Abril,Motos,Custom,5,ROYAL ENFIELD/CONTINENTAL GT,31,3.56
2023,4,Abril,Motos,Custom,6,TRIUMPH/BONNEVILLE,17,2.47
2023,4,Abril,Motos,Custom,7,BMW/R 18,8,2.0
2023,4,Abril,Motos,Custom,8,H.DAVIDSON/FL FBS,14,1.87
2023,4,Abril,Motos,Custom,9,TRIUMPH/SCRAMBLER 900,13,1.46
2023,4,Abril,Motos,Custom,10,TRIUMPH/SPEED TWIN,17,1.35
2023,4,Abril,Motos,Trail/Fun,1,HONDA/NXR160,11443,48.99
2023,4,Abril,Motos,Trail/Fun,2,YAMAHA/XTZ 250,3360,14.92
2023,4,Abril,Motos,Trail/Fun,3,HONDA/XRE 190,2478,10.72
2023,4,Abril,Motos,Trail/Fun,4,HONDA/XRE 300,2508,9.92
2023,4,Abril,Motos,Trail/Fun,5,YAMAHA/CROSSER 150,2546,9.43
2023,4,Abril,Motos,Trail/Fun,6,SHINERAY/XY 125,780,3.22
2023,4,Abril,Motos,Trail/Fun,7,BMW/G310 GS,211,0.79
2023,4,Abril,Motos,Trail/Fun,8,DAFRA/NH 190,145,0.67
2023,4,Abril,Motos,Trail/Fun,9,HAOJUE/NK 150,110,0.48
2023,4,Abril,Motos,Trail/Fun,10,KAWASAKI/VERSYS 300,103,0.39
2023,4,Abril,Motos,Maxtrail,1,BMW/R1250GS,465,19.49
2023,4,Abril,Motos,Maxtrail,2,HONDA/CB 500X,332,16.34
2023,4,Abril,Motos,Maxtrail,3,TRIUMPH/TIGER 900,207,10.68
2023,4,Abril,Motos,Maxtrail,4,HONDA/NC 750X,203,10.66
2023,4,Abril,Motos,Maxtrail,5,ROYAL ENFIELD/HIMALAYAN,165,9.21
2023,4,Abril,Motos,Maxtrail,6,BMW/F850 GS,170,7.96
2023,4,Abril,Motos,Maxtrail,7,KAWASAKI/VERSYS 650,93,5.23
2023,4,Abril,Motos,Maxtrail,8,HONDA/CRF 1100L,90,4.72
2023,4,Abril,Motos,Maxtrail,9,TRIUMPH/TIGER 1200,84,3.69
2023,4,Abril,Motos,Maxtrail,10,TRIUMPH/TIGER,64,2.93
2023,4,Abril,Motos,Naked/Roadster,1,YAMAHA/MT03,686,32.35
2023,4,Abril,Motos,Naked/Roadster,2,HONDA/CB 500,335,14.93
2023,4,Abril,Motos,Naked/Roadster,3,YAMAHA/MT07,176,9.82
2023,4,Abril,Motos,Naked/Roadster,4,YAMAHA/MT09,192,9.67
2023,4,Abril,Motos,Naked/Roadster,5,HONDA/CB 650R,185,8.66
2023,4,Abril,Motos,Naked/Roadster,6,KAWASAKI/Z900,90,4.63
2023,4,Abril,Motos,Naked/Roadster,7,HONDA/CB 1000R,57,2.99
2023,4,Abril,Motos,Naked/Roadster,8,KAWASAKI/Z400,6,2.99
2023,4,Abril,Motos,Naked/Roadster,9,BMW/G310 R,41,2.19
2023,4,Abril,Motos,Naked/Roadster,10,SUZUKI/GSX-S750,42,1.57
2023,4,Abril,Motos,Scooter/Cub,1,HONDA/BIZ,15384,40.85
2023,4,Abril,Motos,Scooter/Cub,2,HONDA/POP 110I,10280,26.27
2023,4,Abril,Motos,Scooter/Cub,3,HONDA/PCX 160,2462,6.63
2023,4,Abril,Motos,Scooter/Cub,4,HONDA/ELITE 125,1860,4.95
2023,4,Abril,Motos,Scooter/Cub,5,YAMAHA/NEO 125,1238,3.51
2023,4,Abril,Motos,Scooter/Cub,6,YAMAHA/NMAX,1014,3.41
2023,4,Abril,Motos,Scooter/Cub,7,HONDA/ADV 150,1297,3.16
2023,4,Abril,Motos,Scooter/Cub,8,YAMAHA/FLUO 125,915,2.51
2023,4,Abril,Motos,Scooter/Cub,9,SHINERAY/XY 50,539,1.76
2023,4,Abril,Motos,Scooter/Cub,10,AVELLOZ/AZ1,637,1.68
2023,4,Abril,Motos,Sport,1,YAMAHA/YZF R3,139,33.9
2023,4,Abril,Motos,Sport,2,BMW/S1000 R,70,20.62
2023,4,Abril,Motos,Sport,3,KAWASAKI/NINJA 400,79,17.77
2023,4,Abril,Motos,Sport,4,HONDA/CBR 650R,68,9.74
2023,4,Abril,Motos,Sport,5,KAWASAKI/NINJA ZX 6,28,5.14
2023,4,Abril,Motos,Sport,6,SUZUKI/GSX 1300,12,2.45
2023,4,Abril,Motos,Sport,7,KAWASAKI/NINJA 300,30,2.35
2023,4,Abril,Motos,Sport,8,DUCATI/PANIGALE V4,16,2.05
2023,4,Abril,Motos,Sport,9,KAWASAKI/NINJA ZX10,10,1.85
2023,4,Abril,Motos,Sport,10,KAWASAKI/NINJA 650,20,1.3
2023,4,Abril,Motos,Touring,1,H.DAVIDSON/FLTRK,23,25.63
2023,4,Abril,Motos,Touring,2,H.DAVIDSON/FLHTK,26,22.02
2023,4,Abril,Motos,Touring,3,BMW/R1250 RT,12,12.27
2023,4,Abril,Motos,Touring,4,H.DAVIDSON/FLHX,12,11.19
2023,4,Abril,Motos,Touring,5,H.DAVIDSON/FLH RXS,3,9.75
2023,4,Abril,Motos,Touring,6,H.DAVIDSON/FLT,8,6.86
2023,4,Abril,Motos,Touring,7,BMW/K 1600,2,4.33
2023,4,Abril,Motos,Touring,8,HONDA/GOLDWING,1,3.97
2023,5,Maio,Autos,Veículos de Entrada,1,FIAT/MOBI,4196,46.93
2023,5,Maio,Autos,Veículos de Entrada,2,RENAULT/KWID,2725,41.28
2023,5,Maio,Autos,Veículos de Entrada,3,VW/GOL,225,11.64
2023,5,Maio,Autos,Veículos de Entrada,4,VW/FUSCA,8,0.09
2023,5,Maio,Autos,Veículos de Entrada,5,FIAT/UNO,3,0.03
2023,5,Maio,Autos,Veículos de Entrada,6,VW/UP,1,0.01
2023,5,Maio,Autos,Veículos de Entrada,7,FIAT/PALIO,1,0.01
2023,5,Maio,Autos,Veículos de Entrada,8,GM/CHEVETTE,0,0
2023,5,Maio,Autos,Veículos de Entrada,9,FIAT/147,0,0
2023,5,Maio,Autos,Hatch Pequenos,1,GM/ONIX,6947,23.49
2023,5,Maio,Autos,Hatch Pequenos,2,VW/POLO,7636,18.2
2023,5,Maio,Autos,Hatch Pequenos,3,HYUNDAI/HB20,4245,18.08
2023,5,Maio,Autos,Hatch Pequenos,4,FIAT/ARGO,4710,16.5
2023,5,Maio,Autos,Hatch Pequenos,5,TOYOTA/YARIS HB,2458,6.51
2023,5,Maio,Autos,Hatch Pequenos,6,PEUGEOT/208,2463,5.79
2023,5,Maio,Autos,Hatch Pequenos,7,CITROEN/C3,1607,5.51
2023,5,Maio,Autos,Hatch Pequenos,8,HONDA/CITY HATCH,968,3.83
2023,5,Maio,Autos,Hatch Pequenos,9,RENAULT/SANDERO,598,1.67
2023,5,Maio,Autos,Hatch Pequenos,10,MINI/COOPER,73,0.21
2023,5,Maio,Autos,Hatch Pequenos,11,JAC/E-JS1,63,0.12
2023,5,Maio,Autos,Hatch Pequenos,12,CAOA CHERY/ICAR,1,0.02
2023,5,Maio,Autos,Hatch Médios,1,GM/CRUZE HB,45,35.77
2023,5,Maio,Autos,Hatch Médios,2,AUDI/A3,36,28.03
2023,5,Maio,Autos,Hatch Médios,3,NISSAN/LEAF,6,21.97
2023,5,Maio,Autos,Hatch Médios,4,M.BENZ/CLASSE A,5,4.18
2023,5,Maio,Autos,Hatch Médios,5,BMW/118I,2,2.51
2023,5,Maio,Autos,Hatch Médios,6,BMW/I3,1,2.3
2023,5,Maio,Autos,Sedans Pequenos,1,FIAT/CRONOS,2950,56.2
2023,5,Maio,Autos,Sedans Pequenos,2,HYUNDAI/HB20S,1384,32.02
2023,5,Maio,Autos,Sedans Pequenos,3,VW/VOYAGE,4,8.16
2023,5,Maio,Autos,Sedans Pequenos,4,RENAULT/LOGAN,171,3.53
2023,5,Maio,Autos,Sedans Pequenos,5,FIAT/SIENA,0,0.06
2023,5,Maio,Autos,Sedans Pequenos,6,TOYOTA/ETIOS SEDAN,0,0.01
2023,5,Maio,Autos,Sedans Pequenos,7,FORD/FIESTA SEDAN,0,0
2023,5,Maio,Autos,Sedans Pequenos,8,FORD/KA SEDAN,0,0
2023,5,Maio,Autos,Sedans Pequenos,9,GM/CLASSIC,0,0
2023,5,Maio,Autos,Sedans Pequenos,10,GM/CORSA SEDAN,0,0
2023,5,Maio,Autos,Sedans Compactos,1,GM/ONIX PLUS,5624,58.8
2023,5,Maio,Autos,Sedans Compactos,2,VW/VIRTUS,2744,15.05
2023,5,Maio,Autos,Sedans Compactos,3,HONDA/CITY,1151,11.11
2023,5,Maio,Autos,Sedans Compactos,4,TOYOTA/YARIS SEDAN,1068,9.55
2023,5,Maio,Autos,Sedans Compactos,5,NISSAN/VERSA,673,5.47
2023,5,Maio,Autos,Sedans Compactos,6,FORD/CORCEL,0,0.01
2023,5,Maio,Autos,Sedans médios,1,TOYOTA/COROLLA,3891,81.29
2023,5,Maio,Autos,Sedans médios,2,NISSAN/SENTRA,636,7.8
2023,5,Maio,Autos,Sedans médios,3,GM/CRUZE SEDAN,126,2.33
2023,5,Maio,Autos,Sedans médios,4,VW/JETTA,186,2.32
2023,5,Maio,Autos,Sedans médios,5,HONDA/CIVIC,7,1.59
2023,5,Maio,Autos,Sedans médios,6,CAOA CHERY/ARRIZO 6,51,1.47
2023,5,Maio,Autos,Sedans médios,7,AUDI/A3 SEDAN,58,1.09
2023,5,Maio,Autos,Sedans médios,8,AUDI/A5,32,0.99
2023,5,Maio,Autos,Sedans médios,9,M.BENZ/CLA45,1,0.26
2023,5,Maio,Autos,Sedans médios,10,BMW/218I,1,0.22
2023,5,Maio,Autos,Sedans médios,11,BMW/420I,5,0.21
2023,5,Maio,Autos,Sedans médios,12,M.BENZ/CLA35,5,0.16
2023,5,Maio,Autos,Sedans médios,13,JAC/E-J7,1,0.11
2023,5,Maio,Autos,Sedans médios,14,HYUNDAI/IONIQ,1,0.06
2023,5,Maio,Autos,Sedans médios,15,KIA/CERATO,2,0.06
2023,5,Maio,Autos,Sedans médios,16,M.BENZ/CLASSE A,0,0.03
2023,5,Maio,Autos,Sedans médios,17,GM/IMPALA,1,0.01
2023,5,Maio,Autos,Sedans médios,18,RENAULT/FLUENCE,0,0.01
2023,5,Maio,Autos,Sedans médios,19,TOYOTA/PRIUS,0,0.01
2023,5,Maio,Autos,Sedans médios,20,VW/SANTANA,0,0.01
2023,5,Maio,Autos,Sedans Grandes,1,BMW/320I,420,56.67
2023,5,Maio,Autos,Sedans Grandes,2,BMW/330E,24,10.46
2023,5,Maio,Autos,Sedans Grandes,3,M.BENZ/CLASSE C,41,8.9
2023,5,Maio,Autos,Sedans Grandes,4,AUDI/A4,36,5.69
2023,5,Maio,Autos,Sedans Grandes,5,M.BENZ/CLA250,23,4.97
2023,5,Maio,Autos,Sedans Grandes,6,PORSCHE/PANAMERA,31,4.44
2023,5,Maio,Autos,Sedans Grandes,7,BMW/I4,24,1.53
2023,5,Maio,Autos,Sedans Grandes,8,BYD/HAN,8,1.47
2023,5,Maio,Autos,Sedans Grandes,9,BMW/530E,17,0.9
2023,5,Maio,Autos,Sedans Grandes,10,LEXUS/ES300,4,0.84
2023,5,Maio,Autos,Sedans Grandes,11,TOYOTA/CAMRY,1,0.84
2023,5,Maio,Autos,Sedans Grandes,12,AUDI/E TRON GT,5,0.51
2023,5,Maio,Autos,Sw Médios,1,VW/PARATI,0,66.67
2023,5,Maio,Autos,Sw Médios,2,VW/SPACE FOX,0,33.33
2023,5,Maio,Autos,Sw Grandes,1,AUDI/RS6 AVANT,1,89.47
2023,5,Maio,Autos,Sw Grandes,2,GM/CARAVAN,0,5.26
2023,5,Maio,Autos,Sw Grandes,3,VW/QUANTUM,0,5.26
2023,5,Maio,Autos,Monocab,1,GM/BOLT,12,94.44
2023,5,Maio,Autos,Monocab,2,FIAT/DOBLO,0,5.56
2023,5,Maio,Autos,Grandcab,1,GM/SPIN,1492,99.34
2023,5,Maio,Autos,Grandcab,2,KIA/CARNIVAL,1,0.32
2023,5,Maio,Autos,Grandcab,3,BYD/D1,0,0.2
2023,5,Maio,Autos,Grandcab,4,TOYOTA/SIENNA,0,0.04
2023,5,Maio,Autos,Sports,1,PORSCHE/911,58,30.18
2023,5,Maio,Autos,Sports,2,FORD/MUSTANG,39,16.1
2023,5,Maio,Autos,Sports,3,BMW/M3,18,13.04
2023,5,Maio,Autos,Sports,4,PORSCHE/TAYCAN,23,10.32
2023,5,Maio,Autos,Sports,5,PORSCHE/BOXSTER,32,8.75
2023,5,Maio,Autos,Sports,6,PORSCHE/CAYMAN,12,4.46
2023,5,Maio,Autos,Sports,7,JAGUAR/F-TYPE,7,3.24
2023,5,Maio,Autos,Sports,8,GM/CORVETTE,8,2.45
2023,5,Maio,Autos,Sports,9,MCLAREN/ARTURA,10,1.57
2023,5,Maio,Autos,Suv's,1,JEEP/COMPASS,5560,9.25
2023,5,Maio,Autos,Suv's,2,HYUNDAI/CRETA,5268,9.01
2023,5,Maio,Autos,Suv's,3,VW/T CROSS,6012,8.81
2023,5,Maio,Autos,Suv's,4,GM/TRACKER,5436,8.54
2023,5,Maio,Autos,Suv's,5,NISSAN/KICKS,4212,6.61
2023,5,Maio,Autos,Suv's,6,JEEP/RENEGADE,4279,6.48
2023,5,Maio,Autos,Suv's,7,TOYOTA/COROLLA CROSS,3731,6.44
2023,5,Maio,Autos,Suv's,8,VW/NIVUS,4340,6.09
2023,5,Maio,Autos,Suv's,9,FIAT/PULSE,3490,6.06
2023,5,Maio,Autos,Suv's,10,HONDA/HR-V,4578,5.59
2023,5,Maio,Autos,Suv's,11,FIAT/FASTBACK,2943,5.02
2023,5,Maio,Autos,Suv's,12,RENAULT/DUSTER,2231,3.3
2023,5,Maio,Autos,Suv's,13,JEEP/COMMANDER,1955,3.26
2023,5,Maio,Autos,Suv's,14,TOYOTA/HILUX SW4,1238,2.0
2023,5,Maio,Autos,Suv's,15,VW/TAOS,1535,1.91
2023,5,Maio,Autos,Suv's,16,CAOA CHERY/TIGGO 8,675,1.08
2023,5,Maio,Autos,Suv's,17,CAOA CHERY/TIGGO 5X,644,0.79
2023,5,Maio,Autos,Suv's,18,CAOA CHERY/TIGGO 7,582,0.79
2023,5,Maio,Autos,Suv's,19,VOLVO/XC60,380,0.65
2023,5,Maio,Autos,Suv's,20,CITROEN/C4 CACTUS,238,0.6
2023,5,Maio,Autos,Suv's,21,GM/EQUINOX,349,0.56
2023,5,Maio,Autos,Suv's,22,GWM/HAVAL H6,960,0.42
2023,5,Maio,Autos,Suv's,23,BMW/X1,509,0.42
2023,5,Maio,Autos,Suv's,24,MITSUBISHI/ECLIPSE CROSS,211,0.4
2023,5,Maio,Autos,Suv's,25,GM/TRAILBLAZER,200,0.28
2023,5,Maio,Autos,Suv's,26,VOLVO/XC40,191,0.28
2023,5,Maio,Autos,Suv's,27,PORSCHE/CAYENNE,253,0.28
2023,5,Maio,Autos,Suv's,28,AUDI/Q5,147,0.27
2023,5,Maio,Autos,Suv's,29,BYD/SONG PLUS,322,0.26
2023,5,Maio,Autos,Suv's,30,PEUGEOT/2008,147,0.25
2023,5,Maio,Autos,Suv's,31,PORSCHE/MACAN,112,0.24
2023,5,Maio,Autos,Suv's,32,MITSUBISHI/PAJERO,118,0.23
2023,5,Maio,Autos,Suv's,33,AUDI/Q3,100,0.2
2023,5,Maio,Autos,Suv's,34,LAND ROVER/DISCOVERY,138,0.2
2023,5,Maio,Autos,Suv's,35,VOLVO/XC90,114,0.18
2023,5,Maio,Autos,Suv's,36,FORD/TERRITORY,107,0.17
2023,5,Maio,Autos,Suv's,37,M.BENZ/CLASSE GLB,92,0.17
2023,5,Maio,Autos,Suv's,38,KIA/STONIC,92,0.16
2023,5,Maio,Autos,Suv's,39,KIA/SPORTAGE,108,0.15
2023,5,Maio,Autos,Suv's,40,LAND ROVER/RANGE ROVER,146,0.15
2023,5,Maio,Com. Leves,Pick-up's Pequenas,1,FIAT/STRADA,9714,74.15
2023,5,Maio,Com. Leves,Pick-up's Pequenas,2,VW/SAVEIRO,3873,25.84
2023,5,Maio,Com. Leves,Pick-up's Pequenas,3,GM/MONTANA,1,0.01
2023,5,Maio,Com. Leves,Pick-up's Pequenas,4,FORD/RANCHERO,1,0
2023,5,Maio,Com. Leves,Pick-up's Pequenas,5,PEUGEOT/PARTNER,0,0
2023,5,Maio,Com. Leves,Pick-up's Grandes,1,FIAT/TORO,4986,23.63
2023,5,Maio,Com. Leves,Pick-up's Grandes,2,TOYOTA/HILUX,3986,20.14
2023,5,Maio,Com. Leves,Pick-up's Grandes,3,GM/S10,2376,12.88
2023,5,Maio,Com. Leves,Pick-up's Grandes,4,GM/MONTANA,3592,12.57
2023,5,Maio,Com. Leves,Pick-up's Grandes,5,FORD/RANGER,1561,7.81
2023,5,Maio,Com. Leves,Pick-up's Grandes,6,RENAULT/OROCH,1135,5.59
2023,5,Maio,Com. Leves,Pick-up's Grandes,7,MITSUBISHI/L200,937,4.83
2023,5,Maio,Com. Leves,Pick-up's Grandes,8,VW/AMAROK,812,3.56
2023,5,Maio,Com. Leves,Pick-up's Grandes,9,NISSAN/FRONTIER,810,3.31
2023,5,Maio,Com. Leves,Pick-up's Grandes,10,RAM/3500,379,2.25
2023,5,Maio,Com. Leves,Pick-up's Grandes,11,RAM/CLASSIC,227,1.06
2023,5,Maio,Com. Leves,Furgões,1,RENAULT/MASTER,1071,31.76
2023,5,Maio,Com. Leves,Furgões,2,FIAT/SCUDO,280,11.98
2023,5,Maio,Com. Leves,Furgões,3,FORD/TRANSIT,256,11.15
2023,5,Maio,Com. Leves,Furgões,4,KIA/K2500,189,9.11
2023,5,Maio,Com. Leves,Furgões,5,CITROEN/JUMPY,134,7.79
2023,5,Maio,Com. Leves,Furgões,6,VW/MAN/EXPRESS,158,6.35
2023,5,Maio,Com. Leves,Furgões,7,IVECO/DAILY,223,5.8
2023,5,Maio,Com. Leves,Furgões Pequenos,1,FIAT/FIORINO,1071,92.49
2023,5,Maio,Com. Leves,Furgões Pequenos,2,PEUGEOT/PARTNER,134,6.7
2023,5,Maio,Com. Leves,Furgões Pequenos,3,BYD/T3,3,0.49
2023,5,Maio,Com. Leves,Furgões Pequenos,4,FIAT/STRADA,2,0.26
2023,5,Maio,Caminhões,Semi-Leve,1,M.BENZ/SPRINTER 416,93,37.67
2023,5,Maio,Caminhões,Semi-Leve,2,M.BENZ/SPRINTER 516,67,16.31
2023,5,Maio,Caminhões,Semi-Leve,3,M.BENZ/SPRINTER 417,127,11.93
2023,5,Maio,Caminhões,Semi-Leve,4,IVECO/DAILY 65-170,40,10.59
2023,5,Maio,Caminhões,Semi-Leve,5,IVECO/DAILY 45-170,45,8.67
2023,5,Maio,Caminhões,Semi-Leve,6,VW/MAN/6.160,30,4.87
2023,5,Maio,Caminhões,Semi-Leve,7,IVECO/DAILY 55-170,18,4.2
2023,5,Maio,Caminhões,Semi-Leve,8,M.BENZ/SPRINTER,20,3.62
2023,5,Maio,Caminhões,Semi-Leve,9,M.BENZ/SPRINTER 517,19,0.85
2023,5,Maio,Caminhões,Semi-Leve,10,VW/MAN/4.160,2,0.45
2023,5,Maio,Caminhões,Leve,1,M.BENZ/ACCELO 1016,144,35.21
2023,5,Maio,Caminhões,Leve,2,VW/MAN/9.170,166,24.52
2023,5,Maio,Caminhões,Leve,3,M.BENZ/ACCELO 815,91,19.74
2023,5,Maio,Caminhões,Leve,4,IVECO/TECTOR 9-190,3,5.17
2023,5,Maio,Caminhões,Leve,5,HYUNDAI/HD 80,29,4.19
2023,5,Maio,Caminhões,Leve,6,JAC/IEV1200T,18,4.08
2023,5,Maio,Caminhões,Leve,7,VW/MAN/9.180,65,3.08
2023,5,Maio,Caminhões,Leve,8,VW/MAN/6.170,24,1.06
2023,5,Maio,Caminhões,Leve,9,FOTON/AUMARK S 6.5 T,4,0.62
2023,5,Maio,Caminhões,Leve,10,IVECO/DAILY 65-170,17,0.5
2023,5,Maio,Caminhões,Médio,1,VW/MAN/11.180,380,49.11
2023,5,Maio,Caminhões,Médio,2,IVECO/TECTOR 11-190,97,13.49
2023,5,Maio,Caminhões,Médio,3,VW/MAN/13.180,71,9.47
2023,5,Maio,Caminhões,Médio,4,M.BENZ/ATEGO 1419,50,8.03
2023,5,Maio,Caminhões,Médio,5,M.BENZ/ACCELO 1316,21,6.52
2023,5,Maio,Caminhões,Médio,6,VW/MAN/14.190,43,5.75
2023,5,Maio,Caminhões,Médio,7,M.BENZ/ACCELO 1017,67,2.47
2023,5,Maio,Caminhões,Médio,8,FOTON/AUMARK S 11T,19,1.78
2023,5,Maio,Caminhões,Médio,9,VW/MAN/14.210,31,1.06
2023,5,Maio,Caminhões,Médio,10,M.BENZ/1418,13,0.82
2023,5,Maio,Caminhões,Semi-Pesado,1,VOLVO/VM 270,169,11.35
2023,5,Maio,Caminhões,Semi-Pesado,2,VW/MAN/24.280,261,8.38
2023,5,Maio,Caminhões,Semi-Pesado,3,VW/MAN/17.190,125,7.4
2023,5,Maio,Caminhões,Semi-Pesado,4,VW/MAN/24.260,141,7.26
2023,5,Maio,Caminhões,Semi-Pesado,5,M.BENZ/ATEGO 1719,147,6.45
2023,5,Maio,Caminhões,Semi-Pesado,6,M.BENZ/ATEGO 2426,84,6.2
2023,5,Maio,Caminhões,Semi-Pesado,7,IVECO/TECTOR 240,161,5.43
2023,5,Maio,Caminhões,Semi-Pesado,8,VOLVO/VM 330,78,4.68
2023,5,Maio,Caminhões,Semi-Pesado,9,VW/MAN/31.280,97,3.73
2023,5,Maio,Caminhões,Semi-Pesado,10,VW/MAN/17.260,71,3.7
2023,5,Maio,Caminhões,Pesado,1,VOLVO/FH 540,523,12.26
2023,5,Maio,Caminhões,Pesado,2,DAF/XF 530,254,6.69
2023,5,Maio,Caminhões,Pesado,3,DAF/XF 480,282,6.05
2023,5,Maio,Caminhões,Pesado,4,VOLVO/FH 460,249,5.97
2023,5,Maio,Caminhões,Pesado,5,M.BENZ/ACTROS 2651,107,4.18
2023,5,Maio,Caminhões,Pesado,6,SCANIA/R450,46,4.14
2023,5,Maio,Caminhões,Pesado,7,M.BENZ/ATEGO 2730,126,3.99
2023,5,Maio,Caminhões,Pesado,8,SCANIA/R 460,340,3.87
2023,5,Maio,Caminhões,Pesado,9,M.BENZ/AXOR 3131,79,3.35
2023,5,Maio,Caminhões,Pesado,10,SCANIA/R540,5,2.83
2023,5,Maio,Motos,City,1,HONDA/CG 160,43442,61.68
2023,5,Maio,Motos,City,2,YAMAHA/YBR 150,4911,6.79
2023,5,Maio,Motos,City,3,YAMAHA/FAZER 250,4686,6.4
2023,5,Maio,Motos,City,4,MOTTU/SPORT 110I,3351,5.98
2023,5,Maio,Motos,City,5,HONDA/CB 300F,5505,5.54
2023,5,Maio,Motos,City,6,YAMAHA/FAZER 150,3338,4.56
2023,5,Maio,Motos,City,7,YAMAHA/YS150 FAZER,2010,3.25
2023,5,Maio,Motos,City,8,YAMAHA/YBR 125,1175,1.47
2023,5,Maio,Motos,City,9,HONDA/CB 250F TWISTER,250,1.21
2023,5,Maio,Motos,City,10,HAOJUE/DR160,320,0.42
2023,5,Maio,Motos,Custom,1,ROYAL ENFIELD/METEOR,330,32.79
2023,5,Maio,Motos,Custom,2,ROYAL ENFIELD/CLASSIC 350,283,28.06
2023,5,Maio,Motos,Custom,3,KAWASAKI/VULCAN S,100,8.26
2023,5,Maio,Motos,Custom,4,ROYAL ENFIELD/INTERCEPTOR,61,8.2
2023,5,Maio,Motos,Custom,5,ROYAL ENFIELD/CONTINENTAL GT,36,3.5
2023,5,Maio,Motos,Custom,6,TRIUMPH/BONNEVILLE,30,2.53
2023,5,Maio,Motos,Custom,7,BMW/R 18,16,1.88
2023,5,Maio,Motos,Custom,8,H.DAVIDSON/FL FBS,21,1.88
2023,5,Maio,Motos,Custom,9,H.DAVIDSON/FLHCS,32,1.54
2023,5,Maio,Motos,Custom,10,TRIUMPH/SPEED TWIN,2,1.5
2023,5,Maio,Motos,Trail/Fun,1,HONDA/NXR160,15454,49.17
2023,5,Maio,Motos,Trail/Fun,2,YAMAHA/XTZ 250,4817,15.07
2023,5,Maio,Motos,Trail/Fun,3,HONDA/XRE 190,3668,10.99
2023,5,Maio,Motos,Trail/Fun,4,YAMAHA/CROSSER 150,3518,9.9
2023,5,Maio,Motos,Trail/Fun,5,HONDA/XRE 300,1196,8.39
2023,5,Maio,Motos,Trail/Fun,6,SHINERAY/XY 125,1118,3.32
2023,5,Maio,Motos,Trail/Fun,7,BMW/G310 GS,271,0.81
2023,5,Maio,Motos,Trail/Fun,8,DAFRA/NH 190,130,0.61
2023,5,Maio,Motos,Trail/Fun,9,HAOJUE/NK 150,165,0.49
2023,5,Maio,Motos,Trail/Fun,10,YAMAHA/XTZ150,270,0.42
2023,5,Maio,Motos,Maxtrail,1,BMW/R1250GS,686,20.59
2023,5,Maio,Motos,Maxtrail,2,HONDA/CB 500X,545,16.98
2023,5,Maio,Motos,Maxtrail,3,TRIUMPH/TIGER 900,345,11.0
2023,5,Maio,Motos,Maxtrail,4,HONDA/NC 750X,281,10.38
2023,5,Maio,Motos,Maxtrail,5,BMW/F850 GS,300,8.59
2023,5,Maio,Motos,Maxtrail,6,ROYAL ENFIELD/HIMALAYAN,142,8.02
2023,5,Maio,Motos,Maxtrail,7,KAWASAKI/VERSYS 650,82,4.57
2023,5,Maio,Motos,Maxtrail,8,HONDA/CRF 1100L,91,4.28
2023,5,Maio,Motos,Maxtrail,9,TRIUMPH/TIGER 1200,73,3.37
2023,5,Maio,Motos,Maxtrail,10,TRIUMPH/TIGER,103,3.1
2023,5,Maio,Motos,Naked/Roadster,1,YAMAHA/MT03,947,33.25
2023,5,Maio,Motos,Naked/Roadster,2,HONDA/CB 500,422,15.2
2023,5,Maio,Motos,Naked/Roadster,3,YAMAHA/MT07,213,9.38
2023,5,Maio,Motos,Naked/Roadster,4,YAMAHA/MT09,200,9.14
2023,5,Maio,Motos,Naked/Roadster,5,HONDA/CB 650R,239,8.75
2023,5,Maio,Motos,Naked/Roadster,6,KAWASAKI/Z900,111,4.52
2023,5,Maio,Motos,Naked/Roadster,7,KAWASAKI/Z400,76,2.96
2023,5,Maio,Motos,Naked/Roadster,8,HONDA/CB 1000R,75,2.95
2023,5,Maio,Motos,Naked/Roadster,9,BMW/G310 R,35,1.97
2023,5,Maio,Motos,Naked/Roadster,10,SUZUKI/GSX-S750,58,1.73
2023,5,Maio,Motos,Scooter/Cub,1,HONDA/BIZ,18341,39.45
2023,5,Maio,Motos,Scooter/Cub,2,HONDA/POP 110I,16035,27.45
2023,5,Maio,Motos,Scooter/Cub,3,HONDA/PCX 160,3574,6.7
2023,5,Maio,Motos,Scooter/Cub,4,HONDA/ELITE 125,2990,5.16
2023,5,Maio,Motos,Scooter/Cub,5,YAMAHA/NEO 125,1872,3.54
2023,5,Maio,Motos,Scooter/Cub,6,HONDA/ADV 150,1875,3.28
2023,5,Maio,Motos,Scooter/Cub,7,YAMAHA/NMAX,984,3.02
2023,5,Maio,Motos,Scooter/Cub,8,YAMAHA/FLUO 125,1268,2.49
2023,5,Maio,Motos,Scooter/Cub,9,SHINERAY/XY 50,868,1.74
2023,5,Maio,Motos,Scooter/Cub,10,AVELLOZ/AZ1,867,1.68
2023,5,Maio,Motos,Sport,1,YAMAHA/YZF R3,201,33.35
2023,5,Maio,Motos,Sport,2,BMW/S1000 R,129,20.54
2023,5,Maio,Motos,Sport,3,KAWASAKI/NINJA 400,101,17.32
2023,5,Maio,Motos,Sport,4,HONDA/CBR 650R,51,9.32
2023,5,Maio,Motos,Sport,5,KAWASAKI/NINJA ZX 6,32,5.12
2023,5,Maio,Motos,Sport,6,KAWASAKI/NINJA 300,26,2.77
2023,5,Maio,Motos,Sport,7,DUCATI/PANIGALE V4,29,2.65
2023,5,Maio,Motos,Sport,8,KAWASAKI/NINJA ZX10,29,2.5
2023,5,Maio,Motos,Sport,9,SUZUKI/GSX 1300,15,2.43
2023,5,Maio,Motos,Sport,10,KAWASAKI/NINJA 650,8,1.29
2023,5,Maio,Motos,Touring,1,H.DAVIDSON/FLTRK,30,27.52
2023,5,Maio,Motos,Touring,2,H.DAVIDSON/FLHTK,26,23.71
2023,5,Maio,Motos,Touring,3,BMW/R1250 RT,7,11.17
2023,5,Maio,Motos,Touring,4,H.DAVIDSON/FLHX,10,11.17
2023,5,Maio,Motos,Touring,5,H.DAVIDSON/FLH RXS,5,8.72
2023,5,Maio,Motos,Touring,6,H.DAVIDSON/FLT,5,6.54
2023,5,Maio,Motos,Touring,7,BMW/K 1600,4,4.36
2023,5,Maio,Motos,Touring,8,HONDA/GOLDWING,2,3.54
2023,6,Junho,Autos,Veículos de Entrada,1,FIAT/MOBI,6895,48.25
2023,6,Junho,Autos,Veículos de Entrada,2,RENAULT/KWID,5933,42.23
2023,6,Junho,Autos,Veículos de Entrada,3,VW/GOL,89,9.4
2023,6,Junho,Autos,Veículos de Entrada,4,VW/FUSCA,2,0.07
2023,6,Junho,Autos,Veículos de Entrada,5,FIAT/UNO,3,0.03
2023,6,Junho,Autos,Veículos de Entrada,6,FIAT/PALIO,1,0.01
2023,6,Junho,Autos,Veículos de Entrada,7,VW/UP,0,0.01
2023,6,Junho,Autos,Veículos de Entrada,8,GM/CHEVETTE,0,0
2023,6,Junho,Autos,Veículos de Entrada,9,FIAT/147,0,0
2023,6,Junho,Autos,Hatch Pequenos,1,GM/ONIX,8261,22.8
2023,6,Junho,Autos,Hatch Pequenos,2,VW/POLO,9949,19.5
2023,6,Junho,Autos,Hatch Pequenos,3,HYUNDAI/HB20,6420,17.57
2023,6,Junho,Autos,Hatch Pequenos,4,FIAT/ARGO,6747,16.5
2023,6,Junho,Autos,Hatch Pequenos,5,TOYOTA/YARIS HB,1940,6.14
2023,6,Junho,Autos,Hatch Pequenos,6,PEUGEOT/208,2718,5.97
2023,6,Junho,Autos,Hatch Pequenos,7,CITROEN/C3,2930,5.86
2023,6,Junho,Autos,Hatch Pequenos,8,HONDA/CITY HATCH,791,3.43
2023,6,Junho,Autos,Hatch Pequenos,9,RENAULT/SANDERO,1004,1.84
2023,6,Junho,Autos,Hatch Pequenos,10,MINI/COOPER,50,0.19
2023,6,Junho,Autos,Hatch Pequenos,11,JAC/E-JS1,3,0.11
2023,6,Junho,Autos,Hatch Pequenos,12,CAOA CHERY/ICAR,12,0.03
2023,6,Junho,Autos,Hatch Médios,1,GM/CRUZE HB,34,32.96
2023,6,Junho,Autos,Hatch Médios,2,AUDI/A3,42,28.3
2023,6,Junho,Autos,Hatch Médios,3,NISSAN/LEAF,56,25.88
2023,6,Junho,Autos,Hatch Médios,4,M.BENZ/CLASSE A,5,4.02
2023,6,Junho,Autos,Hatch Médios,5,BMW/118I,4,2.57
2023,6,Junho,Autos,Hatch Médios,6,BMW/I3,1,1.93
2023,6,Junho,Autos,Sedans Pequenos,1,FIAT/CRONOS,4969,59.7
2023,6,Junho,Autos,Sedans Pequenos,2,HYUNDAI/HB20S,1393,29.54
2023,6,Junho,Autos,Sedans Pequenos,3,VW/VOYAGE,1,6.43
2023,6,Junho,Autos,Sedans Pequenos,4,RENAULT/LOGAN,473,4.25
2023,6,Junho,Autos,Sedans Pequenos,5,FIAT/SIENA,0,0.05
2023,6,Junho,Autos,Sedans Pequenos,6,GM/PRISMA,1,0.01
2023,6,Junho,Autos,Sedans Pequenos,7,TOYOTA/ETIOS SEDAN,0,0.01
2023,6,Junho,Autos,Sedans Pequenos,8,FORD/FIESTA SEDAN,0,0
2023,6,Junho,Autos,Sedans Pequenos,9,FORD/KA SEDAN,0,0
2023,6,Junho,Autos,Sedans Pequenos,10,GM/CLASSIC,0,0
2023,6,Junho,Autos,Sedans Compactos,1,GM/ONIX PLUS,6419,57.95
2023,6,Junho,Autos,Sedans Compactos,2,VW/VIRTUS,2188,15.72
2023,6,Junho,Autos,Sedans Compactos,3,HONDA/CITY,1060,10.7
2023,6,Junho,Autos,Sedans Compactos,4,TOYOTA/YARIS SEDAN,1294,9.82
2023,6,Junho,Autos,Sedans Compactos,5,NISSAN/VERSA,842,5.79
2023,6,Junho,Autos,Sedans Compactos,6,FORD/CORCEL,1,0.01
2023,6,Junho,Autos,Sedans médios,1,TOYOTA/COROLLA,3751,80.95
2023,6,Junho,Autos,Sedans médios,2,NISSAN/SENTRA,408,7.96
2023,6,Junho,Autos,Sedans médios,3,VW/JETTA,184,2.63
2023,6,Junho,Autos,Sedans médios,4,GM/CRUZE SEDAN,101,2.29
2023,6,Junho,Autos,Sedans médios,5,CAOA CHERY/ARRIZO 6,41,1.35
2023,6,Junho,Autos,Sedans médios,6,AUDI/A3 SEDAN,106,1.31
2023,6,Junho,Autos,Sedans médios,7,HONDA/CIVIC,5,1.3
2023,6,Junho,Autos,Sedans médios,8,AUDI/A5,43,0.97
2023,6,Junho,Autos,Sedans médios,9,JAC/E-J7,4,0.27
2023,6,Junho,Autos,Sedans médios,10,M.BENZ/CLA45,8,0.24
2023,6,Junho,Autos,Sedans médios,11,BMW/218I,6,0.2
2023,6,Junho,Autos,Sedans médios,12,BMW/420I,7,0.2
2023,6,Junho,Autos,Sedans médios,13,M.BENZ/CLA35,6,0.15
2023,6,Junho,Autos,Sedans médios,14,HYUNDAI/IONIQ,4,0.07
2023,6,Junho,Autos,Sedans médios,15,KIA/CERATO,3,0.06
2023,6,Junho,Autos,Sedans médios,16,M.BENZ/CLASSE A,0,0.02
2023,6,Junho,Autos,Sedans médios,17,GM/IMPALA,0,0
2023,6,Junho,Autos,Sedans médios,18,RENAULT/FLUENCE,0,0
2023,6,Junho,Autos,Sedans médios,19,TOYOTA/PRIUS,0,0
2023,6,Junho,Autos,Sedans médios,20,VW/SANTANA,0,0
2023,6,Junho,Autos,Sedans Grandes,1,BMW/320I,402,58.78
2023,6,Junho,Autos,Sedans Grandes,2,BMW/330E,7,9.13
2023,6,Junho,Autos,Sedans Grandes,3,M.BENZ/CLASSE C,9,7.84
2023,6,Junho,Autos,Sedans Grandes,4,AUDI/A4,31,5.67
2023,6,Junho,Autos,Sedans Grandes,5,M.BENZ/CLA250,19,4.74
2023,6,Junho,Autos,Sedans Grandes,6,PORSCHE/PANAMERA,27,4.49
2023,6,Junho,Autos,Sedans Grandes,7,BMW/I4,21,1.85
2023,6,Junho,Autos,Sedans Grandes,8,BYD/HAN,5,1.38
2023,6,Junho,Autos,Sedans Grandes,9,BMW/530E,15,1.15
2023,6,Junho,Autos,Sedans Grandes,10,LEXUS/ES300,9,0.95
2023,6,Junho,Autos,Sedans Grandes,11,TOYOTA/CAMRY,2,0.77
2023,6,Junho,Autos,Sedans Grandes,12,AUDI/E TRON GT,2,0.49
2023,6,Junho,Autos,Sw Médios,1,VW/PARATI,0,66.67
2023,6,Junho,Autos,Sw Médios,2,VW/SPACE FOX,0,33.33
2023,6,Junho,Autos,Sw Grandes,1,AUDI/RS6 AVANT,3,90.91
2023,6,Junho,Autos,Sw Grandes,2,GM/CARAVAN,0,4.55
2023,6,Junho,Autos,Sw Grandes,3,VW/QUANTUM,0,4.55
2023,6,Junho,Autos,Monocab,1,GM/BOLT,0,83.33
2023,6,Junho,Autos,Monocab,2,FIAT/DOBLO,1,12.5
2023,6,Junho,Autos,Monocab,3,NISSAN/LIVINA,1,4.17
2023,6,Junho,Autos,Grandcab,1,GM/SPIN,1510,99.33
2023,6,Junho,Autos,Grandcab,2,KIA/CARNIVAL,0,0.27
2023,6,Junho,Autos,Grandcab,3,BYD/D1,6,0.23
2023,6,Junho,Autos,Grandcab,4,CHRYSLER/PACIFICA,4,0.06
2023,6,Junho,Autos,Sports,1,PORSCHE/911,67,30.34
2023,6,Junho,Autos,Sports,2,FORD/MUSTANG,34,16.05
2023,6,Junho,Autos,Sports,3,BMW/M3,19,12.37
2023,6,Junho,Autos,Sports,4,PORSCHE/TAYCAN,26,10.6
2023,6,Junho,Autos,Sports,5,PORSCHE/BOXSTER,13,8.32
2023,6,Junho,Autos,Sports,6,PORSCHE/CAYMAN,15,4.86
2023,6,Junho,Autos,Sports,7,JAGUAR/F-TYPE,4,3.02
2023,6,Junho,Autos,Sports,8,GM/CORVETTE,5,2.43
2023,6,Junho,Autos,Sports,9,MCLAREN/ARTURA,10,2.06
2023,6,Junho,Autos,Suv's,1,VW/T CROSS,7264,9.32
2023,6,Junho,Autos,Suv's,2,JEEP/COMPASS,4338,8.83
2023,6,Junho,Autos,Suv's,3,HYUNDAI/CRETA,4597,8.72
2023,6,Junho,Autos,Suv's,4,GM/TRACKER,4957,8.43
2023,6,Junho,Autos,Suv's,5,JEEP/RENEGADE,4084,6.5
2023,6,Junho,Autos,Suv's,6,NISSAN/KICKS,3473,6.42
2023,6,Junho,Autos,Suv's,7,TOYOTA/COROLLA CROSS,3357,6.25
2023,6,Junho,Autos,Suv's,8,FIAT/PULSE,4401,6.24
2023,6,Junho,Autos,Suv's,9,VW/NIVUS,3751,6.08
2023,6,Junho,Autos,Suv's,10,HONDA/HR-V,4810,5.98
2023,6,Junho,Autos,Suv's,11,FIAT/FASTBACK,3384,5.09
2023,6,Junho,Autos,Suv's,12,RENAULT/DUSTER,1488,3.14
2023,6,Junho,Autos,Suv's,13,JEEP/COMMANDER,1338,3.06
2023,6,Junho,Autos,Suv's,14,TOYOTA/HILUX SW4,1258,2.0
2023,6,Junho,Autos,Suv's,15,VW/TAOS,1069,1.87
2023,6,Junho,Autos,Suv's,16,CAOA CHERY/TIGGO 5X,1571,1.1
2023,6,Junho,Autos,Suv's,17,CAOA CHERY/TIGGO 8,677,1.08
2023,6,Junho,Autos,Suv's,18,CAOA CHERY/TIGGO 7,457,0.78
2023,6,Junho,Autos,Suv's,19,VOLVO/XC60,392,0.64
2023,6,Junho,Autos,Suv's,20,GWM/HAVAL H6,969,0.63
2023,6,Junho,Autos,Suv's,21,GM/EQUINOX,325,0.55
2023,6,Junho,Autos,Suv's,22,CITROEN/C4 CACTUS,143,0.53
2023,6,Junho,Autos,Suv's,23,BMW/X1,433,0.47
2023,6,Junho,Autos,Suv's,24,MITSUBISHI/ECLIPSE CROSS,294,0.41
2023,6,Junho,Autos,Suv's,25,BYD/SONG PLUS,353,0.32
2023,6,Junho,Autos,Suv's,26,PORSCHE/CAYENNE,208,0.29
2023,6,Junho,Autos,Suv's,27,AUDI/Q5,217,0.28
2023,6,Junho,Autos,Suv's,28,VOLVO/XC40,119,0.26
2023,6,Junho,Autos,Suv's,29,PEUGEOT/2008,167,0.26
2023,6,Junho,Autos,Suv's,30,GM/TRAILBLAZER,84,0.25
2023,6,Junho,Autos,Suv's,31,MITSUBISHI/PAJERO,214,0.25
2023,6,Junho,Autos,Suv's,32,PORSCHE/MACAN,86,0.22
2023,6,Junho,Autos,Suv's,33,AUDI/Q3,124,0.2
2023,6,Junho,Autos,Suv's,34,LAND ROVER/DISCOVERY,126,0.2
2023,6,Junho,Autos,Suv's,35,VOLVO/XC90,8,0.17
2023,6,Junho,Autos,Suv's,36,FORD/TERRITORY,104,0.17
2023,6,Junho,Autos,Suv's,37,M.BENZ/CLASSE GLB,85,0.16
2023,6,Junho,Autos,Suv's,38,LAND ROVER/DEFENDER,125,0.15
2023,6,Junho,Autos,Suv's,39,KIA/STONIC,61,0.15
2023,6,Junho,Autos,Suv's,40,LAND ROVER/RANGE ROVER,100,0.15
2023,6,Junho,Com. Leves,Pick-up's Pequenas,1,FIAT/STRADA,9005,72.56
2023,6,Junho,Com. Leves,Pick-up's Pequenas,2,VW/SAVEIRO,4638,27.43
2023,6,Junho,Com. Leves,Pick-up's Pequenas,3,GM/MONTANA,0,0.01
2023,6,Junho,Com. Leves,Pick-up's Pequenas,4,FORD/RANCHERO,0,0
2023,6,Junho,Com. Leves,Pick-up's Pequenas,5,PEUGEOT/PARTNER,0,0
2023,6,Junho,Com. Leves,Pick-up's Grandes,1,FIAT/TORO,4411,23.5
2023,6,Junho,Com. Leves,Pick-up's Grandes,2,TOYOTA/HILUX,3732,20.0
2023,6,Junho,Com. Leves,Pick-up's Grandes,3,GM/MONTANA,2957,13.06
2023,6,Junho,Com. Leves,Pick-up's Grandes,4,GM/S10,2436,12.84
2023,6,Junho,Com. Leves,Pick-up's Grandes,5,FORD/RANGER,1425,7.74
2023,6,Junho,Com. Leves,Pick-up's Grandes,6,RENAULT/OROCH,730,5.26
2023,6,Junho,Com. Leves,Pick-up's Grandes,7,MITSUBISHI/L200,965,4.86
2023,6,Junho,Com. Leves,Pick-up's Grandes,8,NISSAN/FRONTIER,955,3.6
2023,6,Junho,Com. Leves,Pick-up's Grandes,9,VW/AMAROK,630,3.51
2023,6,Junho,Com. Leves,Pick-up's Grandes,10,RAM/3500,174,2.01
2023,6,Junho,Com. Leves,Pick-up's Grandes,11,RAM/CLASSIC,153,1.01
2023,6,Junho,Com. Leves,Furgões,1,RENAULT/MASTER,930,33.07
2023,6,Junho,Com. Leves,Furgões,2,FIAT/SCUDO,286,12.03
2023,6,Junho,Com. Leves,Furgões,3,FORD/TRANSIT,114,10.16
2023,6,Junho,Com. Leves,Furgões,4,KIA/K2500,8,8.26
2023,6,Junho,Com. Leves,Furgões,5,CITROEN/JUMPY,92,7.18
2023,6,Junho,Com. Leves,Furgões,6,IVECO/DAILY,238,6.51
2023,6,Junho,Com. Leves,Furgões,7,VW/MAN/EXPRESS,149,6.36
2023,6,Junho,Com. Leves,Furgões Pequenos,1,FIAT/FIORINO,2275,92.7
2023,6,Junho,Com. Leves,Furgões Pequenos,2,PEUGEOT/PARTNER,157,6.63
2023,6,Junho,Com. Leves,Furgões Pequenos,3,BYD/T3,1,0.37
2023,6,Junho,Com. Leves,Furgões Pequenos,4,FIAT/STRADA,2,0.22
2023,6,Junho,Caminhões,Semi-Leve,1,M.BENZ/SPRINTER 416,69,35.2
2023,6,Junho,Caminhões,Semi-Leve,2,M.BENZ/SPRINTER 516,43,15.75
2023,6,Junho,Caminhões,Semi-Leve,3,M.BENZ/SPRINTER 417,9,14.13
2023,6,Junho,Caminhões,Semi-Leve,4,IVECO/DAILY 65-170,28,10.23
2023,6,Junho,Caminhões,Semi-Leve,5,IVECO/DAILY 45-170,23,8.38
2023,6,Junho,Caminhões,Semi-Leve,6,VW/MAN/6.160,13,4.71
2023,6,Junho,Caminhões,Semi-Leve,7,IVECO/DAILY 55-170,10,4.01
2023,6,Junho,Caminhões,Semi-Leve,8,M.BENZ/SPRINTER,19,3.86
2023,6,Junho,Caminhões,Semi-Leve,9,M.BENZ/SPRINTER 517,43,2.39
2023,6,Junho,Caminhões,Semi-Leve,10,VW/MAN/4.160,1,0.42
2023,6,Junho,Caminhões,Leve,1,M.BENZ/ACCELO 1016,105,32.84
2023,6,Junho,Caminhões,Leve,2,VW/MAN/9.170,127,24.18
2023,6,Junho,Caminhões,Leve,3,M.BENZ/ACCELO 815,52,18.25
2023,6,Junho,Caminhões,Leve,4,IVECO/TECTOR 9-190,78,6.33
2023,6,Junho,Caminhões,Leve,5,VW/MAN/9.180,89,4.79
2023,6,Junho,Caminhões,Leve,6,HYUNDAI/HD 80,25,4.21
2023,6,Junho,Caminhões,Leve,7,JAC/IEV1200T,2,3.56
2023,6,Junho,Caminhões,Leve,8,M.BENZ/ACCELO 817,53,1.57
2023,6,Junho,Caminhões,Leve,9,VW/MAN/6.170,2,1.44
2023,6,Junho,Caminhões,Leve,10,IVECO/DAILY 65-170,9,0.65
2023,6,Junho,Caminhões,Médio,1,VW/MAN/11.180,335,48.57
2023,6,Junho,Caminhões,Médio,2,IVECO/TECTOR 11-190,140,14.41
2023,6,Junho,Caminhões,Médio,3,VW/MAN/13.180,39,8.8
2023,6,Junho,Caminhões,Médio,4,M.BENZ/ATEGO 1419,35,7.51
2023,6,Junho,Caminhões,Médio,5,M.BENZ/ACCELO 1316,15,5.79
2023,6,Junho,Caminhões,Médio,6,VW/MAN/14.190,17,5.19
2023,6,Junho,Caminhões,Médio,7,M.BENZ/ACCELO 1017,78,3.81
2023,6,Junho,Caminhões,Médio,8,VW/MAN/14.210,40,1.78
2023,6,Junho,Caminhões,Médio,9,FOTON/AUMARK S 11T,1,1.74
2023,6,Junho,Caminhões,Médio,10,M.BENZ/1418,4,0.78
2023,6,Junho,Caminhões,Semi-Pesado,1,VOLVO/VM 270,9,10.31
2023,6,Junho,Caminhões,Semi-Pesado,2,VW/MAN/24.280,157,8.17
2023,6,Junho,Caminhões,Semi-Pesado,3,VW/MAN/17.190,95,6.92
2023,6,Junho,Caminhões,Semi-Pesado,4,VW/MAN/24.260,83,6.73
2023,6,Junho,Caminhões,Semi-Pesado,5,M.BENZ/ATEGO 1719,130,6.35
2023,6,Junho,Caminhões,Semi-Pesado,6,IVECO/TECTOR 240,169,5.75
2023,6,Junho,Caminhões,Semi-Pesado,7,M.BENZ/ATEGO 2426,56,5.65
2023,6,Junho,Caminhões,Semi-Pesado,8,VOLVO/VM 330,53,4.33
2023,6,Junho,Caminhões,Semi-Pesado,9,IVECO/TECTOR 170,141,3.92
2023,6,Junho,Caminhões,Semi-Pesado,10,VW/MAN/31.280,7,3.69
2023,6,Junho,Caminhões,Pesado,1,VOLVO/FH 540,574,12.71
2023,6,Junho,Caminhões,Pesado,2,DAF/XF 530,334,7.02
2023,6,Junho,Caminhões,Pesado,3,VOLVO/FH 460,339,6.44
2023,6,Junho,Caminhões,Pesado,4,DAF/XF 480,226,6.04
2023,6,Junho,Caminhões,Pesado,5,SCANIA/R 460,250,4.3
2023,6,Junho,Caminhões,Pesado,6,SCANIA/R450,123,3.99
2023,6,Junho,Caminhões,Pesado,7,M.BENZ/ACTROS 2651,97,3.93
2023,6,Junho,Caminhões,Pesado,8,M.BENZ/ATEGO 2730,128,3.9
2023,6,Junho,Caminhões,Pesado,9,M.BENZ/AXOR 3131,60,3.07
2023,6,Junho,Caminhões,Pesado,10,SCANIA/R540,3,2.52
2023,6,Junho,Motos,City,1,HONDA/CG 160,36194,61.48
2023,6,Junho,Motos,City,2,YAMAHA/YBR 150,3665,6.67
2023,6,Junho,Motos,City,3,YAMAHA/FAZER 250,3856,6.41
2023,6,Junho,Motos,City,4,HONDA/CB 300F,4966,6.02
2023,6,Junho,Motos,City,5,MOTTU/SPORT 110I,3521,5.96
2023,6,Junho,Motos,City,6,YAMAHA/FAZER 150,2730,4.56
2023,6,Junho,Motos,City,7,YAMAHA/YS150 FAZER,1741,3.19
2023,6,Junho,Motos,City,8,YAMAHA/YBR 125,969,1.5
2023,6,Junho,Motos,City,9,HONDA/CB 250F TWISTER,139,1.04
2023,6,Junho,Motos,City,10,HAOJUE/DR160,275,0.43
2023,6,Junho,Motos,Custom,1,ROYAL ENFIELD/METEOR,248,31.8
2023,6,Junho,Motos,Custom,2,ROYAL ENFIELD/CLASSIC 350,290,28.53
2023,6,Junho,Motos,Custom,3,KAWASAKI/VULCAN S,78,8.27
2023,6,Junho,Motos,Custom,4,ROYAL ENFIELD/INTERCEPTOR,52,7.78
2023,6,Junho,Motos,Custom,5,ROYAL ENFIELD/CONTINENTAL GT,29,3.44
2023,6,Junho,Motos,Custom,6,TRIUMPH/BONNEVILLE,23,2.52
2023,6,Junho,Motos,Custom,7,H.DAVIDSON/FL FBS,25,2.01
2023,6,Junho,Motos,Custom,8,BMW/R 18,19,1.91
2023,6,Junho,Motos,Custom,9,H.DAVIDSON/FLHCS,19,1.62
2023,6,Junho,Motos,Custom,10,TRIUMPH/SPEED TWIN,13,1.48
2023,6,Junho,Motos,Trail/Fun,1,HONDA/NXR160,13492,49.34
2023,6,Junho,Motos,Trail/Fun,2,YAMAHA/XTZ 250,4081,15.08
2023,6,Junho,Motos,Trail/Fun,3,HONDA/XRE 190,3666,11.46
2023,6,Junho,Motos,Trail/Fun,4,YAMAHA/CROSSER 150,3091,10.18
2023,6,Junho,Motos,Trail/Fun,5,HONDA/XRE 300,460,7.19
2023,6,Junho,Motos,Trail/Fun,6,SHINERAY/XY 125,1023,3.4
2023,6,Junho,Motos,Trail/Fun,7,BMW/G310 GS,324,0.88
2023,6,Junho,Motos,Trail/Fun,8,DAFRA/NH 190,125,0.58
2023,6,Junho,Motos,Trail/Fun,9,HAOJUE/NK 150,126,0.49
2023,6,Junho,Motos,Trail/Fun,10,YAMAHA/XTZ150,90,0.4
2023,6,Junho,Motos,Maxtrail,1,BMW/R1250GS,448,20.32
2023,6,Junho,Motos,Maxtrail,2,HONDA/CB 500X,436,17.27
2023,6,Junho,Motos,Maxtrail,3,TRIUMPH/TIGER 900,411,12.17
2023,6,Junho,Motos,Maxtrail,4,HONDA/NC 750X,294,10.76
2023,6,Junho,Motos,Maxtrail,5,BMW/F850 GS,194,8.53
2023,6,Junho,Motos,Maxtrail,6,ROYAL ENFIELD/HIMALAYAN,57,7.02
2023,6,Junho,Motos,Maxtrail,7,KAWASAKI/VERSYS 650,79,4.35
2023,6,Junho,Motos,Maxtrail,8,HONDA/CRF 1100L,9,4.27
2023,6,Junho,Motos,Maxtrail,9,TRIUMPH/TIGER 1200,64,3.25
2023,6,Junho,Motos,Maxtrail,10,TRIUMPH/TIGER,61,3.01
2023,6,Junho,Motos,Naked/Roadster,1,YAMAHA/MT03,748,33.32
2023,6,Junho,Motos,Naked/Roadster,2,HONDA/CB 500,359,15.37
2023,6,Junho,Motos,Naked/Roadster,3,YAMAHA/MT09,268,9.65
2023,6,Junho,Motos,Naked/Roadster,4,YAMAHA/MT07,187,9.21
2023,6,Junho,Motos,Naked/Roadster,5,HONDA/CB 650R,138,8.31
2023,6,Junho,Motos,Naked/Roadster,6,KAWASAKI/Z900,83,4.38
2023,6,Junho,Motos,Naked/Roadster,7,KAWASAKI/Z400,7,3.05
2023,6,Junho,Motos,Naked/Roadster,8,HONDA/CB 1000R,72,3.0
2023,6,Junho,Motos,Naked/Roadster,9,BMW/G310 R,49,2.01
2023,6,Junho,Motos,Naked/Roadster,10,SUZUKI/GSX-S750,47,1.8
2023,6,Junho,Motos,Scooter/Cub,1,HONDA/BIZ,18651,39.45
2023,6,Junho,Motos,Scooter/Cub,2,HONDA/POP 110I,13744,27.76
2023,6,Junho,Motos,Scooter/Cub,3,HONDA/PCX 160,3207,6.72
2023,6,Junho,Motos,Scooter/Cub,4,HONDA/ELITE 125,2784,5.3
2023,6,Junho,Motos,Scooter/Cub,5,YAMAHA/NEO 125,1353,3.41
2023,6,Junho,Motos,Scooter/Cub,6,HONDA/ADV 150,1670,3.32
2023,6,Junho,Motos,Scooter/Cub,7,YAMAHA/NMAX,794,2.77
2023,6,Junho,Motos,Scooter/Cub,8,YAMAHA/FLUO 125,995,2.42
2023,6,Junho,Motos,Scooter/Cub,9,SHINERAY/XY 50,897,1.77
2023,6,Junho,Motos,Scooter/Cub,10,AVELLOZ/AZ1,738,1.66
2023,6,Junho,Motos,Sport,1,YAMAHA/YZF R3,180,32.74
2023,6,Junho,Motos,Sport,2,BMW/S1000 R,104,19.95
2023,6,Junho,Motos,Sport,3,KAWASAKI/NINJA 400,73,16.37
2023,6,Junho,Motos,Sport,4,HONDA/CBR 650R,109,10.96
2023,6,Junho,Motos,Sport,5,KAWASAKI/NINJA ZX 6,30,5.1
2023,6,Junho,Motos,Sport,6,DUCATI/PANIGALE V4,30,3.09
2023,6,Junho,Motos,Sport,7,KAWASAKI/NINJA 300,27,3.09
2023,6,Junho,Motos,Sport,8,SUZUKI/GSX 1300,15,2.44
2023,6,Junho,Motos,Sport,9,KAWASAKI/NINJA ZX10,10,2.35
2023,6,Junho,Motos,Sport,10,KAWASAKI/NINJA 650,8,1.3
2023,6,Junho,Motos,Touring,1,H.DAVIDSON/FLTRK,28,28.48
2023,6,Junho,Motos,Touring,2,H.DAVIDSON/FLHTK,24,24.5
2023,6,Junho,Motos,Touring,3,H.DAVIDSON/FLHX,8,10.82
2023,6,Junho,Motos,Touring,4,BMW/R1250 RT,6,10.38
2023,6,Junho,Motos,Touring,5,H.DAVIDSON/FLH RXS,1,9.49
2023,6,Junho,Motos,Touring,6,H.DAVIDSON/FLT,4,6.18
2023,6,Junho,Motos,Touring,7,BMW/K 1600,5,4.64
2023,6,Junho,Motos,Touring,8,HONDA/GOLDWING,0,2.87
2023,7,Julho,Autos,Veículos de Entrada,1,FIAT/MOBI,8582,49.77
2023,7,Julho,Autos,Veículos de Entrada,2,RENAULT/KWID,6602,42.4
2023,7,Julho,Autos,Veículos de Entrada,3,VW/GOL,122,7.72
2023,7,Julho,Autos,Veículos de Entrada,4,VW/FUSCA,5,0.07
2023,7,Julho,Autos,Veículos de Entrada,5,FIAT/UNO,4,0.03
2023,7,Julho,Autos,Veículos de Entrada,6,FIAT/PALIO,1,0.01
2023,7,Julho,Autos,Veículos de Entrada,7,VW/UP,0,0.01
2023,7,Julho,Autos,Veículos de Entrada,8,GM/CHEVETTE,1,0
2023,7,Julho,Autos,Veículos de Entrada,9,FIAT/147,0,0
2023,7,Julho,Autos,Hatch Pequenos,1,GM/ONIX,10260,21.79
2023,7,Julho,Autos,Hatch Pequenos,2,VW/POLO,16471,21.72
2023,7,Julho,Autos,Hatch Pequenos,3,HYUNDAI/HB20,12126,18.49
2023,7,Julho,Autos,Hatch Pequenos,4,FIAT/ARGO,7159,15.67
2023,7,Julho,Autos,Hatch Pequenos,5,PEUGEOT/208,3104,5.87
2023,7,Julho,Autos,Hatch Pequenos,6,CITROEN/C3,3030,5.76
2023,7,Julho,Autos,Hatch Pequenos,7,TOYOTA/YARIS HB,1609,5.41
2023,7,Julho,Autos,Hatch Pequenos,8,HONDA/CITY HATCH,673,2.93
2023,7,Julho,Autos,Hatch Pequenos,9,RENAULT/SANDERO,1348,1.97
2023,7,Julho,Autos,Hatch Pequenos,10,MINI/COOPER,58,0.17
2023,7,Julho,Autos,Hatch Pequenos,11,JAC/E-JS1,39,0.1
2023,7,Julho,Autos,Hatch Pequenos,12,BYD/DOLPHIN,80,0.04
2023,7,Julho,Autos,Hatch Médios,1,GM/CRUZE HB,3,31.61
2023,7,Julho,Autos,Hatch Médios,2,AUDI/A3,48,29.75
2023,7,Julho,Autos,Hatch Médios,3,NISSAN/LEAF,7,22.31
2023,7,Julho,Autos,Hatch Médios,4,M.BENZ/CLASSE A,5,3.98
2023,7,Julho,Autos,Hatch Médios,5,BMW/118I,6,2.92
2023,7,Julho,Autos,Hatch Médios,6,TOYOTA/COROLLA GR,17,2.26
2023,7,Julho,Autos,Sedans Pequenos,1,FIAT/CRONOS,5036,55.16
2023,7,Julho,Autos,Sedans Pequenos,2,HYUNDAI/HB20S,4811,32.58
2023,7,Julho,Autos,Sedans Pequenos,3,RENAULT/LOGAN,1923,7.49
2023,7,Julho,Autos,Sedans Pequenos,4,VW/VOYAGE,0,4.71
2023,7,Julho,Autos,Sedans Pequenos,5,FIAT/SIENA,1,0.04
2023,7,Julho,Autos,Sedans Pequenos,6,TOYOTA/ETIOS SEDAN,1,0.01
2023,7,Julho,Autos,Sedans Pequenos,7,GM/PRISMA,0,0
2023,7,Julho,Autos,Sedans Pequenos,8,FORD/FIESTA SEDAN,0,0
2023,7,Julho,Autos,Sedans Pequenos,9,FORD/KA SEDAN,0,0
2023,7,Julho,Autos,Sedans Pequenos,10,GM/CLASSIC,0,0
2023,7,Julho,Autos,Sedans Compactos,1,GM/ONIX PLUS,6412,55.85
2023,7,Julho,Autos,Sedans Compactos,2,VW/VIRTUS,2729,16.46
2023,7,Julho,Autos,Sedans Compactos,3,TOYOTA/YARIS SEDAN,2505,11.35
2023,7,Julho,Autos,Sedans Compactos,4,HONDA/CITY,1060,10.15
2023,7,Julho,Autos,Sedans Compactos,5,NISSAN/VERSA,1086,6.17
2023,7,Julho,Autos,Sedans Compactos,6,FORD/CORCEL,2,0.01
2023,7,Julho,Autos,Sedans médios,1,TOYOTA/COROLLA,3812,81.26
2023,7,Julho,Autos,Sedans médios,2,NISSAN/SENTRA,275,7.65
2023,7,Julho,Autos,Sedans médios,3,VW/JETTA,162,2.77
2023,7,Julho,Autos,Sedans médios,4,GM/CRUZE SEDAN,113,2.32
2023,7,Julho,Autos,Sedans médios,5,AUDI/A3 SEDAN,71,1.35
2023,7,Julho,Autos,Sedans médios,6,CAOA CHERY/ARRIZO 6,58,1.34
2023,7,Julho,Autos,Sedans médios,7,HONDA/CIVIC,4,1.11
2023,7,Julho,Autos,Sedans médios,8,AUDI/A5,52,1.0
2023,7,Julho,Autos,Sedans médios,9,JAC/E-J7,5,0.24
2023,7,Julho,Autos,Sedans médios,10,M.BENZ/CLA45,4,0.22
2023,7,Julho,Autos,Sedans médios,11,BMW/420I,1,0.21
2023,7,Julho,Autos,Sedans médios,12,BMW/218I,4,0.19
2023,7,Julho,Autos,Sedans médios,13,M.BENZ/CLA35,2,0.14
2023,7,Julho,Autos,Sedans médios,14,HYUNDAI/IONIQ,1,0.06
2023,7,Julho,Autos,Sedans médios,15,KIA/CERATO,1,0.05
2023,7,Julho,Autos,Sedans médios,16,TESLA/MODEL 3,3,0.04
2023,7,Julho,Autos,Sedans médios,17,BYD/SEAL,9,0.03
2023,7,Julho,Autos,Sedans médios,18,M.BENZ/CLASSE A,0,0.02
2023,7,Julho,Autos,Sedans médios,19,GM/IMPALA,0,0
2023,7,Julho,Autos,Sedans médios,20,RENAULT/FLUENCE,0,0
2023,7,Julho,Autos,Sedans médios,21,TOYOTA/PRIUS,0,0
2023,7,Julho,Autos,Sedans Grandes,1,BMW/320I,350,59.1
2023,7,Julho,Autos,Sedans Grandes,2,M.BENZ/CLASSE C,93,8.92
2023,7,Julho,Autos,Sedans Grandes,3,BMW/330E,9,8.16
2023,7,Julho,Autos,Sedans Grandes,4,AUDI/A4,2,5.43
2023,7,Julho,Autos,Sedans Grandes,5,PORSCHE/PANAMERA,3,4.65
2023,7,Julho,Autos,Sedans Grandes,6,M.BENZ/CLA250,16,4.49
2023,7,Julho,Autos,Sedans Grandes,7,BMW/I4,14,1.92
2023,7,Julho,Autos,Sedans Grandes,8,BYD/HAN,7,1.36
2023,7,Julho,Autos,Sedans Grandes,9,BMW/530E,9,1.21
2023,7,Julho,Autos,Sedans Grandes,10,LEXUS/ES300,10,1.05
2023,7,Julho,Autos,Sedans Grandes,11,TOYOTA/CAMRY,1,0.69
2023,7,Julho,Autos,Sedans Grandes,12,AUDI/E TRON GT,3,0.49
2023,7,Julho,Autos,Sw Médios,1,VW/PARATI,0,66.67
2023,7,Julho,Autos,Sw Médios,2,VW/SPACE FOX,0,33.33
2023,7,Julho,Autos,Sw Grandes,1,AUDI/RS6 AVANT,3,92.0
2023,7,Julho,Autos,Sw Grandes,2,GM/CARAVAN,0,4.0
2023,7,Julho,Autos,Sw Grandes,3,VW/QUANTUM,0,4.0
2023,7,Julho,Autos,Monocab,1,GM/BOLT,18,90.48
2023,7,Julho,Autos,Monocab,2,FIAT/DOBLO,0,7.14
2023,7,Julho,Autos,Monocab,3,NISSAN/LIVINA,0,2.38
2023,7,Julho,Autos,Grandcab,1,GM/SPIN,2026,98.12
2023,7,Julho,Autos,Grandcab,2,BYD/D1,143,1.51
2023,7,Julho,Autos,Grandcab,3,KIA/CARNIVAL,0,0.21
2023,7,Julho,Autos,Grandcab,4,CHRYSLER/PACIFICA,2,0.06
2023,7,Julho,Autos,Sports,1,PORSCHE/911,51,30.03
2023,7,Julho,Autos,Sports,2,FORD/MUSTANG,25,15.76
2023,7,Julho,Autos,Sports,3,BMW/M3,18,12.06
2023,7,Julho,Autos,Sports,4,PORSCHE/TAYCAN,23,10.83
2023,7,Julho,Autos,Sports,5,PORSCHE/BOXSTER,14,8.24
2023,7,Julho,Autos,Sports,6,PORSCHE/CAYMAN,16,5.32
2023,7,Julho,Autos,Sports,7,JAGUAR/F-TYPE,8,3.18
2023,7,Julho,Autos,Sports,8,GM/CORVETTE,3,2.33
2023,7,Julho,Autos,Sports,9,MCLAREN/ARTURA,2,1.95
2023,7,Julho,Autos,Suv's,1,VW/T CROSS,8553,9.76
2023,7,Julho,Autos,Suv's,2,HYUNDAI/CRETA,5314,8.48
2023,7,Julho,Autos,Suv's,3,JEEP/COMPASS,4707,8.43
2023,7,Julho,Autos,Suv's,4,GM/TRACKER,5438,8.27
2023,7,Julho,Autos,Suv's,5,JEEP/RENEGADE,5556,6.7
2023,7,Julho,Autos,Suv's,6,VW/NIVUS,6498,6.58
2023,7,Julho,Autos,Suv's,7,NISSAN/KICKS,4752,6.45
2023,7,Julho,Autos,Suv's,8,HONDA/HR-V,4983,6.14
2023,7,Julho,Autos,Suv's,9,FIAT/PULSE,3994,6.12
2023,7,Julho,Autos,Suv's,10,TOYOTA/COROLLA CROSS,3630,6.04
2023,7,Julho,Autos,Suv's,11,FIAT/FASTBACK,3635,5.08
2023,7,Julho,Autos,Suv's,12,RENAULT/DUSTER,1801,3.02
2023,7,Julho,Autos,Suv's,13,JEEP/COMMANDER,1408,2.87
2023,7,Julho,Autos,Suv's,14,TOYOTA/HILUX SW4,1261,1.96
2023,7,Julho,Autos,Suv's,15,VW/TAOS,1203,1.84
2023,7,Julho,Autos,Suv's,16,CAOA CHERY/TIGGO 5X,1201,1.2
2023,7,Julho,Autos,Suv's,17,CAOA CHERY/TIGGO 8,901,1.11
2023,7,Julho,Autos,Suv's,18,CAOA CHERY/TIGGO 7,555,0.78
2023,7,Julho,Autos,Suv's,19,GWM/HAVAL H6,953,0.75
2023,7,Julho,Autos,Suv's,20,VOLVO/XC60,395,0.63
2023,7,Julho,Autos,Suv's,21,GM/EQUINOX,335,0.54
2023,7,Julho,Autos,Suv's,22,CITROEN/C4 CACTUS,227,0.5
2023,7,Julho,Autos,Suv's,23,BMW/X1,390,0.48
2023,7,Julho,Autos,Suv's,24,MITSUBISHI/ECLIPSE CROSS,264,0.4
2023,7,Julho,Autos,Suv's,25,BYD/SONG PLUS,445,0.37
2023,7,Julho,Autos,Suv's,26,PORSCHE/CAYENNE,190,0.28
2023,7,Julho,Autos,Suv's,27,AUDI/Q5,116,0.26
2023,7,Julho,Autos,Suv's,28,MITSUBISHI/PAJERO,227,0.26
2023,7,Julho,Autos,Suv's,29,PEUGEOT/2008,191,0.26
2023,7,Julho,Autos,Suv's,30,VOLVO/XC40,106,0.24
2023,7,Julho,Autos,Suv's,31,GM/TRAILBLAZER,123,0.24
2023,7,Julho,Autos,Suv's,32,LAND ROVER/DISCOVERY,155,0.2
2023,7,Julho,Autos,Suv's,33,AUDI/Q3,137,0.2
2023,7,Julho,Autos,Suv's,34,PORSCHE/MACAN,78,0.2
2023,7,Julho,Autos,Suv's,35,VOLVO/XC90,65,0.16
2023,7,Julho,Autos,Suv's,36,LAND ROVER/DEFENDER,121,0.16
2023,7,Julho,Autos,Suv's,37,M.BENZ/CLASSE GLB,7,0.15
2023,7,Julho,Autos,Suv's,38,FORD/TERRITORY,57,0.15
2023,7,Julho,Autos,Suv's,39,KIA/STONIC,92,0.15
2023,7,Julho,Autos,Suv's,40,LAND ROVER/RANGE ROVER,78,0.14
2023,7,Julho,Com. Leves,Pick-up's Pequenas,1,FIAT/STRADA,10386,71.36
2023,7,Julho,Com. Leves,Pick-up's Pequenas,2,VW/SAVEIRO,5337,28.63
2023,7,Julho,Com. Leves,Pick-up's Pequenas,3,GM/MONTANA,0,0.01
2023,7,Julho,Com. Leves,Pick-up's Pequenas,4,FORD/RANCHERO,0,0
2023,7,Julho,Com. Leves,Pick-up's Pequenas,5,PEUGEOT/PARTNER,0,0
2023,7,Julho,Com. Leves,Pick-up's Grandes,1,FIAT/TORO,4132,23.18
2023,7,Julho,Com. Leves,Pick-up's Grandes,2,TOYOTA/HILUX,4354,20.39
2023,7,Julho,Com. Leves,Pick-up's Grandes,3,GM/MONTANA,2948,13.4
2023,7,Julho,Com. Leves,Pick-up's Grandes,4,GM/S10,1937,12.41
2023,7,Julho,Com. Leves,Pick-up's Grandes,5,FORD/RANGER,1131,7.45
2023,7,Julho,Com. Leves,Pick-up's Grandes,6,RENAULT/OROCH,1360,5.54
2023,7,Julho,Com. Leves,Pick-up's Grandes,7,MITSUBISHI/L200,964,4.88
2023,7,Julho,Com. Leves,Pick-up's Grandes,8,NISSAN/FRONTIER,748,3.64
2023,7,Julho,Com. Leves,Pick-up's Grandes,9,VW/AMAROK,466,3.34
2023,7,Julho,Com. Leves,Pick-up's Grandes,10,RAM/3500,165,1.84
2023,7,Julho,Com. Leves,Pick-up's Grandes,11,RAM/CLASSIC,184,1.0
2023,7,Julho,Com. Leves,Furgões,1,RENAULT/MASTER,894,33.49
2023,7,Julho,Com. Leves,Furgões,2,FIAT/SCUDO,257,11.78
2023,7,Julho,Com. Leves,Furgões,3,FORD/TRANSIT,218,9.95
2023,7,Julho,Com. Leves,Furgões,4,KIA/K2500,203,8.25
2023,7,Julho,Com. Leves,Furgões,5,IVECO/DAILY,178,6.61
2023,7,Julho,Com. Leves,Furgões,6,CITROEN/JUMPY,64,6.51
2023,7,Julho,Com. Leves,Furgões,7,VW TRUCK E BUS/EXPRESS,139,6.25
2023,7,Julho,Com. Leves,Furgões Pequenos,1,FIAT/FIORINO,1159,90.8
2023,7,Julho,Com. Leves,Furgões Pequenos,2,PEUGEOT/PARTNER,306,8.58
2023,7,Julho,Com. Leves,Furgões Pequenos,3,BYD/T3,2,0.34
2023,7,Julho,Com. Leves,Furgões Pequenos,4,FIAT/STRADA,1,0.2
2023,7,Julho,Caminhões,Semi-Leve,1,M.BENZ/SPRINTER 416,53,32.3
2023,7,Julho,Caminhões,Semi-Leve,2,M.BENZ/SPRINTER 417,112,16.0
2023,7,Julho,Caminhões,Semi-Leve,3,M.BENZ/SPRINTER 516,57,15.56
2023,7,Julho,Caminhões,Semi-Leve,4,IVECO/DAILY 65-170,27,9.77
2023,7,Julho,Caminhões,Semi-Leve,5,IVECO/DAILY 45-170,28,8.2
2023,7,Julho,Caminhões,Semi-Leve,6,VW TRUCK E BUS/6.160,6,6.29
2023,7,Julho,Caminhões,Semi-Leve,7,IVECO/DAILY 55-170,5,3.65
2023,7,Julho,Caminhões,Semi-Leve,8,M.BENZ/SPRINTER,8,3.61
2023,7,Julho,Caminhões,Semi-Leve,9,M.BENZ/SPRINTER 517,31,3.11
2023,7,Julho,Caminhões,Semi-Leve,10,VW TRUCK E BUS/4.160,0,0.37
2023,7,Julho,Caminhões,Leve,1,M.BENZ/ACCELO 1016,72,29.87
2023,7,Julho,Caminhões,Leve,2,VW TRUCK E BUS/9.170,138,23.76
2023,7,Julho,Caminhões,Leve,3,M.BENZ/ACCELO 815,43,16.66
2023,7,Julho,Caminhões,Leve,4,VW TRUCK E BUS/9.180,164,7.55
2023,7,Julho,Caminhões,Leve,5,IVECO/TECTOR 9-190,81,7.16
2023,7,Julho,Caminhões,Leve,6,HYUNDAI/HD 80,28,4.22
2023,7,Julho,Caminhões,Leve,7,M.BENZ/ACCELO 817,8,3.18
2023,7,Julho,Caminhões,Leve,8,JAC/IEV1200T,3,3.14
2023,7,Julho,Caminhões,Leve,9,VW TRUCK E BUS/6.170,15,1.56
2023,7,Julho,Caminhões,Leve,10,IVECO/DAILY 65-170,10,0.77
2023,7,Julho,Caminhões,Médio,1,VW TRUCK E BUS/11.180,358,48.74
2023,7,Julho,Caminhões,Médio,2,IVECO/TECTOR 11-190,103,14.4
2023,7,Julho,Caminhões,Médio,3,VW TRUCK E BUS/13.180,13,7.83
2023,7,Julho,Caminhões,Médio,4,M.BENZ/ATEGO 1419,29,7.03
2023,7,Julho,Caminhões,Médio,5,M.BENZ/ACCELO 1316,25,5.47
2023,7,Julho,Caminhões,Médio,6,M.BENZ/ACCELO 1017,86,4.93
2023,7,Julho,Caminhões,Médio,7,VW TRUCK E BUS/14.190,12,4.7
2023,7,Julho,Caminhões,Médio,8,VW TRUCK E BUS/14.210,48,2.46
2023,7,Julho,Caminhões,Médio,9,FOTON/AUMARK S 11T,14,1.77
2023,7,Julho,Caminhões,Médio,10,M.BENZ/ACCELO 1317,25,0.92
2023,7,Julho,Caminhões,Semi-Pesado,1,VOLVO/VM 270,60,9.33
2023,7,Julho,Caminhões,Semi-Pesado,2,VW TRUCK E BUS/24.280,146,7.97
2023,7,Julho,Caminhões,Semi-Pesado,3,VW TRUCK E BUS/17.190,93,6.57
2023,7,Julho,Caminhões,Semi-Pesado,4,M.BENZ/ATEGO 1719,151,6.41
2023,7,Julho,Caminhões,Semi-Pesado,5,VW TRUCK E BUS/24.260,47,6.13
2023,7,Julho,Caminhões,Semi-Pesado,6,IVECO/TECTOR 240,105,5.62
2023,7,Julho,Caminhões,Semi-Pesado,7,M.BENZ/ATEGO 2426,51,5.22
2023,7,Julho,Caminhões,Semi-Pesado,8,IVECO/TECTOR 170,82,3.89
2023,7,Julho,Caminhões,Semi-Pesado,9,VOLVO/VM 330,21,3.89
2023,7,Julho,Caminhões,Semi-Pesado,10,VW TRUCK E BUS/26.280,81,3.51
2023,7,Julho,Caminhões,Pesado,1,VOLVO/FH 540,548,12.81
2023,7,Julho,Caminhões,Pesado,2,DAF/XF 530,359,7.28
2023,7,Julho,Caminhões,Pesado,3,VOLVO/FH 460,359,6.78
2023,7,Julho,Caminhões,Pesado,4,DAF/XF 480,294,6.2
2023,7,Julho,Caminhões,Pesado,5,SCANIA/R 460,200,4.39
2023,7,Julho,Caminhões,Pesado,6,SCANIA/R450,171,4.02
2023,7,Julho,Caminhões,Pesado,7,M.BENZ/ACTROS 2651,116,3.77
2023,7,Julho,Caminhões,Pesado,8,M.BENZ/ATEGO 2730,117,3.75
2023,7,Julho,Caminhões,Pesado,9,M.BENZ/AXOR 3131,54,2.82
2023,7,Julho,Caminhões,Pesado,10,M.BENZ/ACTROS 2548,136,2.59
2023,7,Julho,Motos,City,1,HONDA/CG 160,29899,60.91
2023,7,Julho,Motos,City,2,YAMAHA/YBR 150,4107,6.83
2023,7,Julho,Motos,City,3,YAMAHA/FAZER 250,3525,6.45
2023,7,Julho,Motos,City,4,HONDA/CB 300F,4594,6.39
2023,7,Julho,Motos,City,5,MOTTU/SPORT 110I,2732,5.86
2023,7,Julho,Motos,City,6,YAMAHA/FAZER 150,2980,4.71
2023,7,Julho,Motos,City,7,YAMAHA/YS150 FAZER,1612,3.17
2023,7,Julho,Motos,City,8,YAMAHA/YBR 125,838,1.51
2023,7,Julho,Motos,City,9,HONDA/CB 250F TWISTER,80,0.92
2023,7,Julho,Motos,City,10,HAOJUE/DR160,288,0.45
2023,7,Julho,Motos,Custom,1,ROYAL ENFIELD/METEOR,241,30.74
2023,7,Julho,Motos,Custom,2,ROYAL ENFIELD/CLASSIC 350,271,28.38
2023,7,Julho,Motos,Custom,3,KAWASAKI/VULCAN S,102,8.57
2023,7,Julho,Motos,Custom,4,ROYAL ENFIELD/INTERCEPTOR,62,7.56
2023,7,Julho,Motos,Custom,5,ROYAL ENFIELD/CONTINENTAL GT,46,3.61
2023,7,Julho,Motos,Custom,6,TRIUMPH/BONNEVILLE,41,2.75
2023,7,Julho,Motos,Custom,7,H.DAVIDSON/FL FBS,28,2.13
2023,7,Julho,Motos,Custom,8,BMW/R 18,23,1.97
2023,7,Julho,Motos,Custom,9,H.DAVIDSON/FLHCS,18,1.65
2023,7,Julho,Motos,Custom,10,TRIUMPH/SPEED TWIN,19,1.54
2023,7,Julho,Motos,Trail/Fun,1,HONDA/NXR160,11594,49.15
2023,7,Julho,Motos,Trail/Fun,2,YAMAHA/XTZ 250,3615,15.07
2023,7,Julho,Motos,Trail/Fun,3,HONDA/XRE 190,3274,11.75
2023,7,Julho,Motos,Trail/Fun,4,YAMAHA/CROSSER 150,3169,10.59
2023,7,Julho,Motos,Trail/Fun,5,HONDA/XRE 300,388,6.42
2023,7,Julho,Motos,Trail/Fun,6,SHINERAY/XY 125,1062,3.54
2023,7,Julho,Motos,Trail/Fun,7,BMW/G310 GS,370,0.97
2023,7,Julho,Motos,Trail/Fun,8,DAFRA/NH 190,101,0.56
2023,7,Julho,Motos,Trail/Fun,9,HAOJUE/NK 150,130,0.5
2023,7,Julho,Motos,Trail/Fun,10,YAMAHA/XTZ150,75,0.39
2023,7,Julho,Motos,Maxtrail,1,BMW/R1250GS,398,20.07
2023,7,Julho,Motos,Maxtrail,2,HONDA/CB 500X,281,16.68
2023,7,Julho,Motos,Maxtrail,3,TRIUMPH/TIGER 900,332,12.64
2023,7,Julho,Motos,Maxtrail,4,HONDA/NC 750X,278,11.08
2023,7,Julho,Motos,Maxtrail,5,BMW/F850 GS,184,8.54
2023,7,Julho,Motos,Maxtrail,6,ROYAL ENFIELD/HIMALAYAN,117,6.82
2023,7,Julho,Motos,Maxtrail,7,HONDA/CRF 1100L,130,4.52
2023,7,Julho,Motos,Maxtrail,8,KAWASAKI/VERSYS 650,89,4.33
2023,7,Julho,Motos,Maxtrail,9,TRIUMPH/TIGER 1200,39,3.05
2023,7,Julho,Motos,Maxtrail,10,TRIUMPH/TIGER,69,3.04
2023,7,Julho,Motos,Naked/Roadster,1,YAMAHA/MT03,712,33.39
2023,7,Julho,Motos,Naked/Roadster,2,HONDA/CB 500,333,15.43
2023,7,Julho,Motos,Naked/Roadster,3,YAMAHA/MT09,201,9.64
2023,7,Julho,Motos,Naked/Roadster,4,YAMAHA/MT07,169,9.04
2023,7,Julho,Motos,Naked/Roadster,5,HONDA/CB 650R,118,7.92
2023,7,Julho,Motos,Naked/Roadster,6,KAWASAKI/Z900,98,4.42
2023,7,Julho,Motos,Naked/Roadster,7,KAWASAKI/Z400,79,3.15
2023,7,Julho,Motos,Naked/Roadster,8,HONDA/CB 1000R,82,3.12
2023,7,Julho,Motos,Naked/Roadster,9,BMW/G310 R,64,2.16
2023,7,Julho,Motos,Naked/Roadster,10,SUZUKI/GSX-S750,53,1.9
2023,7,Julho,Motos,Scooter/Cub,1,HONDA/BIZ,13792,38.69
2023,7,Julho,Motos,Scooter/Cub,2,HONDA/POP 110I,12187,28.07
2023,7,Julho,Motos,Scooter/Cub,3,HONDA/PCX 160,2891,6.77
2023,7,Julho,Motos,Scooter/Cub,4,HONDA/ELITE 125,2597,5.45
2023,7,Julho,Motos,Scooter/Cub,5,YAMAHA/NEO 125,1428,3.42
2023,7,Julho,Motos,Scooter/Cub,6,HONDA/ADV 150,1481,3.37
2023,7,Julho,Motos,Scooter/Cub,7,YAMAHA/NMAX,1190,2.79
2023,7,Julho,Motos,Scooter/Cub,8,YAMAHA/FLUO 125,997,2.43
2023,7,Julho,Motos,Scooter/Cub,9,SHINERAY/XY 50,851,1.81
2023,7,Julho,Motos,Scooter/Cub,10,AVELLOZ/AZ1,750,1.68
2023,7,Julho,Motos,Sport,1,YAMAHA/YZF R3,181,32.74
2023,7,Julho,Motos,Sport,2,BMW/S1000 R,74,18.99
2023,7,Julho,Motos,Sport,3,KAWASAKI/NINJA 400,100,16.62
2023,7,Julho,Motos,Sport,4,HONDA/CBR 650R,6,11.11
2023,7,Julho,Motos,Sport,5,KAWASAKI/NINJA ZX 6,26,5.04
2023,7,Julho,Motos,Sport,6,KAWASAKI/NINJA 300,3,3.51
2023,7,Julho,Motos,Sport,7,DUCATI/PANIGALE V4,17,3.09
2023,7,Julho,Motos,Sport,8,SUZUKI/GSX 1300,12,2.4
2023,7,Julho,Motos,Sport,9,KAWASAKI/NINJA ZX10,12,2.32
2023,7,Julho,Motos,Sport,10,KAWASAKI/NINJA 650,13,1.45
2023,7,Julho,Motos,Touring,1,H.DAVIDSON/FLTRK,18,27.63
2023,7,Julho,Motos,Touring,2,H.DAVIDSON/FLHTK,30,26.5
2023,7,Julho,Motos,Touring,3,H.DAVIDSON/FLHX,8,10.71
2023,7,Julho,Motos,Touring,4,H.DAVIDSON/FLH RXS,1,10.15
2023,7,Julho,Motos,Touring,5,BMW/R1250 RT,5,9.77
2023,7,Julho,Motos,Touring,6,H.DAVIDSON/FLT,6,6.39
2023,7,Julho,Motos,Touring,7,BMW/K 1600,1,4.14
2023,7,Julho,Motos,Touring,8,HONDA/GOLDWING,0,2.44
2023,8,Agosto,Autos,Veículos de Entrada,1,FIAT/MOBI,6593,50.88
2023,8,Agosto,Autos,Veículos de Entrada,2,RENAULT/KWID,4569,42.18
2023,8,Agosto,Autos,Veículos de Entrada,3,VW/GOL,57,6.82
2023,8,Agosto,Autos,Veículos de Entrada,4,VW/FUSCA,9,0.07
2023,8,Agosto,Autos,Veículos de Entrada,5,FIAT/UNO,1,0.03
2023,8,Agosto,Autos,Veículos de Entrada,6,FIAT/PALIO,2,0.01
2023,8,Agosto,Autos,Veículos de Entrada,7,VW/UP,2,0.01
2023,8,Agosto,Autos,Veículos de Entrada,8,GM/CHEVETTE,0,0
2023,8,Agosto,Autos,Veículos de Entrada,9,FIAT/147,1,0
2023,8,Agosto,Autos,Hatch Pequenos,1,GM/ONIX,8345,21.68
2023,8,Agosto,Autos,Hatch Pequenos,2,VW/POLO,8220,21.57
2023,8,Agosto,Autos,Hatch Pequenos,3,HYUNDAI/HB20,8053,18.73
2023,8,Agosto,Autos,Hatch Pequenos,4,FIAT/ARGO,5892,15.54
2023,8,Agosto,Autos,Hatch Pequenos,5,PEUGEOT/208,3318,6.21
2023,8,Agosto,Autos,Hatch Pequenos,6,CITROEN/C3,2182,5.72
2023,8,Agosto,Autos,Hatch Pequenos,7,TOYOTA/YARIS HB,1996,5.35
2023,8,Agosto,Autos,Hatch Pequenos,8,HONDA/CITY HATCH,647,2.75
2023,8,Agosto,Autos,Hatch Pequenos,9,RENAULT/SANDERO,677,1.93
2023,8,Agosto,Autos,Hatch Pequenos,10,MINI/COOPER,65,0.17
2023,8,Agosto,Autos,Hatch Pequenos,11,BYD/DOLPHIN,371,0.16
2023,8,Agosto,Autos,Hatch Pequenos,12,JAC/E-JS1,32,0.1
2023,8,Agosto,Autos,Hatch Médios,1,GM/CRUZE HB,3,31.92
2023,8,Agosto,Autos,Hatch Médios,2,AUDI/A3,21,28.86
2023,8,Agosto,Autos,Hatch Médios,3,NISSAN/LEAF,0,19.79
2023,8,Agosto,Autos,Hatch Médios,4,M.BENZ/CLASSE A,10,4.71
2023,8,Agosto,Autos,Hatch Médios,5,TOYOTA/COROLLA GR,15,3.77
2023,8,Agosto,Autos,Hatch Médios,6,BMW/118I,6,3.3
2023,8,Agosto,Autos,Sedans Pequenos,1,FIAT/CRONOS,5093,57.04
2023,8,Agosto,Autos,Sedans Pequenos,2,HYUNDAI/HB20S,2294,32.3
2023,8,Agosto,Autos,Sedans Pequenos,3,RENAULT/LOGAN,8,6.57
2023,8,Agosto,Autos,Sedans Pequenos,4,VW/VOYAGE,3,4.03
2023,8,Agosto,Autos,Sedans Pequenos,5,FIAT/SIENA,1,0.03
2023,8,Agosto,Autos,Sedans Pequenos,6,GM/PRISMA,1,0.01
2023,8,Agosto,Autos,Sedans Pequenos,7,TOYOTA/ETIOS SEDAN,0,0.01
2023,8,Agosto,Autos,Sedans Pequenos,8,FORD/KA SEDAN,1,0
2023,8,Agosto,Autos,Sedans Pequenos,9,DODGE/CHARGER,1,0
2023,8,Agosto,Autos,Sedans Pequenos,10,FORD/FIESTA SEDAN,0,0
2023,8,Agosto,Autos,Sedans Compactos,1,GM/ONIX PLUS,7055,54.59
2023,8,Agosto,Autos,Sedans Compactos,2,VW/VIRTUS,3107,17.23
2023,8,Agosto,Autos,Sedans Compactos,3,TOYOTA/YARIS SEDAN,2597,12.38
2023,8,Agosto,Autos,Sedans Compactos,4,HONDA/CITY,935,9.53
2023,8,Agosto,Autos,Sedans Compactos,5,NISSAN/VERSA,977,6.25
2023,8,Agosto,Autos,Sedans Compactos,6,FORD/CORCEL,2,0.01
2023,8,Agosto,Autos,Sedans médios,1,TOYOTA/COROLLA,4175,80.45
2023,8,Agosto,Autos,Sedans médios,2,NISSAN/SENTRA,376,7.52
2023,8,Agosto,Autos,Sedans médios,3,VW/JETTA,371,3.4
2023,8,Agosto,Autos,Sedans médios,4,GM/CRUZE SEDAN,95,2.23
2023,8,Agosto,Autos,Sedans médios,5,CAOA CHERY/ARRIZO 6,175,1.63
2023,8,Agosto,Autos,Sedans médios,6,AUDI/A3 SEDAN,3,1.23
2023,8,Agosto,Autos,Sedans médios,7,HONDA/CIVIC,6,1.13
2023,8,Agosto,Autos,Sedans médios,8,AUDI/A5,47,0.98
2023,8,Agosto,Autos,Sedans médios,9,HYUNDAI/IONIQ,103,0.35
2023,8,Agosto,Autos,Sedans médios,10,M.BENZ/CLA45,10,0.21
2023,8,Agosto,Autos,Sedans médios,11,JAC/E-J7,3,0.21
2023,8,Agosto,Autos,Sedans médios,12,BMW/420I,8,0.2
2023,8,Agosto,Autos,Sedans médios,13,BMW/218I,5,0.17
2023,8,Agosto,Autos,Sedans médios,14,M.BENZ/CLA35,3,0.12
2023,8,Agosto,Autos,Sedans médios,15,BYD/SEAL,14,0.07
2023,8,Agosto,Autos,Sedans médios,16,KIA/CERATO,0,0.04
2023,8,Agosto,Autos,Sedans médios,17,TESLA/MODEL 3,2,0.04
2023,8,Agosto,Autos,Sedans médios,18,M.BENZ/CLASSE A,0,0.01
2023,8,Agosto,Autos,Sedans médios,19,GM/IMPALA,0,0
2023,8,Agosto,Autos,Sedans médios,20,RENAULT/FLUENCE,0,0
2023,8,Agosto,Autos,Sedans médios,21,TOYOTA/PRIUS,0,0
2023,8,Agosto,Autos,Sedans Grandes,1,BMW/320I,425,58.75
2023,8,Agosto,Autos,Sedans Grandes,2,M.BENZ/CLASSE C,117,9.88
2023,8,Agosto,Autos,Sedans Grandes,3,BMW/330E,69,8.31
2023,8,Agosto,Autos,Sedans Grandes,4,PORSCHE/PANAMERA,47,4.88
2023,8,Agosto,Autos,Sedans Grandes,5,AUDI/A4,9,4.83
2023,8,Agosto,Autos,Sedans Grandes,6,M.BENZ/CLA250,12,4.08
2023,8,Agosto,Autos,Sedans Grandes,7,BMW/I4,26,2.14
2023,8,Agosto,Autos,Sedans Grandes,8,BMW/530E,12,1.26
2023,8,Agosto,Autos,Sedans Grandes,9,BYD/HAN,4,1.24
2023,8,Agosto,Autos,Sedans Grandes,10,LEXUS/ES300,10,1.09
2023,8,Agosto,Autos,Sedans Grandes,11,TOYOTA/CAMRY,2,0.63
2023,8,Agosto,Autos,Sedans Grandes,12,AUDI/E TRON GT,4,0.5
2023,8,Agosto,Autos,Sw Médios,1,VW/PARATI,0,66.67
2023,8,Agosto,Autos,Sw Médios,2,VW/SPACE FOX,0,33.33
2023,8,Agosto,Autos,Sw Grandes,1,AUDI/RS6 AVANT,4,93.1
2023,8,Agosto,Autos,Sw Grandes,2,GM/CARAVAN,0,3.45
2023,8,Agosto,Autos,Sw Grandes,3,VW/QUANTUM,0,3.45
2023,8,Agosto,Autos,Monocab,1,GM/BOLT,3,91.11
2023,8,Agosto,Autos,Monocab,2,FIAT/DOBLO,0,6.67
2023,8,Agosto,Autos,Monocab,3,NISSAN/LIVINA,0,2.22
2023,8,Agosto,Autos,Grandcab,1,GM/SPIN,2341,97.27
2023,8,Agosto,Autos,Grandcab,2,BYD/D1,153,2.37
2023,8,Agosto,Autos,Grandcab,3,KIA/CARNIVAL,0,0.17
2023,8,Agosto,Autos,Grandcab,4,CHRYSLER/PACIFICA,3,0.08
2023,8,Agosto,Autos,Sports,1,PORSCHE/911,109,31.15
2023,8,Agosto,Autos,Sports,2,FORD/MUSTANG,27,14.71
2023,8,Agosto,Autos,Sports,3,BMW/M3,24,11.44
2023,8,Agosto,Autos,Sports,4,PORSCHE/TAYCAN,39,11.22
2023,8,Agosto,Autos,Sports,5,PORSCHE/BOXSTER,30,8.55
2023,8,Agosto,Autos,Sports,6,PORSCHE/CAYMAN,17,5.39
2023,8,Agosto,Autos,Sports,7,JAGUAR/F-TYPE,8,3.1
2023,8,Agosto,Autos,Sports,8,GM/CORVETTE,7,2.34
2023,8,Agosto,Autos,Sports,9,MCLAREN/ARTURA,1,1.69
2023,8,Agosto,Autos,Suv's,1,VW/T CROSS,5452,9.46
2023,8,Agosto,Autos,Suv's,2,GM/TRACKER,6372,8.38
2023,8,Agosto,Autos,Suv's,3,HYUNDAI/CRETA,5195,8.31
2023,8,Agosto,Autos,Suv's,4,JEEP/COMPASS,5315,8.29
2023,8,Agosto,Autos,Suv's,5,JEEP/RENEGADE,5044,6.76
2023,8,Agosto,Autos,Suv's,6,VW/NIVUS,4936,6.64
2023,8,Agosto,Autos,Suv's,7,HONDA/HR-V,5775,6.43
2023,8,Agosto,Autos,Suv's,8,NISSAN/KICKS,4136,6.36
2023,8,Agosto,Autos,Suv's,9,FIAT/PULSE,3742,5.99
2023,8,Agosto,Autos,Suv's,10,TOYOTA/COROLLA CROSS,3247,5.83
2023,8,Agosto,Autos,Suv's,11,FIAT/FASTBACK,4308,5.23
2023,8,Agosto,Autos,Suv's,12,RENAULT/DUSTER,1973,2.99
2023,8,Agosto,Autos,Suv's,13,JEEP/COMMANDER,1922,2.84
2023,8,Agosto,Autos,Suv's,14,TOYOTA/HILUX SW4,1491,1.98
2023,8,Agosto,Autos,Suv's,15,VW/TAOS,1481,1.87
2023,8,Agosto,Autos,Suv's,16,CAOA CHERY/TIGGO 5X,968,1.23
2023,8,Agosto,Autos,Suv's,17,CAOA CHERY/TIGGO 8,1290,1.21
2023,8,Agosto,Autos,Suv's,18,GWM/HAVAL H6,1452,0.94
2023,8,Agosto,Autos,Suv's,19,CAOA CHERY/TIGGO 7,693,0.81
2023,8,Agosto,Autos,Suv's,20,VOLVO/XC60,412,0.62
2023,8,Agosto,Autos,Suv's,21,GM/EQUINOX,328,0.52
2023,8,Agosto,Autos,Suv's,22,CITROEN/C4 CACTUS,428,0.51
2023,8,Agosto,Autos,Suv's,23,BMW/X1,385,0.49
2023,8,Agosto,Autos,Suv's,24,BYD/SONG PLUS,762,0.47
2023,8,Agosto,Autos,Suv's,25,MITSUBISHI/ECLIPSE CROSS,366,0.42
2023,8,Agosto,Autos,Suv's,26,MITSUBISHI/PAJERO,207,0.27
2023,8,Agosto,Autos,Suv's,27,PORSCHE/CAYENNE,100,0.26
2023,8,Agosto,Autos,Suv's,28,AUDI/Q5,129,0.25
2023,8,Agosto,Autos,Suv's,29,PEUGEOT/2008,146,0.25
2023,8,Agosto,Autos,Suv's,30,GM/TRAILBLAZER,109,0.23
2023,8,Agosto,Autos,Suv's,31,VOLVO/XC40,62,0.22
2023,8,Agosto,Autos,Suv's,32,LAND ROVER/DISCOVERY,202,0.22
2023,8,Agosto,Autos,Suv's,33,AUDI/Q3,142,0.2
2023,8,Agosto,Autos,Suv's,34,PORSCHE/MACAN,110,0.19
2023,8,Agosto,Autos,Suv's,35,VOLVO/XC90,127,0.16
2023,8,Agosto,Autos,Suv's,36,FORD/TERRITORY,126,0.16
2023,8,Agosto,Autos,Suv's,37,LAND ROVER/DEFENDER,97,0.15
2023,8,Agosto,Autos,Suv's,38,BMW/X4,140,0.14
2023,8,Agosto,Autos,Suv's,39,M.BENZ/CLASSE GLB,61,0.14
2023,8,Agosto,Autos,Suv's,40,KIA/STONIC,5,0.14
2023,8,Agosto,Com. Leves,Pick-up's Pequenas,1,FIAT/STRADA,12870,71.76
2023,8,Agosto,Com. Leves,Pick-up's Pequenas,2,VW/SAVEIRO,4593,28.24
2023,8,Agosto,Com. Leves,Pick-up's Pequenas,3,GM/MONTANA,0,0
2023,8,Agosto,Com. Leves,Pick-up's Pequenas,4,FORD/RANCHERO,0,0
2023,8,Agosto,Com. Leves,Pick-up's Pequenas,5,PEUGEOT/PARTNER,0,0
2023,8,Agosto,Com. Leves,Pick-up's Grandes,1,FIAT/TORO,4639,23.05
2023,8,Agosto,Com. Leves,Pick-up's Grandes,2,TOYOTA/HILUX,4435,20.51
2023,8,Agosto,Com. Leves,Pick-up's Grandes,3,GM/MONTANA,2884,13.46
2023,8,Agosto,Com. Leves,Pick-up's Grandes,4,GM/S10,2037,12.04
2023,8,Agosto,Com. Leves,Pick-up's Grandes,5,FORD/RANGER,1825,7.63
2023,8,Agosto,Com. Leves,Pick-up's Grandes,6,RENAULT/OROCH,1395,5.7
2023,8,Agosto,Com. Leves,Pick-up's Grandes,7,MITSUBISHI/L200,1004,4.87
2023,8,Agosto,Com. Leves,Pick-up's Grandes,8,NISSAN/FRONTIER,803,3.67
2023,8,Agosto,Com. Leves,Pick-up's Grandes,9,VW/AMAROK,554,3.25
2023,8,Agosto,Com. Leves,Pick-up's Grandes,10,RAM/3500,202,1.71
2023,8,Agosto,Com. Leves,Pick-up's Grandes,11,RAM/CLASSIC,209,1.0
2023,8,Agosto,Com. Leves,Furgões,1,RENAULT/MASTER,1126,34.11
2023,8,Agosto,Com. Leves,Furgões,2,FIAT/SCUDO,340,11.72
2023,8,Agosto,Com. Leves,Furgões,3,FORD/TRANSIT,211,9.52
2023,8,Agosto,Com. Leves,Furgões,4,KIA/K2500,111,7.57
2023,8,Agosto,Com. Leves,Furgões,5,IVECO/DAILY,168,6.46
2023,8,Agosto,Com. Leves,Furgões,6,CITROEN/JUMPY,132,6.2
2023,8,Agosto,Com. Leves,Furgões,7,VW TRUCK E BUS/EXPRESS,163,6.13
2023,8,Agosto,Com. Leves,Furgões Pequenos,1,FIAT/FIORINO,1884,90.84
2023,8,Agosto,Com. Leves,Furgões Pequenos,2,PEUGEOT/PARTNER,186,8.64
2023,8,Agosto,Com. Leves,Furgões Pequenos,3,BYD/T3,0,0.28
2023,8,Agosto,Com. Leves,Furgões Pequenos,4,FIAT/STRADA,0,0.16
2023,8,Agosto,Caminhões,Semi-Leve,1,M.BENZ/SPRINTER 416,41,29.42
2023,8,Agosto,Caminhões,Semi-Leve,2,M.BENZ/SPRINTER 417,165,18.81
2023,8,Agosto,Caminhões,Semi-Leve,3,M.BENZ/SPRINTER 516,34,14.59
2023,8,Agosto,Caminhões,Semi-Leve,4,IVECO/DAILY 65-170,20,9.13
2023,8,Agosto,Caminhões,Semi-Leve,5,IVECO/DAILY 45-170,27,7.96
2023,8,Agosto,Caminhões,Semi-Leve,6,VW TRUCK E BUS/6.160,47,6.87
2023,8,Agosto,Caminhões,Semi-Leve,7,M.BENZ/SPRINTER 517,50,4.18
2023,8,Agosto,Caminhões,Semi-Leve,8,M.BENZ/SPRINTER,30,4.04
2023,8,Agosto,Caminhões,Semi-Leve,9,IVECO/DAILY 55-170,8,3.42
2023,8,Agosto,Caminhões,Semi-Leve,10,IVECO/DAILY 55C17,6,0.47
2023,8,Agosto,Caminhões,Leve,1,M.BENZ/ACCELO 1016,60,28.16
2023,8,Agosto,Caminhões,Leve,2,VW TRUCK E BUS/9.170,47,22.38
2023,8,Agosto,Caminhões,Leve,3,M.BENZ/ACCELO 815,16,15.38
2023,8,Agosto,Caminhões,Leve,4,VW TRUCK E BUS/9.180,143,9.52
2023,8,Agosto,Caminhões,Leve,5,IVECO/TECTOR 9-190,71,7.81
2023,8,Agosto,Caminhões,Leve,6,M.BENZ/ACCELO 817,95,4.67
2023,8,Agosto,Caminhões,Leve,7,HYUNDAI/HD 80,28,4.35
2023,8,Agosto,Caminhões,Leve,8,JAC/IEV1200T,3,2.9
2023,8,Agosto,Caminhões,Leve,9,VW TRUCK E BUS/6.170,14,1.68
2023,8,Agosto,Caminhões,Leve,10,IVECO/DAILY 65-170,12,0.92
2023,8,Agosto,Caminhões,Médio,1,VW TRUCK E BUS/11.180,375,47.9
2023,8,Agosto,Caminhões,Médio,2,IVECO/TECTOR 11-190,114,14.2
2023,8,Agosto,Caminhões,Médio,3,M.BENZ/ACCELO 1017,192,7.38
2023,8,Agosto,Caminhões,Médio,4,VW TRUCK E BUS/13.180,29,7.18
2023,8,Agosto,Caminhões,Médio,5,M.BENZ/ATEGO 1419,38,6.64
2023,8,Agosto,Caminhões,Médio,6,M.BENZ/ACCELO 1316,7,4.8
2023,8,Agosto,Caminhões,Médio,7,VW TRUCK E BUS/14.190,7,4.14
2023,8,Agosto,Caminhões,Médio,8,VW TRUCK E BUS/14.210,58,3.06
2023,8,Agosto,Caminhões,Médio,9,FOTON/AUMARK S 11T,17,1.79
2023,8,Agosto,Caminhões,Médio,10,M.BENZ/ACCELO 1317,1,0.97
2023,8,Agosto,Caminhões,Semi-Pesado,1,VOLVO/VM 270,52,8.33
2023,8,Agosto,Caminhões,Semi-Pesado,2,VW TRUCK E BUS/24.280,173,7.76
2023,8,Agosto,Caminhões,Semi-Pesado,3,M.BENZ/ATEGO 1719,179,6.44
2023,8,Agosto,Caminhões,Semi-Pesado,4,VW TRUCK E BUS/17.190,98,6.17
2023,8,Agosto,Caminhões,Semi-Pesado,5,VW TRUCK E BUS/24.260,3,5.47
2023,8,Agosto,Caminhões,Semi-Pesado,6,IVECO/TECTOR 240,83,5.27
2023,8,Agosto,Caminhões,Semi-Pesado,7,M.BENZ/ATEGO 2426,67,4.85
2023,8,Agosto,Caminhões,Semi-Pesado,8,VOLVO/VM 290,264,4.23
2023,8,Agosto,Caminhões,Semi-Pesado,9,IVECO/TECTOR 170,105,3.89
2023,8,Agosto,Caminhões,Semi-Pesado,10,VOLVO/VM 330,13,3.43
2023,8,Agosto,Caminhões,Pesado,1,VOLVO/FH 540,639,13.04
2023,8,Agosto,Caminhões,Pesado,2,DAF/XF 530,361,7.4
2023,8,Agosto,Caminhões,Pesado,3,VOLVO/FH 460,395,7.08
2023,8,Agosto,Caminhões,Pesado,4,DAF/XF 480,360,6.47
2023,8,Agosto,Caminhões,Pesado,5,SCANIA/R 460,229,4.5
2023,8,Agosto,Caminhões,Pesado,6,SCANIA/R450,151,3.94
2023,8,Agosto,Caminhões,Pesado,7,M.BENZ/ATEGO 2730,137,3.66
2023,8,Agosto,Caminhões,Pesado,8,M.BENZ/ACTROS 2651,120,3.63
2023,8,Agosto,Caminhões,Pesado,9,M.BENZ/ACTROS 2548,168,2.75
2023,8,Agosto,Caminhões,Pesado,10,M.BENZ/AXOR 3131,64,2.63
2023,8,Agosto,Motos,City,1,HONDA/CG 160,36843,61.01
2023,8,Agosto,Motos,City,2,YAMAHA/YBR 150,4047,6.82
2023,8,Agosto,Motos,City,3,HONDA/CB 300F,5309,6.72
2023,8,Agosto,Motos,City,4,YAMAHA/FAZER 250,4254,6.54
2023,8,Agosto,Motos,City,5,MOTTU/SPORT 110I,976,5.31
2023,8,Agosto,Motos,City,6,YAMAHA/FAZER 150,3412,4.84
2023,8,Agosto,Motos,City,7,YAMAHA/YS150 FAZER,1691,3.13
2023,8,Agosto,Motos,City,8,YAMAHA/YBR 125,808,1.49
2023,8,Agosto,Motos,City,9,HONDA/CB 250F TWISTER,71,0.81
2023,8,Agosto,Motos,City,10,HAOJUE/DR160,314,0.46
2023,8,Agosto,Motos,Custom,1,ROYAL ENFIELD/METEOR,214,29.45
2023,8,Agosto,Motos,Custom,2,ROYAL ENFIELD/CLASSIC 350,281,28.24
2023,8,Agosto,Motos,Custom,3,KAWASAKI/VULCAN S,108,8.82
2023,8,Agosto,Motos,Custom,4,ROYAL ENFIELD/INTERCEPTOR,86,7.67
2023,8,Agosto,Motos,Custom,5,ROYAL ENFIELD/CONTINENTAL GT,36,3.6
2023,8,Agosto,Motos,Custom,6,TRIUMPH/BONNEVILLE,31,2.79
2023,8,Agosto,Motos,Custom,7,H.DAVIDSON/FL FBS,16,2.05
2023,8,Agosto,Motos,Custom,8,BMW/R 18,16,1.91
2023,8,Agosto,Motos,Custom,9,TRIUMPH/SPEED TWIN,25,1.66
2023,8,Agosto,Motos,Custom,10,H.DAVIDSON/FLHCS,9,1.55
2023,8,Agosto,Motos,Trail/Fun,1,HONDA/NXR160,14119,49.46
2023,8,Agosto,Motos,Trail/Fun,2,YAMAHA/XTZ 250,3668,14.84
2023,8,Agosto,Motos,Trail/Fun,3,HONDA/XRE 190,3229,11.75
2023,8,Agosto,Motos,Trail/Fun,4,YAMAHA/CROSSER 150,3709,10.99
2023,8,Agosto,Motos,Trail/Fun,5,HONDA/XRE 300,411,5.75
2023,8,Agosto,Motos,Trail/Fun,6,SHINERAY/XY 125,1263,3.69
2023,8,Agosto,Motos,Trail/Fun,7,BMW/G310 GS,347,1.01
2023,8,Agosto,Motos,Trail/Fun,8,DAFRA/NH 190,120,0.54
2023,8,Agosto,Motos,Trail/Fun,9,HAOJUE/NK 150,137,0.5
2023,8,Agosto,Motos,Trail/Fun,10,KAWASAKI/VERSYS 300,119,0.38
2023,8,Agosto,Motos,Maxtrail,1,BMW/R1250GS,488,19.92
2023,8,Agosto,Motos,Maxtrail,2,HONDA/CB 500X,430,16.69
2023,8,Agosto,Motos,Maxtrail,3,TRIUMPH/TIGER 900,302,12.51
2023,8,Agosto,Motos,Maxtrail,4,HONDA/NC 750X,292,11.12
2023,8,Agosto,Motos,Maxtrail,5,BMW/F850 GS,315,9.08
2023,8,Agosto,Motos,Maxtrail,6,ROYAL ENFIELD/HIMALAYAN,111,6.46
2023,8,Agosto,Motos,Maxtrail,7,HONDA/CRF 1100L,134,4.63
2023,8,Agosto,Motos,Maxtrail,8,KAWASAKI/VERSYS 650,102,4.28
2023,8,Agosto,Motos,Maxtrail,9,TRIUMPH/TIGER,69,2.99
2023,8,Agosto,Motos,Maxtrail,10,TRIUMPH/TIGER 1200,62,2.96
2023,8,Agosto,Motos,Naked/Roadster,1,YAMAHA/MT03,793,33.46
2023,8,Agosto,Motos,Naked/Roadster,2,HONDA/CB 500,334,15.27
2023,8,Agosto,Motos,Naked/Roadster,3,YAMAHA/MT09,215,9.58
2023,8,Agosto,Motos,Naked/Roadster,4,YAMAHA/MT07,214,9.06
2023,8,Agosto,Motos,Naked/Roadster,5,HONDA/CB 650R,172,7.84
2023,8,Agosto,Motos,Naked/Roadster,6,KAWASAKI/Z900,119,4.51
2023,8,Agosto,Motos,Naked/Roadster,7,KAWASAKI/Z400,71,3.14
2023,8,Agosto,Motos,Naked/Roadster,8,HONDA/CB 1000R,70,3.11
2023,8,Agosto,Motos,Naked/Roadster,9,BMW/G310 R,50,2.16
2023,8,Agosto,Motos,Naked/Roadster,10,SUZUKI/GSX-S750,75,2.08
2023,8,Agosto,Motos,Scooter/Cub,1,HONDA/BIZ,18905,38.69
2023,8,Agosto,Motos,Scooter/Cub,2,HONDA/POP 110I,13783,28.1
2023,8,Agosto,Motos,Scooter/Cub,3,HONDA/PCX 160,3597,6.86
2023,8,Agosto,Motos,Scooter/Cub,4,HONDA/ELITE 125,2944,5.53
2023,8,Agosto,Motos,Scooter/Cub,5,HONDA/ADV 150,1583,3.35
2023,8,Agosto,Motos,Scooter/Cub,6,YAMAHA/NEO 125,1255,3.3
2023,8,Agosto,Motos,Scooter/Cub,7,YAMAHA/NMAX,1027,2.69
2023,8,Agosto,Motos,Scooter/Cub,8,YAMAHA/FLUO 125,1258,2.45
2023,8,Agosto,Motos,Scooter/Cub,9,SHINERAY/XY 50,1041,1.86
2023,8,Agosto,Motos,Scooter/Cub,10,AVELLOZ/AZ1,859,1.69
2023,8,Agosto,Motos,Sport,1,YAMAHA/YZF R3,146,32.19
2023,8,Agosto,Motos,Sport,2,BMW/S1000 R,48,17.82
2023,8,Agosto,Motos,Sport,3,KAWASAKI/NINJA 400,104,17.03
2023,8,Agosto,Motos,Sport,4,HONDA/CBR 650R,69,11.37
2023,8,Agosto,Motos,Sport,5,KAWASAKI/NINJA ZX 6,29,5.11
2023,8,Agosto,Motos,Sport,6,KAWASAKI/NINJA 300,39,3.99
2023,8,Agosto,Motos,Sport,7,DUCATI/PANIGALE V4,21,3.2
2023,8,Agosto,Motos,Sport,8,SUZUKI/GSX 1300,15,2.46
2023,8,Agosto,Motos,Sport,9,KAWASAKI/NINJA ZX10,6,2.18
2023,8,Agosto,Motos,Sport,10,KAWASAKI/NINJA 650,19,1.72
2023,8,Agosto,Motos,Touring,1,H.DAVIDSON/FLHTK,29,27.46
2023,8,Agosto,Motos,Touring,2,H.DAVIDSON/FLTRK,16,26.33
2023,8,Agosto,Motos,Touring,3,H.DAVIDSON/FLHX,9,10.66
2023,8,Agosto,Motos,Touring,4,H.DAVIDSON/FLH RXS,8,10.02
2023,8,Agosto,Motos,Touring,5,BMW/R1250 RT,9,9.85
2023,8,Agosto,Motos,Touring,6,H.DAVIDSON/FLT,9,6.95
2023,8,Agosto,Motos,Touring,7,BMW/K 1600,2,3.88
2023,8,Agosto,Motos,Touring,8,HONDA/GOLDWING,5,2.91
2023,9,Setembro,Autos,Veículos de Entrada,1,FIAT/MOBI,6016,51.26
2023,9,Setembro,Autos,Veículos de Entrada,2,RENAULT/KWID,5032,42.54
2023,9,Setembro,Autos,Veículos de Entrada,3,VW/GOL,21,6.09
2023,9,Setembro,Autos,Veículos de Entrada,4,VW/FUSCA,6,0.07
2023,9,Setembro,Autos,Veículos de Entrada,5,FIAT/UNO,4,0.03
2023,9,Setembro,Autos,Veículos de Entrada,6,FIAT/PALIO,0,0.01
2023,9,Setembro,Autos,Veículos de Entrada,7,GM/CHEVETTE,0,0
2023,9,Setembro,Autos,Hatch Pequenos,1,VW/POLO,9515,21.87
2023,9,Setembro,Autos,Hatch Pequenos,2,GM/ONIX,8033,21.51
2023,9,Setembro,Autos,Hatch Pequenos,3,HYUNDAI/HB20,762,18.79
2023,9,Setembro,Autos,Hatch Pequenos,4,FIAT/ARGO,5938,15.48
2023,9,Setembro,Autos,Hatch Pequenos,5,PEUGEOT/208,2287,6.16
2023,9,Setembro,Autos,Hatch Pequenos,6,CITROEN/C3,1990,5.64
2023,9,Setembro,Autos,Hatch Pequenos,7,TOYOTA/YARIS HB,1826,5.26
2023,9,Setembro,Autos,Hatch Pequenos,8,HONDA/CITY HATCH,683,2.63
2023,9,Setembro,Autos,Hatch Pequenos,9,RENAULT /SANDERO,551,1.87
2023,9,Setembro,Autos,Hatch Pequenos,10,BYD/DOLPHIN,1036,0.46
2023,9,Setembro,Autos,Hatch Pequenos,11,MINI/COOPER,49,0.16
2023,9,Setembro,Autos,Hatch Pequenos,12,JAC/E-JS],57,0.11
2023,9,Setembro,Autos,Hatch Médios,1,GM/CRUZE HB,31,29.99
2023,9,Setembro,Autos,Hatch Médios,2,AUDI/A3,34,27.1
2023,9,Setembro,Autos,Hatch Médios,3,NISSAN/LEAF,49,21.55
2023,9,Setembro,Autos,Hatch Médios,4,BMW/118I,8,3.57
2023,9,Setembro,Autos,Grandcab,1,GM/SPIN,1862,97.58
2023,9,Setembro,Autos,Grandcab,2,BYD/D1,2,2.09
2023,9,Setembro,Autos,Grandcab,3,KIA/CARNIVAL,0,0.15
2023,9,Setembro,Autos,Sports,1,PORSCHE/911,126,32.3
2023,9,Setembro,Autos,Sports,2,FORD/MUSTANG,29,13.84
2023,9,Setembro,Autos,Sports,3,BMW/M3,15,10.41
2023,9,Setembro,Autos,Sports,4,PORSCHE/TAYCAN,15,10.23
2023,9,Setembro,Autos,Sports,5,PORSCHE/BOXSTER,45,9.35
2023,9,Setembro,Autos,Sports,6,PORSCHE/CAYMAN,41,6.48
2023,9,Setembro,Autos,Sports,7,DODGE/CHALLENGER,6,1.53
2023,9,Setembro,Autos,Suv's,1,VW/T CROSS 5.452,4,9.31
2023,9,Setembro,Autos,Suv's,2,GM/TRACKER,6537,8.57
2023,9,Setembro,Autos,Suv's,3,HYUNDAI/CRETA 5.195,4,8.13
2023,9,Setembro,Autos,Suv's,4,JEEP/COMPASS,4415,8.11
2023,9,Setembro,Autos,Suv's,5,VW/NIVUS,4771,6.72
2023,9,Setembro,Autos,Suv's,6,JEEP/RENEGADE,3757,6.64
2023,9,Setembro,Autos,Suv's,7,HONDA/HR-V,4583,6.5
2023,9,Setembro,Autos,Suv's,8,NISSAN/KICKS,4706,6.46
2023,9,Setembro,Autos,Suv's,9,FIAT/PULSE 3.742,4,5.87
2023,9,Setembro,Autos,Suv's,10,TOYOTA/COROLLA CROSS 3.247,4,5.68
2023,9,Setembro,Autos,Suv's,11,FIAT /FASTBACK 4.308,4,5.27
2023,9,Setembro,Autos,Suv's,12,RENAULT/DUSTER,2598,3.11
2023,9,Setembro,Autos,Suv's,13,JEEP/COMMANDER 1.922,4,2.79
2023,9,Setembro,Autos,Suv's,14,VW/TAOS,1387,1.9
2023,9,Setembro,Autos,Suv's,15,CAOA CHERY/TIGGO 5X,1293,1.31
2023,9,Setembro,Autos,Suv's,16,CAOA CHERY/TIGGO 8,750,1.21
2023,9,Setembro,Autos,Suv's,17,GWM/HAVAL H6,1307,1.06
2023,9,Setembro,Autos,Suv's,18,CAOA CHERY/TIGGO 7 693,4,0.83
2023,9,Setembro,Autos,Suv's,19,VOLVO/XC60,271,0.6
2023,9,Setembro,Autos,Suv's,20,BYD/SONG PLUS,863,0.57
2023,9,Setembro,Autos,Suv's,21,GM/EQUINOX,377,0.53
2023,9,Setembro,Autos,Suv's,22,CITROEN/C4 CACTUS 428,4,0.52
2023,9,Setembro,Autos,Suv's,23,BMW/X1,367,0.5
2023,9,Setembro,Autos,Suv's,24,MITSUBISHI /ECLIPSE CROSS 366,4,0.42
2023,9,Setembro,Autos,Suv's,25,MITSUBISHI /PAJERO 207,4,0.27
2023,9,Setembro,Autos,Suv's,26,AUDI/Q5,200,0.26
2023,9,Setembro,Autos,Suv's,27,PEUGEOT/2008,155,0.25
2023,9,Setembro,Autos,Suv's,28,PORSCHE/CAYENNE 100,4,0.24
2023,9,Setembro,Autos,Suv's,29,LAND ROVER/DISCOVERY,203,0.23
2023,9,Setembro,Autos,Suv's,30,GM/TRAILBLAZER 109,4,0.22
2023,9,Setembro,Autos,Suv's,31,VOLVO/XC40,75,0.21
2023,9,Setembro,Autos,Suv's,32,AUDI/Q3,164,0.21
2023,9,Setembro,Autos,Suv's,33,FORD/TERRITORY,147,0.16
2023,9,Setembro,Autos,Suv's,34,VOLVO/XC90 127,4,0.16
2023,9,Setembro,Autos,Suv's,35,LAND ROVER/DEFENDER 97,4,0.15
2023,9,Setembro,Autos,Suv's,36,BYD/YUAN PLUS,145,0.14
2023,9,Setembro,Autos,Suv's,37,KIA/SPORTAGE 122,4,0.14
2023,9,Setembro,Autos,Furgões Pequenos,1,FIAT/FIORINO,2524,90.96
2023,9,Setembro,Autos,Furgões Pequenos,2,PEUGEOT/PARTNER,230,8.59
2023,9,Setembro,Autos,Furgões Pequenos,3,BYD/T3,3,0.25
2023,9,Setembro,Autos,Furgões Pequenos,4,FIAT/STRADA,1,0.14
2023,9,Setembro,Autos,Semi-Leve,1,M.BENZ/SPRINTER 416,16,27.36
2023,9,Setembro,Autos,Semi-Leve,2,M.BENZ/SPRINTER 417 165,0,20.26
2023,9,Setembro,Autos,Semi-Leve,3,M.BENZ/SPRINTER 516,23,14.0
2023,9,Setembro,Autos,Semi-Leve,4,IVECO/DAILY 65-170,25,9.02
2023,9,Setembro,Autos,Semi-Leve,5,IVECO/DAILY 45-170,30,8.08
2023,9,Setembro,Autos,Semi-Leve,6,VW TRUCK E BUS/6.160,43,7.44
2023,9,Setembro,Autos,Semi-Leve,7,M.BENZ/SPRINTER 517,32,4.68
2023,9,Setembro,Autos,Semi-Leve,8,M.BENZ/SPRINTER,14,4.07
2023,9,Setembro,Autos,Semi-Leve,9,IVECO/DAILY 55-170,8,3.35
2023,9,Setembro,Autos,Semi-Leve,10,IVECO/DAILY 55C17,7,0.62
2023,9,Setembro,Autos,Leve,1,M.BENZ/ACCELO 1016,35,26.58
2023,9,Setembro,Autos,Leve,2,VW TRUCK E BUS/9.170,24,21.06
2023,9,Setembro,Autos,Leve,3,M.BENZ/ACCELO 815,12,14.39
2023,9,Setembro,Autos,Leve,4,IVECO/TECTOR 9-190,18,7.52
2023,9,Setembro,Autos,Leve,5,M.BENZ/ACCELO 817,130,6.56
2023,9,Setembro,Autos,Leve,6,HYUNDAI/HD 80,31,4.55
2023,9,Setembro,Autos,Leve,7,JAC/IEV1200T,6,2.78
2023,9,Setembro,Autos,Leve,8,VW TRUCK E BUS/6.170,13,1.77
2023,9,Setembro,Autos,Leve,9,IVECO/DAILY 65-170,12,1.06
2023,9,Setembro,Autos,Médio,1,VW TRUCK E BUS/11.180,361,47.5
2023,9,Setembro,Autos,Médio,2,M.BENZ/ACCELO 1017,184,9.18
2023,9,Setembro,Autos,Médio,3,VW TRUCK E BUS/13.180,31,6.79
2023,9,Setembro,Autos,Médio,4,M.BENZ/ATEGO 1419,42,6.47
2023,9,Setembro,Autos,Médio,5,M.BENZ/ACCELO 1316,3,4.28
2023,9,Setembro,Autos,Médio,6,VW TRUCK E BUS/14.210,28,3.1
2023,9,Setembro,Autos,Semi-Pesado,1,VOLVO/VM 270,27,7.61
2023,9,Setembro,Autos,Semi-Pesado,2,VW TRUCK E BUS/24.280,101,7.44
2023,9,Setembro,Autos,Semi-Pesado,3,M.BENZ/ATEGO 1719,171,6.57
2023,9,Setembro,Autos,Semi-Pesado,4,VW TRUCK E BUS/17.190,62,5.83
2023,9,Setembro,Autos,Semi-Pesado,5,VW TRUCK E BUS/24.260,18,5.0
2023,9,Setembro,Autos,Semi-Pesado,6,IVECO/TECTOR 240,51,4.97
2023,9,Setembro,Autos,Semi-Pesado,7,VOLVO /VM 290,245,4.91
2023,9,Setembro,Autos,Semi-Pesado,8,M.BENZ/ATEGO 2426,7,4.68
2023,9,Setembro,Autos,Semi-Pesado,9,IVECO/TECTOR 170,75,3.84
2023,9,Setembro,Autos,Semi-Pesado,10,VOLVO/VM 330,13,3.15
2023,9,Setembro,Autos,Pesado,1,VOLVO/FH 540,708,13.34
2023,9,Setembro,Autos,Pesado,2,DAF/XF 530,397,7.56
2023,9,Setembro,Autos,Pesado,3,VOLVO/FH 460,3065,7.02
2023,9,Setembro,Autos,Pesado,4,DAF/XF 480,289,6.45
2023,9,Setembro,Autos,Pesado,5,SCANIA/R 460,383,4.97
2023,9,Setembro,Autos,Pesado,6,SCANIA/R450,176,3.93
2023,9,Setembro,Autos,Pesado,7,M.BENZ/ATEGO 2730,120,3.53
2023,9,Setembro,Autos,Pesado,8,M.BENZ/ACTROS 2651,7,3.5
2023,9,Setembro,Autos,Pesado,9,M.BENZ/ACTROS 2548,195,2.94
2023,9,Setembro,Autos,Pesado,10,SCANIA/R540,201,2.81
2023,9,Setembro,Autos,City,1,HONDA/CG 160,35054,61.16
2023,9,Setembro,Autos,City,2,HONDA/CB 300F,482,6.92
2023,9,Setembro,Autos,City,3,YAMAHA/YBR 150,3828,6.82
2023,9,Setembro,Autos,City,4,YAMAHA/ FAZER 250,3512,6.51
2023,9,Setembro,Autos,City,5,YAMAHA/ FAZER 150,3159,4.93
2023,9,Setembro,Autos,City,6,MOTTU/SPORT 1101,898,4.9
2023,9,Setembro,Autos,City,7,YAMAHA/Y5150 FAZER,1814,3.14
2023,9,Setembro,Autos,City,8,YAMAHA/YBR 125,685,1.46
2023,9,Setembro,Autos,City,9,HAOJUE/DR160,367,0.48
2023,9,Setembro,Autos,Custom,1,ROYAL ENFIELD/CLASSIC 350,227,27.66
2023,9,Setembro,Autos,Custom,2,KAWASAKI/VULCAN S,96,8.92
2023,9,Setembro,Autos,Custom,3,ROYAL ENFIELD/INTERCEPTOR,62,7.52
2023,9,Setembro,Autos,Custom,4,ROYAL ENFIELD/CONTINENTAL GT,20,3.43
2023,9,Setembro,Autos,Custom,5,TRIUMPH/BONNEVILLE,23,2.74
2023,9,Setembro,Autos,Custom,6,BMWI/RIB,28,2.03
2023,9,Setembro,Autos,Custom,7,H.DAVIDSON/FL FBS,12,1.96
2023,9,Setembro,Autos,Custom,8,ROYAL ENFIELD/HUNTER,9,1.68
2023,9,Setembro,Autos,Custom,9,TRIUMPH/SPEED TWIN,16,1.66
2023,9,Setembro,Autos,Trail/Fun,1,HONDA/NXR160,12273,49.54
2023,9,Setembro,Autos,Trail/Fun,2,YAMAHA/XTZ 250,3606,14.82
2023,9,Setembro,Autos,Trail/Fun,3,YAMAHA/CROSSER 150,2914,11.09
2023,9,Setembro,Autos,Trail/Fun,4,HONDA/XRE 300,338,5.28
2023,9,Setembro,Autos,Trail/Fun,5,SHINERAY/XY 125,1168,3.8
2023,9,Setembro,Autos,Trail/Fun,6,BMW/G310 GS,314,1.04
2023,9,Setembro,Autos,Trail/Fun,7,DAFRA/NH 190,137,0.55
2023,9,Setembro,Autos,Trail/Fun,8,HAOJUE/NK 150,148,0.51
2023,9,Setembro,Autos,Trail/Fun,9,KAWASAKI/VERSYS 300,7,0.37
2023,9,Setembro,Autos,Maxtrail,1,BMW/R1250GS,498,20.11
2023,9,Setembro,Autos,Maxtrail,2,HONDA/CB 500X,428,16.91
2023,9,Setembro,Autos,Maxtrail,3,TRIUMPH/TIGER 900,205,12.09
2023,9,Setembro,Autos,Maxtrail,4,HONDA/NC 750X,279,11.23
2023,9,Setembro,Autos,Maxtrail,5,BMW/F850 GS,305,9.56
2023,9,Setembro,Autos,Maxtrail,6,KAWASAKI/VERSYS 650,94,4.25
2023,9,Setembro,Autos,Maxtrail,7,TRIUMPH/TIGER SPORT 660,60,2.94
2023,9,Setembro,Autos,Maxtrail,8,TRIUMPH/TIGER 1200,61,2.92
2023,9,Setembro,Autos,Naked/Roadster,1,YAMAHA/MTO3,703,33.36
2023,9,Setembro,Autos,Naked/Roadster,2,YAMAHA/MTO9,220,9.65
2023,9,Setembro,Autos,Naked/Roadster,3,YAMAHA/MTO7,196,9.06
2023,9,Setembro,Autos,Naked/Roadster,4,HONDA/CB 1000R,69,3.12
2023,9,Setembro,Autos,Naked/Roadster,5,SUZUKI/GSX-S750,65,2.19
2023,9,Setembro,Autos,Naked/Roadster,6,BMW/G310 R,41,2.13
2023,9,Setembro,Autos,Scooter/Cub,1,HONDAY/BIZ,20133,39.06
2023,9,Setembro,Autos,Scooter/Cub,2,HONDA/POP 1101,13307,28.03
2023,9,Setembro,Autos,Scooter/Cub,3,HONDA/PCX 160,3718,6.96
2023,9,Setembro,Autos,Scooter/Cub,4,YAMAHA/NEO 125,1095,3.17
2023,9,Setembro,Autos,Scooter/Cub,5,YAMAHA/NMAX,112,2.64
2023,9,Setembro,Autos,Scooter/Cub,6,YAMAHA/FLUO 125,1016,2.41
2023,9,Setembro,Autos,Scooter/Cub,7,SHINERAY/XY 50,896,1.86
2023,9,Setembro,Autos,Scooter/Cub,8,AVELLOZ/AZ1,809,1.69
2023,9,Setembro,Autos,Sport,1,KAWASAKI/NINJA 400,8,17.16
2023,9,Setembro,Autos,Sport,2,HONDA/CBR 650R,6,11.61
2023,9,Setembro,Autos,Sport,3,KAWASAKI/NINJA ZX 6 29,0,4.99
2023,9,Setembro,Autos,Sport,4,KAWASAKI/NINJA 300,3,4.28
2023,9,Setembro,Autos,Sport,5,DUCATI/PANIGALE V4,13,3.15
2023,9,Setembro,Autos,Sport,6,SUZUKI/GSX 1300,12,2.46
2023,9,Setembro,Autos,Sport,7,KAWASAKI/NINJA ZX10,4,2.05
2023,9,Setembro,Autos,Sport,8,KAWASAKI/NINJA 650,16,1.88
2023,9,Setembro,Autos,Touring,1,H.DAVIDSON/FLTRK,17,26.95
2023,9,Setembro,Autos,Touring,2,H.DAVIDSON/FLHTK,7,26.5
2023,9,Setembro,Autos,Touring,3,H.DAVIDSON/FLHX,5,10.63
2023,9,Setembro,Autos,Touring,4,BMW/R1250 RT,4,9.73
2023,9,Setembro,Autos,Touring,5,H.DAVIDSON/FLH RXS,2,9.58
2023,9,Setembro,Autos,Touring,6,BMW/K 1600,1,3.74
2023,9,Setembro,Autos,Touring,7,HONDA/GOLDWING,2,2.99
2023,10,Outubro,Autos,Veículos de Entrada,1,FIAT/MOBI,8037,51.8
2023,10,Outubro,Autos,Veículos de Entrada,2,RENAULT/KWID,6394,42.75
2023,10,Outubro,Autos,Veículos de Entrada,3,VW/GOL,2,5.34
2023,10,Outubro,Autos,Veículos de Entrada,4,VW/FUSCA,10,0.07
2023,10,Outubro,Autos,Veículos de Entrada,5,FIAT/UNO,2,0.03
2023,10,Outubro,Autos,Veículos de Entrada,6,FIAT/PALIO,1,0.01
2023,10,Outubro,Autos,Veículos de Entrada,7,VW/UP,0,0.01
2023,10,Outubro,Autos,Veículos de Entrada,8,GM/CHEVETTE,2,0
2023,10,Outubro,Autos,Veículos de Entrada,9,FIAT/147,0,0
2023,10,Outubro,Autos,Hatch Pequenos,1,VW/POLO,11123,22.24
2023,10,Outubro,Autos,Hatch Pequenos,2,GM/ONIX,10657,21.8
2023,10,Outubro,Autos,Hatch Pequenos,3,HYUNDAI/HB20,7421,18.54
2023,10,Outubro,Autos,Hatch Pequenos,4,FIAT/ARGO,5257,15.04
2023,10,Outubro,Autos,Hatch Pequenos,5,PEUGEOT/208,2832,6.18
2023,10,Outubro,Autos,Hatch Pequenos,6,CITROEN/C3,2714,5.69
2023,10,Outubro,Autos,Hatch Pequenos,7,TOYOTA/YARIS HB,1862,5.13
2023,10,Outubro,Autos,Hatch Pequenos,8,HONDA/CITY HATCH,684,2.5
2023,10,Outubro,Autos,Hatch Pequenos,9,RENAULT/SANDERO,443,1.76
2023,10,Outubro,Autos,Hatch Pequenos,10,BYD/DOLPHIN,1366,0.77
2023,10,Outubro,Autos,Hatch Pequenos,11,MINI/COOPER,94,0.17
2023,10,Outubro,Autos,Hatch Pequenos,12,JAC/E-JS1,24,0.1
2023,10,Outubro,Autos,Hatch Médios,1,GM/CRUZE HB,38,30.17
2023,10,Outubro,Autos,Hatch Médios,2,AUDI/A3,45,28.75
2023,10,Outubro,Autos,Hatch Médios,3,NISSAN/LEAF,2,19.43
2023,10,Outubro,Autos,Hatch Médios,4,M.BENZ/CLASSE A,5,4.79
2023,10,Outubro,Autos,Hatch Médios,5,TOYOTA/COROLLA GR,14,4.79
2023,10,Outubro,Autos,Hatch Médios,6,HONDA/CIVIC TYPE-R,9,3.99
2023,10,Outubro,Autos,Sedans Pequenos,1,FIAT/CRONOS,4929,56.59
2023,10,Outubro,Autos,Sedans Pequenos,2,HYUNDAI/HB20S,3442,34.81
2023,10,Outubro,Autos,Sedans Pequenos,3,RENAULT/LOGAN,177,5.53
2023,10,Outubro,Autos,Sedans Pequenos,4,VW/VOYAGE,2,3.02
2023,10,Outubro,Autos,Sedans Pequenos,5,FIAT/SIENA,3,0.03
2023,10,Outubro,Autos,Sedans Pequenos,6,TOYOTA/ETIOS SEDAN,0,0.01
2023,10,Outubro,Autos,Sedans Pequenos,7,FORD/KA SEDAN,0,0
2023,10,Outubro,Autos,Sedans Pequenos,8,GM/PRISMA,0,0
2023,10,Outubro,Autos,Sedans Pequenos,9,CAOA CHERY/CELER SEDAN,0,0
2023,10,Outubro,Autos,Sedans Pequenos,10,DODGE/CHARGER,0,0
2023,10,Outubro,Autos,Sedans Compactos,1,GM/ONIX PLUS,7114,53.76
2023,10,Outubro,Autos,Sedans Compactos,2,VW/VIRTUS,2910,17.92
2023,10,Outubro,Autos,Sedans Compactos,3,TOYOTA/YARIS SEDAN,2426,13.75
2023,10,Outubro,Autos,Sedans Compactos,4,HONDA/CITY,751,8.54
2023,10,Outubro,Autos,Sedans Compactos,5,NISSAN/VERSA,767,6.02
2023,10,Outubro,Autos,Sedans Compactos,6,FORD/CORCEL,0,0.01
2023,10,Outubro,Autos,Sedans médios,1,TOYOTA/COROLLA,3996,79.32
2023,10,Outubro,Autos,Sedans médios,2,NISSAN/SENTRA,490,7.72
2023,10,Outubro,Autos,Sedans médios,3,VW/JETTA,313,3.76
2023,10,Outubro,Autos,Sedans médios,4,GM/CRUZE SEDAN,121,2.24
2023,10,Outubro,Autos,Sedans médios,5,CAOA CHERY/ARRIZO 6,100,2.01
2023,10,Outubro,Autos,Sedans médios,6,AUDI/A3 SEDAN,70,1.27
2023,10,Outubro,Autos,Sedans médios,7,AUDI/A5,58,1.03
2023,10,Outubro,Autos,Sedans médios,8,HONDA/CIVIC,3,1.0
2023,10,Outubro,Autos,Sedans médios,9,HYUNDAI/IONIQ,27,0.51
2023,10,Outubro,Autos,Sedans médios,10,BYD/SEAL,1,0.23
2023,10,Outubro,Autos,Sedans médios,11,BMW/420I,15,0.2
2023,10,Outubro,Autos,Sedans médios,12,M.BENZ/CLA45,3,0.18
2023,10,Outubro,Autos,Sedans médios,13,JAC/E-J7,2,0.18
2023,10,Outubro,Autos,Sedans médios,14,BMW/218I,3,0.15
2023,10,Outubro,Autos,Sedans médios,15,M.BENZ/CLA35,0,0.1
2023,10,Outubro,Autos,Sedans médios,16,KIA/CERATO,0,0.04
2023,10,Outubro,Autos,Sedans médios,17,TESLA/MODEL 3,1,0.04
2023,10,Outubro,Autos,Sedans médios,18,M.BENZ/CLASSE A,1,0.01
2023,10,Outubro,Autos,Sedans médios,19,GM/IMPALA,1,0
2023,10,Outubro,Autos,Sedans médios,20,VW/SANTANA,1,0
2023,10,Outubro,Autos,Sedans médios,21,RENAULT/FLUENCE,0,0
2023,10,Outubro,Autos,Sedans Grandes,1,BMW/320I,310,58.37
2023,10,Outubro,Autos,Sedans Grandes,2,M.BENZ/CLASSE C,63,10.22
2023,10,Outubro,Autos,Sedans Grandes,3,BMW/330E,45,8.35
2023,10,Outubro,Autos,Sedans Grandes,4,PORSCHE/PANAMERA,63,5.87
2023,10,Outubro,Autos,Sedans Grandes,5,AUDI/A4,14,4.24
2023,10,Outubro,Autos,Sedans Grandes,6,M.BENZ/CLA250,3,3.46
2023,10,Outubro,Autos,Sedans Grandes,7,BMW/I4,10,2.05
2023,10,Outubro,Autos,Sedans Grandes,8,BMW/530E,7,1.22
2023,10,Outubro,Autos,Sedans Grandes,9,BYD/HAN,4,1.1
2023,10,Outubro,Autos,Sedans Grandes,10,LEXUS/ES300,4,1.03
2023,10,Outubro,Autos,Sedans Grandes,11,AUDI/E TRON GT,6,0.66
2023,10,Outubro,Autos,Sedans Grandes,12,HONDA/ACCORD,3,0.66
2023,10,Outubro,Autos,Sw Médios,1,VW/PARATI,0,66.67
2023,10,Outubro,Autos,Sw Médios,2,VW/SPACE FOX,0,33.33
2023,10,Outubro,Autos,Sw Grandes,1,AUDI/RS6 AVANT,4,94.12
2023,10,Outubro,Autos,Sw Grandes,2,GM/CARAVAN,0,2.94
2023,10,Outubro,Autos,Sw Grandes,3,VW/QUANTUM,0,2.94
2023,10,Outubro,Autos,Monocab,1,GM/BOLT,1,84.62
2023,10,Outubro,Autos,Monocab,2,FIAT/DOBLO,0,5.77
2023,10,Outubro,Autos,Monocab,3,HONDA/FIT,2,5.77
2023,10,Outubro,Autos,Monocab,4,NISSAN/LIVINA,0,1.92
2023,10,Outubro,Autos,Monocab,5,RENAULT/KANGOO,1,1.92
2023,10,Outubro,Autos,Grandcab,1,GM/SPIN,2051,97.84
2023,10,Outubro,Autos,Grandcab,2,BYD/D1,0,1.84
2023,10,Outubro,Autos,Grandcab,3,KIA/CARNIVAL,0,0.13
2023,10,Outubro,Autos,Grandcab,4,CHRYSLER/PACIFICA,4,0.09
2023,10,Outubro,Autos,Sports,1,PORSCHE/911,132,33.25
2023,10,Outubro,Autos,Sports,2,FORD/MUSTANG,21,12.82
2023,10,Outubro,Autos,Sports,3,PORSCHE/TAYCAN,26,9.9
2023,10,Outubro,Autos,Sports,4,PORSCHE/BOXSTER,41,9.74
2023,10,Outubro,Autos,Sports,5,BMW/M3,17,9.7
2023,10,Outubro,Autos,Sports,6,PORSCHE/CAYMAN,4,7.37
2023,10,Outubro,Autos,Sports,7,JAGUAR/F-TYPE,18,3.33
2023,10,Outubro,Autos,Sports,8,GM/CORVETTE,7,2.36
2023,10,Outubro,Autos,Sports,9,DODGE/CHALLENGER,3,1.44
2023,10,Outubro,Autos,Suv's,1,VW/T CROSS,6724,9.3
2023,10,Outubro,Autos,Suv's,2,GM/TRACKER,6669,8.63
2023,10,Outubro,Autos,Suv's,3,HYUNDAI/CRETA,5354,8.04
2023,10,Outubro,Autos,Suv's,4,JEEP/COMPASS,4640,7.9
2023,10,Outubro,Autos,Suv's,5,VW/NIVUS,4957,6.72
2023,10,Outubro,Autos,Suv's,6,NISSAN/KICKS,6115,6.68
2023,10,Outubro,Autos,Suv's,7,HONDA/HR-V,4049,6.39
2023,10,Outubro,Autos,Suv's,8,JEEP/RENEGADE,3249,6.38
2023,10,Outubro,Autos,Suv's,9,FIAT/PULSE,4157,5.85
2023,10,Outubro,Autos,Suv's,10,TOYOTA/COROLLA CROSS,3682,5.6
2023,10,Outubro,Autos,Suv's,11,FIAT/FASTBACK,3640,5.24
2023,10,Outubro,Autos,Suv's,12,RENAULT/DUSTER,2891,3.2
2023,10,Outubro,Autos,Suv's,13,JEEP/COMMANDER,1577,2.71
2023,10,Outubro,Autos,Suv's,14,TOYOTA/HILUX SW4,1548,2.01
2023,10,Outubro,Autos,Suv's,15,VW/TAOS,1865,1.98
2023,10,Outubro,Autos,Suv's,16,CAOA CHERY/TIGGO 5X,2483,1.56
2023,10,Outubro,Autos,Suv's,17,CAOA CHERY/TIGGO 8,678,1.17
2023,10,Outubro,Autos,Suv's,18,GWM/HAVAL H6,1450,1.17
2023,10,Outubro,Autos,Suv's,19,CAOA CHERY/TIGGO 7,510,0.81
2023,10,Outubro,Autos,Suv's,20,BYD/SONG PLUS,1100,0.68
2023,10,Outubro,Autos,Suv's,21,VOLVO/XC60,323,0.58
2023,10,Outubro,Autos,Suv's,22,GM/EQUINOX,425,0.54
2023,10,Outubro,Autos,Suv's,23,CITROEN/C4 CACTUS,332,0.51
2023,10,Outubro,Autos,Suv's,24,BMW/X1,418,0.51
2023,10,Outubro,Autos,Suv's,25,MITSUBISHI/ECLIPSE CROSS,464,0.45
2023,10,Outubro,Autos,Suv's,26,MITSUBISHI/PAJERO,185,0.27
2023,10,Outubro,Autos,Suv's,27,AUDI/Q5,246,0.27
2023,10,Outubro,Autos,Suv's,28,PEUGEOT/2008,131,0.24
2023,10,Outubro,Autos,Suv's,29,GM/TRAILBLAZER,217,0.23
2023,10,Outubro,Autos,Suv's,30,PORSCHE/CAYENNE,48,0.22
2023,10,Outubro,Autos,Suv's,31,LAND ROVER/DISCOVERY,96,0.22
2023,10,Outubro,Autos,Suv's,32,AUDI/Q3,140,0.2
2023,10,Outubro,Autos,Suv's,33,VOLVO/XC40,133,0.2
2023,10,Outubro,Autos,Suv's,34,PORSCHE/MACAN,84,0.18
2023,10,Outubro,Autos,Suv's,35,FORD/TERRITORY,175,0.17
2023,10,Outubro,Autos,Suv's,36,BYD/YUAN PLUS,215,0.16
2023,10,Outubro,Autos,Suv's,37,VOLVO/XC90,72,0.15
2023,10,Outubro,Autos,Suv's,38,BMW/X4,93,0.14
2023,10,Outubro,Autos,Suv's,39,LAND ROVER/DEFENDER,75,0.14
2023,10,Outubro,Autos,Suv's,40,KIA/SPORTAGE,114,0.14
2023,10,Outubro,Com. Leves,Pick-up's Pequenas,1,FIAT/STRADA,11874,72.04
2023,10,Outubro,Com. Leves,Pick-up's Pequenas,2,VW/SAVEIRO,4214,27.96
2023,10,Outubro,Com. Leves,Pick-up's Pequenas,3,GM/MONTANA,0,0
2023,10,Outubro,Com. Leves,Pick-up's Pequenas,4,FORD/RANCHERO,0,0
2023,10,Outubro,Com. Leves,Pick-up's Pequenas,5,GM/CHEVY,1,0
2023,10,Outubro,Com. Leves,Pick-up's Pequenas,6,PEUGEOT/PARTNER,0,0
2023,10,Outubro,Com. Leves,Pick-up's Grandes,1,FIAT/TORO,4087,22.3
2023,10,Outubro,Com. Leves,Pick-up's Grandes,2,TOYOTA/HILUX,4026,20.13
2023,10,Outubro,Com. Leves,Pick-up's Grandes,3,GM/MONTANA,2924,13.36
2023,10,Outubro,Com. Leves,Pick-up's Grandes,4,GM/S10,2037,11.35
2023,10,Outubro,Com. Leves,Pick-up's Grandes,5,FORD/RANGER,2591,8.33
2023,10,Outubro,Com. Leves,Pick-up's Grandes,6,RENAULT/OROCH,991,5.54
2023,10,Outubro,Com. Leves,Pick-up's Grandes,7,MITSUBISHI/L200,1206,5.12
2023,10,Outubro,Com. Leves,Pick-up's Grandes,8,NISSAN/FRONTIER,648,3.53
2023,10,Outubro,Com. Leves,Pick-up's Grandes,9,VW/AMAROK,735,3.36
2023,10,Outubro,Com. Leves,Pick-up's Grandes,10,RAM/RAMPAGE,2542,1.65
2023,10,Outubro,Com. Leves,Pick-up's Grandes,11,RAM/3500,168,1.52
2023,10,Outubro,Com. Leves,Furgões,1,RENAULT/MASTER,980,34.58
2023,10,Outubro,Com. Leves,Furgões,2,FIAT/SCUDO,311,11.81
2023,10,Outubro,Com. Leves,Furgões,3,FORD/TRANSIT,140,8.66
2023,10,Outubro,Com. Leves,Furgões,4,KIA/K2500,236,7.97
2023,10,Outubro,Com. Leves,Furgões,5,VW TRUCK E BUS/EXPRESS,149,6.14
2023,10,Outubro,Com. Leves,Furgões,6,PEUGEOT/EXPERT,197,6.05
2023,10,Outubro,Com. Leves,Furgões,7,IVECO/DAILY,116,6.01
2023,10,Outubro,Com. Leves,Furgões Pequenos,1,FIAT/FIORINO,2051,91.52
2023,10,Outubro,Com. Leves,Furgões Pequenos,2,PEUGEOT/PARTNER,87,8.04
2023,10,Outubro,Com. Leves,Furgões Pequenos,3,BYD/T3,2,0.23
2023,10,Outubro,Com. Leves,Furgões Pequenos,4,FIAT/STRADA,0,0.12
2023,10,Outubro,Caminhões,Semi-Leve,1,M.BENZ/SPRINTER 416,12,25.34
2023,10,Outubro,Caminhões,Semi-Leve,2,M.BENZ/SPRINTER 417,154,22.33
2023,10,Outubro,Caminhões,Semi-Leve,3,M.BENZ/SPRINTER 516,2,13.36
2023,10,Outubro,Caminhões,Semi-Leve,4,IVECO/DAILY 65-170,1,8.53
2023,10,Outubro,Caminhões,Semi-Leve,5,IVECO/DAILY 45-170,19,7.87
2023,10,Outubro,Caminhões,Semi-Leve,6,VW TRUCK E BUS/6.160,7,6.99
2023,10,Outubro,Caminhões,Semi-Leve,7,M.BENZ/SPRINTER 517,48,5.44
2023,10,Outubro,Caminhões,Semi-Leve,8,M.BENZ/SPRINTER,43,4.78
2023,10,Outubro,Caminhões,Semi-Leve,9,IVECO/DAILY 55-170,12,3.36
2023,10,Outubro,Caminhões,Semi-Leve,10,IVECO/DAILY 55C17,12,0.86
2023,10,Outubro,Caminhões,Leve,1,M.BENZ/ACCELO 1016,40,25.11
2023,10,Outubro,Caminhões,Leve,2,VW TRUCK E BUS/9.170,37,19.99
2023,10,Outubro,Caminhões,Leve,3,M.BENZ/ACCELO 815,7,13.37
2023,10,Outubro,Caminhões,Leve,4,VW TRUCK E BUS/9.180,122,11.83
2023,10,Outubro,Caminhões,Leve,5,M.BENZ/ACCELO 817,164,8.67
2023,10,Outubro,Caminhões,Leve,6,IVECO/TECTOR 9-190,24,7.31
2023,10,Outubro,Caminhões,Leve,7,HYUNDAI/HD 80,15,4.43
2023,10,Outubro,Caminhões,Leve,8,JAC/IEV1200T,24,2.94
2023,10,Outubro,Caminhões,Leve,9,VW TRUCK E BUS/6.170,2,1.98
2023,10,Outubro,Caminhões,Leve,10,IVECO/DAILY 65-170,26,1.39
2023,10,Outubro,Caminhões,Médio,1,VW TRUCK E BUS/11.180,323,46.31
2023,10,Outubro,Caminhões,Médio,2,IVECO/TECTOR 11-190,67,13.04
2023,10,Outubro,Caminhões,Médio,3,M.BENZ/ACCELO 1017,287,11.84
2023,10,Outubro,Caminhões,Médio,4,VW TRUCK E BUS/13.180,53,6.71
2023,10,Outubro,Caminhões,Médio,5,M.BENZ/ATEGO 1419,41,6.27
2023,10,Outubro,Caminhões,Médio,6,M.BENZ/ACCELO 1316,2,3.82
2023,10,Outubro,Caminhões,Médio,7,VW TRUCK E BUS/14.190,3,3.39
2023,10,Outubro,Caminhões,Médio,8,VW TRUCK E BUS/14.210,30,3.14
2023,10,Outubro,Caminhões,Médio,9,M.BENZ/ACCELO 1317,47,1.74
2023,10,Outubro,Caminhões,Médio,10,FOTON/AUMARK S 11T,6,1.62
2023,10,Outubro,Caminhões,Semi-Pesado,1,VW TRUCK E BUS/24.280,87,7.09
2023,10,Outubro,Caminhões,Semi-Pesado,2,VOLVO/VM 270,35,7.04
2023,10,Outubro,Caminhões,Semi-Pesado,3,M.BENZ/ATEGO 1719,174,6.66
2023,10,Outubro,Caminhões,Semi-Pesado,4,VW TRUCK E BUS/17.190,51,5.49
2023,10,Outubro,Caminhões,Semi-Pesado,5,VOLVO/VM 290,252,5.48
2023,10,Outubro,Caminhões,Semi-Pesado,6,IVECO/TECTOR 240,4,4.69
2023,10,Outubro,Caminhões,Semi-Pesado,7,VW TRUCK E BUS/24.260,19,4.61
2023,10,Outubro,Caminhões,Semi-Pesado,8,M.BENZ/ATEGO 2426,26,4.35
2023,10,Outubro,Caminhões,Semi-Pesado,9,IVECO/TECTOR 170,6,3.75
2023,10,Outubro,Caminhões,Semi-Pesado,10,VOLVO/VM 360,144,3.43
2023,10,Outubro,Caminhões,Pesado,1,VOLVO/FH 540,771,13.57
2023,10,Outubro,Caminhões,Pesado,2,DAF/XF 530,453,7.73
2023,10,Outubro,Caminhões,Pesado,3,VOLVO/FH 460,409,7.15
2023,10,Outubro,Caminhões,Pesado,4,DAF/XF 480,288,6.36
2023,10,Outubro,Caminhões,Pesado,5,SCANIA/R 460,393,5.31
2023,10,Outubro,Caminhões,Pesado,6,SCANIA/R450,214,3.97
2023,10,Outubro,Caminhões,Pesado,7,M.BENZ/ACTROS 2651,222,3.6
2023,10,Outubro,Caminhões,Pesado,8,M.BENZ/ATEGO 2730,131,3.42
2023,10,Outubro,Caminhões,Pesado,9,M.BENZ/ACTROS 2548,184,3.02
2023,10,Outubro,Caminhões,Pesado,10,SCANIA/R540,210,2.97
2023,10,Outubro,Motos,City,1,HONDA/CG 160,34096,61.22
2023,10,Outubro,Motos,City,2,HONDA/CB 300F,4893,7.11
2023,10,Outubro,Motos,City,3,YAMAHA/YBR 150,3567,6.79
2023,10,Outubro,Motos,City,4,YAMAHA/FAZER 250,3578,6.51
2023,10,Outubro,Motos,City,5,YAMAHA/FAZER 150,3322,5.03
2023,10,Outubro,Motos,City,6,MOTTU/SPORT 110I,594,4.53
2023,10,Outubro,Motos,City,7,YAMAHA/YS150 FAZER,1706,3.14
2023,10,Outubro,Motos,City,8,YAMAHA/YBR 125,787,1.46
2023,10,Outubro,Motos,City,9,HONDA/CB 250F TWISTER,39,0.67
2023,10,Outubro,Motos,City,10,HAOJUE/DR160,378,0.5
2023,10,Outubro,Motos,Custom,1,ROYAL ENFIELD/METEOR,219,27.73
2023,10,Outubro,Motos,Custom,2,ROYAL ENFIELD/CLASSIC 350,239,26.84
2023,10,Outubro,Motos,Custom,3,KAWASAKI/VULCAN S,71,8.6
2023,10,Outubro,Motos,Custom,4,ROYAL ENFIELD/INTERCEPTOR,70,7.34
2023,10,Outubro,Motos,Custom,5,ROYAL ENFIELD/HUNTER,256,4.03
2023,10,Outubro,Motos,Custom,6,ROYAL ENFIELD/CONTINENTAL GT,45,3.48
2023,10,Outubro,Motos,Custom,7,TRIUMPH/BONNEVILLE,9,2.51
2023,10,Outubro,Motos,Custom,8,BMW/R18,29,2.08
2023,10,Outubro,Motos,Custom,9,H.DAVIDSON/FL FBS,17,1.9
2023,10,Outubro,Motos,Custom,10,TRIUMPH/SPEED TWIN,21,1.67
2023,10,Outubro,Motos,Trail/Fun,1,HONDA/NXR160,12619,49.5
2023,10,Outubro,Motos,Trail/Fun,2,YAMAHA/XTZ 250,3699,14.78
2023,10,Outubro,Motos,Trail/Fun,3,HONDA/XRE 190,3234,11.98
2023,10,Outubro,Motos,Trail/Fun,4,YAMAHA/CROSSER 150,2945,11.13
2023,10,Outubro,Motos,Trail/Fun,5,HONDA/XRE 300,1066,5.16
2023,10,Outubro,Motos,Trail/Fun,6,SHINERAY/XY 125,1312,3.94
2023,10,Outubro,Motos,Trail/Fun,7,BMW/G310 GS,136,0.99
2023,10,Outubro,Motos,Trail/Fun,8,DAFRA/NH 190,137,0.54
2023,10,Outubro,Motos,Trail/Fun,9,HAOJUE/NK 150,165,0.52
2023,10,Outubro,Motos,Trail/Fun,10,KAWASAKI/VERSYS 300,82,0.36
2023,10,Outubro,Motos,Maxtrail,1,BMW/R1250GS,452,20.07
2023,10,Outubro,Motos,Maxtrail,2,HONDA/CB 500X,414,17.02
2023,10,Outubro,Motos,Maxtrail,3,TRIUMPH/TIGER 900,245,11.96
2023,10,Outubro,Motos,Maxtrail,4,HONDA/NC 750X,339,11.6
2023,10,Outubro,Motos,Maxtrail,5,BMW/F850 GS,224,9.58
2023,10,Outubro,Motos,Maxtrail,6,ROYAL ENFIELD/HIMALAYAN,92,5.85
2023,10,Outubro,Motos,Maxtrail,7,HONDA/CRF 1100L,136,4.8
2023,10,Outubro,Motos,Maxtrail,8,KAWASAKI/VERSYS 650,65,4.11
2023,10,Outubro,Motos,Maxtrail,9,TRIUMPH/TIGER SPORT 660,74,2.97
2023,10,Outubro,Motos,Maxtrail,10,TRIUMPH/TIGER 1200,62,2.9
2023,10,Outubro,Motos,Naked/Roadster,1,YAMAHA/MT03,768,33.52
2023,10,Outubro,Motos,Naked/Roadster,2,HONDA/CB 500,370,15.35
2023,10,Outubro,Motos,Naked/Roadster,3,YAMAHA/MT09,226,9.71
2023,10,Outubro,Motos,Naked/Roadster,4,YAMAHA/MT07,170,8.92
2023,10,Outubro,Motos,Naked/Roadster,5,HONDA/CB 650R,103,7.28
2023,10,Outubro,Motos,Naked/Roadster,6,KAWASAKI/Z900,97,4.6
2023,10,Outubro,Motos,Naked/Roadster,7,HONDA/CB 1000R,80,3.17
2023,10,Outubro,Motos,Naked/Roadster,8,KAWASAKI/Z400,68,3.12
2023,10,Outubro,Motos,Naked/Roadster,9,SUZUKI/GSX-S750,51,2.2
2023,10,Outubro,Motos,Naked/Roadster,10,BMW/G310 R,18,1.99
2023,10,Outubro,Motos,Scooter/Cub,1,HONDA/BIZ,21574,39.5
2023,10,Outubro,Motos,Scooter/Cub,2,HONDA/POP 110I,13287,27.84
2023,10,Outubro,Motos,Scooter/Cub,3,HONDA/PCX 160,3755,7.02
2023,10,Outubro,Motos,Scooter/Cub,4,HONDA/ELITE 125,2700,5.49
2023,10,Outubro,Motos,Scooter/Cub,5,HONDA/ADV 150,1482,3.22
2023,10,Outubro,Motos,Scooter/Cub,6,YAMAHA/NEO 125,1175,3.08
2023,10,Outubro,Motos,Scooter/Cub,7,YAMAHA/NMAX,1061,2.58
2023,10,Outubro,Motos,Scooter/Cub,8,YAMAHA/FLUO 125,976,2.35
2023,10,Outubro,Motos,Scooter/Cub,9,SHINERAY/XY 50,846,1.84
2023,10,Outubro,Motos,Scooter/Cub,10,AVELLOZ/AZ1,888,1.7
2023,10,Outubro,Motos,Sport,1,YAMAHA/YZF R3,144,31.12
2023,10,Outubro,Motos,Sport,2,BMW/S1000 R,91,17.49
2023,10,Outubro,Motos,Sport,3,KAWASAKI/NINJA 400,104,17.34
2023,10,Outubro,Motos,Sport,4,HONDA/CBR 650R,79,11.89
2023,10,Outubro,Motos,Sport,5,KAWASAKI/NINJA ZX 6,31,5.06
2023,10,Outubro,Motos,Sport,6,KAWASAKI/NINJA 300,27,4.34
2023,10,Outubro,Motos,Sport,7,DUCATI/PANIGALE V4,15,3.11
2023,10,Outubro,Motos,Sport,8,SUZUKI/GSX 1300,7,2.34
2023,10,Outubro,Motos,Sport,9,KAWASAKI/NINJA ZX10,14,2.1
2023,10,Outubro,Motos,Sport,10,KAWASAKI/NINJA 650,16,1.98
2023,10,Outubro,Motos,Touring,1,H.DAVIDSON/FLTRK,10,25.99
2023,10,Outubro,Motos,Touring,2,H.DAVIDSON/FLHTK,10,25.58
2023,10,Outubro,Motos,Touring,3,H.DAVIDSON/FLHX,5,10.4
2023,10,Outubro,Motos,Touring,4,H.DAVIDSON/FLH RXS,10,10.12
2023,10,Outubro,Motos,Touring,5,BMW/R1250 RT,4,9.44
2023,10,Outubro,Motos,Touring,6,H.DAVIDSON/FLT,6,8.21
2023,10,Outubro,Motos,Touring,7,HONDA/GOLDWING,18,5.2
2023,10,Outubro,Motos,Touring,8,BMW/K 1600,0,3.42
2023,11,Novembro,Autos,Veículos de Entrada,1,FIAT/MOBI,6367,51.77
2023,11,Novembro,Autos,Veículos de Entrada,2,RENAULT/KWID,5972,43.28
2023,11,Novembro,Autos,Veículos de Entrada,3,VW/GOL,14,4.83
2023,11,Novembro,Autos,Veículos de Entrada,4,VW/FUSCA,9,0.07
2023,11,Novembro,Autos,Veículos de Entrada,5,FIAT/UNO,4,0.03
2023,11,Novembro,Autos,Veículos de Entrada,6,FIAT/PALIO,2,0.01
2023,11,Novembro,Autos,Veículos de Entrada,7,VW/UP,0,0
2023,11,Novembro,Autos,Veículos de Entrada,8,GM/CHEVETTE,0,0
2023,11,Novembro,Autos,Veículos de Entrada,9,FIAT/147,0,0
2023,11,Novembro,Autos,Hatch Pequenos,1,VW/POLO,10197,22.22
2023,11,Novembro,Autos,Hatch Pequenos,2,GM/ONIX,9802,21.74
2023,11,Novembro,Autos,Hatch Pequenos,3,HYUNDAI/HB20,10057,18.9
2023,11,Novembro,Autos,Hatch Pequenos,4,FIAT/ARGO,5335,14.66
2023,11,Novembro,Autos,Hatch Pequenos,5,PEUGEOT/208,2910,6.2
2023,11,Novembro,Autos,Hatch Pequenos,6,CITROEN/C3,3307,5.85
2023,11,Novembro,Autos,Hatch Pequenos,7,TOYOTA/YARIS HB,1405,4.9
2023,11,Novembro,Autos,Hatch Pequenos,8,HONDA/CITY HATCH,662,2.38
2023,11,Novembro,Autos,Hatch Pequenos,9,RENAULT/SANDERO,524,1.69
2023,11,Novembro,Autos,Hatch Pequenos,10,BYD/DOLPHIN,1694,1.09
2023,11,Novembro,Autos,Hatch Pequenos,11,MINI/COOPER,90,0.17
2023,11,Novembro,Autos,Hatch Pequenos,12,JAC/E-JS1,43,0.1
2023,11,Novembro,Autos,Hatch Médios,1,GM/CRUZE HB,40,31.07
2023,11,Novembro,Autos,Hatch Médios,2,AUDI/A3,38,29.6
2023,11,Novembro,Autos,Hatch Médios,3,NISSAN/LEAF,0,17.91
2023,11,Novembro,Autos,Hatch Médios,4,TOYOTA/COROLLA GR,7,4.99
2023,11,Novembro,Autos,Hatch Médios,5,M.BENZ/CLASSE A,3,4.66
2023,11,Novembro,Autos,Hatch Médios,6,HONDA/CIVIC TYPE-R,2,3.84
2023,11,Novembro,Autos,Sedans Pequenos,1,FIAT/CRONOS,5572,57.01
2023,11,Novembro,Autos,Sedans Pequenos,2,HYUNDAI/HB20S,3345,34.96
2023,11,Novembro,Autos,Sedans Pequenos,3,RENAULT/LOGAN,350,5.32
2023,11,Novembro,Autos,Sedans Pequenos,4,VW/VOYAGE,0,2.66
2023,11,Novembro,Autos,Sedans Pequenos,5,FIAT/SIENA,2,0.03
2023,11,Novembro,Autos,Sedans Pequenos,6,GM/PRISMA,1,0.01
2023,11,Novembro,Autos,Sedans Pequenos,7,TOYOTA/ETIOS SEDAN,0,0.01
2023,11,Novembro,Autos,Sedans Pequenos,8,FORD/KA SEDAN,0,0
2023,11,Novembro,Autos,Sedans Pequenos,9,CAOA CHERY/CELER SEDAN,0,0
2023,11,Novembro,Autos,Sedans Pequenos,10,DODGE/CHARGER,0,0
2023,11,Novembro,Autos,Sedans Compactos,1,GM/ONIX PLUS,5423,53.27
2023,11,Novembro,Autos,Sedans Compactos,2,VW/VIRTUS,2431,18.24
2023,11,Novembro,Autos,Sedans Compactos,3,TOYOTA/YARIS SEDAN,1734,13.89
2023,11,Novembro,Autos,Sedans Compactos,4,HONDA/CITY,887,8.48
2023,11,Novembro,Autos,Sedans Compactos,5,NISSAN/VERSA,772,6.09
2023,11,Novembro,Autos,Sedans Compactos,6,FORD/CORCEL,0,0.01
2023,11,Novembro,Autos,Sedans médios,1,TOYOTA/COROLLA,3571,79.17
2023,11,Novembro,Autos,Sedans médios,2,NISSAN/SENTRA,326,7.66
2023,11,Novembro,Autos,Sedans médios,3,VW/JETTA,280,3.98
2023,11,Novembro,Autos,Sedans médios,4,GM/CRUZE SEDAN,106,2.25
2023,11,Novembro,Autos,Sedans médios,5,CAOA CHERY/ARRIZO 6,54,1.93
2023,11,Novembro,Autos,Sedans médios,6,AUDI/A3 SEDAN,3,1.22
2023,11,Novembro,Autos,Sedans médios,7,AUDI/A5,57,1.05
2023,11,Novembro,Autos,Sedans médios,8,HONDA/CIVIC,13,0.93
2023,11,Novembro,Autos,Sedans médios,9,HYUNDAI/IONIQ,31,0.53
2023,11,Novembro,Autos,Sedans médios,10,BYD/SEAL,81,0.37
2023,11,Novembro,Autos,Sedans médios,11,BMW/420I,19,0.22
2023,11,Novembro,Autos,Sedans médios,12,JAC/E-J7,4,0.17
2023,11,Novembro,Autos,Sedans médios,13,M.BENZ/CLA45,0,0.16
2023,11,Novembro,Autos,Sedans médios,14,BMW/218I,1,0.13
2023,11,Novembro,Autos,Sedans médios,15,M.BENZ/CLA35,13,0.12
2023,11,Novembro,Autos,Sedans médios,16,KIA/CERATO,0,0.03
2023,11,Novembro,Autos,Sedans médios,17,TESLA/MODEL 3,0,0.03
2023,11,Novembro,Autos,Sedans médios,18,M.BENZ/CLASSE A,0,0.01
2023,11,Novembro,Autos,Sedans médios,19,GM/IMPALA,0,0
2023,11,Novembro,Autos,Sedans médios,20,VW/SANTANA,0,0
2023,11,Novembro,Autos,Sedans médios,21,BMW/430I,1,0
2023,11,Novembro,Autos,Sedans Grandes,1,BMW/320I,256,57.95
2023,11,Novembro,Autos,Sedans Grandes,2,M.BENZ/CLASSE C,12,9.67
2023,11,Novembro,Autos,Sedans Grandes,3,BMW/330E,20,8.04
2023,11,Novembro,Autos,Sedans Grandes,4,PORSCHE/PANAMERA,78,6.59
2023,11,Novembro,Autos,Sedans Grandes,5,AUDI/A4,25,4.31
2023,11,Novembro,Autos,Sedans Grandes,6,M.BENZ/CLA250,1,3.23
2023,11,Novembro,Autos,Sedans Grandes,7,BMW/I4,15,2.12
2023,11,Novembro,Autos,Sedans Grandes,8,BMW/530E,9,1.27
2023,11,Novembro,Autos,Sedans Grandes,9,LEXUS/ES300,6,1.05
2023,11,Novembro,Autos,Sedans Grandes,10,BYD/HAN,2,1.05
2023,11,Novembro,Autos,Sedans Grandes,11,HONDA/ACCORD,10,0.76
2023,11,Novembro,Autos,Sedans Grandes,12,AUDI/E TRON GT,0,0.61
2023,11,Novembro,Autos,Sw Médios,1,VW/PARATI,0,66.67
2023,11,Novembro,Autos,Sw Médios,2,VW/SPACE FOX,0,33.33
2023,11,Novembro,Autos,Sw Grandes,1,AUDI/RS6 AVANT,4,90.0
2023,11,Novembro,Autos,Sw Grandes,2,VW/QUANTUM,2,7.5
2023,11,Novembro,Autos,Sw Grandes,3,GM/CARAVAN,0,2.5
2023,11,Novembro,Autos,Monocab,1,GM/BOLT,0,84.62
2023,11,Novembro,Autos,Monocab,2,FIAT/DOBLO,0,5.77
2023,11,Novembro,Autos,Monocab,3,HONDA/FIT,0,5.77
2023,11,Novembro,Autos,Monocab,4,NISSAN/LIVINA,0,1.92
2023,11,Novembro,Autos,Monocab,5,RENAULT/KANGOO,0,1.92
2023,11,Novembro,Autos,Grandcab,1,GM/SPIN,1630,97.97
2023,11,Novembro,Autos,Grandcab,2,BYD/D1,0,1.68
2023,11,Novembro,Autos,Grandcab,3,KIA/CARNIVAL,1,0.13
2023,11,Novembro,Autos,Grandcab,4,CHRYSLER/PACIFICA,1,0.08
2023,11,Novembro,Autos,Sports,1,PORSCHE/911,108,33.68
2023,11,Novembro,Autos,Sports,2,FORD/MUSTANG,24,12.34
2023,11,Novembro,Autos,Sports,3,PORSCHE/TAYCAN,32,10.01
2023,11,Novembro,Autos,Sports,4,PORSCHE/BOXSTER,26,9.65
2023,11,Novembro,Autos,Sports,5,BMW/M3,17,9.29
2023,11,Novembro,Autos,Sports,6,PORSCHE/CAYMAN,20,7.32
2023,11,Novembro,Autos,Sports,7,JAGUAR/F-TYPE,10,3.34
2023,11,Novembro,Autos,Sports,8,GM/CORVETTE,5,2.3
2023,11,Novembro,Autos,Sports,9,BMW/M2,27,1.65
2023,11,Novembro,Autos,Suv's,1,VW/T CROSS,6525,9.24
2023,11,Novembro,Autos,Suv's,2,GM/TRACKER,5899,8.56
2023,11,Novembro,Autos,Suv's,3,HYUNDAI/CRETA,6989,8.18
2023,11,Novembro,Autos,Suv's,4,JEEP/COMPASS,5751,7.88
2023,11,Novembro,Autos,Suv's,5,VW/NIVUS,4421,6.64
2023,11,Novembro,Autos,Suv's,6,NISSAN/KICKS,4189,6.57
2023,11,Novembro,Autos,Suv's,7,JEEP/RENEGADE,4236,6.31
2023,11,Novembro,Autos,Suv's,8,HONDA/HR-V,3924,6.27
2023,11,Novembro,Autos,Suv's,9,FIAT/PULSE,4719,5.9
2023,11,Novembro,Autos,Suv's,10,TOYOTA/COROLLA CROSS,2648,5.38
2023,11,Novembro,Autos,Suv's,11,FIAT/FASTBACK,3709,5.21
2023,11,Novembro,Autos,Suv's,12,RENAULT/DUSTER,3295,3.33
2023,11,Novembro,Autos,Suv's,13,JEEP/COMMANDER,1736,2.67
2023,11,Novembro,Autos,Suv's,14,VW/TAOS,1863,2.03
2023,11,Novembro,Autos,Suv's,15,TOYOTA/HILUX SW4,1544,2.01
2023,11,Novembro,Autos,Suv's,16,CAOA CHERY/TIGGO 5X,2433,1.74
2023,11,Novembro,Autos,Suv's,17,GWM/HAVAL H6,1295,1.23
2023,11,Novembro,Autos,Suv's,18,CAOA CHERY/TIGGO 8,1057,1.2
2023,11,Novembro,Autos,Suv's,19,BYD/SONG PLUS,1523,0.83
2023,11,Novembro,Autos,Suv's,20,CAOA CHERY/TIGGO 7,600,0.81
2023,11,Novembro,Autos,Suv's,21,VOLVO/XC60,228,0.55
2023,11,Novembro,Autos,Suv's,22,GM/EQUINOX,350,0.53
2023,11,Novembro,Autos,Suv's,23,BMW/X1,382,0.51
2023,11,Novembro,Autos,Suv's,24,CITROEN/C4 CACTUS,232,0.49
2023,11,Novembro,Autos,Suv's,25,MITSUBISHI/ECLIPSE CROSS,539,0.48
2023,11,Novembro,Autos,Suv's,26,AUDI/Q5,193,0.27
2023,11,Novembro,Autos,Suv's,27,MITSUBISHI/PAJERO,163,0.26
2023,11,Novembro,Autos,Suv's,28,PEUGEOT/2008,109,0.23
2023,11,Novembro,Autos,Suv's,29,GM/TRAILBLAZER,137,0.22
2023,11,Novembro,Autos,Suv's,30,AUDI/Q3,204,0.21
2023,11,Novembro,Autos,Suv's,31,VOLVO/XC40,207,0.21
2023,11,Novembro,Autos,Suv's,32,LAND ROVER/DISCOVERY,120,0.21
2023,11,Novembro,Autos,Suv's,33,PORSCHE/CAYENNE,35,0.2
2023,11,Novembro,Autos,Suv's,34,BYD/YUAN PLUS,286,0.18
2023,11,Novembro,Autos,Suv's,35,PORSCHE/MACAN,98,0.17
2023,11,Novembro,Autos,Suv's,36,FORD/TERRITORY,43,0.16
2023,11,Novembro,Autos,Suv's,37,VOLVO/XC90,130,0.15
2023,11,Novembro,Autos,Suv's,38,BMW/X4,148,0.15
2023,11,Novembro,Autos,Suv's,39,BMW/X5,177,0.15
2023,11,Novembro,Autos,Suv's,40,FORD/BRONCO,170,0.15
2023,11,Novembro,Com. Leves,Pick-up's Pequenas,1,FIAT/STRADA,11517,72.69
2023,11,Novembro,Com. Leves,Pick-up's Pequenas,2,VW/SAVEIRO,3095,27.3
2023,11,Novembro,Com. Leves,Pick-up's Pequenas,3,GM/MONTANA,1,0
2023,11,Novembro,Com. Leves,Pick-up's Pequenas,4,PEUGEOT/PARTNER,2,0
2023,11,Novembro,Com. Leves,Pick-up's Pequenas,5,FORD/RANCHERO,0,0
2023,11,Novembro,Com. Leves,Pick-up's Pequenas,6,GM/CHEVY,0,0
2023,11,Novembro,Com. Leves,Pick-up's Grandes,1,FIAT/TORO,4418,22.14
2023,11,Novembro,Com. Leves,Pick-up's Grandes,2,TOYOTA/HILUX,3783,19.88
2023,11,Novembro,Com. Leves,Pick-up's Grandes,3,GM/MONTANA,2262,13.08
2023,11,Novembro,Com. Leves,Pick-up's Grandes,4,GM/S10,1373,10.85
2023,11,Novembro,Com. Leves,Pick-up's Grandes,5,FORD/RANGER,2141,8.5
2023,11,Novembro,Com. Leves,Pick-up's Grandes,6,RENAULT/OROCH,891,5.4
2023,11,Novembro,Com. Leves,Pick-up's Grandes,7,MITSUBISHI/L200,1152,5.15
2023,11,Novembro,Com. Leves,Pick-up's Grandes,8,NISSAN/FRONTIER,689,3.5
2023,11,Novembro,Com. Leves,Pick-up's Grandes,9,VW/AMAROK,932,3.46
2023,11,Novembro,Com. Leves,Pick-up's Grandes,10,RAM/RAMPAGE,3026,2.92
2023,11,Novembro,Com. Leves,Pick-up's Grandes,11,RAM/3500,117,1.42
2023,11,Novembro,Com. Leves,Furgões,1,RENAULT/MASTER,772,34.06
2023,11,Novembro,Com. Leves,Furgões,2,FIAT/SCUDO,218,11.47
2023,11,Novembro,Com. Leves,Furgões,3,FORD/TRANSIT,241,8.71
2023,11,Novembro,Com. Leves,Furgões,4,KIA/K2500,213,7.97
2023,11,Novembro,Com. Leves,Furgões,5,PEUGEOT/EXPERT,254,6.39
2023,11,Novembro,Com. Leves,Furgões,6,VW TRUCK E BUS/EXPRESS,161,6.13
2023,11,Novembro,Com. Leves,Furgões,7,IVECO/DAILY,119,5.87
2023,11,Novembro,Com. Leves,Furgões Pequenos,1,FIAT/FIORINO,2194,91.81
2023,11,Novembro,Com. Leves,Furgões Pequenos,2,PEUGEOT/PARTNER,87,7.54
2023,11,Novembro,Com. Leves,Furgões Pequenos,3,RENAULT/KANGOO E-TECH,49,0.26
2023,11,Novembro,Com. Leves,Furgões Pequenos,4,BYD/T3,2,0.21
2023,11,Novembro,Caminhões,Semi-Leve,1,M.BENZ/SPRINTER 416,13,23.59
2023,11,Novembro,Caminhões,Semi-Leve,2,M.BENZ/SPRINTER 417,133,23.59
2023,11,Novembro,Caminhões,Semi-Leve,3,M.BENZ/SPRINTER 516,1,12.53
2023,11,Novembro,Caminhões,Semi-Leve,4,IVECO/DAILY 65-170,9,8.04
2023,11,Novembro,Caminhões,Semi-Leve,5,VW TRUCK E BUS/6.160,64,7.86
2023,11,Novembro,Caminhões,Semi-Leve,6,IVECO/DAILY 45-170,17,7.62
2023,11,Novembro,Caminhões,Semi-Leve,7,M.BENZ/SPRINTER 517,71,6.6
2023,11,Novembro,Caminhões,Semi-Leve,8,M.BENZ/SPRINTER,21,4.87
2023,11,Novembro,Caminhões,Semi-Leve,9,IVECO/DAILY 55-170,1,3.11
2023,11,Novembro,Caminhões,Semi-Leve,10,IVECO/DAILY 55C17,1,1.04
2023,11,Novembro,Caminhões,Leve,1,M.BENZ/ACCELO 1016,34,23.61
2023,11,Novembro,Caminhões,Leve,2,VW TRUCK E BUS/9.170,16,18.63
2023,11,Novembro,Caminhões,Leve,3,VW TRUCK E BUS/9.180,218,14.1
2023,11,Novembro,Caminhões,Leve,4,M.BENZ/ACCELO 815,6,12.39
2023,11,Novembro,Caminhões,Leve,5,M.BENZ/ACCELO 817,139,10.02
2023,11,Novembro,Caminhões,Leve,6,IVECO/TECTOR 9-190,18,7.05
2023,11,Novembro,Caminhões,Leve,7,HYUNDAI/HD 80,16,4.31
2023,11,Novembro,Caminhões,Leve,8,JAC/IEV1200T,39,3.28
2023,11,Novembro,Caminhões,Leve,9,VW TRUCK E BUS/6.170,15,2.05
2023,11,Novembro,Caminhões,Leve,10,IVECO/DAILY 65-170,13,1.47
2023,11,Novembro,Caminhões,Médio,1,VW TRUCK E BUS/11.180,497,46.31
2023,11,Novembro,Caminhões,Médio,2,M.BENZ/ACCELO 1017,284,13.62
2023,11,Novembro,Caminhões,Médio,3,IVECO/TECTOR 11-190,74,12.32
2023,11,Novembro,Caminhões,Médio,4,VW TRUCK E BUS/13.180,69,6.67
2023,11,Novembro,Caminhões,Médio,5,M.BENZ/ATEGO 1419,42,5.98
2023,11,Novembro,Caminhões,Médio,6,M.BENZ/ACCELO 1316,7,3.44
2023,11,Novembro,Caminhões,Médio,7,VW TRUCK E BUS/14.190,3,3.01
2023,11,Novembro,Caminhões,Médio,8,VW TRUCK E BUS/14.210,18,2.96
2023,11,Novembro,Caminhões,Médio,9,M.BENZ/ACCELO 1317,39,1.97
2023,11,Novembro,Caminhões,Médio,10,FOTON/AUMARK S 11T,25,1.71
2023,11,Novembro,Caminhões,Semi-Pesado,1,VW TRUCK E BUS/24.280,79,6.74
2023,11,Novembro,Caminhões,Semi-Pesado,2,M.BENZ/ATEGO 1719,169,6.69
2023,11,Novembro,Caminhões,Semi-Pesado,3,VOLVO/VM 270,23,6.49
2023,11,Novembro,Caminhões,Semi-Pesado,4,VOLVO/VM 290,290,6.07
2023,11,Novembro,Caminhões,Semi-Pesado,5,VW TRUCK E BUS/17.190,111,5.41
2023,11,Novembro,Caminhões,Semi-Pesado,6,IVECO/TECTOR 240,31,4.38
2023,11,Novembro,Caminhões,Semi-Pesado,7,VW TRUCK E BUS/24.260,15,4.25
2023,11,Novembro,Caminhões,Semi-Pesado,8,M.BENZ/ATEGO 2426,19,4.02
2023,11,Novembro,Caminhões,Semi-Pesado,9,IVECO/TECTOR 170,84,3.72
2023,11,Novembro,Caminhões,Semi-Pesado,10,VW TRUCK E BUS/26.260,162,3.7
2023,11,Novembro,Caminhões,Pesado,1,VOLVO/FH 540,648,13.64
2023,11,Novembro,Caminhões,Pesado,2,DAF/XF 530,411,7.86
2023,11,Novembro,Caminhões,Pesado,3,VOLVO/FH 460,363,7.23
2023,11,Novembro,Caminhões,Pesado,4,DAF/XF 480,229,6.23
2023,11,Novembro,Caminhões,Pesado,5,SCANIA/R 460,312,5.46
2023,11,Novembro,Caminhões,Pesado,6,SCANIA/R450,252,4.12
2023,11,Novembro,Caminhões,Pesado,7,M.BENZ/ACTROS 2651,176,3.63
2023,11,Novembro,Caminhões,Pesado,8,M.BENZ/ATEGO 2730,132,3.37
2023,11,Novembro,Caminhões,Pesado,9,M.BENZ/ACTROS 2548,220,3.2
2023,11,Novembro,Caminhões,Pesado,10,SCANIA/R540,145,2.99
2023,11,Novembro,Motos,City,1,HONDA/CG 160,35609,61.88
2023,11,Novembro,Motos,City,2,HONDA/CB 300F,4150,7.19
2023,11,Novembro,Motos,City,3,YAMAHA/YBR 150,2731,6.66
2023,11,Novembro,Motos,City,4,YAMAHA/FAZER 250,2474,6.36
2023,11,Novembro,Motos,City,5,YAMAHA/FAZER 150,2165,4.96
2023,11,Novembro,Motos,City,6,MOTTU/SPORT 110I,160,4.17
2023,11,Novembro,Motos,City,7,YAMAHA/YS150 FAZER,1286,3.08
2023,11,Novembro,Motos,City,8,YAMAHA/YBR 125,730,1.45
2023,11,Novembro,Motos,City,9,HONDA/CB 250F TWISTER,38,0.62
2023,11,Novembro,Motos,City,10,HAOJUE/DR160,347,0.51
2023,11,Novembro,Motos,Custom,1,ROYAL ENFIELD/METEOR,215,26.6
2023,11,Novembro,Motos,Custom,2,ROYAL ENFIELD/CLASSIC 350,254,26.15
2023,11,Novembro,Motos,Custom,3,KAWASAKI/VULCAN S,81,8.37
2023,11,Novembro,Motos,Custom,4,ROYAL ENFIELD/INTERCEPTOR,75,7.2
2023,11,Novembro,Motos,Custom,5,ROYAL ENFIELD/HUNTER,293,6.19
2023,11,Novembro,Motos,Custom,6,ROYAL ENFIELD/CONTINENTAL GT,42,3.47
2023,11,Novembro,Motos,Custom,7,TRIUMPH/BONNEVILLE,10,2.32
2023,11,Novembro,Motos,Custom,8,BMW/R18,20,2.03
2023,11,Novembro,Motos,Custom,9,H.DAVIDSON/FL FBS,14,1.82
2023,11,Novembro,Motos,Custom,10,TRIUMPH/SPEED TWIN,14,1.61
2023,11,Novembro,Motos,Trail/Fun,1,HONDA/NXR160,12398,49.55
2023,11,Novembro,Motos,Trail/Fun,2,YAMAHA/XTZ 250,2358,14.31
2023,11,Novembro,Motos,Trail/Fun,3,HONDA/XRE 190,2665,11.87
2023,11,Novembro,Motos,Trail/Fun,4,YAMAHA/CROSSER 150,3149,11.27
2023,11,Novembro,Motos,Trail/Fun,5,HONDA/XRE 300,1965,5.41
2023,11,Novembro,Motos,Trail/Fun,6,SHINERAY/XY 125,1390,4.09
2023,11,Novembro,Motos,Trail/Fun,7,BMW/G310 GS,192,0.97
2023,11,Novembro,Motos,Trail/Fun,8,DAFRA/NH 190,119,0.54
2023,11,Novembro,Motos,Trail/Fun,9,HAOJUE/NK 150,124,0.52
2023,11,Novembro,Motos,Trail/Fun,10,ROYAL ENFIELD/SCRAM 411,176,0.39
2023,11,Novembro,Motos,Maxtrail,1,BMW/R1250GS,507,20.5
2023,11,Novembro,Motos,Maxtrail,2,HONDA/CB 500X,223,16.54
2023,11,Novembro,Motos,Maxtrail,3,HONDA/NC 750X,288,11.82
2023,11,Novembro,Motos,Maxtrail,4,TRIUMPH/TIGER 900,176,11.7
2023,11,Novembro,Motos,Maxtrail,5,BMW/F850 GS,193,9.58
2023,11,Novembro,Motos,Maxtrail,6,ROYAL ENFIELD/HIMALAYAN,118,5.85
2023,11,Novembro,Motos,Maxtrail,7,HONDA/CRF 1100L,101,4.82
2023,11,Novembro,Motos,Maxtrail,8,KAWASAKI/VERSYS 650,72,4.06
2023,11,Novembro,Motos,Maxtrail,9,TRIUMPH/TIGER SPORT 660,68,3.01
2023,11,Novembro,Motos,Maxtrail,10,TRIUMPH/TIGER 1200,39,2.82
2023,11,Novembro,Motos,Naked/Roadster,1,YAMAHA/MT03,503,32.86
2023,11,Novembro,Motos,Naked/Roadster,2,HONDA/CB 500,353,15.57
2023,11,Novembro,Motos,Naked/Roadster,3,YAMAHA/MT09,180,9.66
2023,11,Novembro,Motos,Naked/Roadster,4,YAMAHA/MT07,188,8.98
2023,11,Novembro,Motos,Naked/Roadster,5,HONDA/CB 650R,89,7.05
2023,11,Novembro,Motos,Naked/Roadster,6,KAWASAKI/Z900,113,4.7
2023,11,Novembro,Motos,Naked/Roadster,7,KAWASAKI/Z400,119,3.37
2023,11,Novembro,Motos,Naked/Roadster,8,HONDA/CB 1000R,72,3.21
2023,11,Novembro,Motos,Naked/Roadster,9,SUZUKI/GSX-S750,60,2.27
2023,11,Novembro,Motos,Naked/Roadster,10,TRIUMPH/TRIDENT 660,45,1.9
2023,11,Novembro,Motos,Scooter/Cub,1,HONDA/BIZ,21228,39.94
2023,11,Novembro,Motos,Scooter/Cub,2,HONDA/POP 110I,13390,27.83
2023,11,Novembro,Motos,Scooter/Cub,3,HONDA/PCX 160,3662,7.07
2023,11,Novembro,Motos,Scooter/Cub,4,HONDA/ELITE 125,2717,5.5
2023,11,Novembro,Motos,Scooter/Cub,5,HONDA/ADV 150,1383,3.18
2023,11,Novembro,Motos,Scooter/Cub,6,YAMAHA/NEO 125,739,2.92
2023,11,Novembro,Motos,Scooter/Cub,7,YAMAHA/NMAX,641,2.46
2023,11,Novembro,Motos,Scooter/Cub,8,YAMAHA/FLUO 125,687,2.26
2023,11,Novembro,Motos,Scooter/Cub,9,SHINERAY/XY 50,840,1.83
2023,11,Novembro,Motos,Scooter/Cub,10,AVELLOZ/AZ1,957,1.73
2023,11,Novembro,Motos,Sport,1,YAMAHA/YZF R3,131,30.54
2023,11,Novembro,Motos,Sport,2,KAWASAKI/NINJA 400,123,17.87
2023,11,Novembro,Motos,Sport,3,BMW/S1000 R,75,17.19
2023,11,Novembro,Motos,Sport,4,HONDA/CBR 650R,28,11.29
2023,11,Novembro,Motos,Sport,5,KAWASAKI/NINJA ZX 6,39,5.26
2023,11,Novembro,Motos,Sport,6,KAWASAKI/NINJA 300,42,4.67
2023,11,Novembro,Motos,Sport,7,DUCATI/PANIGALE V4,16,3.1
2023,11,Novembro,Motos,Sport,8,SUZUKI/GSX 1300,1,2.32
2023,11,Novembro,Motos,Sport,9,KAWASAKI/NINJA 650,26,2.25
2023,11,Novembro,Motos,Sport,10,KAWASAKI/NINJA ZX10,12,2.11
2023,11,Novembro,Motos,Touring,1,H.DAVIDSON/FLTRK,20,26.38
2023,11,Novembro,Motos,Touring,2,H.DAVIDSON/FLHTK,8,24.5
2023,11,Novembro,Motos,Touring,3,H.DAVIDSON/FLHX,12,11.06
2023,11,Novembro,Motos,Touring,4,H.DAVIDSON/FLH RXS,4,9.8
2023,11,Novembro,Motos,Touring,5,BMW/R1250 RT,4,9.17
2023,11,Novembro,Motos,Touring,6,H.DAVIDSON/FLT,12,9.05
2023,11,Novembro,Motos,Touring,7,HONDA/GOLDWING,5,5.4
2023,11,Novembro,Motos,Touring,8,BMW/K 1600,0,3.14
2023,12,Dezembro,Autos,Veículos de Entrada,1,FIAT/MOBI,7395,51.36
2023,12,Dezembro,Autos,Veículos de Entrada,2,RENAULT/KWID,8104,44.29
2023,12,Dezembro,Autos,Veículos de Entrada,3,VW/GOL,8,4.31
2023,12,Dezembro,Autos,Veículos de Entrada,4,FIAT/UNO,5,0.03
2023,12,Dezembro,Autos,Veículos de Entrada,5,FIAT/PALIO,0,0
2023,12,Dezembro,Autos,Veículos de Entrada,6,VW/UP,0,0
2023,12,Dezembro,Autos,Veículos de Entrada,7,TOYOTA/ETIOS HB,0,0
2023,12,Dezembro,Autos,Hatch Pequenos,1,VW/POLO,17999,23.4
2023,12,Dezembro,Autos,Hatch Pequenos,2,GM/ONIX,10839,21.47
2023,12,Dezembro,Autos,Hatch Pequenos,3,HYUNDAI/HB20,9627,18.7
2023,12,Dezembro,Autos,Hatch Pequenos,4,FIAT/ARGO,5218,14.04
2023,12,Dezembro,Autos,Hatch Pequenos,5,PEUGEOT/208,2636,6.02
2023,12,Dezembro,Autos,Hatch Pequenos,6,CITROEN/C3,2020,5.59
2023,12,Dezembro,Autos,Hatch Pequenos,7,TOYOTA/YARIS HB,2762,4.91
2023,12,Dezembro,Autos,Hatch Pequenos,8,HONDA/CITY HATCH,813,2.27
2023,12,Dezembro,Autos,Hatch Pequenos,9,RENAULT/SANDERO,758,1.65
2023,12,Dezembro,Autos,Hatch Pequenos,10,BYD/DOLPHIN,2248,1.43
2023,12,Dezembro,Autos,Hatch Pequenos,11,MINI/COOPER,6,0.17
2023,12,Dezembro,Autos,Hatch Pequenos,12,GWM/ORA 03,711,0.16
2023,12,Dezembro,Autos,Hatch Médios,1,GM/CRUZE HB,52,29.65
2023,12,Dezembro,Autos,Hatch Médios,2,AUDI/A3,36,27.25
2023,12,Dezembro,Autos,Hatch Médios,3,NISSAN/LEAF,151,25.39
2023,12,Dezembro,Autos,Hatch Médios,4,M.BENZ/CLASSE A,6,4.32
2023,12,Dezembro,Autos,Hatch Médios,5,TOYOTA/COROLLA GR,0,4.19
2023,12,Dezembro,Autos,Hatch Médios,6,HONDA/CIVIC TYPE-R,4,3.5
2023,12,Dezembro,Autos,Sedans Pequenos,1,FIAT/CRONOS,6332,57.87
2023,12,Dezembro,Autos,Sedans Pequenos,2,HYUNDAI/HB20S,3035,34.52
2023,12,Dezembro,Autos,Sedans Pequenos,3,RENAULT/LOGAN,415,5.2
2023,12,Dezembro,Autos,Sedans Pequenos,4,VW/VOYAGE,1,2.36
2023,12,Dezembro,Autos,Sedans Pequenos,5,FIAT/SIENA,1,0.03
2023,12,Dezembro,Autos,Sedans Pequenos,6,GM/PRISMA,3,0.01
2023,12,Dezembro,Autos,Sedans Pequenos,7,TOYOTA/ETIOS SEDAN,0,0
2023,12,Dezembro,Autos,Sedans Pequenos,8,FORD/KA SEDAN,0,0
2023,12,Dezembro,Autos,Sedans Pequenos,9,CAOA CHERY/CELER SEDAN,0,0
2023,12,Dezembro,Autos,Sedans Pequenos,10,FORD/FIESTA SEDAN,0,0
2023,12,Dezembro,Autos,Sedans Compactos,1,GM/ONIX PLUS,6375,52.28
2023,12,Dezembro,Autos,Sedans Compactos,2,VW/VIRTUS,3629,18.91
2023,12,Dezembro,Autos,Sedans Compactos,3,TOYOTA/YARIS SEDAN,2702,14.36
2023,12,Dezembro,Autos,Sedans Compactos,4,HONDA/CITY,931,8.27
2023,12,Dezembro,Autos,Sedans Compactos,5,NISSAN/VERSA,1024,6.18
2023,12,Dezembro,Autos,Sedans Compactos,6,CAOA CHERY/ARRIZO 5,0,0
2023,12,Dezembro,Autos,Sedans médios,1,TOYOTA/COROLLA,4050,77.99
2023,12,Dezembro,Autos,Sedans médios,2,NISSAN/SENTRA,384,7.53
2023,12,Dezembro,Autos,Sedans médios,3,VW/JETTA,278,4.05
2023,12,Dezembro,Autos,Sedans médios,4,GM/CRUZE SEDAN,175,2.32
2023,12,Dezembro,Autos,Sedans médios,5,BYD/SEAL,857,1.89
2023,12,Dezembro,Autos,Sedans médios,6,CAOA CHERY/ARRIZO 6,19,1.76
2023,12,Dezembro,Autos,Sedans médios,7,AUDI/A3 SEDAN,75,1.22
2023,12,Dezembro,Autos,Sedans médios,8,AUDI/A5,40,1.02
2023,12,Dezembro,Autos,Sedans médios,9,HONDA/CIVIC,19,0.86
2023,12,Dezembro,Autos,Sedans médios,10,HYUNDAI/IONIQ,1,0.47
2023,12,Dezembro,Autos,Sedans médios,11,BMW/420I,2,0.24
2023,12,Dezembro,Autos,Sedans médios,12,M.BENZ/CLA45,4,0.15
2023,12,Dezembro,Autos,Sedans médios,13,JAC/E-J7,1,0.15
2023,12,Dezembro,Autos,Sedans médios,14,BMW/218I,3,0.13
2023,12,Dezembro,Autos,Sedans médios,15,M.BENZ/CLA35,9,0.12
2023,12,Dezembro,Autos,Sedans médios,16,KIA/CERATO,1,0.03
2023,12,Dezembro,Autos,Sedans médios,17,TESLA/MODEL 3,0,0.03
2023,12,Dezembro,Autos,Sedans médios,18,M.BENZ/CLASSE A,0,0.01
2023,12,Dezembro,Autos,Sedans médios,19,BMW/430I,0,0
2023,12,Dezembro,Autos,Sedans médios,20,LEXUS/IS 350,0,0
2023,12,Dezembro,Autos,Sedans médios,21,M.BENZ/CLASSE C,0,0
2023,12,Dezembro,Autos,Sedans Grandes,1,BMW/320I,434,57.07
2023,12,Dezembro,Autos,Sedans Grandes,2,M.BENZ/CLASSE C,200,11.17
2023,12,Dezembro,Autos,Sedans Grandes,3,BMW/330E,15,7.34
2023,12,Dezembro,Autos,Sedans Grandes,4,PORSCHE/PANAMERA,56,6.58
2023,12,Dezembro,Autos,Sedans Grandes,5,AUDI/A4,53,4.5
2023,12,Dezembro,Autos,Sedans Grandes,6,M.BENZ/CLA250,0,2.87
2023,12,Dezembro,Autos,Sedans Grandes,7,BMW/I4,9,2.0
2023,12,Dezembro,Autos,Sedans Grandes,8,HONDA/ACCORD,52,1.34
2023,12,Dezembro,Autos,Sedans Grandes,9,BMW/530E,9,1.24
2023,12,Dezembro,Autos,Sedans Grandes,10,LEXUS/ES300,1,1.07
2023,12,Dezembro,Autos,Sedans Grandes,11,BYD/HAN,6,1.01
2023,12,Dezembro,Autos,Sedans Grandes,12,M.BENZ/CLA200,45,0.98
2023,12,Dezembro,Autos,Sw Grandes,1,AUDI/RS6 AVANT,6,100.0
2023,12,Dezembro,Autos,Monocab,1,GM/BOLT,2,80.7
2023,12,Dezembro,Autos,Monocab,2,HONDA/FIT,3,10.53
2023,12,Dezembro,Autos,Monocab,3,FIAT/DOBLO,0,5.26
2023,12,Dezembro,Autos,Monocab,4,NISSAN/LIVINA,0,1.75
2023,12,Dezembro,Autos,Monocab,5,RENAULT/KANGOO,0,1.75
2023,12,Dezembro,Autos,Grandcab,1,GM/SPIN,1814,98.07
2023,12,Dezembro,Autos,Grandcab,2,BYD/D1,5,1.56
2023,12,Dezembro,Autos,Grandcab,3,KIA/CARNIVAL,0,0.12
2023,12,Dezembro,Autos,Grandcab,4,CHRYSLER/PACIFICA,1,0.09
2023,12,Dezembro,Autos,Sports,1,PORSCHE/911,126,34.64
2023,12,Dezembro,Autos,Sports,2,FORD/MUSTANG,20,11.28
2023,12,Dezembro,Autos,Sports,3,PORSCHE/BOXSTER,57,10.72
2023,12,Dezembro,Autos,Sports,4,PORSCHE/TAYCAN,43,10.59
2023,12,Dezembro,Autos,Sports,5,BMW/M3,9,8.82
2023,12,Dezembro,Autos,Sports,6,PORSCHE/CAYMAN,17,7.27
2023,12,Dezembro,Autos,Sports,7,JAGUAR/F-TYPE,5,3.22
2023,12,Dezembro,Autos,Sports,8,BMW/M2,17,2.07
2023,12,Dezembro,Autos,Sports,9,GM/CORVETTE,4,1.94
2023,12,Dezembro,Autos,Suv's,1,VW/T CROSS,7792,9.26
2023,12,Dezembro,Autos,Suv's,2,GM/TRACKER,6769,8.52
2023,12,Dezembro,Autos,Suv's,3,HYUNDAI/CRETA,8579,8.41
2023,12,Dezembro,Autos,Suv's,4,JEEP/COMPASS,3937,7.55
2023,12,Dezembro,Autos,Suv's,5,VW/NIVUS,5646,6.66
2023,12,Dezembro,Autos,Suv's,6,NISSAN/KICKS,4820,6.49
2023,12,Dezembro,Autos,Suv's,7,HONDA/HR-V,4201,6.14
2023,12,Dezembro,Autos,Suv's,8,JEEP/RENEGADE,3234,6.06
2023,12,Dezembro,Autos,Suv's,9,FIAT/PULSE,4537,5.86
2023,12,Dezembro,Autos,Suv's,10,TOYOTA/COROLLA CROSS,4389,5.38
2023,12,Dezembro,Autos,Suv's,11,FIAT/FASTBACK,3949,5.16
2023,12,Dezembro,Autos,Suv's,12,RENAULT/DUSTER,3175,3.39
2023,12,Dezembro,Autos,Suv's,13,JEEP/COMMANDER,1185,2.54
2023,12,Dezembro,Autos,Suv's,14,TOYOTA/HILUX SW4,1922,2.05
2023,12,Dezembro,Autos,Suv's,15,VW/TAOS,1761,2.04
2023,12,Dezembro,Autos,Suv's,16,CAOA CHERY/TIGGO 5X,2225,1.84
2023,12,Dezembro,Autos,Suv's,17,GWM/HAVAL H6,2085,1.37
2023,12,Dezembro,Autos,Suv's,18,CAOA CHERY/TIGGO 8,1155,1.22
2023,12,Dezembro,Autos,Suv's,19,BYD/SONG PLUS,1883,0.98
2023,12,Dezembro,Autos,Suv's,20,CAOA CHERY/TIGGO 7,676,0.81
2023,12,Dezembro,Autos,Suv's,21,VOLVO/XC60,499,0.55
2023,12,Dezembro,Autos,Suv's,22,GM/EQUINOX,360,0.52
2023,12,Dezembro,Autos,Suv's,23,MITSUBISHI/ECLIPSE CROSS,655,0.51
2023,12,Dezembro,Autos,Suv's,24,BMW/X1,440,0.51
2023,12,Dezembro,Autos,Suv's,25,CITROEN/C4 CACTUS,260,0.47
2023,12,Dezembro,Autos,Suv's,26,AUDI/Q5,317,0.28
2023,12,Dezembro,Autos,Suv's,27,MITSUBISHI/PAJERO,240,0.26
2023,12,Dezembro,Autos,Suv's,28,VOLVO/XC40,316,0.23
2023,12,Dezembro,Autos,Suv's,29,BYD/YUAN PLUS,475,0.22
2023,12,Dezembro,Autos,Suv's,30,PEUGEOT/2008,114,0.22
2023,12,Dezembro,Autos,Suv's,31,AUDI/Q3,241,0.22
2023,12,Dezembro,Autos,Suv's,32,LAND ROVER/DISCOVERY,243,0.22
2023,12,Dezembro,Autos,Suv's,33,GM/TRAILBLAZER,89,0.21
2023,12,Dezembro,Autos,Suv's,34,PORSCHE/CAYENNE,35,0.19
2023,12,Dezembro,Autos,Suv's,35,FORD/TERRITORY,198,0.17
2023,12,Dezembro,Autos,Suv's,36,PORSCHE/MACAN,103,0.17
2023,12,Dezembro,Autos,Suv's,37,BMW/X5,227,0.16
2023,12,Dezembro,Autos,Suv's,38,VOLVO/XC90,134,0.15
2023,12,Dezembro,Autos,Suv's,39,BMW/X4,137,0.15
2023,12,Dezembro,Autos,Suv's,40,FORD/BRONCO,141,0.15
2023,12,Dezembro,Com. Leves,Pick-up's Pequenas,1,FIAT/STRADA,10571,72.12
2023,12,Dezembro,Com. Leves,Pick-up's Pequenas,2,VW/SAVEIRO,5283,27.87
2023,12,Dezembro,Com. Leves,Pick-up's Pequenas,3,GM/MONTANA,0,0
2023,12,Dezembro,Com. Leves,Pick-up's Pequenas,4,PEUGEOT/PARTNER,0,0
2023,12,Dezembro,Com. Leves,Pick-up's Pequenas,5,FIAT/CITY,1,0
2023,12,Dezembro,Com. Leves,Pick-up's Grandes,1,FIAT/TORO,4708,21.72
2023,12,Dezembro,Com. Leves,Pick-up's Grandes,2,TOYOTA/HILUX,4344,19.56
2023,12,Dezembro,Com. Leves,Pick-up's Grandes,3,GM/MONTANA,2483,12.71
2023,12,Dezembro,Com. Leves,Pick-up's Grandes,4,GM/S10,3133,10.99
2023,12,Dezembro,Com. Leves,Pick-up's Grandes,5,FORD/RANGER,2451,8.62
2023,12,Dezembro,Com. Leves,Pick-up's Grandes,6,RENAULT/OROCH,1359,5.39
2023,12,Dezembro,Com. Leves,Pick-up's Grandes,7,MITSUBISHI/L200,1821,5.35
2023,12,Dezembro,Com. Leves,Pick-up's Grandes,8,RAM/RAMPAGE,2490,3.66
2023,12,Dezembro,Com. Leves,Pick-up's Grandes,9,NISSAN/FRONTIER,1024,3.55
2023,12,Dezembro,Com. Leves,Pick-up's Grandes,10,VW/AMAROK,699,3.38
2023,12,Dezembro,Com. Leves,Pick-up's Grandes,11,RAM/3500,153,1.33
2023,12,Dezembro,Com. Leves,Furgões,1,RENAULT/MASTER,1129,34.05
2023,12,Dezembro,Com. Leves,Furgões,2,FIAT/SCUDO,367,11.42
2023,12,Dezembro,Com. Leves,Furgões,3,FORD/TRANSIT,239,8.54
2023,12,Dezembro,Com. Leves,Furgões,4,KIA/K2500,240,7.89
2023,12,Dezembro,Com. Leves,Furgões,5,PEUGEOT/EXPERT,200,6.35
2023,12,Dezembro,Com. Leves,Furgões,6,VW TRUCK E BUS/EXPRESS,194,6.1
2023,12,Dezembro,Com. Leves,Furgões,7,CITROEN/JUMPY,178,5.66
2023,12,Dezembro,Com. Leves,Furgões Pequenos,1,FIAT/FIORINO,3485,91.66
2023,12,Dezembro,Com. Leves,Furgões Pequenos,2,PEUGEOT/PARTNER,204,7.18
2023,12,Dezembro,Com. Leves,Furgões Pequenos,3,RENAULT/KANGOO E-TECH,141,0.81
2023,12,Dezembro,Com. Leves,Furgões Pequenos,4,BYD/T3,5,0.2
2023,12,Dezembro,Caminhões,Semi-Leve,1,M.BENZ/SPRINTER 417,212,25.67
2023,12,Dezembro,Caminhões,Semi-Leve,2,M.BENZ/SPRINTER 416,16,21.67
2023,12,Dezembro,Caminhões,Semi-Leve,3,M.BENZ/SPRINTER 516,4,11.42
2023,12,Dezembro,Caminhões,Semi-Leve,4,VW TRUCK E BUS/6.160,85,8.85
2023,12,Dezembro,Caminhões,Semi-Leve,5,IVECO/DAILY 65-170,1,7.3
2023,12,Dezembro,Caminhões,Semi-Leve,6,M.BENZ/SPRINTER 517,65,7.3
2023,12,Dezembro,Caminhões,Semi-Leve,7,IVECO/DAILY 45-170,15,7.2
2023,12,Dezembro,Caminhões,Semi-Leve,8,M.BENZ/SPRINTER,42,5.26
2023,12,Dezembro,Caminhões,Semi-Leve,9,IVECO/DAILY 55-170,10,3.02
2023,12,Dezembro,Caminhões,Semi-Leve,10,IVECO/DAILY 55C17,14,1.22
2023,12,Dezembro,Caminhões,Leve,1,M.BENZ/ACCELO 1016,38,22.57
2023,12,Dezembro,Caminhões,Leve,2,VW TRUCK E BUS/9.170,10,17.54
2023,12,Dezembro,Caminhões,Leve,3,VW TRUCK E BUS/9.180,201,15.93
2023,12,Dezembro,Caminhões,Leve,4,M.BENZ/ACCELO 815,3,11.61
2023,12,Dezembro,Caminhões,Leve,5,M.BENZ/ACCELO 817,120,11.01
2023,12,Dezembro,Caminhões,Leve,6,IVECO/TECTOR 9-190,14,6.78
2023,12,Dezembro,Caminhões,Leve,7,HYUNDAI/HD 80,24,4.36
2023,12,Dezembro,Caminhões,Leve,8,JAC/IEV1200T,4,3.12
2023,12,Dezembro,Caminhões,Leve,9,VW TRUCK E BUS/6.170,17,2.14
2023,12,Dezembro,Caminhões,Leve,10,IVECO/DAILY 65-170,13,1.55
2023,12,Dezembro,Caminhões,Médio,1,VW TRUCK E BUS/11.180,424,45.89
2023,12,Dezembro,Caminhões,Médio,2,M.BENZ/ACCELO 1017,304,15.32
2023,12,Dezembro,Caminhões,Médio,3,IVECO/TECTOR 11-190,70,11.77
2023,12,Dezembro,Caminhões,Médio,4,VW TRUCK E BUS/13.180,67,6.67
2023,12,Dezembro,Caminhões,Médio,5,M.BENZ/ATEGO 1419,34,5.72
2023,12,Dezembro,Caminhões,Médio,6,M.BENZ/ACCELO 1316,1,3.1
2023,12,Dezembro,Caminhões,Médio,7,VW TRUCK E BUS/14.210,21,2.87
2023,12,Dezembro,Caminhões,Médio,8,VW TRUCK E BUS/14.190,6,2.76
2023,12,Dezembro,Caminhões,Médio,9,M.BENZ/ACCELO 1317,53,2.31
2023,12,Dezembro,Caminhões,Médio,10,FOTON/AUMARK S 11T,10,1.64
2023,12,Dezembro,Caminhões,Semi-Pesado,1,M.BENZ/ATEGO 1719,228,6.87
2023,12,Dezembro,Caminhões,Semi-Pesado,2,VOLVO/VM 290,290,6.52
2023,12,Dezembro,Caminhões,Semi-Pesado,3,VW TRUCK E BUS/24.280,38,6.28
2023,12,Dezembro,Caminhões,Semi-Pesado,4,VOLVO/VM 270,26,6.0
2023,12,Dezembro,Caminhões,Semi-Pesado,5,VW TRUCK E BUS/17.190,49,5.1
2023,12,Dezembro,Caminhões,Semi-Pesado,6,IVECO/TECTOR 240,25,4.08
2023,12,Dezembro,Caminhões,Semi-Pesado,7,VW TRUCK E BUS/26.260,199,4.05
2023,12,Dezembro,Caminhões,Semi-Pesado,8,VW TRUCK E BUS/24.260,1,3.91
2023,12,Dezembro,Caminhões,Semi-Pesado,9,VOLVO/VM 360,172,3.87
2023,12,Dezembro,Caminhões,Semi-Pesado,10,M.BENZ/ATEGO 2426,23,3.75
2023,12,Dezembro,Caminhões,Pesado,1,VOLVO/FH 540,822,13.8
2023,12,Dezembro,Caminhões,Pesado,2,DAF/XF 530,462,7.93
2023,12,Dezembro,Caminhões,Pesado,3,VOLVO/FH 460,401,7.25
2023,12,Dezembro,Caminhões,Pesado,4,DAF/XF 480,295,6.15
2023,12,Dezembro,Caminhões,Pesado,5,SCANIA/R 460,297,5.46
2023,12,Dezembro,Caminhões,Pesado,6,SCANIA/R450,401,4.46
2023,12,Dezembro,Caminhões,Pesado,7,M.BENZ/ACTROS 2651,146,3.53
2023,12,Dezembro,Caminhões,Pesado,8,M.BENZ/ATEGO 2730,153,3.31
2023,12,Dezembro,Caminhões,Pesado,9,M.BENZ/ACTROS 2548,208,3.26
2023,12,Dezembro,Caminhões,Pesado,10,SCANIA/R540,230,3.12
2023,12,Dezembro,Motos,City,1,HONDA/CG 160,36809,62.58
2023,12,Dezembro,Motos,City,2,HONDA/CB 300F,4588,7.32
2023,12,Dezembro,Motos,City,3,YAMAHA/YBR 150,2297,6.49
2023,12,Dezembro,Motos,City,4,YAMAHA/FAZER 250,1793,6.14
2023,12,Dezembro,Motos,City,5,YAMAHA/FAZER 150,2023,4.88
2023,12,Dezembro,Motos,City,6,MOTTU/SPORT 110I,49,3.86
2023,12,Dezembro,Motos,City,7,YAMAHA/YS150 FAZER,1022,3.0
2023,12,Dezembro,Motos,City,8,YAMAHA/YBR 125,494,1.41
2023,12,Dezembro,Motos,City,9,HONDA/CB 250F TWISTER,36,0.58
2023,12,Dezembro,Motos,City,10,HAOJUE/DR160,439,0.54
2023,12,Dezembro,Motos,Custom,1,ROYAL ENFIELD/METEOR,413,28.27
2023,12,Dezembro,Motos,Custom,2,ROYAL ENFIELD/CLASSIC 350,335,24.37
2023,12,Dezembro,Motos,Custom,3,ROYAL ENFIELD/HUNTER,420,8.3
2023,12,Dezembro,Motos,Custom,4,KAWASAKI/VULCAN S,89,7.67
2023,12,Dezembro,Motos,Custom,5,ROYAL ENFIELD/INTERCEPTOR,103,6.79
2023,12,Dezembro,Motos,Custom,6,ROYAL ENFIELD/CONTINENTAL GT,42,3.21
2023,12,Dezembro,Motos,Custom,7,TRIUMPH/BONNEVILLE,19,2.09
2023,12,Dezembro,Motos,Custom,8,BMW/R18,18,1.83
2023,12,Dezembro,Motos,Custom,9,BMW/C400 X,171,1.72
2023,12,Dezembro,Motos,Custom,10,H.DAVIDSON/FL FBS,20,1.67
2023,12,Dezembro,Motos,Trail/Fun,1,HONDA/NXR160,12671,49.64
2023,12,Dezembro,Motos,Trail/Fun,2,YAMAHA/XTZ 250,2044,13.8
2023,12,Dezembro,Motos,Trail/Fun,3,HONDA/XRE 190,2266,11.63
2023,12,Dezembro,Motos,Trail/Fun,4,YAMAHA/CROSSER 150,3350,11.45
2023,12,Dezembro,Motos,Trail/Fun,5,HONDA/XRE 300,2030,5.63
2023,12,Dezembro,Motos,Trail/Fun,6,SHINERAY/XY 125,1607,4.28
2023,12,Dezembro,Motos,Trail/Fun,7,BMW/G310 GS,315,0.99
2023,12,Dezembro,Motos,Trail/Fun,8,DAFRA/NH 190,144,0.54
2023,12,Dezembro,Motos,Trail/Fun,9,HAOJUE/NK 150,172,0.53
2023,12,Dezembro,Motos,Trail/Fun,10,ROYAL ENFIELD/SCRAM 411,204,0.43
2023,12,Dezembro,Motos,Maxtrail,1,BMW/R1250GS,534,20.98
2023,12,Dezembro,Motos,Maxtrail,2,HONDA/CB 500X,128,15.77
2023,12,Dezembro,Motos,Maxtrail,3,TRIUMPH/TIGER 900,275,11.86
2023,12,Dezembro,Motos,Maxtrail,4,HONDA/NC 750X,209,11.72
2023,12,Dezembro,Motos,Maxtrail,5,BMW/F850 GS,175,9.52
2023,12,Dezembro,Motos,Maxtrail,6,ROYAL ENFIELD/HIMALAYAN,163,6.03
2023,12,Dezembro,Motos,Maxtrail,7,HONDA/CRF 1100L,83,4.77
2023,12,Dezembro,Motos,Maxtrail,8,KAWASAKI/VERSYS 650,91,4.1
2023,12,Dezembro,Motos,Maxtrail,9,TRIUMPH/TIGER SPORT 660,75,3.06
2023,12,Dezembro,Motos,Maxtrail,10,TRIUMPH/TIGER 1200,36,2.74
2023,12,Dezembro,Motos,Naked/Roadster,1,YAMAHA/MT03,361,32.16
2023,12,Dezembro,Motos,Naked/Roadster,2,HONDA/CB 500,286,15.7
2023,12,Dezembro,Motos,Naked/Roadster,3,YAMAHA/MT09,118,9.51
2023,12,Dezembro,Motos,Naked/Roadster,4,YAMAHA/MT07,199,9.19
2023,12,Dezembro,Motos,Naked/Roadster,5,HONDA/CB 650R,113,7.04
2023,12,Dezembro,Motos,Naked/Roadster,6,KAWASAKI/Z900,81,4.71
2023,12,Dezembro,Motos,Naked/Roadster,7,KAWASAKI/Z400,8,3.5
2023,12,Dezembro,Motos,Naked/Roadster,8,HONDA/CB 1000R,74,3.3
2023,12,Dezembro,Motos,Naked/Roadster,9,SUZUKI/GSX-S750,59,2.36
2023,12,Dezembro,Motos,Naked/Roadster,10,TRIUMPH/TRIDENT 660,35,1.92
2023,12,Dezembro,Motos,Scooter/Cub,1,HONDA/BIZ,22250,40.42
2023,12,Dezembro,Motos,Scooter/Cub,2,HONDA/POP 110I,13930,27.87
2023,12,Dezembro,Motos,Scooter/Cub,3,HONDA/PCX 160,4281,7.22
2023,12,Dezembro,Motos,Scooter/Cub,4,HONDA/ELITE 125,2726,5.51
2023,12,Dezembro,Motos,Scooter/Cub,5,HONDA/ADV 150,1317,3.14
2023,12,Dezembro,Motos,Scooter/Cub,6,YAMAHA/NEO 125,603,2.77
2023,12,Dezembro,Motos,Scooter/Cub,7,YAMAHA/NMAX,456,2.32
2023,12,Dezembro,Motos,Scooter/Cub,8,YAMAHA/FLUO 125,527,2.15
2023,12,Dezembro,Motos,Scooter/Cub,9,SHINERAY/XY 50,757,1.8
2023,12,Dezembro,Motos,Scooter/Cub,10,AVELLOZ/AZ1,938,1.74
2023,12,Dezembro,Motos,Sport,1,YAMAHA/YZF R3,124,29.5
2023,12,Dezembro,Motos,Sport,2,KAWASAKI/NINJA 400,68,17.19
2023,12,Dezembro,Motos,Sport,3,BMW/S1000 R,74,16.67
2023,12,Dezembro,Motos,Sport,4,HONDA/CBR 650R,64,11.19
2023,12,Dezembro,Motos,Sport,5,KAWASAKI/NINJA ZX 6,42,5.4
2023,12,Dezembro,Motos,Sport,6,KAWASAKI/NINJA 300,43,4.88
2023,12,Dezembro,Motos,Sport,7,DUCATI/PANIGALE V4,10,2.95
2023,12,Dezembro,Motos,Sport,8,SUZUKI/GSX 1300,12,2.28
2023,12,Dezembro,Motos,Sport,9,KAWASAKI/NINJA 650,14,2.25
2023,12,Dezembro,Motos,Sport,10,KAWASAKI/NINJA ZX10,20,2.22
2023,12,Dezembro,Motos,Touring,1,H.DAVIDSON/FLTRK,18,26.0
2023,12,Dezembro,Motos,Touring,2,H.DAVIDSON/FLHTK,17,24.17
2023,12,Dezembro,Motos,Touring,3,H.DAVIDSON/FLHX,19,12.2
2023,12,Dezembro,Motos,Touring,4,H.DAVIDSON/FLT,14,9.81
2023,12,Dezembro,Motos,Touring,5,H.DAVIDSON/FLH RXS,6,9.58
2023,12,Dezembro,Motos,Touring,6,BMW/R1250 RT,3,8.67
2023,12,Dezembro,Motos,Touring,7,HONDA/GOLDWING,3,5.25
2023,12,Dezembro,Motos,Touring,8,BMW/K 1600,1,2.96
2024,1,Janeiro,Autos,Veículos de Entrada,1,FIAT/MOBI,3719,54.48
2024,1,Janeiro,Autos,Veículos de Entrada,2,RENAULT /KWID,3096,45.36
2024,1,Janeiro,Autos,Veículos de Entrada,3,VW/GOL,8,0.12
2024,1,Janeiro,Autos,Veículos de Entrada,4,FIAT/UNO,2,0.03
2024,1,Janeiro,Autos,Veículos de Entrada,5,FIAT/PALIO,1,0.01
2024,1,Janeiro,Autos,Hatch Pequenos,1,HYUNDAI/HB20,7478,21.5
2024,1,Janeiro,Autos,Hatch Pequenos,2,VW/POLO,7258,20.87
2024,1,Janeiro,Autos,Hatch Pequenos,3,GM/ONIX,5714,16.43
2024,1,Janeiro,Autos,Hatch Pequenos,4,FIAT/ARGO 5.218,4,13.5
2024,1,Janeiro,Autos,Hatch Pequenos,5,TOYOTA/YARIS HB,2003,5.76
2024,1,Janeiro,Autos,Hatch Pequenos,6,CITROEN/C3,1879,5.4
2024,1,Janeiro,Autos,Hatch Pequenos,7,PEUGEOT/208,1825,5.25
2024,1,Janeiro,Autos,Hatch Pequenos,8,BYD/DOLPHIN,1820,5.23
2024,1,Janeiro,Autos,Hatch Pequenos,9,HONDA/CITY HATCH,794,2.28
2024,1,Janeiro,Autos,Hatch Pequenos,10,RENAULT/SANDERO,439,1.26
2024,1,Janeiro,Autos,Hatch Médios,1,GM/CRUZE HB,35,39.77
2024,1,Janeiro,Autos,Hatch Médios,2,AUDI/A3,23,26.14
2024,1,Janeiro,Autos,Hatch Médios,3,HONDA/CIVIC TYPE-R,13,14.77
2024,1,Janeiro,Autos,Hatch Médios,4,TOYOTA/COROLLA GR,7,7.95
2024,1,Janeiro,Autos,Hatch Médios,5,M.BENZ/CLASSE A,3,3.41
2024,1,Janeiro,Autos,Hatch Médios,6,VW/GOLF,3,3.41
2024,1,Janeiro,Autos,Sedans médios,1,TOYOTA/COROLLA,2142,58.62
2024,1,Janeiro,Autos,Sedans médios,2,BYD/SEAL,612,16.75
2024,1,Janeiro,Autos,Sedans médios,3,NISSAN/SENTRA,308,8.43
2024,1,Janeiro,Autos,Sedans médios,4,HONDA/CIVIC,151,4.13
2024,1,Janeiro,Autos,Sedans médios,5,GM/CRUZE SEDAN,104,2.85
2024,1,Janeiro,Autos,Sedans médios,6,AUDI/A3 SEDAN,56,1.53
2024,1,Janeiro,Autos,Sedans médios,7,AUDI/AS,17,0.47
2024,1,Janeiro,Autos,Sedans médios,8,CAOA CHERY/ARRIZO 6,16,0.44
2024,1,Janeiro,Autos,Sedans médios,9,BMW/4201,9,0.25
2024,1,Janeiro,Autos,Sedans médios,10,M.BENZ/CLA35,4,0.11
2024,1,Janeiro,Autos,Sedans médios,11,HYUNDAI/IONIQ,3,0.08
2024,1,Janeiro,Autos,Sedans médios,12,JAC/E-J7,3,0.08
2024,1,Janeiro,Autos,Sedans médios,13,M.BENZ/CLA45,2,0.05
2024,1,Janeiro,Autos,Sedans médios,14,BMW/218I,1,0.03
2024,1,Janeiro,Autos,Sedans médios,15,HYUNDAI/ELANTRA,1,0.03
2024,1,Janeiro,Autos,Sedans médios,16,VW/SANTANA,1,0.03
2024,1,Janeiro,Autos,Sedans médios,17,KIA/CERATO,0,0
2024,1,Janeiro,Autos,Sedans Grandes,1,BMW/3201,237,47.49
2024,1,Janeiro,Autos,Sedans Grandes,2,M.BENZ/CLASSE C,57,11.42
2024,1,Janeiro,Autos,Sedans Grandes,3,M.BENZ/CLA200,49,9.82
2024,1,Janeiro,Autos,Sedans Grandes,4,PORSCHE/PANAMERA,25,5.01
2024,1,Janeiro,Autos,Sedans Grandes,5,AUDI/A4,9,1.8
2024,1,Janeiro,Autos,Sedans Grandes,6,TOYOTA/CAMRY,6,1.2
2024,1,Janeiro,Autos,Sedans Grandes,7,BMW/530E,2,0.4
2024,1,Janeiro,Autos,Sw Grandes,1,AUDI/RS6 AVANT,6,85.71
2024,1,Janeiro,Autos,Sw Grandes,2,VW/QUANTUM,1,14.29
2024,1,Janeiro,Autos,Monocab,1,FIAT/DOBLO,1,100.0
2024,1,Janeiro,Autos,Monocab,2,HONDAY/FIT,0,0
2024,1,Janeiro,Autos,Grandcab,1,TOYOTA/SIENNA,4,0.36
2024,1,Janeiro,Autos,Grandcab,2,CHRYSLER /PACIFICA,1,0.09
2024,1,Janeiro,Autos,Grandcab,3,VW/ID.BUZZ,1,0.09
2024,1,Janeiro,Autos,Sports,1,PORSCHE/911,80,33.9
2024,1,Janeiro,Autos,Sports,2,PORSCHE/BOXSTER,42,17.8
2024,1,Janeiro,Autos,Sports,3,GM/CAMARO,2,9.32
2024,1,Janeiro,Autos,Sports,4,PORSCHE/TAYCAN,2,9.32
2024,1,Janeiro,Autos,Sports,5,FORD/MUSTANG,15,6.36
2024,1,Janeiro,Autos,Sports,6,PORSCHE/CAYMAN,14,5.93
2024,1,Janeiro,Autos,Sports,7,GM/CORVETTE,9,3.81
2024,1,Janeiro,Autos,Sports,8,BMW/M3,8,3.39
2024,1,Janeiro,Autos,Sports,9,FERRARI/296 GTB,6,2.54
2024,1,Janeiro,Autos,Furgões Pequenos,1,FIAT/FIORINO,1542,94.6
2024,1,Janeiro,Autos,Furgões Pequenos,2,PEUGEOT/PARTNER,76,4.66
2024,1,Janeiro,Autos,Furgões Pequenos,3,FIAT/STRADA,3,0.18
2024,1,Janeiro,Autos,Semi-Leve,1,M.BENZ/SPRINTER 517,47,17.34
2024,1,Janeiro,Autos,Semi-Leve,2,M.BENZ/SPRINTER,31,11.44
2024,1,Janeiro,Autos,Semi-Leve,3,IVECO/DAILY 45-170,2,8.12
2024,1,Janeiro,Autos,Semi-Leve,4,IVECO/DAILY 55C17,2,8.12
2024,1,Janeiro,Autos,Semi-Leve,5,VW TRUCK E BUS/6.160,12,4.43
2024,1,Janeiro,Autos,Semi-Leve,6,IVECO/DAILY 55-170,7,2.58
2024,1,Janeiro,Autos,Semi-Leve,7,IVECO/DAILY 65-170,5,1.85
2024,1,Janeiro,Autos,Semi-Leve,8,M.BENZ/SPRINTER 416,4,1.48
2024,1,Janeiro,Autos,Semi-Leve,9,IVECO/DAILY,2,0.74
2024,1,Janeiro,Autos,Leve,1,VW TRUCK E BUS/9.180,13322,41.51
2024,1,Janeiro,Autos,Leve,2,M.BENZ/ACCELO 817,79,24.84
2024,1,Janeiro,Autos,Leve,3,HYUNDAI/HD 80,30,9.43
2024,1,Janeiro,Autos,Leve,4,VW TRUCK E BUS/6.170,18,5.66
2024,1,Janeiro,Autos,Leve,5,VW TRUCK E BUS/9.170,15,4.72
2024,1,Janeiro,Autos,Leve,6,IVECO/DAILY 65-170,14,4.4
2024,1,Janeiro,Autos,Leve,7,IVECO/TECTOR 9-190,9,2.83
2024,1,Janeiro,Autos,Leve,8,M.BENZ/ACCELO 1016,7,2.2
2024,1,Janeiro,Autos,Leve,9,M.BENZ/ACCELO 815,4,1.26
2024,1,Janeiro,Autos,Médio,1,VW TRUCK E BUS/11.180,4,47.97
2024,1,Janeiro,Autos,Médio,2,M.BENZ/ACCELO 1017,202,23.41
2024,1,Janeiro,Autos,Médio,3,M.BENZ/ACCELO 1317,54,6.26
2024,1,Janeiro,Autos,Médio,4,VW TRUCK E BUS/E DELIVERY 14,42,4.87
2024,1,Janeiro,Autos,Médio,5,VW TRUCK E BUS/13.180,36,4.17
2024,1,Janeiro,Autos,Médio,6,IVECO/TECTOR 11-190,31,3.59
2024,1,Janeiro,Autos,Médio,7,VW TRUCK E BUS/14.210,28,3.24
2024,1,Janeiro,Autos,Médio,8,M.BENZ/ATEGO 1419,18,2.09
2024,1,Janeiro,Autos,Médio,9,FOTON/AUMARK S 11T,9,1.04
2024,1,Janeiro,Autos,Médio,10,M.BENZ/1418,8,0.93
2024,1,Janeiro,Autos,City,1,HONDA/CG 160,34321,59.65
2024,1,Janeiro,Autos,City,2,MOTTU/SPORT 1101,5427,9.43
2024,1,Janeiro,Autos,City,3,HONDA/CB 300F,3968,6.9
2024,1,Janeiro,Autos,City,4,YAMAHA/YBR 150,3352,5.83
2024,1,Janeiro,Autos,City,5,YAMAHA/FAZER 150,3175,5.52
2024,1,Janeiro,Autos,City,6,YAMAHA/YS150 FAZER,1345,2.34
2024,1,Janeiro,Autos,City,7,HAOJUE/DR160,423,0.74
2024,1,Janeiro,Autos,City,8,HAQJUE/DK 150,309,0.54
2024,1,Janeiro,Autos,City,9,SHINERAY/XY 150,291,0.51
2024,1,Janeiro,Autos,Custom,1,ROYAL ENFIELD/METEOR,340,25.17
2024,1,Janeiro,Autos,Custom,2,ROYAL ENFIELD/HUNTER,280,20.73
2024,1,Janeiro,Autos,Custom,3,BMW/C400 X,8,6.22
2024,1,Janeiro,Autos,Custom,4,ROYAL ENFIELD/INTERCEPTOR,5,4.07
2024,1,Janeiro,Autos,Custom,5,ROYAL ENFIELD/CONTINENTAL GT,29,2.15
2024,1,Janeiro,Autos,Custom,6,TRIUMPH/BONNEVILLE,23,1.7
2024,1,Janeiro,Autos,Custom,7,H.DAVIDSON/FL FBS,19,1.41
2024,1,Janeiro,Autos,Trail/Fun,1,HONDA/NXR160,12210,46.59
2024,1,Janeiro,Autos,Trail/Fun,2,YAMAHA/XTZ 250,3140,11.98
2024,1,Janeiro,Autos,Trail/Fun,3,HONDA/XRE 300,3085,11.77
2024,1,Janeiro,Autos,Trail/Fun,4,YAMAHA/CROSSER 150,2695,10.28
2024,1,Janeiro,Autos,Trail/Fun,5,SHINERAY/XY 125,1974,7.53
2024,1,Janeiro,Autos,Trail/Fun,6,HONDA/XRE 190,914,7.3
2024,1,Janeiro,Autos,Trail/Fun,7,BMW/G310 GS,480,1.83
2024,1,Janeiro,Autos,Trail/Fun,8,HAOJUE/NK 150,206,0.79
2024,1,Janeiro,Autos,Trail/Fun,9,DAFRA/NH 190,149,0.57
2024,1,Janeiro,Autos,Trail/Fun,10,ROYAL ENFIELD/SCRAM 411,144,0.55
2024,1,Janeiro,Autos,Maxtrail,1,BMW/R1250GS 534,4,26.62
2024,1,Janeiro,Autos,Maxtrail,2,HONDA/NC 750X,262,14.9
2024,1,Janeiro,Autos,Maxtrail,3,BMW/F850 GS 175,4,5.92
2024,1,Janeiro,Autos,Maxtrail,4,ROYAL ENFIELD/HIMALAYAN,103,5.86
2024,1,Janeiro,Autos,Maxtrail,5,HONDA/CRF 1100L,100,5.69
2024,1,Janeiro,Autos,Maxtrail,6,SUZUKI/VSTROM650 60,4,3.36
2024,1,Janeiro,Autos,Maxtrail,7,TRIUMPH/TIGER SPORT 660,58,3.3
2024,1,Janeiro,Autos,Naked/Roadster,1,YAMAHA/MTO3,670,39.39
2024,1,Janeiro,Autos,Naked/Roadster,2,HONDA/CB 500,1848,10.82
2024,1,Janeiro,Autos,Naked/Roadster,3,KAWASAKI/Z900,16,6.82
2024,1,Janeiro,Autos,Naked/Roadster,4,HONDA/CB 1000R,85,5.0
2024,1,Janeiro,Autos,Naked/Roadster,5,KAWASAKI/Z400,59,3.47
2024,1,Janeiro,Autos,Naked/Roadster,6,TRIUMPH/STREET TRIPLE,39,2.29
2024,1,Janeiro,Autos,Naked/Roadster,7,HONDA/CB 650R 13,4,2.12
2024,1,Janeiro,Autos,Naked/Roadster,8,SUZUKI/GSX-S750,35,2.06
2024,1,Janeiro,Autos,Scooter/Cub,1,HONDA/BIZ,24756,46.0
2024,1,Janeiro,Autos,Scooter/Cub,2,HONDA/POP 1101,12676,23.55
2024,1,Janeiro,Autos,Scooter/Cub,3,HONDA/PCX 160,4567,8.49
2024,1,Janeiro,Autos,Scooter/Cub,4,YAMAHA/NEO 125,1459,2.71
2024,1,Janeiro,Autos,Scooter/Cub,5,HONDA/ADV 150,1279,2.38
2024,1,Janeiro,Autos,Scooter/Cub,6,AVELLOZ/AZ1,1100,2.04
2024,1,Janeiro,Autos,Scooter/Cub,7,YAMAHA/NMAX,937,1.74
2024,1,Janeiro,Autos,Scooter/Cub,8,YAMAHA/FLUO 125,838,1.56
2024,1,Janeiro,Autos,Sport,1,YAMAHA/YZF R15,386,50.26
2024,1,Janeiro,Autos,Sport,2,YAMAHA/YZF R3,102,13.28
2024,1,Janeiro,Autos,Sport,3,HONDA/CBR 650R,58,7.55
2024,1,Janeiro,Autos,Sport,4,KAWASAKI/NINJA 300,20,2.6
2024,1,Janeiro,Autos,Sport,5,KAWASAKI/NINJA 650,18,2.34
2024,1,Janeiro,Autos,Sport,6,KAWASAKI/NINJA ZX 6,15,1.95
2024,1,Janeiro,Autos,Sport,7,KAWASAKI/NINJA ZX-4R,12,1.56
2024,1,Janeiro,Autos,Touring,1,H.DAVIDSON/FLTRK,18,29.03
2024,1,Janeiro,Autos,Touring,2,H.DAVIDSON/FLH RXS,9,14.52
2024,1,Janeiro,Autos,Touring,3,H.DAVIDSON/FLHTK,9,14.52
2024,1,Janeiro,Autos,Touring,4,BMW/K,3,4.84
2024,2,Fevereiro,Autos,Veículos de Entrada,1,FIAT/MOBI,6288,52.21
2024,2,Fevereiro,Autos,Veículos de Entrada,2,RENAULT/KWID,6046,47.7
2024,2,Fevereiro,Autos,Veículos de Entrada,3,VW/GOL,4,0.06
2024,2,Fevereiro,Autos,Veículos de Entrada,4,FIAT/UNO,1,0.02
2024,2,Fevereiro,Autos,Veículos de Entrada,5,FIAT/PALIO,0,0.01
2024,2,Fevereiro,Autos,Hatch Pequenos,1,VW/POLO,8063,22.64
2024,2,Fevereiro,Autos,Hatch Pequenos,2,HYUNDAI/HB20,5287,18.86
2024,2,Fevereiro,Autos,Hatch Pequenos,3,FIAT/ARGO,6507,16.55
2024,2,Fevereiro,Autos,Hatch Pequenos,4,GM/ONIX,4299,14.8
2024,2,Fevereiro,Autos,Hatch Pequenos,5,TOYOTA/YARIS HB,1841,5.68
2024,2,Fevereiro,Autos,Hatch Pequenos,6,BYD/DOLPHIN,1807,5.36
2024,2,Fevereiro,Autos,Hatch Pequenos,7,CITROEN/C3,1515,5.01
2024,2,Fevereiro,Autos,Hatch Pequenos,8,PEUGEOT/208,1548,4.98
2024,2,Fevereiro,Autos,Hatch Pequenos,9,HONDA/CITY HATCH,775,2.32
2024,2,Fevereiro,Autos,Hatch Pequenos,10,GWM/ORA 03,588,1.9
2024,2,Fevereiro,Autos,Hatch Pequenos,11,RENAULT/SANDERO,398,1.24
2024,2,Fevereiro,Autos,Hatch Pequenos,12,JAC/E-JS1,140,0.37
2024,2,Fevereiro,Autos,Hatch Médios,1,GM/CRUZE HB,60,50.0
2024,2,Fevereiro,Autos,Hatch Médios,2,AUDI/A3,23,24.21
2024,2,Fevereiro,Autos,Hatch Médios,3,HONDA/CIVIC TYPE-R,9,11.58
2024,2,Fevereiro,Autos,Hatch Médios,4,TOYOTA/COROLLA GR,2,4.74
2024,2,Fevereiro,Autos,Hatch Médios,5,M.BENZ/A45 AMG,4,3.16
2024,2,Fevereiro,Autos,Hatch Médios,6,M.BENZ/CLASSE A,1,2.11
2024,2,Fevereiro,Autos,Sedans Pequenos,1,FIAT/CRONOS,1657,52.25
2024,2,Fevereiro,Autos,Sedans Pequenos,2,HYUNDAI/HB20S,2205,44.54
2024,2,Fevereiro,Autos,Sedans Pequenos,3,RENAULT/LOGAN,209,3.2
2024,2,Fevereiro,Autos,Sedans Pequenos,4,GM/PRISMA,0,0.01
2024,2,Fevereiro,Autos,Sedans Compactos,1,GM/ONIX PLUS,3259,36.82
2024,2,Fevereiro,Autos,Sedans Compactos,2,VW/VIRTUS,2538,26.52
2024,2,Fevereiro,Autos,Sedans Compactos,3,TOYOTA/YARIS SEDAN,1436,16.85
2024,2,Fevereiro,Autos,Sedans Compactos,4,HONDA/CITY,914,9.94
2024,2,Fevereiro,Autos,Sedans Compactos,5,NISSAN/VERSA,888,9.86
2024,2,Fevereiro,Autos,Sedans Compactos,6,VW/POLO SEDAN,0,0.01
2024,2,Fevereiro,Autos,Sedans médios,1,TOYOTA/COROLLA,2501,61.06
2024,2,Fevereiro,Autos,Sedans médios,2,BYD/SEAL,455,14.02
2024,2,Fevereiro,Autos,Sedans médios,3,NISSAN/SENTRA,356,8.73
2024,2,Fevereiro,Autos,Sedans médios,4,VW/JETTA,277,6.59
2024,2,Fevereiro,Autos,Sedans médios,5,GM/CRUZE SEDAN,193,3.91
2024,2,Fevereiro,Autos,Sedans médios,6,HONDA/CIVIC,78,3.01
2024,2,Fevereiro,Autos,Sedans médios,7,AUDI/A3 SEDAN,2,1.03
2024,2,Fevereiro,Autos,Sedans médios,8,AUDI/A5,20,0.49
2024,2,Fevereiro,Autos,Sedans médios,9,M.BENZ/CLA200,2,0.29
2024,2,Fevereiro,Autos,Sedans médios,10,BMW/420I,12,0.28
2024,2,Fevereiro,Autos,Sedans médios,11,CAOA CHERY/ARRIZO 6,1,0.22
2024,2,Fevereiro,Autos,Sedans médios,12,M.BENZ/CLA45,7,0.12
2024,2,Fevereiro,Autos,Sedans médios,13,M.BENZ/CLA35,3,0.09
2024,2,Fevereiro,Autos,Sedans médios,14,BMW/218I,3,0.05
2024,2,Fevereiro,Autos,Sedans médios,15,HYUNDAI/IONIQ,0,0.04
2024,2,Fevereiro,Autos,Sedans médios,16,JAC/E-J7,0,0.04
2024,2,Fevereiro,Autos,Sedans médios,17,HYUNDAI/ELANTRA,0,0.01
2024,2,Fevereiro,Autos,Sedans médios,18,ROLLS ROYCE/ROLLS ROYCE,1,0.01
2024,2,Fevereiro,Autos,Sedans médios,19,VW/SANTANA,0,0.01
2024,2,Fevereiro,Autos,Sedans Grandes,1,BMW/320I,252,51.75
2024,2,Fevereiro,Autos,Sedans Grandes,2,M.BENZ/CLASSE C,43,10.58
2024,2,Fevereiro,Autos,Sedans Grandes,3,M.BENZ/CLA200,19,7.2
2024,2,Fevereiro,Autos,Sedans Grandes,4,BMW/330E,42,6.98
2024,2,Fevereiro,Autos,Sedans Grandes,5,HONDA/ACCORD,17,5.93
2024,2,Fevereiro,Autos,Sedans Grandes,6,PORSCHE/PANAMERA,27,5.5
2024,2,Fevereiro,Autos,Sedans Grandes,7,BYD/HAN,6,2.65
2024,2,Fevereiro,Autos,Sedans Grandes,8,LEXUS/ES300,7,2.33
2024,2,Fevereiro,Autos,Sedans Grandes,9,AUDI/A4,6,1.59
2024,2,Fevereiro,Autos,Sedans Grandes,10,BMW/I4,7,1.38
2024,2,Fevereiro,Autos,Sedans Grandes,11,TOYOTA/CAMRY,5,1.16
2024,2,Fevereiro,Autos,Sedans Grandes,12,BMW/I5,6,0.63
2024,2,Fevereiro,Autos,Sw Médios,1,VW/SPACE FOX,1,100.0
2024,2,Fevereiro,Autos,Sw Grandes,1,AUDI/RS6 AVANT,7,92.86
2024,2,Fevereiro,Autos,Sw Grandes,2,VW/QUANTUM,0,7.14
2024,2,Fevereiro,Autos,Monocab,1,FIAT/DOBLO,0,100.0
2024,2,Fevereiro,Autos,Grandcab,1,GM/SPIN,755,99.09
2024,2,Fevereiro,Autos,Grandcab,2,CHRYSLER/PACIFICA,6,0.37
2024,2,Fevereiro,Autos,Grandcab,3,TOYOTA/SIENNA,3,0.37
2024,2,Fevereiro,Autos,Grandcab,4,KIA/CARNIVAL,2,0.11
2024,2,Fevereiro,Autos,Sports,1,PORSCHE/911,157,37.38
2024,2,Fevereiro,Autos,Sports,2,PORSCHE/BOXSTER,84,19.87
2024,2,Fevereiro,Autos,Sports,3,PORSCHE/CAYMAN,30,6.94
2024,2,Fevereiro,Autos,Sports,4,GM/CAMARO,16,5.99
2024,2,Fevereiro,Autos,Sports,5,BMW/M3,24,5.05
2024,2,Fevereiro,Autos,Sports,6,PORSCHE/TAYCAN,9,4.89
2024,2,Fevereiro,Autos,Sports,7,FORD/MUSTANG,15,4.73
2024,2,Fevereiro,Autos,Sports,8,BMW/M2,25,3.94
2024,2,Fevereiro,Autos,Sports,9,GM/CORVETTE,8,2.68
2024,2,Fevereiro,Autos,Suv's,1,HYUNDAI/CRETA,4385,8.19
2024,2,Fevereiro,Autos,Suv's,2,NISSAN/KICKS,3907,7.04
2024,2,Fevereiro,Autos,Suv's,3,GM/TRACKER,3674,7.02
2024,2,Fevereiro,Autos,Suv's,4,JEEP/COMPASS,4074,6.77
2024,2,Fevereiro,Autos,Suv's,5,VW/T CROSS,4039,6.53
2024,2,Fevereiro,Autos,Suv's,6,FIAT/FASTBACK,3594,6.08
2024,2,Fevereiro,Autos,Suv's,7,VW/NIVUS,3250,5.99
2024,2,Fevereiro,Autos,Suv's,8,JEEP/RENEGADE,3502,5.76
2024,2,Fevereiro,Autos,Suv's,9,HONDA/HR-V,3221,5.34
2024,2,Fevereiro,Autos,Suv's,10,TOYOTA/COROLLA CROSS,2878,5.26
2024,2,Fevereiro,Autos,Suv's,11,FIAT/PULSE,2652,4.84
2024,2,Fevereiro,Autos,Suv's,12,CAOA CHERY/TIGGO 5X,1991,3.5
2024,2,Fevereiro,Autos,Suv's,13,BYD/SONG PLUS,1901,3.02
2024,2,Fevereiro,Autos,Suv's,14,RENAULT/DUSTER,1556,2.95
2024,2,Fevereiro,Autos,Suv's,15,GWM/HAVAL H6,1127,2.42
2024,2,Fevereiro,Autos,Suv's,16,TOYOTA/HILUX SW4,1085,2.19
2024,2,Fevereiro,Autos,Suv's,17,JEEP/COMMANDER,1075,1.93
2024,2,Fevereiro,Autos,Suv's,18,VW/TAOS,1068,1.91
2024,2,Fevereiro,Autos,Suv's,19,CAOA CHERY/TIGGO 8,807,1.48
2024,2,Fevereiro,Autos,Suv's,20,CAOA CHERY/TIGGO 7,522,0.98
2024,2,Fevereiro,Autos,Suv's,21,MITSUBISHI/ECLIPSE CROSS,562,0.94
2024,2,Fevereiro,Autos,Suv's,22,FORD/TERRITORY,545,0.93
2024,2,Fevereiro,Autos,Suv's,23,HONDA/ZR-V,390,0.69
2024,2,Fevereiro,Autos,Suv's,24,BMW/X1,384,0.54
2024,2,Fevereiro,Autos,Suv's,25,VW/TIGUAN,279,0.5
2024,2,Fevereiro,Autos,Suv's,26,BYD/YUAN PLUS,226,0.44
2024,2,Fevereiro,Autos,Suv's,27,VOLVO/XC60,166,0.4
2024,2,Fevereiro,Autos,Suv's,28,GM/EQUINOX,193,0.34
2024,2,Fevereiro,Autos,Suv's,29,FORD/BRONCO,203,0.32
2024,2,Fevereiro,Autos,Suv's,30,CITROEN/C4 CACTUS,154,0.31
2024,2,Fevereiro,Autos,Suv's,31,PEUGEOT/E2008,62,0.29
2024,2,Fevereiro,Autos,Suv's,32,TOYOTA/RAV4,206,0.29
2024,2,Fevereiro,Autos,Suv's,33,AUDI/Q3,175,0.28
2024,2,Fevereiro,Autos,Suv's,34,LAND ROVER/DISCOVERY,157,0.26
2024,2,Fevereiro,Autos,Suv's,35,MITSUBISHI/PAJERO,135,0.25
2024,2,Fevereiro,Autos,Suv's,36,VOLVO/XC40,81,0.24
2024,2,Fevereiro,Autos,Suv's,37,AUDI/Q5,145,0.24
2024,2,Fevereiro,Autos,Suv's,38,CITROEN/C3 AIRCROSS,204,0.2
2024,2,Fevereiro,Autos,Suv's,39,KIA/SPORTAGE,8,0.19
2024,2,Fevereiro,Autos,Suv's,40,M.BENZ/GLC,108,0.17
2024,2,Fevereiro,Com. Leves,Pick-up's Pequenas,1,FIAT/STRADA,8568,68.13
2024,2,Fevereiro,Com. Leves,Pick-up's Pequenas,2,VW/SAVEIRO,4126,31.86
2024,2,Fevereiro,Com. Leves,Pick-up's Pequenas,3,PEUGEOT/PARTNER,1,0
2024,2,Fevereiro,Com. Leves,Pick-up's Grandes,1,TOYOTA/HILUX,3436,18.75
2024,2,Fevereiro,Com. Leves,Pick-up's Grandes,2,FIAT/TORO,3044,17.49
2024,2,Fevereiro,Com. Leves,Pick-up's Grandes,3,RAM/RAMPAGE,2101,10.57
2024,2,Fevereiro,Com. Leves,Pick-up's Grandes,4,FORD/RANGER,1885,10.22
2024,2,Fevereiro,Com. Leves,Pick-up's Grandes,5,GM/MONTANA,1858,10.19
2024,2,Fevereiro,Com. Leves,Pick-up's Grandes,6,GM/S10,2020,10.16
2024,2,Fevereiro,Com. Leves,Pick-up's Grandes,7,RENAULT/OROCH,977,5.7
2024,2,Fevereiro,Com. Leves,Pick-up's Grandes,8,MITSUBISHI/L200,889,4.59
2024,2,Fevereiro,Com. Leves,Pick-up's Grandes,9,NISSAN/FRONTIER,715,4.07
2024,2,Fevereiro,Com. Leves,Pick-up's Grandes,10,VW/AMAROK,245,1.69
2024,2,Fevereiro,Com. Leves,Pick-up's Grandes,11,GM/SILVERADO,124,1.57
2024,2,Fevereiro,Com. Leves,Furgões,1,RENAULT/MASTER,832,31.59
2024,2,Fevereiro,Com. Leves,Furgões,2,FIAT/SCUDO,362,13.39
2024,2,Fevereiro,Com. Leves,Furgões,3,FIAT/DUCATO,182,8.48
2024,2,Fevereiro,Com. Leves,Furgões,4,KIA/K2500,195,7.61
2024,2,Fevereiro,Com. Leves,Furgões,5,VW TRUCK E BUS/EXPRESS,155,6.48
2024,2,Fevereiro,Com. Leves,Furgões,6,FORD/TRANSIT,162,6.39
2024,2,Fevereiro,Com. Leves,Furgões,7,PEUGEOT/EXPERT,100,4.09
2024,2,Fevereiro,Com. Leves,Furgões Pequenos,1,FIAT/FIORINO,1422,94.73
2024,2,Fevereiro,Com. Leves,Furgões Pequenos,2,PEUGEOT/PARTNER,69,4.63
2024,2,Fevereiro,Com. Leves,Furgões Pequenos,3,BYD/T3,5,0.32
2024,2,Fevereiro,Com. Leves,Furgões Pequenos,4,CITROEN/BERLINGO,3,0.1
2024,2,Fevereiro,Caminhões,Semi-Leve,1,M.BENZ/SPRINTER 417,143,42.0
2024,2,Fevereiro,Caminhões,Semi-Leve,2,M.BENZ/SPRINTER,7,17.45
2024,2,Fevereiro,Caminhões,Semi-Leve,3,M.BENZ/SPRINTER 517,50,15.67
2024,2,Fevereiro,Caminhões,Semi-Leve,4,IVECO/DAILY 45-170,2,7.11
2024,2,Fevereiro,Caminhões,Semi-Leve,5,IVECO/DAILY 55C17,21,6.95
2024,2,Fevereiro,Caminhões,Semi-Leve,6,VW TRUCK E BUS/6.160,18,4.85
2024,2,Fevereiro,Caminhões,Semi-Leve,7,M.BENZ/SPRINTER 416,9,2.1
2024,2,Fevereiro,Caminhões,Semi-Leve,8,IVECO/DAILY 55-170,1,1.29
2024,2,Fevereiro,Caminhões,Semi-Leve,9,IVECO/DAILY 65-170,1,0.97
2024,2,Fevereiro,Caminhões,Semi-Leve,10,M.BENZ/SPRINTER 516,3,0.65
2024,2,Fevereiro,Caminhões,Leve,1,VW TRUCK E BUS/9.180,177,44.08
2024,2,Fevereiro,Caminhões,Leve,2,M.BENZ/ACCELO 817,90,24.11
2024,2,Fevereiro,Caminhões,Leve,3,HYUNDAI/HD 80,25,7.85
2024,2,Fevereiro,Caminhões,Leve,4,VW TRUCK E BUS/6.170,14,4.56
2024,2,Fevereiro,Caminhões,Leve,5,IVECO/TECTOR 9-190,17,3.71
2024,2,Fevereiro,Caminhões,Leve,6,VW TRUCK E BUS/9.170,9,3.42
2024,2,Fevereiro,Caminhões,Leve,7,M.BENZ/ACCELO 1016,14,3.0
2024,2,Fevereiro,Caminhões,Leve,8,IVECO/DAILY 65-170,6,2.85
2024,2,Fevereiro,Caminhões,Leve,9,JAC/IEV1200T,12,1.85
2024,2,Fevereiro,Caminhões,Leve,10,M.BENZ/ACCELO 815,4,1.14
2024,2,Fevereiro,Caminhões,Médio,1,VW TRUCK E BUS/11.180,402,46.39
2024,2,Fevereiro,Caminhões,Médio,2,M.BENZ/ACCELO 1017,252,25.81
2024,2,Fevereiro,Caminhões,Médio,3,VW TRUCK E BUS/13.180,75,6.31
2024,2,Fevereiro,Caminhões,Médio,4,M.BENZ/ACCELO 1317,43,5.51
2024,2,Fevereiro,Caminhões,Médio,5,IVECO/TECTOR 11-190,39,3.98
2024,2,Fevereiro,Caminhões,Médio,6,VW TRUCK E BUS/14.210,35,3.58
2024,2,Fevereiro,Caminhões,Médio,7,VW TRUCK E BUS/E DELIVERY 14,3,2.56
2024,2,Fevereiro,Caminhões,Médio,8,M.BENZ/ATEGO 1419,2,2.27
2024,2,Fevereiro,Caminhões,Médio,9,FOTON/AUMARK S 1217A,9,0.91
2024,2,Fevereiro,Caminhões,Médio,10,FOTON/AUMARK S 11T,5,0.8
2024,2,Fevereiro,Caminhões,Semi-Pesado,1,VOLVO/VM 290,248,11.58
2024,2,Fevereiro,Caminhões,Semi-Pesado,2,VW TRUCK E BUS/26.260,200,8.6
2024,2,Fevereiro,Caminhões,Semi-Pesado,3,VW TRUCK E BUS/17.210,220,8.25
2024,2,Fevereiro,Caminhões,Semi-Pesado,4,M.BENZ/ATEGO 1719,180,7.9
2024,2,Fevereiro,Caminhões,Semi-Pesado,5,M.BENZ/ATEGO 2429,136,6.53
2024,2,Fevereiro,Caminhões,Semi-Pesado,6,VW TRUCK E BUS/26.320,134,5.63
2024,2,Fevereiro,Caminhões,Semi-Pesado,7,VOLVO/VM 360,100,5.16
2024,2,Fevereiro,Caminhões,Semi-Pesado,8,VW TRUCK E BUS/30.320,113,4.88
2024,2,Fevereiro,Caminhões,Semi-Pesado,9,VW TRUCK E BUS/27.260,110,4.39
2024,2,Fevereiro,Caminhões,Semi-Pesado,10,DAF/CF 310,86,3.97
2024,2,Fevereiro,Caminhões,Pesado,1,VOLVO/FH 540,597,14.09
2024,2,Fevereiro,Caminhões,Pesado,2,SCANIA/R450,544,9.3
2024,2,Fevereiro,Caminhões,Pesado,3,DAF/XF 530,359,9.12
2024,2,Fevereiro,Caminhões,Pesado,4,VOLVO/FH 460,256,6.67
2024,2,Fevereiro,Caminhões,Pesado,5,DAF/XF 480,226,6.28
2024,2,Fevereiro,Caminhões,Pesado,6,SCANIA/R540,170,5.39
2024,2,Fevereiro,Caminhões,Pesado,7,M.BENZ/ACTROS 2548,210,5.15
2024,2,Fevereiro,Caminhões,Pesado,8,SCANIA/R 460,95,3.84
2024,2,Fevereiro,Caminhões,Pesado,9,SCANIA/R560,154,3.69
2024,2,Fevereiro,Caminhões,Pesado,10,M.BENZ/AROCS 3351,150,3.4
2024,2,Fevereiro,Motos,City,1,HONDA/CG 160,32623,59.58
2024,2,Fevereiro,Motos,City,2,MOTTU/SPORT 110I,4089,8.47
2024,2,Fevereiro,Motos,City,3,HONDA/CB 300F,3830,6.94
2024,2,Fevereiro,Motos,City,4,YAMAHA/FAZER 250,3529,6.2
2024,2,Fevereiro,Motos,City,5,YAMAHA/YBR 150,3600,6.19
2024,2,Fevereiro,Motos,City,6,YAMAHA/FAZER 150,3213,5.68
2024,2,Fevereiro,Motos,City,7,YAMAHA/YS150 FAZER,1608,2.63
2024,2,Fevereiro,Motos,City,8,SHINERAY/XY 150,476,0.68
2024,2,Fevereiro,Motos,City,9,HAOJUE/DR160,329,0.67
2024,2,Fevereiro,Motos,City,10,YAMAHA/YBR 125,382,0.53
2024,2,Fevereiro,Motos,Custom,1,ROYAL ENFIELD/METEOR,222,23.69
2024,2,Fevereiro,Motos,Custom,2,ROYAL ENFIELD/HUNTER,184,19.56
2024,2,Fevereiro,Motos,Custom,3,ROYAL ENFIELD/CLASSIC 350,188,18.63
2024,2,Fevereiro,Motos,Custom,4,KAWASAKI/VULCAN S,103,9.32
2024,2,Fevereiro,Motos,Custom,5,BMW/C400 X,118,8.52
2024,2,Fevereiro,Motos,Custom,6,ROYAL ENFIELD/INTERCEPTOR,26,3.41
2024,2,Fevereiro,Motos,Custom,7,ROYAL ENFIELD/CONTINENTAL GT,19,2.02
2024,2,Fevereiro,Motos,Custom,8,TRIUMPH/BONNEVILLE,20,1.81
2024,2,Fevereiro,Motos,Custom,9,TRIUMPH/SPEED TWIN,2,1.73
2024,2,Fevereiro,Motos,Custom,10,H.DAVIDSON/FL FBS,18,1.56
2024,2,Fevereiro,Motos,Trail/Fun,1,HONDA/NXR160,11427,45.93
2024,2,Fevereiro,Motos,Trail/Fun,2,HONDA/XRE 300,3873,13.52
2024,2,Fevereiro,Motos,Trail/Fun,3,YAMAHA/XTZ 250,3321,12.55
2024,2,Fevereiro,Motos,Trail/Fun,4,YAMAHA/CROSSER 150,2461,10.02
2024,2,Fevereiro,Motos,Trail/Fun,5,SHINERAY/XY 125,1729,7.2
2024,2,Fevereiro,Motos,Trail/Fun,6,HONDA/XRE 190,1592,6.81
2024,2,Fevereiro,Motos,Trail/Fun,7,BMW/G310 GS,275,1.47
2024,2,Fevereiro,Motos,Trail/Fun,8,HAOJUE/NK 150,180,0.75
2024,2,Fevereiro,Motos,Trail/Fun,9,DAFRA/NH 190,112,0.51
2024,2,Fevereiro,Motos,Trail/Fun,10,ROYAL ENFIELD/SCRAM 411,90,0.45
2024,2,Fevereiro,Motos,Maxtrail,1,BMW/R1250GS,290,21.86
2024,2,Fevereiro,Motos,Maxtrail,2,HONDA/NC 750X,264,15.17
2024,2,Fevereiro,Motos,Maxtrail,3,TRIUMPH/TIGER 900,244,14.65
2024,2,Fevereiro,Motos,Maxtrail,4,HONDA/CB 500X,218,10.35
2024,2,Fevereiro,Motos,Maxtrail,5,HONDA/CRF 1100L,107,5.97
2024,2,Fevereiro,Motos,Maxtrail,6,ROYAL ENFIELD/HIMALAYAN,96,5.74
2024,2,Fevereiro,Motos,Maxtrail,7,KAWASAKI/VERSYS 650,123,5.48
2024,2,Fevereiro,Motos,Maxtrail,8,BMW/F850 GS,81,5.33
2024,2,Fevereiro,Motos,Maxtrail,9,SUZUKI/VSTROM650,74,3.84
2024,2,Fevereiro,Motos,Maxtrail,10,TRIUMPH/TIGER SPORT 660,59,3.37
2024,2,Fevereiro,Motos,Naked/Roadster,1,YAMAHA/MT03,785,37.08
2024,2,Fevereiro,Motos,Naked/Roadster,2,HONDA/CB 500,180,9.28
2024,2,Fevereiro,Motos,Naked/Roadster,3,YAMAHA/MT07,151,7.57
2024,2,Fevereiro,Motos,Naked/Roadster,4,YAMAHA/MT09,145,7.44
2024,2,Fevereiro,Motos,Naked/Roadster,5,BAJAJ/DOMINAR D400,8,6.96
2024,2,Fevereiro,Motos,Naked/Roadster,6,KAWASAKI/Z900,141,6.55
2024,2,Fevereiro,Motos,Naked/Roadster,7,HONDA/CB 650R,117,3.9
2024,2,Fevereiro,Motos,Naked/Roadster,8,HONDA/CB 1000R,62,3.75
2024,2,Fevereiro,Motos,Naked/Roadster,9,KAWASAKI/Z400,62,3.08
2024,2,Fevereiro,Motos,Naked/Roadster,10,SUZUKI/GSX-S750,50,2.17
2024,2,Fevereiro,Motos,Scooter/Cub,1,HONDA/BIZ,22556,45.55
2024,2,Fevereiro,Motos,Scooter/Cub,2,HONDA/POP 110I,11588,23.36
2024,2,Fevereiro,Motos,Scooter/Cub,3,HONDA/PCX 160,4292,8.53
2024,2,Fevereiro,Motos,Scooter/Cub,4,HONDA/ELITE 125,2707,5.3
2024,2,Fevereiro,Motos,Scooter/Cub,5,YAMAHA/NEO 125,1341,2.7
2024,2,Fevereiro,Motos,Scooter/Cub,6,HONDA/ADV 150,1061,2.25
2024,2,Fevereiro,Motos,Scooter/Cub,7,YAMAHA/NMAX,1228,2.08
2024,2,Fevereiro,Motos,Scooter/Cub,8,AVELLOZ/AZ1,1062,2.08
2024,2,Fevereiro,Motos,Scooter/Cub,9,SHINERAY/XY 50,1020,2.05
2024,2,Fevereiro,Motos,Scooter/Cub,10,YAMAHA/FLUO 125,885,1.66
2024,2,Fevereiro,Motos,Sport,1,YAMAHA/YZF R15,540,51.42
2024,2,Fevereiro,Motos,Sport,2,YAMAHA/YZF R3,148,13.88
2024,2,Fevereiro,Motos,Sport,3,KAWASAKI/NINJA 400,74,7.55
2024,2,Fevereiro,Motos,Sport,4,HONDA/CBR 650R,6,6.89
2024,2,Fevereiro,Motos,Sport,5,BMW/S1000 R,62,6.11
2024,2,Fevereiro,Motos,Sport,6,KAWASAKI/NINJA 650,2,2.22
2024,2,Fevereiro,Motos,Sport,7,KAWASAKI/NINJA ZX-4R,28,2.22
2024,2,Fevereiro,Motos,Sport,8,KAWASAKI/NINJA 300,19,2.17
2024,2,Fevereiro,Motos,Sport,9,KAWASAKI/NINJA ZX 6,18,1.83
2024,2,Fevereiro,Motos,Sport,10,KAWASAKI/NINJA ZX10,16,1.5
2024,2,Fevereiro,Motos,Touring,1,H.DAVIDSON/FLTRK,9,25.0
2024,2,Fevereiro,Motos,Touring,2,H.DAVIDSON/FLH RXS,12,19.44
2024,2,Fevereiro,Motos,Touring,3,H.DAVIDSON/FLT,9,18.52
2024,2,Fevereiro,Motos,Touring,4,H.DAVIDSON/FLHX,9,16.67
2024,2,Fevereiro,Motos,Touring,5,H.DAVIDSON/FLHTK,3,11.11
2024,2,Fevereiro,Motos,Touring,6,BMW/K 1600,2,4.63
2024,2,Fevereiro,Motos,Touring,7,HONDA/GOLDWING,0,2.78
2024,2,Fevereiro,Motos,Touring,8,BMW/R1250 RT,1,0.93
2024,3,Março,Autos,Veículos de Entrada,1,FIAT/MOBI,4658,52.71
2024,3,Março,Autos,Veículos de Entrada,2,RENAULT/KWID,3992,47.2
2024,3,Março,Autos,Veículos de Entrada,3,VW/GOL,6,0.06
2024,3,Março,Autos,Veículos de Entrada,4,FIAT/UNO,0,0.01
2024,3,Março,Autos,Veículos de Entrada,5,VW/UP,2,0.01
2024,3,Março,Autos,Veículos de Entrada,6,FIAT/PALIO,0,0
2024,3,Março,Autos,Veículos de Entrada,7,GM/CHEVETTE,1,0
2024,3,Março,Autos,Hatch Pequenos,1,VW/POLO,11943,24.59
2024,3,Março,Autos,Hatch Pequenos,2,FIAT/ARGO,6850,16.28
2024,3,Março,Autos,Hatch Pequenos,3,HYUNDAI/HB20,5288,16.28
2024,3,Março,Autos,Hatch Pequenos,4,GM/ONIX,7753,16.02
2024,3,Março,Autos,Hatch Pequenos,5,TOYOTA/YARIS HB,2151,5.41
2024,3,Março,Autos,Hatch Pequenos,6,BYD/DOLPHIN,1707,4.81
2024,3,Março,Autos,Hatch Pequenos,7,CITROEN/C3,1637,4.54
2024,3,Março,Autos,Hatch Pequenos,8,PEUGEOT/208,1129,4.06
2024,3,Março,Autos,Hatch Pequenos,9,BYD/DOLPHIN MINI,2469,2.25
2024,3,Março,Autos,Hatch Pequenos,10,HONDA/CITY HATCH,912,2.24
2024,3,Março,Autos,Hatch Pequenos,11,GWM/ORA 03,608,1.71
2024,3,Março,Autos,Hatch Pequenos,12,RENAULT/SANDERO,396,1.11
2024,3,Março,Autos,Hatch Médios,1,GM/CRUZE HB,34,38.97
2024,3,Março,Autos,Hatch Médios,2,AUDI/A3,57,31.12
2024,3,Março,Autos,Hatch Médios,3,HONDA/CIVIC TYPE-R,4,7.85
2024,3,Março,Autos,Hatch Médios,4,NISSAN/LEAF,24,7.55
2024,3,Março,Autos,Hatch Médios,5,BMW/118I,1,3.93
2024,3,Março,Autos,Hatch Médios,6,TOYOTA/COROLLA GR,3,3.63
2024,3,Março,Autos,Sedans Pequenos,1,FIAT/CRONOS,1884,53.8
2024,3,Março,Autos,Sedans Pequenos,2,HYUNDAI/HB20S,1221,42.66
2024,3,Março,Autos,Sedans Pequenos,3,RENAULT/LOGAN,140,3.5
2024,3,Março,Autos,Sedans Pequenos,4,VW/VOYAGE,3,0.02
2024,3,Março,Autos,Sedans Pequenos,5,FIAT/SIENA,1,0.01
2024,3,Março,Autos,Sedans Pequenos,6,GM/PRISMA,0,0.01
2024,3,Março,Autos,Sedans Compactos,1,GM/ONIX PLUS,3986,37.16
2024,3,Março,Autos,Sedans Compactos,2,VW/VIRTUS,3017,27.26
2024,3,Março,Autos,Sedans Compactos,3,TOYOTA/YARIS SEDAN,1444,15.7
2024,3,Março,Autos,Sedans Compactos,4,NISSAN/VERSA,1161,10.27
2024,3,Março,Autos,Sedans Compactos,5,HONDA/CITY,954,9.61
2024,3,Março,Autos,Sedans Compactos,6,VW/POLO SEDAN,0,0
2024,3,Março,Autos,Sedans médios,1,TOYOTA/COROLLA,3166,63.31
2024,3,Março,Autos,Sedans médios,2,BYD/SEAL,350,11.47
2024,3,Março,Autos,Sedans médios,3,NISSAN/SENTRA,500,9.42
2024,3,Março,Autos,Sedans médios,4,VW/JETTA,268,6.23
2024,3,Março,Autos,Sedans médios,5,GM/CRUZE SEDAN,181,3.88
2024,3,Março,Autos,Sedans médios,6,HONDA/CIVIC,104,2.7
2024,3,Março,Autos,Sedans médios,7,AUDI/A3 SEDAN,41,0.96
2024,3,Março,Autos,Sedans médios,8,AUDI/A5,39,0.62
2024,3,Março,Autos,Sedans médios,9,M.BENZ/CLA200,42,0.52
2024,3,Março,Autos,Sedans médios,10,BMW/420I,19,0.32
2024,3,Março,Autos,Sedans médios,11,CAOA CHERY/ARRIZO 6,2,0.15
2024,3,Março,Autos,Sedans médios,12,M.BENZ/CLA45,8,0.14
2024,3,Março,Autos,Sedans médios,13,BMW/218I,5,0.07
2024,3,Março,Autos,Sedans médios,14,M.BENZ/CLA35,1,0.06
2024,3,Março,Autos,Sedans médios,15,JAC/E-J7,4,0.06
2024,3,Março,Autos,Sedans médios,16,HYUNDAI/IONIQ,0,0.02
2024,3,Março,Autos,Sedans médios,17,HYUNDAI/ELANTRA,0,0.01
2024,3,Março,Autos,Sedans médios,18,KIA/CERATO,1,0.01
2024,3,Março,Autos,Sedans médios,19,ROLLS ROYCE/ROLLS ROYCE,0,0.01
2024,3,Março,Autos,Sedans médios,20,VW/BORA,1,0.01
2024,3,Março,Autos,Sedans médios,21,VW/SANTANA,0,0.01
2024,3,Março,Autos,Sedans Grandes,1,BMW/320I,290,51.56
2024,3,Março,Autos,Sedans Grandes,2,M.BENZ/CLASSE C,171,17.94
2024,3,Março,Autos,Sedans Grandes,3,BMW/330E,18,5.56
2024,3,Março,Autos,Sedans Grandes,4,M.BENZ/CLA200,8,5.03
2024,3,Março,Autos,Sedans Grandes,5,HONDA/ACCORD,15,4.7
2024,3,Março,Autos,Sedans Grandes,6,PORSCHE/PANAMERA,1,4.17
2024,3,Março,Autos,Sedans Grandes,7,AUDI/A4,14,1.92
2024,3,Março,Autos,Sedans Grandes,8,LEXUS/ES300,7,1.92
2024,3,Março,Autos,Sedans Grandes,9,BYD/HAN,0,1.65
2024,3,Março,Autos,Sedans Grandes,10,BMW/I4,6,1.26
2024,3,Março,Autos,Sedans Grandes,11,TOYOTA/CAMRY,3,0.93
2024,3,Março,Autos,Sedans Grandes,12,M.BENZ/CLASSE E,7,0.6
2024,3,Março,Autos,Sw Médios,1,FORD/BELINA,1,50.0
2024,3,Março,Autos,Sw Médios,2,VW/SPACE FOX,0,50.0
2024,3,Março,Autos,Sw Grandes,1,AUDI/RS6 AVANT,3,94.12
2024,3,Março,Autos,Sw Grandes,2,VW/QUANTUM,0,5.88
2024,3,Março,Autos,Monocab,1,GM/BOLT,3,75.0
2024,3,Março,Autos,Monocab,2,FIAT/DOBLO,0,25.0
2024,3,Março,Autos,Grandcab,1,GM/SPIN,457,99.23
2024,3,Março,Autos,Grandcab,2,CHRYSLER/PACIFICA,1,0.34
2024,3,Março,Autos,Grandcab,3,TOYOTA/SIENNA,0,0.3
2024,3,Março,Autos,Grandcab,4,KIA/CARNIVAL,0,0.09
2024,3,Março,Autos,Sports,1,PORSCHE/911,159,37.97
2024,3,Março,Autos,Sports,2,PORSCHE/BOXSTER,94,21.09
2024,3,Março,Autos,Sports,3,PORSCHE/CAYMAN,29,7.0
2024,3,Março,Autos,Sports,4,BMW/M3,28,5.75
2024,3,Março,Autos,Sports,5,BMW/M2,24,4.7
2024,3,Março,Autos,Sports,6,GM/CAMARO,1,4.7
2024,3,Março,Autos,Sports,7,FORD/MUSTANG,14,4.22
2024,3,Março,Autos,Sports,8,PORSCHE/TAYCAN,10,3.93
2024,3,Março,Autos,Sports,9,GM/CORVETTE,6,2.21
2024,3,Março,Autos,Suv's,1,HYUNDAI/CRETA,4317,7.59
2024,3,Março,Autos,Suv's,2,NISSAN/KICKS,5034,7.26
2024,3,Março,Autos,Suv's,3,VW/T CROSS,5462,7.18
2024,3,Março,Autos,Suv's,4,GM/TRACKER,4711,7.07
2024,3,Março,Autos,Suv's,5,JEEP/COMPASS,3971,6.5
2024,3,Março,Autos,Suv's,6,FIAT/FASTBACK,3819,5.97
2024,3,Março,Autos,Suv's,7,VW/NIVUS,3915,5.97
2024,3,Março,Autos,Suv's,8,JEEP/RENEGADE,3881,5.81
2024,3,Março,Autos,Suv's,9,HONDA/HR-V,3656,5.42
2024,3,Março,Autos,Suv's,10,TOYOTA/COROLLA CROSS,3326,5.18
2024,3,Março,Autos,Suv's,11,FIAT/PULSE,3038,4.76
2024,3,Março,Autos,Suv's,12,CAOA CHERY/TIGGO 5X,2464,3.59
2024,3,Março,Autos,Suv's,13,RENAULT/DUSTER,2208,3.1
2024,3,Março,Autos,Suv's,14,BYD/SONG PLUS,1450,2.72
2024,3,Março,Autos,Suv's,15,GWM/HAVAL H6,1097,2.15
2024,3,Março,Autos,Suv's,16,TOYOTA/HILUX SW4,1077,1.98
2024,3,Março,Autos,Suv's,17,JEEP/COMMANDER,1026,1.8
2024,3,Março,Autos,Suv's,18,VW/TAOS,930,1.73
2024,3,Março,Autos,Suv's,19,CAOA CHERY/TIGGO 7,1745,1.59
2024,3,Março,Autos,Suv's,20,CAOA CHERY/TIGGO 8,615,1.28
2024,3,Março,Autos,Suv's,21,MITSUBISHI/ECLIPSE CROSS,703,0.99
2024,3,Março,Autos,Suv's,22,HONDA/ZR-V,619,0.78
2024,3,Março,Autos,Suv's,23,FORD/TERRITORY,128,0.66
2024,3,Março,Autos,Suv's,24,BMW/X1,502,0.62
2024,3,Março,Autos,Suv's,25,CITROEN/C3 AIRCROSS,710,0.52
2024,3,Março,Autos,Suv's,26,VW/TIGUAN,348,0.51
2024,3,Março,Autos,Suv's,27,VOLVO/XC60,282,0.41
2024,3,Março,Autos,Suv's,28,BYD/YUAN PLUS,224,0.4
2024,3,Março,Autos,Suv's,29,RENAULT/KARDIAN,616,0.37
2024,3,Março,Autos,Suv's,30,GM/EQUINOX,232,0.34
2024,3,Março,Autos,Suv's,31,FORD/BRONCO,219,0.32
2024,3,Março,Autos,Suv's,32,AUDI/Q3,227,0.3
2024,3,Março,Autos,Suv's,33,TOYOTA/RAV4,184,0.28
2024,3,Março,Autos,Suv's,34,CITROEN/C4 CACTUS,116,0.26
2024,3,Março,Autos,Suv's,35,MITSUBISHI/PAJERO,159,0.24
2024,3,Março,Autos,Suv's,36,LAND ROVER/DISCOVERY,138,0.24
2024,3,Março,Autos,Suv's,37,AUDI/Q5,159,0.24
2024,3,Março,Autos,Suv's,38,PEUGEOT/2008,195,0.2
2024,3,Março,Autos,Suv's,39,VOLVO/XC40,84,0.2
2024,3,Março,Autos,Suv's,40,PEUGEOT/E2008,8,0.19
2024,3,Março,Com. Leves,Pick-up's Pequenas,1,FIAT/STRADA,9990,68.25
2024,3,Março,Com. Leves,Pick-up's Pequenas,2,VW/SAVEIRO,4607,31.75
2024,3,Março,Com. Leves,Pick-up's Pequenas,3,FORD/PAMPA,1,0
2024,3,Março,Com. Leves,Pick-up's Pequenas,4,PEUGEOT/PARTNER,0,0
2024,3,Março,Com. Leves,Pick-up's Grandes,1,FIAT/TORO,3957,18.64
2024,3,Março,Com. Leves,Pick-up's Grandes,2,TOYOTA/HILUX,3498,18.63
2024,3,Março,Com. Leves,Pick-up's Grandes,3,RAM/RAMPAGE,2133,10.8
2024,3,Março,Com. Leves,Pick-up's Grandes,4,GM/MONTANA,2165,10.61
2024,3,Março,Com. Leves,Pick-up's Grandes,5,GM/S10,1740,9.81
2024,3,Março,Com. Leves,Pick-up's Grandes,6,FORD/RANGER,1395,9.22
2024,3,Março,Com. Leves,Pick-up's Grandes,7,RENAULT/OROCH,1095,5.72
2024,3,Março,Com. Leves,Pick-up's Grandes,8,MITSUBISHI/L200,886,4.62
2024,3,Março,Com. Leves,Pick-up's Grandes,9,NISSAN/FRONTIER,910,4.31
2024,3,Março,Com. Leves,Pick-up's Grandes,10,VW/AMAROK,263,1.58
2024,3,Março,Com. Leves,Pick-up's Grandes,11,GM/SILVERADO,67,1.15
2024,3,Março,Com. Leves,Furgões,1,RENAULT/MASTER,930,32.47
2024,3,Março,Com. Leves,Furgões,2,FIAT/SCUDO,267,12.16
2024,3,Março,Com. Leves,Furgões,3,FIAT/DUCATO,203,8.13
2024,3,Março,Com. Leves,Furgões,4,KIA/K2500,192,7.42
2024,3,Março,Com. Leves,Furgões,5,FORD/TRANSIT,246,7.31
2024,3,Março,Com. Leves,Furgões,6,VW TRUCK E BUS/EXPRESS,160,6.27
2024,3,Março,Com. Leves,Furgões,7,CITROEN/JUMPY,157,4.5
2024,3,Março,Com. Leves,Furgões Pequenos,1,FIAT/FIORINO,1666,94.74
2024,3,Março,Com. Leves,Furgões Pequenos,2,PEUGEOT/PARTNER,76,4.52
2024,3,Março,Com. Leves,Furgões Pequenos,3,BYD/T3,3,0.27
2024,3,Março,Com. Leves,Furgões Pequenos,4,RENAULT/KWID,4,0.14
2024,3,Março,Caminhões,Semi-Leve,1,M.BENZ/SPRINTER 417,165,46.1
2024,3,Março,Caminhões,Semi-Leve,2,M.BENZ/SPRINTER 517,49,15.84
2024,3,Março,Caminhões,Semi-Leve,3,M.BENZ/SPRINTER,25,14.43
2024,3,Março,Caminhões,Semi-Leve,4,IVECO/DAILY 45-170,28,7.81
2024,3,Março,Caminhões,Semi-Leve,5,IVECO/DAILY 55C17,17,6.51
2024,3,Março,Caminhões,Semi-Leve,6,VW TRUCK E BUS/6.160,5,3.8
2024,3,Março,Caminhões,Semi-Leve,7,M.BENZ/SPRINTER 416,4,1.84
2024,3,Março,Caminhões,Semi-Leve,8,IVECO/DAILY 55-170,1,0.98
2024,3,Março,Caminhões,Semi-Leve,9,M.BENZ/SPRINTER 516,2,0.98
2024,3,Março,Caminhões,Semi-Leve,10,IVECO/DAILY 65-170,2,0.87
2024,3,Março,Caminhões,Leve,1,VW TRUCK E BUS/9.180,216,41.53
2024,3,Março,Caminhões,Leve,2,M.BENZ/ACCELO 817,120,22.86
2024,3,Março,Caminhões,Leve,3,IVECO/DAILY 65-170,70,7.12
2024,3,Março,Caminhões,Leve,4,IVECO/TECTOR 9-190,61,6.88
2024,3,Março,Caminhões,Leve,5,HYUNDAI/HD 80,18,5.78
2024,3,Março,Caminhões,Leve,6,VW TRUCK E BUS/6.170,19,4.03
2024,3,Março,Caminhões,Leve,7,VW TRUCK E BUS/9.170,7,2.45
2024,3,Março,Caminhões,Leve,8,M.BENZ/ACCELO 1016,3,1.9
2024,3,Março,Caminhões,Leve,9,FOTON/AUMARK S 916,18,1.42
2024,3,Março,Caminhões,Leve,10,JAC/IEV1200T,4,1.34
2024,3,Março,Caminhões,Médio,1,VW TRUCK E BUS/11.180,419,44.86
2024,3,Março,Caminhões,Médio,2,M.BENZ/ACCELO 1017,279,26.63
2024,3,Março,Caminhões,Médio,3,VW TRUCK E BUS/13.180,49,5.81
2024,3,Março,Caminhões,Médio,4,IVECO/TECTOR 11-190,7,5.34
2024,3,Março,Caminhões,Médio,5,M.BENZ/ACCELO 1317,46,5.19
2024,3,Março,Caminhões,Médio,6,M.BENZ/ATEGO 1419,43,3.01
2024,3,Março,Caminhões,Médio,7,VW TRUCK E BUS/E DELIVERY 14,31,2.76
2024,3,Março,Caminhões,Médio,8,VW TRUCK E BUS/14.210,10,2.65
2024,3,Março,Caminhões,Médio,9,FOTON/AUMARK S 1217A,21,1.34
2024,3,Março,Caminhões,Médio,10,FOTON/AUMARK S 11T,6,0.73
2024,3,Março,Caminhões,Semi-Pesado,1,VOLVO/VM 290,270,11.2
2024,3,Março,Caminhões,Semi-Pesado,2,VW TRUCK E BUS/26.260,219,8.59
2024,3,Março,Caminhões,Semi-Pesado,3,M.BENZ/ATEGO 1719,236,8.4
2024,3,Março,Caminhões,Semi-Pesado,4,VW TRUCK E BUS/17.210,194,8.01
2024,3,Março,Caminhões,Semi-Pesado,5,M.BENZ/ATEGO 2429,152,6.31
2024,3,Março,Caminhões,Semi-Pesado,6,VW TRUCK E BUS/26.320,171,6.02
2024,3,Março,Caminhões,Semi-Pesado,7,VOLVO/VM 360,126,5.08
2024,3,Março,Caminhões,Semi-Pesado,8,VW TRUCK E BUS/30.320,101,4.54
2024,3,Março,Caminhões,Semi-Pesado,9,VW TRUCK E BUS/27.260,102,4.24
2024,3,Março,Caminhões,Semi-Pesado,10,DAF/CF 310,9,3.94
2024,3,Março,Caminhões,Pesado,1,VOLVO/FH 540,661,13.6
2024,3,Março,Caminhões,Pesado,2,SCANIA/R450,530,9.66
2024,3,Março,Caminhões,Pesado,3,DAF/XF 530,323,8.04
2024,3,Março,Caminhões,Pesado,4,SCANIA/R540,484,6.88
2024,3,Março,Caminhões,Pesado,5,VOLVO/FH 460,289,6.26
2024,3,Março,Caminhões,Pesado,6,DAF/XF 480,264,5.84
2024,3,Março,Caminhões,Pesado,7,M.BENZ/ACTROS 2548,246,5.01
2024,3,Março,Caminhões,Pesado,8,SCANIA/R 460,240,4.14
2024,3,Março,Caminhões,Pesado,9,SCANIA/R560,169,3.53
2024,3,Março,Caminhões,Pesado,10,M.BENZ/AROCS 3351,192,3.52
2024,3,Março,Motos,City,1,HONDA/CG 160,35987,58.92
2024,3,Março,Motos,City,2,MOTTU/SPORT 110I,5495,8.59
2024,3,Março,Motos,City,3,HONDA/CB 300F,4158,6.84
2024,3,Março,Motos,City,4,YAMAHA/YBR 150,4424,6.51
2024,3,Março,Motos,City,5,YAMAHA/FAZER 250,4198,6.39
2024,3,Março,Motos,City,6,YAMAHA/FAZER 150,3333,5.56
2024,3,Março,Motos,City,7,YAMAHA/YS150 FAZER,1411,2.5
2024,3,Março,Motos,City,8,SHINERAY/XY 150,639,0.8
2024,3,Março,Motos,City,9,YAMAHA/YBR 125,764,0.78
2024,3,Março,Motos,City,10,HAOJUE/DR160,381,0.65
2024,3,Março,Motos,Custom,1,ROYAL ENFIELD/HUNTER 350,437,23.69
2024,3,Março,Motos,Custom,2,ROYAL ENFIELD/METEOR,237,20.87
2024,3,Março,Motos,Custom,3,ROYAL ENFIELD/CLASSIC 350,230,17.55
2024,3,Março,Motos,Custom,4,BMW/C400 X,134,8.78
2024,3,Março,Motos,Custom,5,KAWASAKI/VULCAN S,87,8.05
2024,3,Março,Motos,Custom,6,ROYAL ENFIELD/INTERCEPTOR,79,4.18
2024,3,Março,Motos,Custom,7,TRIUMPH/BONNEVILLE,49,2.4
2024,3,Março,Motos,Custom,8,ROYAL ENFIELD/CONTINENTAL GT,36,2.19
2024,3,Março,Motos,Custom,9,H.DAVIDSON/FL FBS,29,1.72
2024,3,Março,Motos,Custom,10,TRIUMPH/BONNEVILLE SPEEDMASTER,31,1.49
2024,3,Março,Motos,Trail/Fun,1,HONDA/NXR160,12595,45.65
2024,3,Março,Motos,Trail/Fun,2,HONDA/XRE 300,4243,14.11
2024,3,Março,Motos,Trail/Fun,3,YAMAHA/XTZ 250,3558,12.62
2024,3,Março,Motos,Trail/Fun,4,YAMAHA/CROSSER 150,2804,10.03
2024,3,Março,Motos,Trail/Fun,5,SHINERAY/XY 125,2046,7.24
2024,3,Março,Motos,Trail/Fun,6,HONDA/XRE 190,1844,6.74
2024,3,Março,Motos,Trail/Fun,7,BMW/G310 GS,181,1.18
2024,3,Março,Motos,Trail/Fun,8,HAOJUE/NK 150,162,0.69
2024,3,Março,Motos,Trail/Fun,9,DAFRA/NH 190,90,0.44
2024,3,Março,Motos,Trail/Fun,10,ROYAL ENFIELD/SCRAM 411,106,0.43
2024,3,Março,Motos,Maxtrail,1,BMW/R1250GS,227,18.45
2024,3,Março,Motos,Maxtrail,2,TRIUMPH/TIGER 900,315,15.42
2024,3,Março,Motos,Maxtrail,3,HONDA/NC 750X,237,14.29
2024,3,Março,Motos,Maxtrail,4,HONDA/CB 500X,297,12.29
2024,3,Março,Motos,Maxtrail,5,BMW/F850 GS,176,6.76
2024,3,Março,Motos,Maxtrail,6,KAWASAKI/VERSYS 650,121,5.83
2024,3,Março,Motos,Maxtrail,7,HONDA/CRF 1100L,89,5.55
2024,3,Março,Motos,Maxtrail,8,ROYAL ENFIELD/HIMALAYAN,76,5.15
2024,3,Março,Motos,Maxtrail,9,TRIUMPH/TIGER SPORT 660,116,4.36
2024,3,Março,Motos,Maxtrail,10,SUZUKI/VSTROM650,69,3.78
2024,3,Março,Motos,Naked/Roadster,1,YAMAHA/MT03,733,33.89
2024,3,Março,Motos,Naked/Roadster,2,BAJAJ/DOMINAR D400,472,11.54
2024,3,Março,Motos,Naked/Roadster,3,HONDA/CB 500,236,9.29
2024,3,Março,Motos,Naked/Roadster,4,YAMAHA/MT09,198,7.59
2024,3,Março,Motos,Naked/Roadster,5,YAMAHA/MT07,189,7.53
2024,3,Março,Motos,Naked/Roadster,6,KAWASAKI/Z900,154,6.37
2024,3,Março,Motos,Naked/Roadster,7,HONDA/CB 650R,150,4.69
2024,3,Março,Motos,Naked/Roadster,8,HONDA/CB 1000R,43,2.94
2024,3,Março,Motos,Naked/Roadster,9,KAWASAKI/Z400,64,2.87
2024,3,Março,Motos,Naked/Roadster,10,BMW/G310 R,40,1.86
2024,3,Março,Motos,Scooter/Cub,1,HONDA/BIZ,24772,45.32
2024,3,Março,Motos,Scooter/Cub,2,HONDA/POP 110I,12922,23.38
2024,3,Março,Motos,Scooter/Cub,3,HONDA/PCX 160,5068,8.76
2024,3,Março,Motos,Scooter/Cub,4,HONDA/ELITE 125,2516,5.04
2024,3,Março,Motos,Scooter/Cub,5,YAMAHA/NEO 125,1295,2.57
2024,3,Março,Motos,Scooter/Cub,6,YAMAHA/NMAX,1462,2.28
2024,3,Março,Motos,Scooter/Cub,7,AVELLOZ/AZ1,1284,2.17
2024,3,Março,Motos,Scooter/Cub,8,HONDA/ADV 150,991,2.09
2024,3,Março,Motos,Scooter/Cub,9,SHINERAY/XY 50,1098,2.03
2024,3,Março,Motos,Scooter/Cub,10,YAMAHA/FLUO 125,1045,1.74
2024,3,Março,Motos,Sport,1,YAMAHA/YZF R15,785,55.81
2024,3,Março,Motos,Sport,2,YAMAHA/YZF R3,108,11.68
2024,3,Março,Motos,Sport,3,KAWASAKI/NINJA 400,87,7.27
2024,3,Março,Motos,Sport,4,BMW/S1000 R,91,6.56
2024,3,Março,Motos,Sport,5,HONDA/CBR 650R,61,6.03
2024,3,Março,Motos,Sport,6,KAWASAKI/NINJA 300,29,2.22
2024,3,Março,Motos,Sport,7,KAWASAKI/NINJA ZX-4R,18,1.89
2024,3,Março,Motos,Sport,8,KAWASAKI/NINJA ZX 6,23,1.83
2024,3,Março,Motos,Sport,9,KAWASAKI/NINJA 650,13,1.73
2024,3,Março,Motos,Sport,10,KAWASAKI/NINJA ZX10,20,1.53
2024,3,Março,Motos,Touring,1,H.DAVIDSON/FLTRK,5,21.33
2024,3,Março,Motos,Touring,2,H.DAVIDSON/FLH RXS,10,20.67
2024,3,Março,Motos,Touring,3,H.DAVIDSON/FLT,1,20.67
2024,3,Março,Motos,Touring,4,H.DAVIDSON/FLHX,5,15.33
2024,3,Março,Motos,Touring,5,H.DAVIDSON/FLHTK,4,10.67
2024,3,Março,Motos,Touring,6,HONDA/GOLDWING,4,4.67
2024,3,Março,Motos,Touring,7,BMW/K 1600,1,4.0
2024,3,Março,Motos,Touring,8,BMW/R1250 RT,2,2.0
2024,4,Abril,Autos,Sedans médios,1,TOYOTA/COROLLA 3.166,4,65.03
2024,4,Abril,Autos,Sedans médios,2,BYD/SEAL,283,10.12
2024,4,Abril,Autos,Sedans médios,3,NISSAN/SENTRA,380,9.19
2024,4,Abril,Autos,Sedans médios,4,GM/CRUZE SEDAN 181,4,3.54
2024,4,Abril,Autos,Sedans médios,5,AUDI/A3 SEDAN,34,0.91
2024,4,Abril,Autos,Sedans médios,6,M.BENZ/CLA200,57,0.72
2024,4,Abril,Autos,Sedans médios,7,AUDI/AS 39,4,0.6
2024,4,Abril,Autos,Sedans médios,8,BMW/420I,10,0.3
2024,4,Abril,Autos,Sedans médios,9,M.BENZ/CLA45,13,0.18
2024,4,Abril,Autos,Sedans médios,10,CAOA CHERY/ARRIZO 6,3,0.13
2024,4,Abril,Autos,Sedans médios,11,M.BENZ/CLA35,1,0.05
2024,4,Abril,Autos,Sedans médios,12,JAC/E-)7 4,4,0.05
2024,4,Abril,Autos,Sedans médios,13,HYUNDAI/ELANTRA,0,0.01
2024,4,Abril,Autos,Sedans médios,14,KIA/CERATO,0,0.01
2024,4,Abril,Autos,Sedans médios,15,VW/BORA,0,0.01
2024,4,Abril,Autos,Sedans médios,16,VW/SANTANA,0,0.01
2024,4,Abril,Autos,Sedans Grandes,1,BMW/320I,410,54.59
2024,4,Abril,Autos,Sedans Grandes,2,M.BENZ/CLASSE C,133,18.55
2024,4,Abril,Autos,Sedans Grandes,3,BMW/330E 18,4,4.55
2024,4,Abril,Autos,Sedans Grandes,4,HONDA/ACCORD 15,4,3.86
2024,4,Abril,Autos,Sedans Grandes,5,M.BENZ/CLA200 8,4,3.63
2024,4,Abril,Autos,Sedans Grandes,6,AUDI/A4,10,1.79
2024,4,Abril,Autos,Sedans Grandes,7,LEXUS/ES300,8,1.7
2024,4,Abril,Autos,Sedans Grandes,8,BYD/HAN,1,1.19
2024,4,Abril,Autos,Sedans Grandes,9,BMW/14,3,1.01
2024,4,Abril,Autos,Sedans Grandes,10,TOYOTA/CAMRY,5,0.87
2024,4,Abril,Autos,Sedans Grandes,11,BMW/I7,4,0.55
2024,4,Abril,Autos,Sw Médios,1,FORD/BELINA,0,50.0
2024,4,Abril,Autos,Sw Médios,2,VW/SPACE FOX,0,50.0
2024,4,Abril,Autos,Sw Grandes,1,AUDI/RS6 AVANT,8,96.0
2024,4,Abril,Autos,Sw Grandes,2,VW/QUANTUM,0,4.0
2024,4,Abril,Autos,Monocab,1,GM/BOLT,1,80.0
2024,4,Abril,Autos,Monocab,2,FIAT/DOBLO,0,20.0
2024,4,Abril,Autos,Furgões Pequenos,1,PEUGEOT /PARTNER,87,4.72
2024,4,Abril,Autos,Furgões Pequenos,2,BYD/T3,81,1.44
2024,4,Abril,Autos,Furgões Pequenos,3,RENAULT /KWID,7,0.21
2024,4,Abril,Autos,City,1,HONDA/CG 160,42335,59.64
2024,4,Abril,Autos,City,2,MOTTU/SPORT 1101,2749,7.29
2024,4,Abril,Autos,City,3,HONDA/CB 300F,5321,7.09
2024,4,Abril,Autos,City,4,YAMAHA/YBR 150,4907,6.68
2024,4,Abril,Autos,City,5,YAMAHA/ FAZER 250,4694,6.51
2024,4,Abril,Autos,City,6,YAMAHA/FAZER 150,3936,5.61
2024,4,Abril,Autos,City,7,SHINERAY/XY 150,781,0.9
2024,4,Abril,Autos,City,8,YAMAHA/YBR 125,764,0.87
2024,4,Abril,Autos,City,9,HAOJUE/DR160,312,0.59
2024,4,Abril,Autos,Custom,1,ROYAL ENFIELD/HUNTER 350,645,28.3
2024,4,Abril,Autos,Custom,2,ROYAL ENFIELD/METEOR,275,19.58
2024,4,Abril,Autos,Custom,3,ROYAL ENFIELD/CLASSIC 350,29,16.43
2024,4,Abril,Autos,Custom,4,BMW/C400 X,103,8.01
2024,4,Abril,Autos,Custom,5,KAWASAKI/VULCAN S,74,6.97
2024,4,Abril,Autos,Custom,6,H.DAVIDSON/FL FBS,29,1.73
2024,4,Abril,Autos,Custom,7,TRIUMPH/SPEED TWIN,7,1.35
2024,4,Abril,Autos,Trail/Fun,1,HONDA/NXR160,14110,45.41
2024,4,Abril,Autos,Trail/Fun,2,HONDA/XRE 300,4601,14.25
2024,4,Abril,Autos,Trail/Fun,3,YAMAHA/XTZ 250,4352,12.96
2024,4,Abril,Autos,Trail/Fun,4,YAMAHA/CROSSER 150,3193,10.06
2024,4,Abril,Autos,Trail/Fun,5,SHINERAY/XY 125,2214,7.18
2024,4,Abril,Autos,Trail/Fun,6,HONDA/XRE 190,2176,6.79
2024,4,Abril,Autos,Trail/Fun,7,BMW/G310 GS,186,1.01
2024,4,Abril,Autos,Trail/Fun,8,HAOJUE/NK 150,155,0.63
2024,4,Abril,Autos,Trail/Fun,9,DAFRA/NH 190,143,0.45
2024,5,Maio,Autos,Veículos de Entrada,1,FIAT/MOBI,6148,55.35
2024,5,Maio,Autos,Veículos de Entrada,2,RENAULT /KWID,2797,44.56
2024,5,Maio,Autos,Veículos de Entrada,3,VW/GOL 7,4,0.06
2024,5,Maio,Autos,Veículos de Entrada,4,FIAT/UNO,1,0.01
2024,5,Maio,Autos,Veículos de Entrada,5,VW/UP 1,4,0.01
2024,5,Maio,Autos,Veículos de Entrada,6,FIAT/PALIO,0,0
2024,5,Maio,Autos,Veículos de Entrada,7,GM/CHEVETTE,1,0
2024,5,Maio,Autos,Veículos de Entrada,8,GM/CELTA,1,0
2024,5,Maio,Autos,Veículos de Entrada,9,TOYOTA/ETIOS HB,1,0
2024,5,Maio,Autos,Hatch Pequenos,1,VW/POLO,8484,24.07
2024,5,Maio,Autos,Hatch Pequenos,2,GM/ONIX,7901,17.36
2024,5,Maio,Autos,Hatch Pequenos,3,HYUNDAI/HB20,6691,16.46
2024,5,Maio,Autos,Hatch Pequenos,4,FIAT/ARGO,5552,16.09
2024,5,Maio,Autos,Hatch Pequenos,5,TOYOTA/YARIS HB,1757,4.99
2024,5,Maio,Autos,Hatch Pequenos,6,CITROEN/C3,1580,4.07
2024,5,Maio,Autos,Hatch Pequenos,7,BYD/DOLPHIN,1145,4.04
2024,5,Maio,Autos,Hatch Pequenos,8,BYD/DOLPHIN MINI,2104,3.86
2024,5,Maio,Autos,Hatch Pequenos,9,PEUGEOT/208,1531,3.75
2024,5,Maio,Autos,Hatch Pequenos,10,HONDA/CITY HATCH,957,2.22
2024,5,Maio,Autos,Hatch Pequenos,11,GWM/ORA 03 672,4,1.55
2024,5,Maio,Autos,Hatch Pequenos,12,RENAULT/SANDERO,280,0.94
2024,5,Maio,Autos,Hatch Médios,1,GM/CRUZE HB,19,33.26
2024,5,Maio,Autos,Hatch Médios,2,AUDI/A3,29,32.85
2024,5,Maio,Autos,Hatch Médios,3,HONDA/CIVIC TYPE-R,3,7.85
2024,5,Maio,Autos,Hatch Médios,4,M.BENZ/CLASSE A,7,5.37
2024,5,Maio,Autos,Hatch Médios,5,NISSAN/LEAF,1,5.37
2024,5,Maio,Autos,Hatch Médios,6,BMW/118I,4,5.17
2024,5,Maio,Autos,Sedans médios,1,TOYOTA/COROLLA,2400,65.0
2024,5,Maio,Autos,Sedans médios,2,NISSAN/SENTRA,497,9.96
2024,5,Maio,Autos,Sedans médios,3,BYD/SEAL,213,9.33
2024,5,Maio,Autos,Sedans médios,4,GM/CRUZE SEDAN,84,3.31
2024,5,Maio,Autos,Sedans médios,5,M.BENZ/CLA200,65,0.91
2024,5,Maio,Autos,Sedans médios,6,AUDI/A3 SEDAN,29,0.89
2024,5,Maio,Autos,Sedans médios,7,AUDI/AS,36,0.66
2024,5,Maio,Autos,Sedans médios,8,BMW/420I,5,0.27
2024,5,Maio,Autos,Sedans médios,9,CAOA CHERY/ARRIZO 6,2,0.12
2024,5,Maio,Autos,Sedans médios,10,M.BENZ/CLA35,5,0.07
2024,5,Maio,Autos,Sedans médios,11,BMW/218I,1,0.06
2024,5,Maio,Autos,Sedans médios,12,HYUNDAI/IONIQ,0,0.01
2024,5,Maio,Autos,Sedans médios,13,TESLA/MODEL 3,1,0.01
2024,5,Maio,Autos,Sedans médios,14,KIA/CERATO,0,0
2024,5,Maio,Autos,Sedans Grandes,1,BMW/320I,470,57.33
2024,5,Maio,Autos,Sedans Grandes,2,PORSCHE/PANAMERA,56,5.87
2024,5,Maio,Autos,Sedans Grandes,3,BMW/330E,10,3.77
2024,5,Maio,Autos,Sedans Grandes,4,HONDA/ACCORD,16,3.46
2024,5,Maio,Autos,Sedans Grandes,5,M.BENZ/CLA200,0,2.73
2024,5,Maio,Autos,Sedans Grandes,6,AUDI/A4,21,2.07
2024,5,Maio,Autos,Sedans Grandes,7,LEXUS/ES300,8,1.55
2024,5,Maio,Autos,Sedans Grandes,8,BMW/I4,6,0.97
2024,5,Maio,Autos,Sedans Grandes,9,BYD/HAN,0,0.9
2024,5,Maio,Autos,Sedans Grandes,10,TOYOTA/CAMRY,2,0.73
2024,5,Maio,Autos,Sedans Grandes,11,BMW/15,4,0.48
2024,5,Maio,Autos,Sw Médios,1,FORD/BELINA,0,50.0
2024,5,Maio,Autos,Sw Médios,2,VW/SPACE FOX,0,50.0
2024,5,Maio,Autos,Sw Grandes,1,AUDI/RS6 AVANT,3,96.43
2024,5,Maio,Autos,Sw Grandes,2,VW/QUANTUM,0,3.57
2024,5,Maio,Autos,Monocab,1,GM/BOLT,10,87.5
2024,5,Maio,Autos,Monocab,2,FIAT/DOBLO,0,6.25
2024,5,Maio,Autos,Monocab,3,HONDAY/FIT,1,6.25
2024,5,Maio,Autos,Suv's,1,VW/T CROSS,6501,7.84
2024,5,Maio,Autos,Suv's,2,HYUNDAI/CRETA,5739,7.56
2024,5,Maio,Autos,Suv's,3,NISSAN/KICKS,5910,7.2
2024,5,Maio,Autos,Suv's,4,GM/TRACKER,4613,7.03
2024,5,Maio,Autos,Suv's,5,VW/NIVUS,4546,6.28
2024,5,Maio,Autos,Suv's,6,JEEP/RENEGADE,4173,5.81
2024,5,Maio,Autos,Suv's,7,JEEP/COMPASS,3282,5.77
2024,5,Maio,Autos,Suv's,8,FIAT/FASTBACK,3589,5.57
2024,5,Maio,Autos,Suv's,9,HONDA/HR-V,3660,5.41
2024,5,Maio,Autos,Suv's,10,TOYOTA/COROLLA CROSS,4565,5.39
2024,5,Maio,Autos,Suv's,11,FIAT/PULSE,3084,4.64
2024,5,Maio,Autos,Suv's,12,CAOA CHERY/TIGGO 5X,2446,3.56
2024,5,Maio,Autos,Suv's,13,RENAULT/DUSTER,1189,2.7
2024,5,Maio,Autos,Suv's,14,BYD/SONG PLUS,1560,2.49
2024,5,Maio,Autos,Suv's,15,CAOA CHERY/TIGGO 7,1694,2.32
2024,5,Maio,Autos,Suv's,16,GWM/HAVAL H6,1438,2.11
2024,5,Maio,Autos,Suv's,17,TOYOTA/HILUX SW4,1063,1.89
2024,5,Maio,Autos,Suv's,18,JEEP/COMMANDER,1176,1.68
2024,5,Maio,Autos,Suv's,19,VW/TAOS,1235,1.57
2024,5,Maio,Autos,Suv's,20,CAOA CHERY/TIGGO 8,774,1.15
2024,5,Maio,Autos,Suv's,21,RENAULT/KARDIAN,1203,1.05
2024,5,Maio,Autos,Suv's,22,MITSUBISHI /ECLIPSE CROSS,734,0.99
2024,5,Maio,Autos,Suv's,23,CITROEN/C3 AIRCROSS,845,0.89
2024,5,Maio,Autos,Suv's,24,HONDA/ZR-V,491,0.75
2024,5,Maio,Autos,Suv's,25,FORD/TERRITORY,435,0.63
2024,5,Maio,Autos,Suv's,26,BMW/X1,439,0.58
2024,5,Maio,Autos,Suv's,27,VW/TIGUAN,313,0.48
2024,5,Maio,Autos,Suv's,28,VOLVO/XC60,267,0.37
2024,5,Maio,Autos,Suv's,29,BYD/YUAN PLUS,193,0.34
2024,5,Maio,Autos,Suv's,30,TOYOTA/RAV4,357,0.33
2024,5,Maio,Autos,Suv's,31,GM/EQUINOX 233,4,0.31
2024,5,Maio,Autos,Suv's,32,AUDI/Q3 215,4,0.29
2024,5,Maio,Autos,Suv's,33,FORD/BRONCO 175,4,0.28
2024,5,Maio,Autos,Suv's,34,MITSUBISHI /PAJERO,165,0.25
2024,5,Maio,Autos,Suv's,35,LAND ROVER/DISCOVERY,143,0.22
2024,5,Maio,Autos,Suv's,36,PEUGEOT/2008 245,4,0.21
2024,5,Maio,Autos,Suv's,37,GM/TRAILBLAZER,253,0.21
2024,5,Maio,Autos,Suv's,38,CITROEN/C4 CACTUS,64,0.2
2024,5,Maio,Autos,Suv's,39,AUDI/QS 122,4,0.19
2024,5,Maio,Autos,Suv's,40,BMW/X3,171,0.17
2024,5,Maio,Autos,Pick-up's Pequenas,1,FIAT/STRADA,10973,69.72
2024,5,Maio,Autos,Pick-up's Pequenas,2,VW/SAVEIRO,3557,30.27
2024,5,Maio,Autos,Pick-up's Pequenas,3,PEUGEOT/PARTNER,0,0
2024,5,Maio,Autos,Pick-up's Pequenas,4,FORD/PAMPA,0,0
2024,5,Maio,Autos,Pick-up's Pequenas,5,GM/CHEVY,0,0
2024,5,Maio,Autos,Pick-up's Grandes,1,FIAT/TORO,4315,18.7
2024,5,Maio,Autos,Pick-up's Grandes,2,TOYOTA/HILUX,3393,18.66
2024,5,Maio,Autos,Pick-up's Grandes,3,GM/MONTANA,2306,10.81
2024,5,Maio,Autos,Pick-up's Grandes,4,GM/S1O,230,10.31
2024,5,Maio,Autos,Pick-up's Grandes,5,FORD/RANGER,2306,9.88
2024,5,Maio,Autos,Pick-up's Grandes,6,RAM/RAMPAGE,1733,9.54
2024,5,Maio,Autos,Pick-up's Grandes,7,RENAULT /OROCH,1107,5.45
2024,5,Maio,Autos,Pick-up's Grandes,8,MITSUBISHI /L200,938,4.79
2024,5,Maio,Autos,Pick-up's Grandes,9,NISSAN/FRONTIER,1054,4.6
2024,5,Maio,Autos,Pick-up's Grandes,10,VW/AMAROK,582,1.72
2024,5,Maio,Autos,Pick-up's Grandes,11,FORD/MAVERICK,303,1.13
2024,5,Maio,Autos,Furgões,1,RENAULT/MASTER,628,31.54
2024,5,Maio,Autos,Furgões,2,FIAT/SCUDO,101,10.06
2024,5,Maio,Autos,Furgões,3,FORD/TRANSIT,308,8.87
2024,5,Maio,Autos,Furgões,4,KIA/K2500 255,4,8.0
2024,5,Maio,Autos,Furgões,5,FIAT/DUCATO,70,6.53
2024,5,Maio,Autos,Furgões,6,VW TRUCK E BUS/EXPRESS,123,5.94
2024,5,Maio,Autos,Furgões,7,IVECO/DAILY,131,5.17
2024,5,Maio,Autos,Furgões Pequenos,1,FIAT/FIORINO,1102,93.32
2024,5,Maio,Autos,Furgões Pequenos,2,PEUGEOT /PARTNER,64,4.83
2024,5,Maio,Autos,Furgões Pequenos,3,BYD/T3,0,1.22
2024,5,Maio,Autos,Furgões Pequenos,4,RENAULT /KWID,2,0.21
2024,5,Maio,Autos,Semi-Leve,1,M.BENZ/SPRINTER 417,222,53.48
2024,5,Maio,Autos,Semi-Leve,2,M.BENZ/SPRINTER 517,53,15.69
2024,5,Maio,Autos,Semi-Leve,3,M.BENZ/SPRINTER,15,9.79
2024,5,Maio,Autos,Semi-Leve,4,IVECO/DAILY 45-170,23,7.09
2024,5,Maio,Autos,Semi-Leve,5,IVECO/DAILY 55C17,16,5.4
2024,5,Maio,Autos,Semi-Leve,6,VW TRUCK E BUS/6.160 5,4,2.64
2024,5,Maio,Autos,Semi-Leve,7,M.BENZ/SPRINTER 416,1,1.88
2024,5,Maio,Autos,Semi-Leve,8,M.BENZ/SPRINTER 516,2,1.07
2024,5,Maio,Autos,Semi-Leve,9,IVECO/DAILY 55-170,2,0.82
2024,5,Maio,Autos,Semi-Leve,10,IVECO/DAILY 65-170,4,0.82
2024,5,Maio,Autos,Leve,1,VW TRUCK E BUS/9.180,227,43.02
2024,5,Maio,Autos,Leve,2,M.BENZ/ACCELO 817,1230,23.8
2024,5,Maio,Autos,Leve,3,IVECO/DAILY 65-170 75,4,8.32
2024,5,Maio,Autos,Leve,4,IVECO/TECTOR 9-190,30,6.14
2024,5,Maio,Autos,Leve,5,HYUNDAI/HD 80,18,4.76
2024,5,Maio,Autos,Leve,6,VW TRUCK E BUS/9.170 21,4,2.31
2024,5,Maio,Autos,Leve,7,M.BENZ/ACCELO 1016,4,1.29
2024,5,Maio,Autos,Leve,8,FOTON/AUMARK S 916,8,1.16
2024,5,Maio,Autos,Leve,9,JAC/IEV1200T,3,1.07
2024,5,Maio,Autos,Médio,1,VW TRUCK E BUS/11.180,49,43.12
2024,5,Maio,Autos,Médio,2,M.BENZ/ACCELO 1017,371,29.12
2024,5,Maio,Autos,Médio,3,IVECO/TECTOR 11-190,5,6.09
2024,5,Maio,Autos,Médio,4,M.BENZ/ACCELO 1317,4,4.52
2024,5,Maio,Autos,Médio,5,M.BENZ/ATEGO 1419,47,3.27
2024,5,Maio,Autos,Médio,6,VW TRUCK E BUS/14.210,13,2.9
2024,5,Maio,Autos,Médio,7,VW TRUCK E BUS/E DELIVERY 14,1,1.53
2024,5,Maio,Autos,Médio,8,FOTON/AUMARK S 1217A,9,1.29
2024,5,Maio,Autos,Médio,9,VW TRUCK E BUS/E DELIVERY 1,16,0.56
2024,5,Maio,Autos,City,1,HONDA/CG 160,40516,60.22
2024,5,Maio,Autos,City,2,HONDA/CB 300F,5522,7.39
2024,5,Maio,Autos,City,3,YAMAHA/YBR 150,4798,6.83
2024,5,Maio,Autos,City,4,YAMAHA/FAZER 250,4273,6.53
2024,5,Maio,Autos,City,5,MOTTU/SPORT 1101,1507,6.25
2024,5,Maio,Autos,City,6,YAMAHA/FAZER 150,3741,5.64
2024,5,Maio,Autos,City,7,YAMAHA/YS150 FAZER,1573,2.46
2024,5,Maio,Autos,City,8,SHINERAY/XY 150,910,1.0
2024,5,Maio,Autos,City,9,YAMAHA/YBR 125,742,0.93
2024,5,Maio,Autos,City,10,HAOJUE/DR160,143,0.51
2024,5,Maio,Autos,Custom,1,ROYAL ENFIELD/METEOR,3229,19.63
2024,5,Maio,Autos,Custom,2,BMW/C400 X 103,4,7.48
2024,5,Maio,Autos,Custom,3,ROYAL ENFIELD/CONTINENTAL GT,31,2.04
2024,5,Maio,Autos,Custom,4,TRIUMPH/SCRAMBLER 400,137,1.93
2024,5,Maio,Autos,Custom,5,H.DAVIDSON/FL FBS,19,1.59
2024,5,Maio,Autos,Trail/Fun,1,HONDA/NXR160,15045,45.51
2024,5,Maio,Autos,Trail/Fun,2,HONDA/XRE 300,3905,13.72
2024,5,Maio,Autos,Trail/Fun,3,YAMAHA/XTZ 250,4270,12.97
2024,5,Maio,Autos,Trail/Fun,4,YAMAHA/CROSSER 150,3182,9.98
2024,5,Maio,Autos,Trail/Fun,5,HONDA/XRE 190,3307,7.54
2024,5,Maio,Autos,Trail/Fun,6,SHINERAY/XY 125,2304,715
2024,5,Maio,Autos,Trail/Fun,7,BMW/G310 GS,132,0.87
2024,5,Maio,Autos,Trail/Fun,8,HAOQJUE/NK 150 155,4,0.58
2024,5,Maio,Autos,Trail/Fun,9,DAFRA/NH 190,120,0.43
2024,5,Maio,Autos,Trail/Fun,10,KAWASAKI/VERSYS 300 155,4,0.39
2024,5,Maio,Autos,Maxtrail,1,HONDA/CB 500X,482,16.18
2024,5,Maio,Autos,Maxtrail,2,BMW/R1250GS,365,15.37
2024,5,Maio,Autos,Maxtrail,3,TRIUMPH/TIGER 900,348,14.85
2024,5,Maio,Autos,Maxtrail,4,HONDA/NC 750X,272,12.06
2024,5,Maio,Autos,Maxtrail,5,BMW/F850 GS 246,4,7.85
2024,5,Maio,Autos,Maxtrail,6,BMW/R1300GS,228,5.07
2024,5,Maio,Autos,Maxtrail,7,KAWASAKI/VERSYS 650,76,4.56
2024,5,Maio,Autos,Maxtrail,8,HONDA/CRF 1100L,91,4.45
2024,5,Maio,Autos,Maxtrail,9,ROYAL ENFIELD/HIMALAYAN,58,3.94
2024,5,Maio,Autos,Maxtrail,10,TRIUMPH/TIGER SPORT 660,23,3.31
2024,5,Maio,Autos,Naked/Roadster,1,YAMAHA/MTO3,817,31.41
2024,5,Maio,Autos,Naked/Roadster,2,BAJAJ/DOMINAR D400,649,15.24
2024,5,Maio,Autos,Naked/Roadster,3,YAMAHA/MTO9 255,4,7.8
2024,5,Maio,Autos,Naked/Roadster,4,YAMAHA/MTOZ,183,7.24
2024,5,Maio,Autos,Naked/Roadster,5,HONDA/CB 650R,200,6.06
2024,5,Maio,Autos,Naked/Roadster,6,KAWASAKI/Z900,58,4.82
2024,5,Maio,Autos,Naked/Roadster,7,HONDA/CB 1000R,68,2.51
2024,5,Maio,Autos,Naked/Roadster,8,KAWASAKI/Z400,60,2.43
2024,5,Maio,Autos,Naked/Roadster,9,TRIUMPH/STREET TRIPLE,33,1.73
2024,5,Maio,Autos,Scooter/Cub,1,HONDA/BIZ,27508,45.79
2024,5,Maio,Autos,Scooter/Cub,2,HONDA/POP 1101,12686,23.11
2024,5,Maio,Autos,Scooter/Cub,3,HONDA/PCX 160,5748,9.17
2024,5,Maio,Autos,Scooter/Cub,4,YAMAHA/NEO 125,1356,2.51
2024,5,Maio,Autos,Scooter/Cub,5,YAMAHA/NMAX 1.580,0,2.41
2024,5,Maio,Autos,Scooter/Cub,6,AVELLOZ/AZ1,1334,2.21
2024,5,Maio,Autos,Scooter/Cub,7,SHINERAY/XY 50,1248,2.08
2024,5,Maio,Autos,Scooter/Cub,8,HONDA/ADV 150,1215,2.05
2024,5,Maio,Autos,Scooter/Cub,9,YAMAHA/FLUO 125,1074,1.79
2024,6,Junho,Autos,Veículos de Entrada,1,FIAT/MOBI,6007,55.66
2024,6,Junho,Autos,Veículos de Entrada,2,RENAULT/KWID,4520,44.26
2024,6,Junho,Autos,Veículos de Entrada,3,VW/GOL,2,0.05
2024,6,Junho,Autos,Veículos de Entrada,4,FIAT/UNO,0,0.01
2024,6,Junho,Autos,Veículos de Entrada,5,GM/CHEVETTE,1,0.01
2024,6,Junho,Autos,Veículos de Entrada,6,VW/UP,0,0.01
2024,6,Junho,Autos,Veículos de Entrada,7,FIAT/PALIO,0,0
2024,6,Junho,Autos,Veículos de Entrada,8,FORD/KA,1,0
2024,6,Junho,Autos,Veículos de Entrada,9,GM/CELTA,0,0
2024,6,Junho,Autos,Hatch Pequenos,1,VW/POLO,9683,23.38
2024,6,Junho,Autos,Hatch Pequenos,2,GM/ONIX,8852,17.62
2024,6,Junho,Autos,Hatch Pequenos,3,HYUNDAI/HB20,9760,17.25
2024,6,Junho,Autos,Hatch Pequenos,4,FIAT/ARGO,7423,16.01
2024,6,Junho,Autos,Hatch Pequenos,5,TOYOTA/YARIS HB,2336,4.97
2024,6,Junho,Autos,Hatch Pequenos,6,CITROEN/C3,1985,4.09
2024,6,Junho,Autos,Hatch Pequenos,7,PEUGEOT/208,2368,3.99
2024,6,Junho,Autos,Hatch Pequenos,8,BYD/DOLPHIN,1514,3.88
2024,6,Junho,Autos,Hatch Pequenos,9,BYD/DOLPHIN MINI,1318,3.66
2024,6,Junho,Autos,Hatch Pequenos,10,HONDA/CITY HATCH,1232,2.29
2024,6,Junho,Autos,Hatch Pequenos,11,GWM/ORA 03,589,1.49
2024,6,Junho,Autos,Hatch Pequenos,12,RENAULT/SANDERO,217,0.85
2024,6,Junho,Autos,Hatch Médios,1,AUDI/A3,28,33.94
2024,6,Junho,Autos,Hatch Médios,2,GM/CRUZE HB,12,31.4
2024,6,Junho,Autos,Hatch Médios,3,HONDA/CIVIC TYPE-R,7,8.17
2024,6,Junho,Autos,Hatch Médios,4,M.BENZ/CLASSE A,7,5.99
2024,6,Junho,Autos,Hatch Médios,5,TOYOTA/COROLLA GR,7,5.26
2024,6,Junho,Autos,Hatch Médios,6,BMW/118I,1,4.72
2024,6,Junho,Autos,Sedans Pequenos,1,FIAT/CRONOS,3400,51.82
2024,6,Junho,Autos,Sedans Pequenos,2,HYUNDAI/HB20S,3759,43.53
2024,6,Junho,Autos,Sedans Pequenos,3,RENAULT/LOGAN,312,4.62
2024,6,Junho,Autos,Sedans Pequenos,4,VW/VOYAGE,2,0.02
2024,6,Junho,Autos,Sedans Pequenos,5,FIAT/SIENA,1,0.01
2024,6,Junho,Autos,Sedans Pequenos,6,FORD/KA SEDAN,0,0
2024,6,Junho,Autos,Sedans Pequenos,7,GM/PRISMA,0,0
2024,6,Junho,Autos,Sedans Compactos,1,GM/ONIX PLUS,6538,44.76
2024,6,Junho,Autos,Sedans Compactos,2,VW/VIRTUS,2560,22.43
2024,6,Junho,Autos,Sedans Compactos,3,TOYOTA/YARIS SEDAN,2088,14.62
2024,6,Junho,Autos,Sedans Compactos,4,HONDA/CITY,1343,9.28
2024,6,Junho,Autos,Sedans Compactos,5,NISSAN/VERSA,1275,8.9
2024,6,Junho,Autos,Sedans Compactos,6,GM/COBALT,1,0
2024,6,Junho,Autos,Sedans médios,1,TOYOTA/COROLLA,3189,65.75
2024,6,Junho,Autos,Sedans médios,2,NISSAN/SENTRA,494,10.09
2024,6,Junho,Autos,Sedans médios,3,BYD/SEAL,283,8.74
2024,6,Junho,Autos,Sedans médios,4,VW/JETTA,271,6.18
2024,6,Junho,Autos,Sedans médios,5,GM/CRUZE SEDAN,40,2.86
2024,6,Junho,Autos,Sedans médios,6,HONDA/CIVIC,107,2.78
2024,6,Junho,Autos,Sedans médios,7,M.BENZ/CLA200,47,0.93
2024,6,Junho,Autos,Sedans médios,8,AUDI/A3 SEDAN,29,0.84
2024,6,Junho,Autos,Sedans médios,9,AUDI/A5,38,0.69
2024,6,Junho,Autos,Sedans médios,10,BYD/KING,78,0.31
2024,6,Junho,Autos,Sedans médios,11,BMW/420I,9,0.26
2024,6,Junho,Autos,Sedans médios,12,M.BENZ/CLA45,8,0.2
2024,6,Junho,Autos,Sedans médios,13,M.BENZ/CLA35,16,0.12
2024,6,Junho,Autos,Sedans médios,14,CAOA CHERY/ARRIZO 6,0,0.1
2024,6,Junho,Autos,Sedans médios,15,BMW/218I,3,0.06
2024,6,Junho,Autos,Sedans médios,16,JAC/E-J7,1,0.05
2024,6,Junho,Autos,Sedans médios,17,TESLA/MODEL 3,2,0.02
2024,6,Junho,Autos,Sedans médios,18,HYUNDAI/IONIQ,0,0.01
2024,6,Junho,Autos,Sedans médios,19,HYUNDAI/ELANTRA,1,0.01
2024,6,Junho,Autos,Sedans médios,20,GM/IMPALA,1,0
2024,6,Junho,Autos,Sedans médios,21,KIA/CERATO,0,0
2024,6,Junho,Autos,Sedans Grandes,1,BMW/320I,424,58.94
2024,6,Junho,Autos,Sedans Grandes,2,M.BENZ/CLASSE C,65,16.53
2024,6,Junho,Autos,Sedans Grandes,3,PORSCHE/PANAMERA,28,5.6
2024,6,Junho,Autos,Sedans Grandes,4,BMW/330E,46,4.39
2024,6,Junho,Autos,Sedans Grandes,5,HONDA/ACCORD,15,3.23
2024,6,Junho,Autos,Sedans Grandes,6,M.BENZ/CLA200,1,2.26
2024,6,Junho,Autos,Sedans Grandes,7,AUDI/A4,19,2.24
2024,6,Junho,Autos,Sedans Grandes,8,LEXUS/ES300,14,1.67
2024,6,Junho,Autos,Sedans Grandes,9,BMW/I4,1,1.1
2024,6,Junho,Autos,Sedans Grandes,10,BYD/HAN,1,0.76
2024,6,Junho,Autos,Sedans Grandes,11,TOYOTA/CAMRY,4,0.71
2024,6,Junho,Autos,Sedans Grandes,12,BMW/I5,2,0.45
2024,6,Junho,Autos,Sw Médios,1,FIAT/PALIO WEEKEND,1,33.33
2024,6,Junho,Autos,Sw Médios,2,FORD/BELINA,0,33.33
2024,6,Junho,Autos,Sw Médios,3,VW/SPACE FOX,0,33.33
2024,6,Junho,Autos,Sw Grandes,1,AUDI/RS6 AVANT,1,97.44
2024,6,Junho,Autos,Sw Grandes,2,VW/QUANTUM,0,2.56
2024,6,Junho,Autos,Monocab,1,GM/BOLT,0,82.35
2024,6,Junho,Autos,Monocab,2,FIAT/DOBLO,1,11.76
2024,6,Junho,Autos,Monocab,3,HONDA/FIT,0,5.88
2024,6,Junho,Autos,Grandcab,1,GM/SPIN,2253,99.6
2024,6,Junho,Autos,Grandcab,2,CHRYSLER/PACIFICA,3,0.14
2024,6,Junho,Autos,Grandcab,3,TOYOTA/SIENNA,1,0.14
2024,6,Junho,Autos,Grandcab,4,BYD/D1,0,0.08
2024,6,Junho,Autos,Sports,1,PORSCHE/911,92,39.77
2024,6,Junho,Autos,Sports,2,PORSCHE/BOXSTER,5,18.09
2024,6,Junho,Autos,Sports,3,PORSCHE/CAYMAN,23,7.47
2024,6,Junho,Autos,Sports,4,BMW/M2,20,6.24
2024,6,Junho,Autos,Sports,5,BMW/M3,18,5.7
2024,6,Junho,Autos,Sports,6,FORD/MUSTANG,23,4.47
2024,6,Junho,Autos,Sports,7,GM/CAMARO,9,3.79
2024,6,Junho,Autos,Sports,8,PORSCHE/TAYCAN,8,3.39
2024,6,Junho,Autos,Sports,9,GM/CORVETTE,13,2.8
2024,6,Junho,Autos,Suv's,1,VW/T CROSS,5936,7.82
2024,6,Junho,Autos,Suv's,2,HYUNDAI/CRETA,5858,7.57
2024,6,Junho,Autos,Suv's,3,GM/TRACKER,5918,7.16
2024,6,Junho,Autos,Suv's,4,NISSAN/KICKS,4677,6.99
2024,6,Junho,Autos,Suv's,5,VW/NIVUS,5359,6.42
2024,6,Junho,Autos,Suv's,6,JEEP/RENEGADE,4535,5.83
2024,6,Junho,Autos,Suv's,7,JEEP/COMPASS,3960,5.65
2024,6,Junho,Autos,Suv's,8,HONDA/HR-V,4299,5.45
2024,6,Junho,Autos,Suv's,9,TOYOTA/COROLLA CROSS,4239,5.42
2024,6,Junho,Autos,Suv's,10,FIAT/FASTBACK,3557,5.39
2024,6,Junho,Autos,Suv's,11,FIAT/PULSE,2957,4.49
2024,6,Junho,Autos,Suv's,12,CAOA CHERY/TIGGO 5X,2521,3.51
2024,6,Junho,Autos,Suv's,13,RENAULT/DUSTER,1369,2.52
2024,6,Junho,Autos,Suv's,14,BYD/SONG PLUS,1911,2.49
2024,6,Junho,Autos,Suv's,15,CAOA CHERY/TIGGO 7,1875,2.34
2024,6,Junho,Autos,Suv's,16,GWM/HAVAL H6,2153,2.24
2024,6,Junho,Autos,Suv's,17,TOYOTA/HILUX SW4,1454,1.89
2024,6,Junho,Autos,Suv's,18,JEEP/COMMANDER,1587,1.76
2024,6,Junho,Autos,Suv's,19,VW/TAOS,1891,1.74
2024,6,Junho,Autos,Suv's,20,RENAULT/KARDIAN,1753,1.29
2024,6,Junho,Autos,Suv's,21,CAOA CHERY/TIGGO 8,564,1.07
2024,6,Junho,Autos,Suv's,22,MITSUBISHI/ECLIPSE CROSS,758,0.99
2024,6,Junho,Autos,Suv's,23,CITROEN/C3 AIRCROSS,1014,0.97
2024,6,Junho,Autos,Suv's,24,HONDA/ZR-V,341,0.69
2024,6,Junho,Autos,Suv's,25,BMW/X1,555,0.6
2024,6,Junho,Autos,Suv's,26,FORD/TERRITORY,289,0.58
2024,6,Junho,Autos,Suv's,27,VW/TIGUAN,236,0.45
2024,6,Junho,Autos,Suv's,28,VOLVO/XC60,244,0.36
2024,6,Junho,Autos,Suv's,29,BYD/YUAN PLUS,219,0.33
2024,6,Junho,Autos,Suv's,30,TOYOTA/RAV4,198,0.32
2024,6,Junho,Autos,Suv's,31,GM/EQUINOX,263,0.32
2024,6,Junho,Autos,Suv's,32,VOLVO/EX30,666,0.29
2024,6,Junho,Autos,Suv's,33,AUDI/Q3,212,0.29
2024,6,Junho,Autos,Suv's,34,FORD/BRONCO,157,0.26
2024,6,Junho,Autos,Suv's,35,MITSUBISHI/PAJERO,249,0.26
2024,6,Junho,Autos,Suv's,36,PORSCHE/CAYENNE,324,0.21
2024,6,Junho,Autos,Suv's,37,LAND ROVER/DISCOVERY,130,0.21
2024,6,Junho,Autos,Suv's,38,GM/TRAILBLAZER,133,0.2
2024,6,Junho,Autos,Suv's,39,AUDI/Q5,119,0.19
2024,6,Junho,Autos,Suv's,40,PEUGEOT/2008,41,0.18
2024,6,Junho,Com. Leves,Pick-up's Pequenas,1,FIAT/STRADA,7549,69.8
2024,6,Junho,Com. Leves,Pick-up's Pequenas,2,VW/SAVEIRO,3182,30.19
2024,6,Junho,Com. Leves,Pick-up's Pequenas,3,PEUGEOT/PARTNER,0,0
2024,6,Junho,Com. Leves,Pick-up's Pequenas,4,FORD/PAMPA,0,0
2024,6,Junho,Com. Leves,Pick-up's Pequenas,5,GM/CHEVY,0,0
2024,6,Junho,Com. Leves,Pick-up's Grandes,1,FIAT/TORO,4780,19.04
2024,6,Junho,Com. Leves,Pick-up's Grandes,2,TOYOTA/HILUX,3895,18.28
2024,6,Junho,Com. Leves,Pick-up's Grandes,3,GM/MONTANA,2349,10.67
2024,6,Junho,Com. Leves,Pick-up's Grandes,4,FORD/RANGER,3026,10.47
2024,6,Junho,Com. Leves,Pick-up's Grandes,5,GM/S10,2197,10.14
2024,6,Junho,Com. Leves,Pick-up's Grandes,6,RAM/RAMPAGE,1968,9.33
2024,6,Junho,Com. Leves,Pick-up's Grandes,7,RENAULT/OROCH,861,5.11
2024,6,Junho,Com. Leves,Pick-up's Grandes,8,MITSUBISHI/L200,782,4.52
2024,6,Junho,Com. Leves,Pick-up's Grandes,9,NISSAN/FRONTIER,788,4.37
2024,6,Junho,Com. Leves,Pick-up's Grandes,10,VW/AMAROK,702,1.97
2024,6,Junho,Com. Leves,Pick-up's Grandes,11,FORD/MAVERICK,323,1.18
2024,6,Junho,Com. Leves,Furgões,1,RENAULT/MASTER,583,30.32
2024,6,Junho,Com. Leves,Furgões,2,FIAT/SCUDO,150,9.44
2024,6,Junho,Com. Leves,Furgões,3,FORD/TRANSIT,298,9.41
2024,6,Junho,Com. Leves,Furgões,4,KIA/K2500,140,7.64
2024,6,Junho,Com. Leves,Furgões,5,FIAT/DUCATO,107,6.19
2024,6,Junho,Com. Leves,Furgões,6,VW TRUCK E BUS/EXPRESS,151,5.99
2024,6,Junho,Com. Leves,Furgões,7,IVECO/DAILY,139,5.25
2024,6,Junho,Com. Leves,Furgões Pequenos,1,FIAT/FIORINO,1788,91.22
2024,6,Junho,Com. Leves,Furgões Pequenos,2,PEUGEOT/PARTNER,49,4.28
2024,6,Junho,Com. Leves,Furgões Pequenos,3,RENAULT/KANGOO,222,2.41
2024,6,Junho,Com. Leves,Furgões Pequenos,4,BYD/T3,1,0.97
2024,6,Junho,Caminhões,Semi-Leve,1,M.BENZ/SPRINTER 417,209,54.92
2024,6,Junho,Caminhões,Semi-Leve,2,M.BENZ/SPRINTER 517,64,16.25
2024,6,Junho,Caminhões,Semi-Leve,3,M.BENZ/SPRINTER,8,8.49
2024,6,Junho,Caminhões,Semi-Leve,4,IVECO/DAILY 45-170,28,7.3
2024,6,Junho,Caminhões,Semi-Leve,5,IVECO/DAILY 55C17,18,5.38
2024,6,Junho,Caminhões,Semi-Leve,6,VW TRUCK E BUS/6.160,2,2.28
2024,6,Junho,Caminhões,Semi-Leve,7,M.BENZ/SPRINTER 416,2,1.66
2024,6,Junho,Caminhões,Semi-Leve,8,M.BENZ/SPRINTER 516,0,0.88
2024,6,Junho,Caminhões,Semi-Leve,9,IVECO/DAILY 55-170,2,0.78
2024,6,Junho,Caminhões,Semi-Leve,10,IVECO/DAILY 65-170,1,0.72
2024,6,Junho,Caminhões,Leve,1,VW TRUCK E BUS/9.180,178,42.02
2024,6,Junho,Caminhões,Leve,2,M.BENZ/ACCELO 817,166,25.72
2024,6,Junho,Caminhões,Leve,3,IVECO/DAILY 65-170,19,7.56
2024,6,Junho,Caminhões,Leve,4,IVECO/TECTOR 9-190,26,6.02
2024,6,Junho,Caminhões,Leve,5,HYUNDAI/HD 80,20,4.66
2024,6,Junho,Caminhões,Leve,6,VW TRUCK E BUS/6.170,16,3.19
2024,6,Junho,Caminhões,Leve,7,VW TRUCK E BUS/9.170,1,1.94
2024,6,Junho,Caminhões,Leve,8,FOTON/AUMARK S 916,15,1.5
2024,6,Junho,Caminhões,Leve,9,M.BENZ/ACCELO 1016,7,1.32
2024,6,Junho,Caminhões,Leve,10,FOTON/AUMARK S 715,8,1.1
2024,6,Junho,Caminhões,Médio,1,VW TRUCK E BUS/11.180,471,42.5
2024,6,Junho,Caminhões,Médio,2,M.BENZ/ACCELO 1017,376,29.63
2024,6,Junho,Caminhões,Médio,3,VW TRUCK E BUS/13.180,70,5.9
2024,6,Junho,Caminhões,Médio,4,IVECO/TECTOR 11-190,57,5.85
2024,6,Junho,Caminhões,Médio,5,M.BENZ/ACCELO 1317,36,4.24
2024,6,Junho,Caminhões,Médio,6,M.BENZ/ATEGO 1419,57,3.57
2024,6,Junho,Caminhões,Médio,7,VW TRUCK E BUS/14.210,18,2.63
2024,6,Junho,Caminhões,Médio,8,VW TRUCK E BUS/E DELIVERY 14,21,1.57
2024,6,Junho,Caminhões,Médio,9,FOTON/AUMARK S 1217A,16,1.3
2024,6,Junho,Caminhões,Médio,10,VW TRUCK E BUS/E DELIVERY 1,52,1.29
2024,6,Junho,Caminhões,Semi-Pesado,1,VOLVO/VM 290,402,11.97
2024,6,Junho,Caminhões,Semi-Pesado,2,M.BENZ/ATEGO 1719,219,8.61
2024,6,Junho,Caminhões,Semi-Pesado,3,VW TRUCK E BUS/26.260,212,8.33
2024,6,Junho,Caminhões,Semi-Pesado,4,VW TRUCK E BUS/17.210,163,7.39
2024,6,Junho,Caminhões,Semi-Pesado,5,M.BENZ/ATEGO 2429,227,7.11
2024,6,Junho,Caminhões,Semi-Pesado,6,VW TRUCK E BUS/26.320,167,5.86
2024,6,Junho,Caminhões,Semi-Pesado,7,VOLVO/VM 360,151,5.13
2024,6,Junho,Caminhões,Semi-Pesado,8,VW TRUCK E BUS/27.260,110,4.39
2024,6,Junho,Caminhões,Semi-Pesado,9,VW TRUCK E BUS/30.320,107,4.26
2024,6,Junho,Caminhões,Semi-Pesado,10,DAF/CF 310,126,4.18
2024,6,Junho,Caminhões,Pesado,1,VOLVO/FH 540,518,12.73
2024,6,Junho,Caminhões,Pesado,2,SCANIA/R450,355,8.78
2024,6,Junho,Caminhões,Pesado,3,DAF/XF 530,381,7.89
2024,6,Junho,Caminhões,Pesado,4,VOLVO/FH 460,315,6.6
2024,6,Junho,Caminhões,Pesado,5,SCANIA/R540,234,6.2
2024,6,Junho,Caminhões,Pesado,6,DAF/XF 480,278,5.45
2024,6,Junho,Caminhões,Pesado,7,SCANIA/R 460,315,4.98
2024,6,Junho,Caminhões,Pesado,8,M.BENZ/ACTROS 2548,200,4.59
2024,6,Junho,Caminhões,Pesado,9,SCANIA/R560,257,4.05
2024,6,Junho,Caminhões,Pesado,10,M.BENZ/AROCS 3351,93,2.53
2024,6,Junho,Motos,City,1,HONDA/CG 160,38602,59.86
2024,6,Junho,Motos,City,2,HONDA/CB 300F,5254,7.48
2024,6,Junho,Motos,City,3,YAMAHA/YBR 150,4634,6.86
2024,6,Junho,Motos,City,4,MOTTU/SPORT 110I,5171,6.52
2024,6,Junho,Motos,City,5,YAMAHA/FAZER 250,3978,6.43
2024,6,Junho,Motos,City,6,YAMAHA/FAZER 150,3728,5.64
2024,6,Junho,Motos,City,7,YAMAHA/YS150 FAZER,1690,2.48
2024,6,Junho,Motos,City,8,SHINERAY/XY 150,1209,1.15
2024,6,Junho,Motos,City,9,YAMAHA/YBR 125,679,0.95
2024,6,Junho,Motos,City,10,HAOJUE/DR160,426,0.54
2024,6,Junho,Motos,Custom,1,ROYAL ENFIELD/HUNTER 350,458,26.57
2024,6,Junho,Motos,Custom,2,ROYAL ENFIELD/METEOR,340,18.37
2024,6,Junho,Motos,Custom,3,ROYAL ENFIELD/CLASSIC 350,180,13.18
2024,6,Junho,Motos,Custom,4,BMW/C400 X,78,6.46
2024,6,Junho,Motos,Custom,5,TRIUMPH/SCRAMBLER 400,450,6.2
2024,6,Junho,Motos,Custom,6,KAWASAKI/VULCAN S,86,5.5
2024,6,Junho,Motos,Custom,7,ROYAL ENFIELD/SUPER METEOR 650,415,4.62
2024,6,Junho,Motos,Custom,8,ROYAL ENFIELD/INTERCEPTOR,67,4.46
2024,6,Junho,Motos,Custom,9,TRIUMPH/BONNEVILLE,34,2.16
2024,6,Junho,Motos,Custom,10,ROYAL ENFIELD/CONTINENTAL GT,26,1.81
2024,6,Junho,Motos,Trail/Fun,1,HONDA/NXR160,14207,45.41
2024,6,Junho,Motos,Trail/Fun,2,HONDA/XRE 300,4077,13.57
2024,6,Junho,Motos,Trail/Fun,3,YAMAHA/XTZ 250,3916,12.87
2024,6,Junho,Motos,Trail/Fun,4,YAMAHA/CROSSER 150,3105,9.95
2024,6,Junho,Motos,Trail/Fun,5,HONDA/XRE 190,3039,7.91
2024,6,Junho,Motos,Trail/Fun,6,SHINERAY/XY 125,2376,7.21
2024,6,Junho,Motos,Trail/Fun,7,BMW/G310 GS,116,0.78
2024,6,Junho,Motos,Trail/Fun,8,HAOJUE/NK 150,87,0.53
2024,6,Junho,Motos,Trail/Fun,9,KAWASAKI/VERSYS 300,153,0.41
2024,6,Junho,Motos,Trail/Fun,10,DAFRA/NH 190,80,0.4
2024,6,Junho,Motos,Maxtrail,1,HONDA/CB 500X,442,16.47
2024,6,Junho,Motos,Maxtrail,2,BMW/R1250GS,364,15.21
2024,6,Junho,Motos,Maxtrail,3,TRIUMPH/TIGER 900,254,13.94
2024,6,Junho,Motos,Maxtrail,4,HONDA/NC 750X,287,11.95
2024,6,Junho,Motos,Maxtrail,5,BMW/F850 GS,112,7.19
2024,6,Junho,Motos,Maxtrail,6,BMW/R1300GS,355,6.84
2024,6,Junho,Motos,Maxtrail,7,HONDA/CRF 1100L,95,4.32
2024,6,Junho,Motos,Maxtrail,8,KAWASAKI/VERSYS 650,6,4.19
2024,6,Junho,Motos,Maxtrail,9,TRIUMPH/TIGER 1200,188,3.93
2024,6,Junho,Motos,Maxtrail,10,ROYAL ENFIELD/HIMALAYAN,54,3.59
2024,6,Junho,Motos,Naked/Roadster,1,YAMAHA/MT03,926,30.13
2024,6,Junho,Motos,Naked/Roadster,2,BAJAJ/DOMINAR D400,709,16.24
2024,6,Junho,Motos,Naked/Roadster,3,HONDA/CB 500,283,8.7
2024,6,Junho,Motos,Naked/Roadster,4,YAMAHA/MT09,284,7.81
2024,6,Junho,Motos,Naked/Roadster,5,YAMAHA/MT07,209,6.91
2024,6,Junho,Motos,Naked/Roadster,6,HONDA/CB 650R,314,6.66
2024,6,Junho,Motos,Naked/Roadster,7,KAWASAKI/Z900,5,4.08
2024,6,Junho,Motos,Naked/Roadster,8,KAWASAKI/Z400,65,2.29
2024,6,Junho,Motos,Naked/Roadster,9,HONDA/CB 1000R,53,2.27
2024,6,Junho,Motos,Naked/Roadster,10,TRIUMPH/SPEED 400,300,1.94
2024,6,Junho,Motos,Scooter/Cub,1,HONDA/BIZ,24859,45.28
2024,6,Junho,Motos,Scooter/Cub,2,HONDA/POP 110I,15450,23.72
2024,6,Junho,Motos,Scooter/Cub,3,HONDA/PCX 160,5091,9.1
2024,6,Junho,Motos,Scooter/Cub,4,HONDA/ELITE 125,1175,3.66
2024,6,Junho,Motos,Scooter/Cub,5,YAMAHA/NEO 125,1295,2.46
2024,6,Junho,Motos,Scooter/Cub,6,YAMAHA/NMAX,1478,2.43
2024,6,Junho,Motos,Scooter/Cub,7,AVELLOZ/AZ1,1170,2.18
2024,6,Junho,Motos,Scooter/Cub,8,SHINERAY/XY 50,1256,2.09
2024,6,Junho,Motos,Scooter/Cub,9,HONDA/ADV 150,1204,2.05
2024,6,Junho,Motos,Scooter/Cub,10,YAMAHA/FLUO 125,1054,1.8
2024,6,Junho,Motos,Sport,1,YAMAHA/YZF R15,559,55.48
2024,6,Junho,Motos,Sport,2,YAMAHA/YZF R3,190,11.43
2024,6,Junho,Motos,Sport,3,BMW/S1000 R,118,7.59
2024,6,Junho,Motos,Sport,4,KAWASAKI/NINJA 400,117,7.01
2024,6,Junho,Motos,Sport,5,HONDA/CBR 650R,105,6.71
2024,6,Junho,Motos,Sport,6,KAWASAKI/NINJA ZX-4R,3,2.11
2024,6,Junho,Motos,Sport,7,KAWASAKI/NINJA ZX 6,18,1.89
2024,6,Junho,Motos,Sport,8,KAWASAKI/NINJA 300,21,1.79
2024,6,Junho,Motos,Sport,9,KAWASAKI/NINJA 650,1,1.26
2024,6,Junho,Motos,Sport,10,KAWASAKI/NINJA ZX10,8,1.08
2024,6,Junho,Motos,Touring,1,H.DAVIDSON/FLHX,20,19.08
2024,6,Junho,Motos,Touring,2,H.DAVIDSON/FLTRX,25,18.64
2024,6,Junho,Motos,Touring,3,H.DAVIDSON/FLTRK,10,15.35
2024,6,Junho,Motos,Touring,4,H.DAVIDSON/FLH RXS,8,12.5
2024,6,Junho,Motos,Touring,5,H.DAVIDSON/FLT,1,9.87
2024,6,Junho,Motos,Touring,6,H.DAVIDSON/FLHTK,15,9.65
2024,6,Junho,Motos,Touring,7,HONDA/GOLDWING,3,5.48
2024,6,Junho,Motos,Touring,8,H.DAVIDSON/F LHXSE,2,3.51
2024,7,Julho,Autos,Veículos de Entrada,1,FIAT/MOBI,6807,57.2
2024,7,Julho,Autos,Veículos de Entrada,2,RENAULT/KWID,3520,42.72
2024,7,Julho,Autos,Veículos de Entrada,3,VW/GOL,3,0.05
2024,7,Julho,Autos,Veículos de Entrada,4,FIAT/UNO,3,0.01
2024,7,Julho,Autos,Veículos de Entrada,5,VW/UP,1,0.01
2024,7,Julho,Autos,Veículos de Entrada,6,GM/CHEVETTE,0,0
2024,7,Julho,Autos,Veículos de Entrada,7,FIAT/PALIO,0,0
2024,7,Julho,Autos,Veículos de Entrada,8,FORD/KA,0,0
2024,7,Julho,Autos,Veículos de Entrada,9,GM/CELTA,0,0
2024,7,Julho,Autos,Hatch Pequenos,1,VW/POLO,12543,23.76
2024,7,Julho,Autos,Hatch Pequenos,2,GM/ONIX,7423,17.22
2024,7,Julho,Autos,Hatch Pequenos,3,HYUNDAI/HB20,7228,16.85
2024,7,Julho,Autos,Hatch Pequenos,4,FIAT/ARGO,8663,16.3
2024,7,Julho,Autos,Hatch Pequenos,5,TOYOTA/YARIS HB,2819,5.11
2024,7,Julho,Autos,Hatch Pequenos,6,CITROEN/C3,2111,4.13
2024,7,Julho,Autos,Hatch Pequenos,7,PEUGEOT/208,2371,4.13
2024,7,Julho,Autos,Hatch Pequenos,8,BYD/DOLPHIN,1467,3.74
2024,7,Julho,Autos,Hatch Pequenos,9,BYD/DOLPHIN MINI,1488,3.56
2024,7,Julho,Autos,Hatch Pequenos,10,HONDA/CITY HATCH,1590,2.45
2024,7,Julho,Autos,Hatch Pequenos,11,GWM/ORA 03,398,1.38
2024,7,Julho,Autos,Hatch Pequenos,12,RENAULT/SANDERO,432,0.85
2024,7,Julho,Autos,Hatch Médios,1,AUDI/A3,28,35.71
2024,7,Julho,Autos,Hatch Médios,2,GM/CRUZE HB,4,29.4
2024,7,Julho,Autos,Hatch Médios,3,HONDA/CIVIC TYPE-R,7,8.64
2024,7,Julho,Autos,Hatch Médios,4,M.BENZ/CLASSE A,4,6.15
2024,7,Julho,Autos,Hatch Médios,5,TOYOTA/COROLLA GR,4,5.48
2024,7,Julho,Autos,Hatch Médios,6,BMW/118I,2,4.65
2024,7,Julho,Autos,Sedans Pequenos,1,FIAT/CRONOS,2603,50.11
2024,7,Julho,Autos,Sedans Pequenos,2,HYUNDAI/HB20S,3048,44.32
2024,7,Julho,Autos,Sedans Pequenos,3,RENAULT/LOGAN,644,5.53
2024,7,Julho,Autos,Sedans Pequenos,4,VW/VOYAGE,1,0.02
2024,7,Julho,Autos,Sedans Pequenos,5,FIAT/SIENA,2,0.02
2024,7,Julho,Autos,Sedans Pequenos,6,FORD/KA SEDAN,0,0
2024,7,Julho,Autos,Sedans Pequenos,7,GM/PRISMA,0,0
2024,7,Julho,Autos,Sedans Compactos,1,GM/ONIX PLUS,4864,43.51
2024,7,Julho,Autos,Sedans Compactos,2,VW/VIRTUS,2906,22.39
2024,7,Julho,Autos,Sedans Compactos,3,TOYOTA/YARIS SEDAN,2291,15.1
2024,7,Julho,Autos,Sedans Compactos,4,HONDA/CITY,1701,9.89
2024,7,Julho,Autos,Sedans Compactos,5,NISSAN/VERSA,1327,9.11
2024,7,Julho,Autos,Sedans Compactos,6,GM/COBALT,0,0
2024,7,Julho,Autos,Sedans médios,1,TOYOTA/COROLLA,3500,65.12
2024,7,Julho,Autos,Sedans médios,2,NISSAN/SENTRA,728,10.61
2024,7,Julho,Autos,Sedans médios,3,BYD/SEAL,221,7.86
2024,7,Julho,Autos,Sedans médios,4,VW/JETTA,245,5.84
2024,7,Julho,Autos,Sedans médios,5,HONDA/CIVIC,146,2.75
2024,7,Julho,Autos,Sedans médios,6,GM/CRUZE SEDAN,27,2.43
2024,7,Julho,Autos,Sedans médios,7,BYD/KING,593,2.18
2024,7,Julho,Autos,Sedans médios,8,M.BENZ/CLA200,62,0.96
2024,7,Julho,Autos,Sedans médios,9,AUDI/A3 SEDAN,31,0.79
2024,7,Julho,Autos,Sedans médios,10,AUDI/A5,35,0.68
2024,7,Julho,Autos,Sedans médios,11,BMW/420I,8,0.23
2024,7,Julho,Autos,Sedans médios,12,M.BENZ/CLA45,3,0.17
2024,7,Julho,Autos,Sedans médios,13,M.BENZ/CLA35,14,0.14
2024,7,Julho,Autos,Sedans médios,14,CAOA CHERY/ARRIZO 6,1,0.08
2024,7,Julho,Autos,Sedans médios,15,BMW/218I,2,0.06
2024,7,Julho,Autos,Sedans médios,16,JAC/E-J7,1,0.04
2024,7,Julho,Autos,Sedans médios,17,TESLA/MODEL 3,0,0.01
2024,7,Julho,Autos,Sedans médios,18,HYUNDAI/IONIQ,0,0.01
2024,7,Julho,Autos,Sedans médios,19,HYUNDAI/ELANTRA,0,0.01
2024,7,Julho,Autos,Sedans médios,20,KIA/CERATO,1,0.01
2024,7,Julho,Autos,Sedans médios,21,CITROEN/C4 PALLAS,1,0
2024,7,Julho,Autos,Sedans Grandes,1,BMW/320I,332,56.48
2024,7,Julho,Autos,Sedans Grandes,2,M.BENZ/CLASSE C,220,18.8
2024,7,Julho,Autos,Sedans Grandes,3,BMW/330E,68,5.22
2024,7,Julho,Autos,Sedans Grandes,4,PORSCHE/PANAMERA,16,5.0
2024,7,Julho,Autos,Sedans Grandes,5,HONDA/ACCORD,1,2.92
2024,7,Julho,Autos,Sedans Grandes,6,AUDI/A4,12,2.13
2024,7,Julho,Autos,Sedans Grandes,7,M.BENZ/CLA200,1,1.89
2024,7,Julho,Autos,Sedans Grandes,8,LEXUS/ES300,10,1.61
2024,7,Julho,Autos,Sedans Grandes,9,BMW/I4,16,1.29
2024,7,Julho,Autos,Sedans Grandes,10,BMW/530E,3,0.91
2024,7,Julho,Autos,Sedans Grandes,11,BYD/HAN,4,0.72
2024,7,Julho,Autos,Sedans Grandes,12,TOYOTA/CAMRY,0,0.58
2024,7,Julho,Autos,Sw Médios,1,FIAT/PALIO WEEKEND,0,33.33
2024,7,Julho,Autos,Sw Médios,2,FORD/BELINA,0,33.33
2024,7,Julho,Autos,Sw Médios,3,VW/SPACE FOX,0,33.33
2024,7,Julho,Autos,Sw Grandes,1,AUDI/RS6 AVANT,7,97.83
2024,7,Julho,Autos,Sw Grandes,2,VW/QUANTUM,0,2.17
2024,7,Julho,Autos,Monocab,1,GM/BOLT,0,82.35
2024,7,Julho,Autos,Monocab,2,FIAT/DOBLO,0,11.76
2024,7,Julho,Autos,Monocab,3,HONDA/FIT,0,5.88
2024,7,Julho,Autos,Grandcab,1,GM/SPIN,2370,99.35
2024,7,Julho,Autos,Grandcab,2,KIA/CARNIVAL,37,0.34
2024,7,Julho,Autos,Grandcab,3,CHRYSLER/PACIFICA,1,0.12
2024,7,Julho,Autos,Grandcab,4,TOYOTA/SIENNA,1,0.12
2024,7,Julho,Autos,Sports,1,PORSCHE/911,185,38.66
2024,7,Julho,Autos,Sports,2,PORSCHE/BOXSTER,92,17.89
2024,7,Julho,Autos,Sports,3,FORD/MUSTANG,134,8.75
2024,7,Julho,Autos,Sports,4,PORSCHE/CAYMAN,40,7.47
2024,7,Julho,Autos,Sports,5,BMW/M2,26,5.95
2024,7,Julho,Autos,Sports,6,BMW/M3,20,5.29
2024,7,Julho,Autos,Sports,7,GM/CAMARO,9,3.35
2024,7,Julho,Autos,Sports,8,PORSCHE/TAYCAN,4,2.84
2024,7,Julho,Autos,Sports,9,GM/CORVETTE,5,2.41
2024,7,Julho,Autos,Suv's,1,VW/T CROSS,8185,8.05
2024,7,Julho,Autos,Suv's,2,HYUNDAI/CRETA,7281,7.67
2024,7,Julho,Autos,Suv's,3,GM/TRACKER,6391,7.15
2024,7,Julho,Autos,Suv's,4,NISSAN/KICKS,5819,6.89
2024,7,Julho,Autos,Suv's,5,VW/NIVUS,5570,6.37
2024,7,Julho,Autos,Suv's,6,JEEP/RENEGADE,5766,5.93
2024,7,Julho,Autos,Suv's,7,JEEP/COMPASS,4728,5.58
2024,7,Julho,Autos,Suv's,8,FIAT/FASTBACK,5651,5.55
2024,7,Julho,Autos,Suv's,9,TOYOTA/COROLLA CROSS,4848,5.41
2024,7,Julho,Autos,Suv's,10,HONDA/HR-V,4635,5.39
2024,7,Julho,Autos,Suv's,11,FIAT/PULSE,3662,4.41
2024,7,Julho,Autos,Suv's,12,CAOA CHERY/TIGGO 5X,1500,3.17
2024,7,Julho,Autos,Suv's,13,CAOA CHERY/TIGGO 7,3471,2.62
2024,7,Julho,Autos,Suv's,14,BYD/SONG,2139,2.47
2024,7,Julho,Autos,Suv's,15,GWM/HAVAL H6,2786,2.4
2024,7,Julho,Autos,Suv's,16,RENAULT/DUSTER,1369,2.34
2024,7,Julho,Autos,Suv's,17,TOYOTA/HILUX SW4,1510,1.85
2024,7,Julho,Autos,Suv's,18,VW/TAOS,2076,1.84
2024,7,Julho,Autos,Suv's,19,JEEP/COMMANDER,1696,1.78
2024,7,Julho,Autos,Suv's,20,RENAULT/KARDIAN,2367,1.53
2024,7,Julho,Autos,Suv's,21,CITROEN/C3 AIRCROSS,924,0.98
2024,7,Julho,Autos,Suv's,22,MITSUBISHI/ECLIPSE CROSS,837,0.98
2024,7,Julho,Autos,Suv's,23,CAOA CHERY/TIGGO 8,356,0.95
2024,7,Julho,Autos,Suv's,24,HONDA/ZR-V,215,0.61
2024,7,Julho,Autos,Suv's,25,BMW/X1,415,0.58
2024,7,Julho,Autos,Suv's,26,FORD/TERRITORY,508,0.58
2024,7,Julho,Autos,Suv's,27,VW/TIGUAN,256,0.42
2024,7,Julho,Autos,Suv's,28,VOLVO/XC60,256,0.35
2024,7,Julho,Autos,Suv's,29,GM/EQUINOX,337,0.33
2024,7,Julho,Autos,Suv's,30,BYD/YUAN PLUS,151,0.3
2024,7,Julho,Autos,Suv's,31,VOLVO/EX30,317,0.3
2024,7,Julho,Autos,Suv's,32,TOYOTA/RAV4,143,0.29
2024,7,Julho,Autos,Suv's,33,AUDI/Q3,256,0.29
2024,7,Julho,Autos,Suv's,34,MITSUBISHI/PAJERO,345,0.28
2024,7,Julho,Autos,Suv's,35,FORD/BRONCO,271,0.27
2024,7,Julho,Autos,Suv's,36,PORSCHE/CAYENNE,175,0.21
2024,7,Julho,Autos,Suv's,37,GM/TRAILBLAZER,173,0.2
2024,7,Julho,Autos,Suv's,38,LAND ROVER/DISCOVERY,150,0.2
2024,7,Julho,Autos,Suv's,39,BMW/X3,151,0.18
2024,7,Julho,Autos,Suv's,40,AUDI/Q5,89,0.17
2024,7,Julho,Com. Leves,Pick-up's Pequenas,1,FIAT/STRADA,14192,71.03
2024,7,Julho,Com. Leves,Pick-up's Pequenas,2,VW/SAVEIRO,4385,28.96
2024,7,Julho,Com. Leves,Pick-up's Pequenas,3,PEUGEOT/PARTNER,3,0.01
2024,7,Julho,Com. Leves,Pick-up's Pequenas,4,FORD/PAMPA,0,0
2024,7,Julho,Com. Leves,Pick-up's Pequenas,5,GM/CHEVY,0,0
2024,7,Julho,Com. Leves,Pick-up's Pequenas,6,GM/MONTANA,1,0
2024,7,Julho,Com. Leves,Pick-up's Grandes,1,FIAT/TORO,5647,19.64
2024,7,Julho,Com. Leves,Pick-up's Grandes,2,TOYOTA/HILUX,4760,18.41
2024,7,Julho,Com. Leves,Pick-up's Grandes,3,FORD/RANGER,2685,10.52
2024,7,Julho,Com. Leves,Pick-up's Grandes,4,GM/MONTANA,2369,10.47
2024,7,Julho,Com. Leves,Pick-up's Grandes,5,GM/S10,1993,9.77
2024,7,Julho,Com. Leves,Pick-up's Grandes,6,RAM/RAMPAGE,2136,9.2
2024,7,Julho,Com. Leves,Pick-up's Grandes,7,RENAULT/OROCH,1081,4.98
2024,7,Julho,Com. Leves,Pick-up's Grandes,8,MITSUBISHI/L200,1066,4.47
2024,7,Julho,Com. Leves,Pick-up's Grandes,9,NISSAN/FRONTIER,801,4.17
2024,7,Julho,Com. Leves,Pick-up's Grandes,10,VW/AMAROK,707,2.11
2024,7,Julho,Com. Leves,Pick-up's Grandes,11,FORD/MAVERICK,309,1.19
2024,7,Julho,Com. Leves,Furgões,1,RENAULT/MASTER,872,29.36
2024,7,Julho,Com. Leves,Furgões,2,FIAT/SCUDO,471,10.2
2024,7,Julho,Com. Leves,Furgões,3,FORD/TRANSIT,317,9.36
2024,7,Julho,Com. Leves,Furgões,4,KIA/K2500,291,7.78
2024,7,Julho,Com. Leves,Furgões,5,FIAT/DUCATO,156,5.88
2024,7,Julho,Com. Leves,Furgões,6,VW TRUCK E BUS/EXPRESS,159,5.73
2024,7,Julho,Com. Leves,Furgões,7,IVECO/DAILY,175,5.21
2024,7,Julho,Com. Leves,Furgões Pequenos,1,FIAT/FIORINO,1899,90.28
2024,7,Julho,Com. Leves,Furgões Pequenos,2,RENAULT/KANGOO,249,4.04
2024,7,Julho,Com. Leves,Furgões Pequenos,3,PEUGEOT/PARTNER,53,3.94
2024,7,Julho,Com. Leves,Furgões Pequenos,4,BYD/T3,0,0.79
2024,7,Julho,Caminhões,Semi-Leve,1,M.BENZ/SPRINTER 417,265,55.64
2024,7,Julho,Caminhões,Semi-Leve,2,M.BENZ/SPRINTER 517,98,17.29
2024,7,Julho,Caminhões,Semi-Leve,3,IVECO/DAILY 45-170,51,8.06
2024,7,Julho,Caminhões,Semi-Leve,4,M.BENZ/SPRINTER,4,7.05
2024,7,Julho,Caminhões,Semi-Leve,5,IVECO/DAILY 55C17,12,4.87
2024,7,Julho,Caminhões,Semi-Leve,6,VW TRUCK E BUS/6.160,6,2.1
2024,7,Julho,Caminhões,Semi-Leve,7,M.BENZ/SPRINTER 416,2,1.43
2024,7,Julho,Caminhões,Semi-Leve,8,M.BENZ/SPRINTER 516,5,0.92
2024,7,Julho,Caminhões,Semi-Leve,9,IVECO/DAILY 55-170,1,0.67
2024,7,Julho,Caminhões,Semi-Leve,10,IVECO/DAILY 65-170,2,0.67
2024,7,Julho,Caminhões,Leve,1,VW TRUCK E BUS/9.180,189,41.52
2024,7,Julho,Caminhões,Leve,2,M.BENZ/ACCELO 817,160,26.8
2024,7,Julho,Caminhões,Leve,3,IVECO/DAILY 65-170,26,7.22
2024,7,Julho,Caminhões,Leve,4,IVECO/TECTOR 9-190,23,5.82
2024,7,Julho,Caminhões,Leve,5,HYUNDAI/HD 80,5,4.11
2024,7,Julho,Caminhões,Leve,6,VW TRUCK E BUS/6.170,2,3.39
2024,7,Julho,Caminhões,Leve,7,JAC/IEV1200T,3,1.93
2024,7,Julho,Caminhões,Leve,8,VW TRUCK E BUS/9.170,3,1.74
2024,7,Julho,Caminhões,Leve,9,FOTON/AUMARK S 715,13,1.34
2024,7,Julho,Caminhões,Leve,10,FOTON/AUMARK S 916,1,1.31
2024,7,Julho,Caminhões,Médio,1,VW TRUCK E BUS/11.180,505,41.95
2024,7,Julho,Caminhões,Médio,2,M.BENZ/ACCELO 1017,421,30.16
2024,7,Julho,Caminhões,Médio,3,VW TRUCK E BUS/13.180,78,5.93
2024,7,Julho,Caminhões,Médio,4,IVECO/TECTOR 11-190,76,5.86
2024,7,Julho,Caminhões,Médio,5,M.BENZ/ACCELO 1317,51,4.19
2024,7,Julho,Caminhões,Médio,6,M.BENZ/ATEGO 1419,39,3.48
2024,7,Julho,Caminhões,Médio,7,VW TRUCK E BUS/14.210,50,2.85
2024,7,Julho,Caminhões,Médio,8,FOTON/AUMARK S 1217A,36,1.56
2024,7,Julho,Caminhões,Médio,9,VW TRUCK E BUS/E DELIVERY 14,7,1.4
2024,7,Julho,Caminhões,Médio,10,VW TRUCK E BUS/E DELIVERY 1,4,1.12
2024,7,Julho,Caminhões,Semi-Pesado,1,VOLVO/VM 290,405,11.62
2024,7,Julho,Caminhões,Semi-Pesado,2,M.BENZ/ATEGO 1719,262,8.21
2024,7,Julho,Caminhões,Semi-Pesado,3,VW TRUCK E BUS/26.260,273,8.05
2024,7,Julho,Caminhões,Semi-Pesado,4,VW TRUCK E BUS/17.210,228,7.06
2024,7,Julho,Caminhões,Semi-Pesado,5,M.BENZ/ATEGO 2429,256,6.99
2024,7,Julho,Caminhões,Semi-Pesado,6,VW TRUCK E BUS/26.320,171,5.55
2024,7,Julho,Caminhões,Semi-Pesado,7,VOLVO/VM 360,213,5.19
2024,7,Julho,Caminhões,Semi-Pesado,8,VW TRUCK E BUS/27.260,158,4.31
2024,7,Julho,Caminhões,Semi-Pesado,9,VW TRUCK E BUS/31.320,222,4.09
2024,7,Julho,Caminhões,Semi-Pesado,10,VW TRUCK E BUS/30.320,131,4.07
2024,7,Julho,Caminhões,Pesado,1,VOLVO/FH 540,571,12.38
2024,7,Julho,Caminhões,Pesado,2,SCANIA/R450,302,8.28
2024,7,Julho,Caminhões,Pesado,3,DAF/XF 530,324,7.59
2024,7,Julho,Caminhões,Pesado,4,VOLVO/FH 460,528,7.1
2024,7,Julho,Caminhões,Pesado,5,SCANIA/R540,178,5.74
2024,7,Julho,Caminhões,Pesado,6,DAF/XF 480,247,5.31
2024,7,Julho,Caminhões,Pesado,7,SCANIA/R 460,357,5.24
2024,7,Julho,Caminhões,Pesado,8,M.BENZ/ACTROS 2548,195,4.44
2024,7,Julho,Caminhões,Pesado,9,SCANIA/R560,253,4.15
2024,7,Julho,Caminhões,Pesado,10,VW TRUCK E BUS/28.480,233,2.81
2024,7,Julho,Motos,City,1,HONDA/CG 160,31050,58.51
2024,7,Julho,Motos,City,2,HONDA/CB 300F,5075,7.59
2024,7,Julho,Motos,City,3,MOTTU/SPORT 110I,6802,7.16
2024,7,Julho,Motos,City,4,YAMAHA/YBR 150,4624,6.95
2024,7,Julho,Motos,City,5,YAMAHA/FAZER 250,3848,6.41
2024,7,Julho,Motos,City,6,YAMAHA/FAZER 150,3752,5.7
2024,7,Julho,Motos,City,7,YAMAHA/YS150 FAZER,2106,2.61
2024,7,Julho,Motos,City,8,SHINERAY/XY 150,1507,1.33
2024,7,Julho,Motos,City,9,YAMAHA/YBR 125,917,1.02
2024,7,Julho,Motos,City,10,HAOJUE/DR160,378,0.55
2024,7,Julho,Motos,Custom,1,ROYAL ENFIELD/HUNTER 350,506,24.49
2024,7,Julho,Motos,Custom,2,ROYAL ENFIELD/METEOR,429,17.57
2024,7,Julho,Motos,Custom,3,TRIUMPH/SCRAMBLER 400,911,12.13
2024,7,Julho,Motos,Custom,4,ROYAL ENFIELD/CLASSIC 350,192,11.67
2024,7,Julho,Motos,Custom,5,BMW/C400 X,102,5.78
2024,7,Julho,Motos,Custom,6,ROYAL ENFIELD/SUPER METEOR 650,204,5.19
2024,7,Julho,Motos,Custom,7,KAWASAKI/VULCAN S,9,5.02
2024,7,Julho,Motos,Custom,8,ROYAL ENFIELD/INTERCEPTOR,76,4.04
2024,7,Julho,Motos,Custom,9,TRIUMPH/BONNEVILLE,24,1.85
2024,7,Julho,Motos,Custom,10,KAWASAKI/ELIMINATOR 500,150,1.59
2024,7,Julho,Motos,Trail/Fun,1,HONDA/NXR160,12466,44.84
2024,7,Julho,Motos,Trail/Fun,2,HONDA/XRE 300,3619,13.35
2024,7,Julho,Motos,Trail/Fun,3,YAMAHA/XTZ 250,4281,13.07
2024,7,Julho,Motos,Trail/Fun,4,YAMAHA/CROSSER 150,3282,10.09
2024,7,Julho,Motos,Trail/Fun,5,HONDA/XRE 190,2492,7.97
2024,7,Julho,Motos,Trail/Fun,6,SHINERAY/XY 125,2555,7.4
2024,7,Julho,Motos,Trail/Fun,7,BMW/G310 GS,270,0.8
2024,7,Julho,Motos,Trail/Fun,8,HAOJUE/NK 150,163,0.53
2024,7,Julho,Motos,Trail/Fun,9,DAFRA/NH 190,173,0.42
2024,7,Julho,Motos,Trail/Fun,10,KAWASAKI/VERSYS 300,141,0.42
2024,7,Julho,Motos,Maxtrail,1,HONDA/CB 500X,446,16.6
2024,7,Julho,Motos,Maxtrail,2,BMW/R1250GS,466,15.68
2024,7,Julho,Motos,Maxtrail,3,TRIUMPH/TIGER 900,218,13.02
2024,7,Julho,Motos,Maxtrail,4,HONDA/NC 750X,265,11.67
2024,7,Julho,Motos,Maxtrail,5,BMW/R1300GS,320,7.76
2024,7,Julho,Motos,Maxtrail,6,BMW/F850 GS,37,6.23
2024,7,Julho,Motos,Maxtrail,7,KAWASAKI/VERSYS 650,118,4.25
2024,7,Julho,Motos,Maxtrail,8,TRIUMPH/TIGER 1200,151,4.25
2024,7,Julho,Motos,Maxtrail,9,HONDA/CRF 1100L,82,4.13
2024,7,Julho,Motos,Maxtrail,10,ROYAL ENFIELD/HIMALAYAN,46,3.29
2024,7,Julho,Motos,Naked/Roadster,1,YAMAHA/MT03,919,28.79
2024,7,Julho,Motos,Naked/Roadster,2,BAJAJ/DOMINAR D400,942,17.76
2024,7,Julho,Motos,Naked/Roadster,3,HONDA/CB 500,369,8.83
2024,7,Julho,Motos,Naked/Roadster,4,YAMAHA/MT09,284,7.7
2024,7,Julho,Motos,Naked/Roadster,5,HONDA/CB 650R,308,6.89
2024,7,Julho,Motos,Naked/Roadster,6,YAMAHA/MT07,199,6.55
2024,7,Julho,Motos,Naked/Roadster,7,KAWASAKI/Z900,69,3.62
2024,7,Julho,Motos,Naked/Roadster,8,TRIUMPH/SPEED 400,300,3.06
2024,7,Julho,Motos,Naked/Roadster,9,KAWASAKI/Z400,69,2.18
2024,7,Julho,Motos,Naked/Roadster,10,HONDA/CB 1000R,58,2.12
2024,7,Julho,Motos,Scooter/Cub,1,HONDA/BIZ,22201,44.66
2024,7,Julho,Motos,Scooter/Cub,2,HONDA/POP 110I,13694,23.92
2024,7,Julho,Motos,Scooter/Cub,3,HONDA/PCX 160,4191,8.91
2024,7,Julho,Motos,Scooter/Cub,4,HONDA/ELITE 125,2448,3.77
2024,7,Julho,Motos,Scooter/Cub,5,YAMAHA/NMAX,1769,2.55
2024,7,Julho,Motos,Scooter/Cub,6,YAMAHA/NEO 125,1398,2.47
2024,7,Julho,Motos,Scooter/Cub,7,AVELLOZ/AZ1,1535,2.27
2024,7,Julho,Motos,Scooter/Cub,8,SHINERAY/XY 50,1540,2.19
2024,7,Julho,Motos,Scooter/Cub,9,HONDA/ADV 150,1114,2.05
2024,7,Julho,Motos,Scooter/Cub,10,YAMAHA/FLUO 125,1083,1.82
2024,7,Julho,Motos,Sport,1,YAMAHA/YZF R15,451,53.41
2024,7,Julho,Motos,Sport,2,YAMAHA/YZF R3,175,11.96
2024,7,Julho,Motos,Sport,3,BMW/S1000 R,140,8.22
2024,7,Julho,Motos,Sport,4,KAWASAKI/NINJA 400,82,7.04
2024,7,Julho,Motos,Sport,5,HONDA/CBR 650R,81,6.77
2024,7,Julho,Motos,Sport,6,KAWASAKI/NINJA ZX-4R,38,2.28
2024,7,Julho,Motos,Sport,7,KAWASAKI/NINJA 300,28,1.88
2024,7,Julho,Motos,Sport,8,KAWASAKI/NINJA ZX 6,7,1.72
2024,7,Julho,Motos,Sport,9,KAWASAKI/NINJA 650,9,1.2
2024,7,Julho,Motos,Sport,10,KAWASAKI/NINJA ZX10,9,1.04
2024,7,Julho,Motos,Touring,1,H.DAVIDSON/FLTRX,29,20.04
2024,7,Julho,Motos,Touring,2,H.DAVIDSON/FLHX,25,19.68
2024,7,Julho,Motos,Touring,3,H.DAVIDSON/FLTRK,14,14.76
2024,7,Julho,Motos,Touring,4,H.DAVIDSON/FLH RXS,12,12.13
2024,7,Julho,Motos,Touring,5,H.DAVIDSON/FLHTK,13,10.02
2024,7,Julho,Motos,Touring,6,H.DAVIDSON/FLT,1,8.08
2024,7,Julho,Motos,Touring,7,HONDA/GOLDWING,5,5.27
2024,7,Julho,Motos,Touring,8,H.DAVIDSON/F LHXSE,2,3.16
2024,8,Agosto,Autos,Veículos de Entrada,1,FIAT/MOBI,4771,56.42
2024,8,Agosto,Autos,Veículos de Entrada,2,RENAULT/KWID,4622,43.5
2024,8,Agosto,Autos,Veículos de Entrada,3,VW/GOL,7,0.05
2024,8,Agosto,Autos,Veículos de Entrada,4,FIAT/UNO,1,0.01
2024,8,Agosto,Autos,Veículos de Entrada,5,VW/UP,0,0.01
2024,8,Agosto,Autos,Veículos de Entrada,6,GM/CHEVETTE,0,0
2024,8,Agosto,Autos,Veículos de Entrada,7,FIAT/PALIO,0,0
2024,8,Agosto,Autos,Veículos de Entrada,8,GM/CELTA,1,0
2024,8,Agosto,Autos,Veículos de Entrada,9,FORD/KA,0,0
2024,8,Agosto,Autos,Hatch Pequenos,1,VW/POLO,14274,24.44
2024,8,Agosto,Autos,Hatch Pequenos,2,GM/ONIX,9018,17.33
2024,8,Agosto,Autos,Hatch Pequenos,3,HYUNDAI/HB20,7103,16.46
2024,8,Agosto,Autos,Hatch Pequenos,4,FIAT/ARGO,7768,16.18
2024,8,Agosto,Autos,Hatch Pequenos,5,TOYOTA/YARIS HB,2392,5.06
2024,8,Agosto,Autos,Hatch Pequenos,6,PEUGEOT/208,1914,4.08
2024,8,Agosto,Autos,Hatch Pequenos,7,CITROEN/C3,1899,4.08
2024,8,Agosto,Autos,Hatch Pequenos,8,BYD/DOLPHIN MINI,2298,3.7
2024,8,Agosto,Autos,Hatch Pequenos,9,BYD/DOLPHIN,1056,3.5
2024,8,Agosto,Autos,Hatch Pequenos,10,HONDA/CITY HATCH,1543,2.54
2024,8,Agosto,Autos,Hatch Pequenos,11,GWM/ORA 03,382,1.29
2024,8,Agosto,Autos,Hatch Pequenos,12,RENAULT/SANDERO,406,0.85
2024,8,Agosto,Autos,Hatch Médios,1,AUDI/A3,35,37.48
2024,8,Agosto,Autos,Hatch Médios,2,GM/CRUZE HB,0,26.54
2024,8,Agosto,Autos,Hatch Médios,3,HONDA/CIVIC TYPE-R,6,8.7
2024,8,Agosto,Autos,Hatch Médios,4,M.BENZ/CLASSE A,5,6.3
2024,8,Agosto,Autos,Hatch Médios,5,BMW/118I,8,5.4
2024,8,Agosto,Autos,Hatch Médios,6,TOYOTA/COROLLA GR,3,5.4
2024,8,Agosto,Autos,Sedans Pequenos,1,FIAT/CRONOS,3759,49.87
2024,8,Agosto,Autos,Sedans Pequenos,2,HYUNDAI/HB20S,3592,44.68
2024,8,Agosto,Autos,Sedans Pequenos,3,RENAULT/LOGAN,373,5.41
2024,8,Agosto,Autos,Sedans Pequenos,4,VW/VOYAGE,0,0.02
2024,8,Agosto,Autos,Sedans Pequenos,5,FIAT/SIENA,0,0.01
2024,8,Agosto,Autos,Sedans Pequenos,6,FORD/KA SEDAN,1,0
2024,8,Agosto,Autos,Sedans Pequenos,7,GM/PRISMA,1,0
2024,8,Agosto,Autos,Sedans Pequenos,8,GM/CLASSIC,1,0
2024,8,Agosto,Autos,Sedans Compactos,1,GM/ONIX PLUS,4843,42.75
2024,8,Agosto,Autos,Sedans Compactos,2,VW/VIRTUS,2926,22.47
2024,8,Agosto,Autos,Sedans Compactos,3,TOYOTA/YARIS SEDAN,2347,15.55
2024,8,Agosto,Autos,Sedans Compactos,4,HONDA/CITY,1767,10.43
2024,8,Agosto,Autos,Sedans Compactos,5,NISSAN/VERSA,868,8.79
2024,8,Agosto,Autos,Sedans Compactos,6,GM/COBALT,2,0
2024,8,Agosto,Autos,Sedans médios,1,TOYOTA/COROLLA,3515,65.38
2024,8,Agosto,Autos,Sedans médios,2,NISSAN/SENTRA,485,10.41
2024,8,Agosto,Autos,Sedans médios,3,BYD/SEAL,228,7.34
2024,8,Agosto,Autos,Sedans médios,4,VW/JETTA,254,5.7
2024,8,Agosto,Autos,Sedans médios,5,BYD/KING,384,2.93
2024,8,Agosto,Autos,Sedans médios,6,HONDA/CIVIC,164,2.8
2024,8,Agosto,Autos,Sedans médios,7,GM/CRUZE SEDAN,8,2.09
2024,8,Agosto,Autos,Sedans médios,8,M.BENZ/CLA200,50,1.18
2024,8,Agosto,Autos,Sedans médios,9,AUDI/A3 SEDAN,26,0.74
2024,8,Agosto,Autos,Sedans médios,10,AUDI/A5,32,0.67
2024,8,Agosto,Autos,Sedans médios,11,BMW/420I,19,0.25
2024,8,Agosto,Autos,Sedans médios,12,M.BENZ/CLA45,0,0.14
2024,8,Agosto,Autos,Sedans médios,13,M.BENZ/CLA35,6,0.14
2024,8,Agosto,Autos,Sedans médios,14,CAOA CHERY/ARRIZO 6,0,0.07
2024,8,Agosto,Autos,Sedans médios,15,BMW/218I,0,0.05
2024,8,Agosto,Autos,Sedans médios,16,JAC/E-J7,0,0.04
2024,8,Agosto,Autos,Sedans médios,17,TESLA/MODEL 3,0,0.01
2024,8,Agosto,Autos,Sedans médios,18,HYUNDAI/IONIQ,0,0.01
2024,8,Agosto,Autos,Sedans médios,19,KIA/CERATO,1,0.01
2024,8,Agosto,Autos,Sedans médios,20,HYUNDAI/ELANTRA,0,0.01
2024,8,Agosto,Autos,Sedans médios,21,CITROEN/C4 PALLAS,0,0
2024,8,Agosto,Autos,Sedans Grandes,1,BMW/320I,282,56.16
2024,8,Agosto,Autos,Sedans Grandes,2,M.BENZ/CLASSE C,150,19.87
2024,8,Agosto,Autos,Sedans Grandes,3,BMW/330E,50,5.69
2024,8,Agosto,Autos,Sedans Grandes,4,PORSCHE/PANAMERA,15,4.77
2024,8,Agosto,Autos,Sedans Grandes,5,HONDA/ACCORD,21,3.04
2024,8,Agosto,Autos,Sedans Grandes,6,AUDI/A4,14,2.19
2024,8,Agosto,Autos,Sedans Grandes,7,LEXUS/ES300,20,1.85
2024,8,Agosto,Autos,Sedans Grandes,8,BMW/I4,8,1.31
2024,8,Agosto,Autos,Sedans Grandes,9,BMW/530E,23,1.29
2024,8,Agosto,Autos,Sedans Grandes,10,BYD/HAN,3,0.71
2024,8,Agosto,Autos,Sedans Grandes,11,BMW/I5,5,0.54
2024,8,Agosto,Autos,Sedans Grandes,12,TOYOTA/CAMRY,0,0.52
2024,8,Agosto,Autos,Sw Médios,1,FIAT/PALIO WEEKEND,0,25.0
2024,8,Agosto,Autos,Sw Médios,2,FORD/BELINA,0,25.0
2024,8,Agosto,Autos,Sw Médios,3,VW/PARATI,1,25.0
2024,8,Agosto,Autos,Sw Médios,4,VW/SPACE FOX,0,25.0
2024,8,Agosto,Autos,Sw Grandes,1,AUDI/RS6 AVANT,6,91.07
2024,8,Agosto,Autos,Sw Grandes,2,GM/CARAVAN,4,7.14
2024,8,Agosto,Autos,Sw Grandes,3,VW/QUANTUM,0,1.79
2024,8,Agosto,Autos,Monocab,1,GM/BOLT,5,86.36
2024,8,Agosto,Autos,Monocab,2,FIAT/DOBLO,0,9.09
2024,8,Agosto,Autos,Monocab,3,HONDA/FIT,0,4.55
2024,8,Agosto,Autos,Grandcab,1,GM/SPIN,2634,99.39
2024,8,Agosto,Autos,Grandcab,2,KIA/CARNIVAL,9,0.34
2024,8,Agosto,Autos,Grandcab,3,CHRYSLER/PACIFICA,2,0.11
2024,8,Agosto,Autos,Grandcab,4,TOYOTA/SIENNA,1,0.1
2024,8,Agosto,Autos,Sports,1,PORSCHE/911,169,36.37
2024,8,Agosto,Autos,Sports,2,PORSCHE/BOXSTER,8,17.14
2024,8,Agosto,Autos,Sports,3,FORD/MUSTANG,201,13.32
2024,8,Agosto,Autos,Sports,4,PORSCHE/CAYMAN,37,7.16
2024,8,Agosto,Autos,Sports,5,BMW/M2,20,5.41
2024,8,Agosto,Autos,Sports,6,BMW/M3,19,4.85
2024,8,Agosto,Autos,Sports,7,PORSCHE/TAYCAN,46,3.72
2024,8,Agosto,Autos,Sports,8,GM/CAMARO,7,2.91
2024,8,Agosto,Autos,Sports,9,GM/CORVETTE,6,2.13
2024,8,Agosto,Autos,Suv's,1,VW/T CROSS,7118,8.14
2024,8,Agosto,Autos,Suv's,2,HYUNDAI/CRETA,5962,7.61
2024,8,Agosto,Autos,Suv's,3,GM/TRACKER,6416,7.25
2024,8,Agosto,Autos,Suv's,4,NISSAN/KICKS,5355,6.84
2024,8,Agosto,Autos,Suv's,5,VW/NIVUS,4458,6.24
2024,8,Agosto,Autos,Suv's,6,JEEP/RENEGADE,5517,6.05
2024,8,Agosto,Autos,Suv's,7,FIAT/FASTBACK,4408,5.53
2024,8,Agosto,Autos,Suv's,8,JEEP/COMPASS,4005,5.48
2024,8,Agosto,Autos,Suv's,9,HONDA/HR-V,4542,5.41
2024,8,Agosto,Autos,Suv's,10,TOYOTA/COROLLA CROSS,4318,5.39
2024,8,Agosto,Autos,Suv's,11,FIAT/PULSE,3554,4.4
2024,8,Agosto,Autos,Suv's,12,CAOA CHERY/TIGGO 7,4016,2.95
2024,8,Agosto,Autos,Suv's,13,CAOA CHERY/TIGGO 5X,717,2.84
2024,8,Agosto,Autos,Suv's,14,BYD/SONG,2516,2.56
2024,8,Agosto,Autos,Suv's,15,GWM/HAVAL H6,2112,2.42
2024,8,Agosto,Autos,Suv's,16,RENAULT/DUSTER,1019,2.18
2024,8,Agosto,Autos,Suv's,17,VW/TAOS,1664,1.87
2024,8,Agosto,Autos,Suv's,18,TOYOTA/HILUX SW4,1361,1.83
2024,8,Agosto,Autos,Suv's,19,JEEP/COMMANDER,1673,1.82
2024,8,Agosto,Autos,Suv's,20,RENAULT/KARDIAN,2263,1.71
2024,8,Agosto,Autos,Suv's,21,CITROEN/C3 AIRCROSS,1049,1.02
2024,8,Agosto,Autos,Suv's,22,MITSUBISHI/ECLIPSE CROSS,613,0.94
2024,8,Agosto,Autos,Suv's,23,CAOA CHERY/TIGGO 8,599,0.92
2024,8,Agosto,Autos,Suv's,24,HONDA/ZR-V,324,0.58
2024,8,Agosto,Autos,Suv's,25,FORD/TERRITORY,469,0.58
2024,8,Agosto,Autos,Suv's,26,BMW/X1,199,0.53
2024,8,Agosto,Autos,Suv's,27,VW/TIGUAN,214,0.4
2024,8,Agosto,Autos,Suv's,28,VOLVO/XC60,326,0.35
2024,8,Agosto,Autos,Suv's,29,GM/EQUINOX,364,0.34
2024,8,Agosto,Autos,Suv's,30,VOLVO/EX30,314,0.31
2024,8,Agosto,Autos,Suv's,31,MITSUBISHI/PAJERO,322,0.3
2024,8,Agosto,Autos,Suv's,32,BYD/YUAN,208,0.29
2024,8,Agosto,Autos,Suv's,33,TOYOTA/RAV4,199,0.28
2024,8,Agosto,Autos,Suv's,34,AUDI/Q3,210,0.28
2024,8,Agosto,Autos,Suv's,35,FORD/BRONCO,223,0.27
2024,8,Agosto,Autos,Suv's,36,PORSCHE/CAYENNE,155,0.2
2024,8,Agosto,Autos,Suv's,37,GM/TRAILBLAZER,176,0.2
2024,8,Agosto,Autos,Suv's,38,PEUGEOT/2008,364,0.2
2024,8,Agosto,Autos,Suv's,39,LAND ROVER/DISCOVERY,124,0.19
2024,8,Agosto,Autos,Suv's,40,BMW/X3,179,0.18
2024,8,Agosto,Com. Leves,Pick-up's Pequenas,1,FIAT/STRADA,16422,71.72
2024,8,Agosto,Com. Leves,Pick-up's Pequenas,2,VW/SAVEIRO,5519,28.27
2024,8,Agosto,Com. Leves,Pick-up's Pequenas,3,PEUGEOT/PARTNER,0,0
2024,8,Agosto,Com. Leves,Pick-up's Pequenas,4,FORD/PAMPA,0,0
2024,8,Agosto,Com. Leves,Pick-up's Pequenas,5,GM/CHEVY,0,0
2024,8,Agosto,Com. Leves,Pick-up's Pequenas,6,GM/MONTANA,0,0
2024,8,Agosto,Com. Leves,Pick-up's Grandes,1,FIAT/TORO,5549,20.07
2024,8,Agosto,Com. Leves,Pick-up's Grandes,2,TOYOTA/HILUX,4730,18.54
2024,8,Agosto,Com. Leves,Pick-up's Grandes,3,FORD/RANGER,2782,10.64
2024,8,Agosto,Com. Leves,Pick-up's Grandes,4,GM/MONTANA,2362,10.35
2024,8,Agosto,Com. Leves,Pick-up's Grandes,5,GM/S10,2098,9.6
2024,8,Agosto,Com. Leves,Pick-up's Grandes,6,RAM/RAMPAGE,2059,9.09
2024,8,Agosto,Com. Leves,Pick-up's Grandes,7,RENAULT/OROCH,970,4.83
2024,8,Agosto,Com. Leves,Pick-up's Grandes,8,MITSUBISHI/L200,934,4.38
2024,8,Agosto,Com. Leves,Pick-up's Grandes,9,NISSAN/FRONTIER,857,4.07
2024,8,Agosto,Com. Leves,Pick-up's Grandes,10,VW/AMAROK,479,2.09
2024,8,Agosto,Com. Leves,Pick-up's Grandes,11,FIAT/TITANO,690,1.42
2024,8,Agosto,Com. Leves,Furgões,1,RENAULT/MASTER,1020,29.15
2024,8,Agosto,Com. Leves,Furgões,2,FIAT/SCUDO,527,10.9
2024,8,Agosto,Com. Leves,Furgões,3,FORD/TRANSIT,337,9.35
2024,8,Agosto,Com. Leves,Furgões,4,KIA/K2500,333,8.0
2024,8,Agosto,Com. Leves,Furgões,5,VW TRUCK E BUS/EXPRESS,158,5.5
2024,8,Agosto,Com. Leves,Furgões,6,FIAT/DUCATO,127,5.49
2024,8,Agosto,Com. Leves,Furgões,7,IVECO/DAILY,110,4.86
2024,8,Agosto,Com. Leves,Furgões Pequenos,1,FIAT/FIORINO,1856,89.9
2024,8,Agosto,Com. Leves,Furgões Pequenos,2,RENAULT/KANGOO,188,4.76
2024,8,Agosto,Com. Leves,Furgões Pequenos,3,PEUGEOT/PARTNER,61,3.78
2024,8,Agosto,Com. Leves,Furgões Pequenos,4,BYD/T3,1,0.68
2024,8,Agosto,Caminhões,Semi-Leve,1,M.BENZ/SPRINTER 417,219,56.1
2024,8,Agosto,Caminhões,Semi-Leve,2,M.BENZ/SPRINTER 517,89,18.19
2024,8,Agosto,Caminhões,Semi-Leve,3,IVECO/DAILY 45-170,32,8.13
2024,8,Agosto,Caminhões,Semi-Leve,4,M.BENZ/SPRINTER,0,6.1
2024,8,Agosto,Caminhões,Semi-Leve,5,IVECO/DAILY 55C17,1,4.61
2024,8,Agosto,Caminhões,Semi-Leve,6,VW TRUCK E BUS/6.160,3,1.92
2024,8,Agosto,Caminhões,Semi-Leve,7,M.BENZ/SPRINTER 416,2,1.31
2024,8,Agosto,Caminhões,Semi-Leve,8,M.BENZ/SPRINTER 516,1,0.84
2024,8,Agosto,Caminhões,Semi-Leve,9,IVECO/DAILY 55-170,4,0.73
2024,8,Agosto,Caminhões,Semi-Leve,10,IVECO/DAILY 65-170,2,0.65
2024,8,Agosto,Caminhões,Leve,1,VW TRUCK E BUS/9.180,258,42.53
2024,8,Agosto,Caminhões,Leve,2,M.BENZ/ACCELO 817,144,26.85
2024,8,Agosto,Caminhões,Leve,3,IVECO/DAILY 65-170,36,7.16
2024,8,Agosto,Caminhões,Leve,4,IVECO/TECTOR 9-190,26,5.69
2024,8,Agosto,Caminhões,Leve,5,HYUNDAI/HD 80,12,3.85
2024,8,Agosto,Caminhões,Leve,6,VW TRUCK E BUS/6.170,10,3.18
2024,8,Agosto,Caminhões,Leve,7,JAC/IEV1200T,9,1.9
2024,8,Agosto,Caminhões,Leve,8,FOTON/AUMARK S 715,15,1.55
2024,8,Agosto,Caminhões,Leve,9,VW TRUCK E BUS/9.170,2,1.55
2024,8,Agosto,Caminhões,Leve,10,FOTON/AUMARK S 916,7,1.31
2024,8,Agosto,Caminhões,Médio,1,VW TRUCK E BUS/11.180,501,41.78
2024,8,Agosto,Caminhões,Médio,2,M.BENZ/ACCELO 1017,426,30.79
2024,8,Agosto,Caminhões,Médio,3,VW TRUCK E BUS/13.180,98,6.21
2024,8,Agosto,Caminhões,Médio,4,IVECO/TECTOR 11-190,50,5.61
2024,8,Agosto,Caminhões,Médio,5,M.BENZ/ACCELO 1317,54,4.22
2024,8,Agosto,Caminhões,Médio,6,M.BENZ/ATEGO 1419,40,3.44
2024,8,Agosto,Caminhões,Médio,7,VW TRUCK E BUS/14.210,2,2.7
2024,8,Agosto,Caminhões,Médio,8,FOTON/AUMARK S 1217A,19,1.56
2024,8,Agosto,Caminhões,Médio,9,VW TRUCK E BUS/E DELIVERY 14,1,1.21
2024,8,Agosto,Caminhões,Médio,10,VW TRUCK E BUS/E DELIVERY 1,3,1.0
2024,8,Agosto,Caminhões,Semi-Pesado,1,VOLVO/VM 290,382,11.66
2024,8,Agosto,Caminhões,Semi-Pesado,2,M.BENZ/ATEGO 1719,279,8.28
2024,8,Agosto,Caminhões,Semi-Pesado,3,VW TRUCK E BUS/26.260,235,7.94
2024,8,Agosto,Caminhões,Semi-Pesado,4,VW TRUCK E BUS/17.210,232,7.08
2024,8,Agosto,Caminhões,Semi-Pesado,5,M.BENZ/ATEGO 2429,233,7.03
2024,8,Agosto,Caminhões,Semi-Pesado,6,VW TRUCK E BUS/26.320,196,5.63
2024,8,Agosto,Caminhões,Semi-Pesado,7,VOLVO/VM 360,191,5.3
2024,8,Agosto,Caminhões,Semi-Pesado,8,VW TRUCK E BUS/27.260,107,4.17
2024,8,Agosto,Caminhões,Semi-Pesado,9,DAF/CF 310,159,4.15
2024,8,Agosto,Caminhões,Semi-Pesado,10,VW TRUCK E BUS/31.320,133,4.09
2024,8,Agosto,Caminhões,Pesado,1,VOLVO/FH 540,692,12.28
2024,8,Agosto,Caminhões,Pesado,2,SCANIA/R450,259,7.69
2024,8,Agosto,Caminhões,Pesado,3,DAF/XF 530,391,7.44
2024,8,Agosto,Caminhões,Pesado,4,VOLVO/FH 460,504,7.31
2024,8,Agosto,Caminhões,Pesado,5,SCANIA/R 460,337,5.3
2024,8,Agosto,Caminhões,Pesado,6,SCANIA/R540,130,5.21
2024,8,Agosto,Caminhões,Pesado,7,DAF/XF 480,266,5.18
2024,8,Agosto,Caminhões,Pesado,8,M.BENZ/ACTROS 2548,243,4.39
2024,8,Agosto,Caminhões,Pesado,9,SCANIA/R560,225,4.1
2024,8,Agosto,Caminhões,Pesado,10,VW TRUCK E BUS/28.480,409,3.42
2024,8,Agosto,Motos,City,1,HONDA/CG 160,37423,58.04
2024,8,Agosto,Motos,City,2,HONDA/CB 300F,5888,7.73
2024,8,Agosto,Motos,City,3,MOTTU/SPORT 110I,6344,7.43
2024,8,Agosto,Motos,City,4,YAMAHA/YBR 150,4507,6.91
2024,8,Agosto,Motos,City,5,YAMAHA/FAZER 250,4174,6.37
2024,8,Agosto,Motos,City,6,YAMAHA/FAZER 150,3737,5.67
2024,8,Agosto,Motos,City,7,YAMAHA/YS150 FAZER,1979,2.65
2024,8,Agosto,Motos,City,8,SHINERAY/XY 150,1324,1.41
2024,8,Agosto,Motos,City,9,YAMAHA/YBR 125,612,1.01
2024,8,Agosto,Motos,City,10,HAOJUE/DR160,340,0.54
2024,8,Agosto,Motos,Custom,1,ROYAL ENFIELD/HUNTER 350,584,24.31
2024,8,Agosto,Motos,Custom,2,ROYAL ENFIELD/METEOR,429,17.51
2024,8,Agosto,Motos,Custom,3,TRIUMPH/SCRAMBLER 400,519,13.59
2024,8,Agosto,Motos,Custom,4,ROYAL ENFIELD/CLASSIC 350,220,11.2
2024,8,Agosto,Motos,Custom,5,ROYAL ENFIELD/SUPER METEOR 650,230,5.87
2024,8,Agosto,Motos,Custom,6,BMW/C400 X,97,5.47
2024,8,Agosto,Motos,Custom,7,KAWASAKI/VULCAN S,84,4.75
2024,8,Agosto,Motos,Custom,8,ROYAL ENFIELD/INTERCEPTOR,89,3.96
2024,8,Agosto,Motos,Custom,9,KAWASAKI/ELIMINATOR 500,81,1.87
2024,8,Agosto,Motos,Custom,10,TRIUMPH/BONNEVILLE,19,1.67
2024,8,Agosto,Motos,Trail/Fun,1,HONDA/NXR160,12701,44.2
2024,8,Agosto,Motos,Trail/Fun,2,YAMAHA/XTZ 250,4263,13.12
2024,8,Agosto,Motos,Trail/Fun,3,HONDA/XRE 300,3058,12.85
2024,8,Agosto,Motos,Trail/Fun,4,YAMAHA/CROSSER 150,3589,10.26
2024,8,Agosto,Motos,Trail/Fun,5,HONDA/XRE 190,3467,8.37
2024,8,Agosto,Motos,Trail/Fun,6,SHINERAY/XY 125,2559,7.49
2024,8,Agosto,Motos,Trail/Fun,7,BMW/G310 GS,243,0.79
2024,8,Agosto,Motos,Trail/Fun,8,HAOJUE/NK 150,146,0.52
2024,8,Agosto,Motos,Trail/Fun,9,DAFRA/NH 190,143,0.43
2024,8,Agosto,Motos,Trail/Fun,10,KAWASAKI/VERSYS 300,119,0.41
2024,8,Agosto,Motos,Maxtrail,1,HONDA/CB 500X,505,17.19
2024,8,Agosto,Motos,Maxtrail,2,BMW/R1250GS,342,15.49
2024,8,Agosto,Motos,Maxtrail,3,TRIUMPH/TIGER 900,258,12.71
2024,8,Agosto,Motos,Maxtrail,4,HONDA/NC 750X,255,11.53
2024,8,Agosto,Motos,Maxtrail,5,BMW/R1300GS,147,7.53
2024,8,Agosto,Motos,Maxtrail,6,BMW/F850 GS,6,5.43
2024,8,Agosto,Motos,Maxtrail,7,TRIUMPH/TIGER 1200,131,4.41
2024,8,Agosto,Motos,Maxtrail,8,KAWASAKI/VERSYS 650,103,4.26
2024,8,Agosto,Motos,Maxtrail,9,HONDA/CRF 1100L,96,4.11
2024,8,Agosto,Motos,Maxtrail,10,SUZUKI/VSTROM650,85,3.26
2024,8,Agosto,Motos,Naked/Roadster,1,YAMAHA/MT03,1001,28.85
2024,8,Agosto,Motos,Naked/Roadster,2,BAJAJ/DOMINAR D400,455,17.1
2024,8,Agosto,Motos,Naked/Roadster,3,HONDA/CB 500,312,8.87
2024,8,Agosto,Motos,Naked/Roadster,4,YAMAHA/MT09,265,7.7
2024,8,Agosto,Motos,Naked/Roadster,5,HONDA/CB 650R,356,7.4
2024,8,Agosto,Motos,Naked/Roadster,6,YAMAHA/MT07,227,6.56
2024,8,Agosto,Motos,Naked/Roadster,7,KAWASAKI/Z900,93,3.49
2024,8,Agosto,Motos,Naked/Roadster,8,TRIUMPH/SPEED 400,176,3.37
2024,8,Agosto,Motos,Naked/Roadster,9,HONDA/CB 1000R,46,2.0
2024,8,Agosto,Motos,Naked/Roadster,10,KAWASAKI/Z400,27,1.98
2024,8,Agosto,Motos,Scooter/Cub,1,HONDA/BIZ,20611,43.83
2024,8,Agosto,Motos,Scooter/Cub,2,HONDA/POP 110I,14414,24.24
2024,8,Agosto,Motos,Scooter/Cub,3,HONDA/PCX 160,4549,8.84
2024,8,Agosto,Motos,Scooter/Cub,4,HONDA/ELITE 125,2863,3.96
2024,8,Agosto,Motos,Scooter/Cub,5,YAMAHA/NMAX,1782,2.64
2024,8,Agosto,Motos,Scooter/Cub,6,YAMAHA/NEO 125,1457,2.5
2024,8,Agosto,Motos,Scooter/Cub,7,AVELLOZ/AZ1,1705,2.37
2024,8,Agosto,Motos,Scooter/Cub,8,SHINERAY/XY 50,1200,2.2
2024,8,Agosto,Motos,Scooter/Cub,9,HONDA/ADV 150,1219,2.08
2024,8,Agosto,Motos,Scooter/Cub,10,SHINERAY/SHI 175,1661,1.93
2024,8,Agosto,Motos,Sport,1,YAMAHA/YZF R15,470,52.38
2024,8,Agosto,Motos,Sport,2,YAMAHA/YZF R3,177,12.47
2024,8,Agosto,Motos,Sport,3,BMW/S1000 R,93,8.27
2024,8,Agosto,Motos,Sport,4,HONDA/CBR 650R,98,7.03
2024,8,Agosto,Motos,Sport,5,KAWASAKI/NINJA 400,23,6.5
2024,8,Agosto,Motos,Sport,6,KAWASAKI/NINJA ZX-4R,16,2.19
2024,8,Agosto,Motos,Sport,7,KAWASAKI/NINJA 300,4,2.13
2024,8,Agosto,Motos,Sport,8,KAWASAKI/NINJA ZX 6,2,1.55
2024,8,Agosto,Motos,Sport,9,KAWASAKI/NINJA 650,15,1.22
2024,8,Agosto,Motos,Sport,10,KAWASAKI/NINJA ZX-6R,45,1.2
2024,8,Agosto,Motos,Touring,1,H.DAVIDSON/FLTRX,35,22.54
2024,8,Agosto,Motos,Touring,2,H.DAVIDSON/FLHX,24,20.57
2024,8,Agosto,Motos,Touring,3,H.DAVIDSON/FLTRK,13,14.67
2024,8,Agosto,Motos,Touring,4,H.DAVIDSON/FLH RXS,5,11.2
2024,8,Agosto,Motos,Touring,5,H.DAVIDSON/FLHTK,7,9.68
2024,8,Agosto,Motos,Touring,6,H.DAVIDSON/FLT,1,7.11
2024,8,Agosto,Motos,Touring,7,HONDA/GOLDWING,1,4.69
2024,8,Agosto,Motos,Touring,8,H.DAVIDSON/F LHXSE,0,2.72
2024,9,Setembro,Autos,Veículos de Entrada,1,FIAT/MOBI,5860,56.06
2024,9,Setembro,Autos,Veículos de Entrada,2,RENAULT/KWID,5095,43.86
2024,9,Setembro,Autos,Veículos de Entrada,3,VW/GOL,2,0.05
2024,9,Setembro,Autos,Veículos de Entrada,4,FIAT/UNO,2,0.01
2024,9,Setembro,Autos,Veículos de Entrada,5,VW/UP,0,0
2024,9,Setembro,Autos,Veículos de Entrada,6,GM/CELTA,1,0
2024,9,Setembro,Autos,Veículos de Entrada,7,GM/CHEVETTE,0,0
2024,9,Setembro,Autos,Veículos de Entrada,8,FIAT/PALIO,0,0
2024,9,Setembro,Autos,Veículos de Entrada,9,FORD/KA,0,0
2024,9,Setembro,Autos,Hatch Pequenos,1,VW/POLO,12355,24.64
2024,9,Setembro,Autos,Hatch Pequenos,2,GM/ONIX,8610,17.43
2024,9,Setembro,Autos,Hatch Pequenos,3,FIAT/ARGO,8421,16.37
2024,9,Setembro,Autos,Hatch Pequenos,4,HYUNDAI/HB20,6966,16.25
2024,9,Setembro,Autos,Hatch Pequenos,5,TOYOTA/YARIS HB,2651,5.12
2024,9,Setembro,Autos,Hatch Pequenos,6,CITROEN/C3,1871,4.07
2024,9,Setembro,Autos,Hatch Pequenos,7,PEUGEOT/208,1191,3.9
2024,9,Setembro,Autos,Hatch Pequenos,8,BYD/DOLPHIN MINI,2169,3.81
2024,9,Setembro,Autos,Hatch Pequenos,9,BYD/DOLPHIN,795,3.28
2024,9,Setembro,Autos,Hatch Pequenos,10,HONDA/CITY HATCH,1491,2.61
2024,9,Setembro,Autos,Hatch Pequenos,11,GWM/ORA 03,307,1.21
2024,9,Setembro,Autos,Hatch Pequenos,12,RENAULT/SANDERO,468,0.86
2024,9,Setembro,Autos,Hatch Médios,1,AUDI/A3,28,36.25
2024,9,Setembro,Autos,Hatch Médios,2,GM/CRUZE HB,1,23.21
2024,9,Setembro,Autos,Hatch Médios,3,HONDA/CIVIC TYPE-R,1,9.0
2024,9,Setembro,Autos,Hatch Médios,4,NISSAN/LEAF,34,8.21
2024,9,Setembro,Autos,Hatch Médios,5,M.BENZ/CLASSE A,7,6.39
2024,9,Setembro,Autos,Hatch Médios,6,BMW/118I,8,5.74
2024,9,Setembro,Autos,Sedans Pequenos,1,FIAT/CRONOS,5858,51.28
2024,9,Setembro,Autos,Sedans Pequenos,2,HYUNDAI/HB20S,2303,40.74
2024,9,Setembro,Autos,Sedans Pequenos,3,RENAULT/LOGAN,1978,7.94
2024,9,Setembro,Autos,Sedans Pequenos,4,VW/VOYAGE,0,0.01
2024,9,Setembro,Autos,Sedans Pequenos,5,FIAT/SIENA,0,0.01
2024,9,Setembro,Autos,Sedans Pequenos,6,FORD/KA SEDAN,0,0
2024,9,Setembro,Autos,Sedans Pequenos,7,GM/PRISMA,0,0
2024,9,Setembro,Autos,Sedans Pequenos,8,GM/CLASSIC,0,0
2024,9,Setembro,Autos,Sedans Compactos,1,GM/ONIX PLUS,4785,42.37
2024,9,Setembro,Autos,Sedans Compactos,2,VW/VIRTUS,2478,22.23
2024,9,Setembro,Autos,Sedans Compactos,3,TOYOTA/YARIS SEDAN,2597,16.23
2024,9,Setembro,Autos,Sedans Compactos,4,HONDA/CITY,1550,10.71
2024,9,Setembro,Autos,Sedans Compactos,5,NISSAN/VERSA,722,8.46
2024,9,Setembro,Autos,Sedans Compactos,6,GM/COBALT,0,0
2024,9,Setembro,Autos,Sedans médios,1,TOYOTA/COROLLA,3566,65.91
2024,9,Setembro,Autos,Sedans médios,2,NISSAN/SENTRA,516,10.37
2024,9,Setembro,Autos,Sedans médios,3,BYD/SEAL,179,6.86
2024,9,Setembro,Autos,Sedans médios,4,VW/JETTA,210,5.5
2024,9,Setembro,Autos,Sedans médios,5,BYD/KING,273,3.23
2024,9,Setembro,Autos,Sedans médios,6,HONDA/CIVIC,139,2.79
2024,9,Setembro,Autos,Sedans médios,7,GM/CRUZE SEDAN,3,1.84
2024,9,Setembro,Autos,Sedans médios,8,M.BENZ/CLA200,110,1.3
2024,9,Setembro,Autos,Sedans médios,9,AUDI/A3 SEDAN,32,0.73
2024,9,Setembro,Autos,Sedans médios,10,AUDI/A5,45,0.7
2024,9,Setembro,Autos,Sedans médios,11,BMW/420I,14,0.26
2024,9,Setembro,Autos,Sedans médios,12,M.BENZ/CLA35,12,0.15
2024,9,Setembro,Autos,Sedans médios,13,M.BENZ/CLA45,1,0.13
2024,9,Setembro,Autos,Sedans médios,14,CAOA CHERY/ARRIZO 6,0,0.06
2024,9,Setembro,Autos,Sedans médios,15,BMW/218I,3,0.05
2024,9,Setembro,Autos,Sedans médios,16,M.BENZ/AMG C63S,14,0.03
2024,9,Setembro,Autos,Sedans médios,17,JAC/E-J7,0,0.03
2024,9,Setembro,Autos,Sedans médios,18,HYUNDAI/ELANTRA,2,0.01
2024,9,Setembro,Autos,Sedans médios,19,TESLA/MODEL 3,0,0.01
2024,9,Setembro,Autos,Sedans médios,20,HYUNDAI/IONIQ,0,0.01
2024,9,Setembro,Autos,Sedans médios,21,KIA/CERATO,0,0.01
2024,9,Setembro,Autos,Sedans Grandes,1,BMW/320I,341,55.8
2024,9,Setembro,Autos,Sedans Grandes,2,M.BENZ/CLASSE C,119,19.71
2024,9,Setembro,Autos,Sedans Grandes,3,BMW/330E,74,6.37
2024,9,Setembro,Autos,Sedans Grandes,4,PORSCHE/PANAMERA,10,4.39
2024,9,Setembro,Autos,Sedans Grandes,5,HONDA/ACCORD,21,3.07
2024,9,Setembro,Autos,Sedans Grandes,6,AUDI/A4,23,2.35
2024,9,Setembro,Autos,Sedans Grandes,7,LEXUS/ES300,16,1.93
2024,9,Setembro,Autos,Sedans Grandes,8,BMW/I4,18,1.49
2024,9,Setembro,Autos,Sedans Grandes,9,BMW/530E,8,1.29
2024,9,Setembro,Autos,Sedans Grandes,10,BYD/HAN,3,0.68
2024,9,Setembro,Autos,Sedans Grandes,11,BMW/I5,0,0.48
2024,9,Setembro,Autos,Sedans Grandes,12,TOYOTA/CAMRY,0,0.46
2024,9,Setembro,Autos,Sw Médios,1,FIAT/PALIO WEEKEND,0,20.0
2024,9,Setembro,Autos,Sw Médios,2,FORD/BELINA,0,20.0
2024,9,Setembro,Autos,Sw Médios,3,HYUNDAI/I30 SW,1,20.0
2024,9,Setembro,Autos,Sw Médios,4,VW/PARATI,0,20.0
2024,9,Setembro,Autos,Sw Grandes,1,AUDI/RS6 AVANT,5,91.8
2024,9,Setembro,Autos,Sw Grandes,2,GM/CARAVAN,0,6.56
2024,9,Setembro,Autos,Sw Grandes,3,VW/QUANTUM,0,1.64
2024,9,Setembro,Autos,Monocab,1,GM/BOLT,5,88.89
2024,9,Setembro,Autos,Monocab,2,FIAT/DOBLO,0,7.41
2024,9,Setembro,Autos,Monocab,3,HONDA/FIT,0,3.7
2024,9,Setembro,Autos,Grandcab,1,GM/SPIN,2294,99.15
2024,9,Setembro,Autos,Grandcab,2,KIA/CARNIVAL,51,0.59
2024,9,Setembro,Autos,Grandcab,3,TOYOTA/SIENNA,3,0.11
2024,9,Setembro,Autos,Grandcab,4,CHRYSLER/PACIFICA,0,0.09
2024,9,Setembro,Autos,Sports,1,PORSCHE/911,123,34.98
2024,9,Setembro,Autos,Sports,2,PORSCHE/BOXSTER,86,17.25
2024,9,Setembro,Autos,Sports,3,FORD/MUSTANG,123,14.93
2024,9,Setembro,Autos,Sports,4,PORSCHE/CAYMAN,43,7.4
2024,9,Setembro,Autos,Sports,5,BMW/M2,14,5.09
2024,9,Setembro,Autos,Sports,6,BMW/M3,12,4.54
2024,9,Setembro,Autos,Sports,7,PORSCHE/TAYCAN,3,4.13
2024,9,Setembro,Autos,Sports,8,GM/CAMARO,12,2.86
2024,9,Setembro,Autos,Sports,9,GM/CORVETTE,5,1.99
2024,9,Setembro,Autos,Suv's,1,VW/T CROSS,8543,8.42
2024,9,Setembro,Autos,Suv's,2,HYUNDAI/CRETA,5163,7.45
2024,9,Setembro,Autos,Suv's,3,GM/TRACKER,6179,7.28
2024,9,Setembro,Autos,Suv's,4,NISSAN/KICKS,5792,6.87
2024,9,Setembro,Autos,Suv's,5,VW/NIVUS,4401,6.13
2024,9,Setembro,Autos,Suv's,6,JEEP/RENEGADE,5306,6.1
2024,9,Setembro,Autos,Suv's,7,HONDA/HR-V,4578,5.43
2024,9,Setembro,Autos,Suv's,8,FIAT/FASTBACK,3808,5.42
2024,9,Setembro,Autos,Suv's,9,JEEP/COMPASS,3801,5.37
2024,9,Setembro,Autos,Suv's,10,TOYOTA/COROLLA CROSS,4205,5.36
2024,9,Setembro,Autos,Suv's,11,FIAT/PULSE,3325,4.36
2024,9,Setembro,Autos,Suv's,12,CAOA CHERY/TIGGO 7,3683,3.14
2024,9,Setembro,Autos,Suv's,13,CAOA CHERY/TIGGO 5X,707,2.6
2024,9,Setembro,Autos,Suv's,14,BYD/SONG,2172,2.57
2024,9,Setembro,Autos,Suv's,15,GWM/HAVAL H6,1952,2.42
2024,9,Setembro,Autos,Suv's,16,RENAULT/DUSTER,1407,2.13
2024,9,Setembro,Autos,Suv's,17,RENAULT/KARDIAN,3303,2.0
2024,9,Setembro,Autos,Suv's,18,VW/TAOS,1333,1.84
2024,9,Setembro,Autos,Suv's,19,TOYOTA/HILUX SW4,1507,1.83
2024,9,Setembro,Autos,Suv's,20,JEEP/COMMANDER,1517,1.82
2024,9,Setembro,Autos,Suv's,21,CITROEN/C3 AIRCROSS,568,0.98
2024,9,Setembro,Autos,Suv's,22,CAOA CHERY/TIGGO 8,1160,0.98
2024,9,Setembro,Autos,Suv's,23,MITSUBISHI/ECLIPSE CROSS,501,0.9
2024,9,Setembro,Autos,Suv's,24,HONDA/ZR-V,770,0.62
2024,9,Setembro,Autos,Suv's,25,FORD/TERRITORY,435,0.57
2024,9,Setembro,Autos,Suv's,26,BMW/X1,28,0.47
2024,9,Setembro,Autos,Suv's,27,VW/TIGUAN,210,0.38
2024,9,Setembro,Autos,Suv's,28,GM/EQUINOX,325,0.35
2024,9,Setembro,Autos,Suv's,29,VOLVO/XC60,220,0.34
2024,9,Setembro,Autos,Suv's,30,PEUGEOT/2008,1073,0.33
2024,9,Setembro,Autos,Suv's,31,MITSUBISHI/PAJERO,348,0.31
2024,9,Setembro,Autos,Suv's,32,BYD/YUAN,364,0.31
2024,9,Setembro,Autos,Suv's,33,VOLVO/EX30,254,0.31
2024,9,Setembro,Autos,Suv's,34,AUDI/Q3,179,0.27
2024,9,Setembro,Autos,Suv's,35,TOYOTA/RAV4,156,0.27
2024,9,Setembro,Autos,Suv's,36,FORD/BRONCO,179,0.26
2024,9,Setembro,Autos,Suv's,37,PORSCHE/CAYENNE,167,0.2
2024,9,Setembro,Autos,Suv's,38,GM/TRAILBLAZER,163,0.2
2024,9,Setembro,Autos,Suv's,39,BMW/X3,195,0.19
2024,9,Setembro,Autos,Suv's,40,LAND ROVER/DISCOVERY,107,0.18
2024,9,Setembro,Com. Leves,Pick-up's Pequenas,1,FIAT/STRADA,14240,72.21
2024,9,Setembro,Com. Leves,Pick-up's Pequenas,2,VW/SAVEIRO,4656,27.79
2024,9,Setembro,Com. Leves,Pick-up's Pequenas,3,PEUGEOT/PARTNER,0,0
2024,9,Setembro,Com. Leves,Pick-up's Pequenas,4,CHEVROLET/EL CAMINO,1,0
2024,9,Setembro,Com. Leves,Pick-up's Pequenas,5,FORD/PAMPA,0,0
2024,9,Setembro,Com. Leves,Pick-up's Pequenas,6,GM/CHEVY,0,0
2024,9,Setembro,Com. Leves,Pick-up's Grandes,1,FIAT/TORO,4925,19.95
2024,9,Setembro,Com. Leves,Pick-up's Grandes,2,TOYOTA/HILUX,5118,18.72
2024,9,Setembro,Com. Leves,Pick-up's Grandes,3,FORD/RANGER,2893,10.72
2024,9,Setembro,Com. Leves,Pick-up's Grandes,4,GM/MONTANA,2522,10.28
2024,9,Setembro,Com. Leves,Pick-up's Grandes,5,GM/S10,2661,9.7
2024,9,Setembro,Com. Leves,Pick-up's Grandes,6,RAM/RAMPAGE,2113,8.97
2024,9,Setembro,Com. Leves,Pick-up's Grandes,7,RENAULT/OROCH,1237,4.83
2024,9,Setembro,Com. Leves,Pick-up's Grandes,8,MITSUBISHI/L200,805,4.22
2024,9,Setembro,Com. Leves,Pick-up's Grandes,9,NISSAN/FRONTIER,1054,4.08
2024,9,Setembro,Com. Leves,Pick-up's Grandes,10,VW/AMAROK,999,2.32
2024,9,Setembro,Com. Leves,Pick-up's Grandes,11,FIAT/TITANO,554,1.52
2024,9,Setembro,Com. Leves,Furgões,1,RENAULT/MASTER,1270,29.96
2024,9,Setembro,Com. Leves,Furgões,2,FIAT/SCUDO,253,10.35
2024,9,Setembro,Com. Leves,Furgões,3,FORD/TRANSIT,298,9.19
2024,9,Setembro,Com. Leves,Furgões,4,KIA/K2500,258,7.88
2024,9,Setembro,Com. Leves,Furgões,5,VW TRUCK E BUS/EXPRESS,157,5.34
2024,9,Setembro,Com. Leves,Furgões,6,FIAT/DUCATO,120,5.18
2024,9,Setembro,Com. Leves,Furgões,7,IVECO/DAILY,249,5.14
2024,9,Setembro,Com. Leves,Furgões Pequenos,1,FIAT/FIORINO,2276,88.82
2024,9,Setembro,Com. Leves,Furgões Pequenos,2,RENAULT/KANGOO,403,6.38
2024,9,Setembro,Com. Leves,Furgões Pequenos,3,PEUGEOT/PARTNER,52,3.48
2024,9,Setembro,Com. Leves,Furgões Pequenos,4,BYD/T3,0,0.57
2024,9,Setembro,Caminhões,Semi-Leve,1,M.BENZ/SPRINTER 417,242,56.82
2024,9,Setembro,Caminhões,Semi-Leve,2,M.BENZ/SPRINTER 517,60,17.84
2024,9,Setembro,Caminhões,Semi-Leve,3,IVECO/DAILY 45-170,46,8.59
2024,9,Setembro,Caminhões,Semi-Leve,4,M.BENZ/SPRINTER,0,5.34
2024,9,Setembro,Caminhões,Semi-Leve,5,IVECO/DAILY 55C17,12,4.42
2024,9,Setembro,Caminhões,Semi-Leve,6,VW TRUCK E BUS/6.160,3,1.78
2024,9,Setembro,Caminhões,Semi-Leve,7,M.BENZ/SPRINTER 416,3,1.24
2024,9,Setembro,Caminhões,Semi-Leve,8,M.BENZ/SPRINTER 516,6,0.92
2024,9,Setembro,Caminhões,Semi-Leve,9,IVECO/DAILY 55-170,1,0.67
2024,9,Setembro,Caminhões,Semi-Leve,10,IVECO/DAILY 65-170,1,0.6
2024,9,Setembro,Caminhões,Leve,1,VW TRUCK E BUS/9.180,226,43.19
2024,9,Setembro,Caminhões,Leve,2,M.BENZ/ACCELO 817,125,26.85
2024,9,Setembro,Caminhões,Leve,3,IVECO/DAILY 65-170,34,7.18
2024,9,Setembro,Caminhões,Leve,4,IVECO/TECTOR 9-190,2,5.58
2024,9,Setembro,Caminhões,Leve,5,HYUNDAI/HD 80,5,3.54
2024,9,Setembro,Caminhões,Leve,6,VW TRUCK E BUS/6.170,13,3.14
2024,9,Setembro,Caminhões,Leve,7,JAC/IEV1200T,1,1.71
2024,9,Setembro,Caminhões,Leve,8,FOTON/AUMARK S 715,1,1.64
2024,9,Setembro,Caminhões,Leve,9,VW TRUCK E BUS/9.170,0,1.38
2024,9,Setembro,Caminhões,Leve,10,FOTON/AUMARK S 916,5,1.28
2024,9,Setembro,Caminhões,Médio,1,VW TRUCK E BUS/11.180,647,42.2
2024,9,Setembro,Caminhões,Médio,2,M.BENZ/ACCELO 1017,414,30.49
2024,9,Setembro,Caminhões,Médio,3,VW TRUCK E BUS/13.180,79,6.11
2024,9,Setembro,Caminhões,Médio,4,IVECO/TECTOR 11-190,56,5.36
2024,9,Setembro,Caminhões,Médio,5,M.BENZ/ACCELO 1317,86,4.47
2024,9,Setembro,Caminhões,Médio,6,M.BENZ/ATEGO 1419,54,3.49
2024,9,Setembro,Caminhões,Médio,7,VW TRUCK E BUS/14.210,30,2.61
2024,9,Setembro,Caminhões,Médio,8,FOTON/AUMARK S 1217A,3,1.66
2024,9,Setembro,Caminhões,Médio,9,VW TRUCK E BUS/E DELIVERY 14,10,1.14
2024,9,Setembro,Caminhões,Médio,10,VW TRUCK E BUS/E DELIVERY 1,14,0.99
2024,9,Setembro,Caminhões,Semi-Pesado,1,VOLVO/VM 290,335,11.37
2024,9,Setembro,Caminhões,Semi-Pesado,2,M.BENZ/ATEGO 1719,281,8.24
2024,9,Setembro,Caminhões,Semi-Pesado,3,VW TRUCK E BUS/26.260,291,7.99
2024,9,Setembro,Caminhões,Semi-Pesado,4,VW TRUCK E BUS/17.210,322,7.36
2024,9,Setembro,Caminhões,Semi-Pesado,5,M.BENZ/ATEGO 2429,310,7.27
2024,9,Setembro,Caminhões,Semi-Pesado,6,VW TRUCK E BUS/26.320,169,5.52
2024,9,Setembro,Caminhões,Semi-Pesado,7,VOLVO/VM 360,144,5.13
2024,9,Setembro,Caminhões,Semi-Pesado,8,VW TRUCK E BUS/31.320,166,4.18
2024,9,Setembro,Caminhões,Semi-Pesado,9,DAF/CF 310,136,4.11
2024,9,Setembro,Caminhões,Semi-Pesado,10,VW TRUCK E BUS/27.260,113,4.04
2024,9,Setembro,Caminhões,Pesado,1,VOLVO/FH 540,770,12.52
2024,9,Setembro,Caminhões,Pesado,2,DAF/XF 530,480,7.62
2024,9,Setembro,Caminhões,Pesado,3,VOLVO/FH 460,492,7.53
2024,9,Setembro,Caminhões,Pesado,4,SCANIA/R450,255,7.35
2024,9,Setembro,Caminhões,Pesado,5,SCANIA/R 460,404,5.57
2024,9,Setembro,Caminhões,Pesado,6,DAF/XF 480,328,5.29
2024,9,Setembro,Caminhões,Pesado,7,SCANIA/R540,151,4.93
2024,9,Setembro,Caminhões,Pesado,8,M.BENZ/ACTROS 2548,150,4.2
2024,9,Setembro,Caminhões,Pesado,9,SCANIA/R560,213,4.08
2024,9,Setembro,Caminhões,Pesado,10,VW TRUCK E BUS/28.480,259,3.58
2024,9,Setembro,Motos,City,1,HONDA/CG 160,37404,57.84
2024,9,Setembro,Motos,City,2,HONDA/CB 300F,5995,7.88
2024,9,Setembro,Motos,City,3,MOTTU/SPORT 110I,5099,7.46
2024,9,Setembro,Motos,City,4,YAMAHA/YBR 150,3909,6.79
2024,9,Setembro,Motos,City,5,YAMAHA/FAZER 250,4014,6.33
2024,9,Setembro,Motos,City,6,YAMAHA/FAZER 150,3573,5.64
2024,9,Setembro,Motos,City,7,YAMAHA/YS150 FAZER,1887,2.67
2024,9,Setembro,Motos,City,8,SHINERAY/XY 150,1303,1.48
2024,9,Setembro,Motos,City,9,YAMAHA/YBR 125,959,1.06
2024,9,Setembro,Motos,City,10,HAOJUE/DR160,371,0.54
2024,9,Setembro,Motos,Custom,1,ROYAL ENFIELD/HUNTER 350,516,24.29
2024,9,Setembro,Motos,Custom,2,ROYAL ENFIELD/METEOR,397,17.65
2024,9,Setembro,Motos,Custom,3,TRIUMPH/SCRAMBLER 400,143,12.72
2024,9,Setembro,Motos,Custom,4,ROYAL ENFIELD/CLASSIC 350,235,11.17
2024,9,Setembro,Motos,Custom,5,ROYAL ENFIELD/SUPER METEOR 650,255,6.63
2024,9,Setembro,Motos,Custom,6,BMW/C400 X,91,5.31
2024,9,Setembro,Motos,Custom,7,KAWASAKI/VULCAN S,6,4.54
2024,9,Setembro,Motos,Custom,8,ROYAL ENFIELD/INTERCEPTOR,98,4.04
2024,9,Setembro,Motos,Custom,9,KAWASAKI/ELIMINATOR 500,47,1.91
2024,9,Setembro,Motos,Custom,10,TRIUMPH/BONNEVILLE,32,1.65
2024,9,Setembro,Motos,Trail/Fun,1,HONDA/NXR160,10562,43.37
2024,9,Setembro,Motos,Trail/Fun,2,YAMAHA/XTZ 250,4243,13.29
2024,9,Setembro,Motos,Trail/Fun,3,HONDA/XRE 300,3374,12.73
2024,9,Setembro,Motos,Trail/Fun,4,YAMAHA/CROSSER 150,3336,10.4
2024,9,Setembro,Motos,Trail/Fun,5,HONDA/XRE 190,2879,8.54
2024,9,Setembro,Motos,Trail/Fun,6,SHINERAY/XY 125,2755,7.72
2024,9,Setembro,Motos,Trail/Fun,7,BMW/G310 GS,230,0.79
2024,9,Setembro,Motos,Trail/Fun,8,HAOJUE/NK 150,142,0.52
2024,9,Setembro,Motos,Trail/Fun,9,HONDA/XR 300L,336,0.49
2024,9,Setembro,Motos,Trail/Fun,10,DAFRA/NH 190,149,0.44
2024,9,Setembro,Motos,Maxtrail,1,HONDA/CB 500X,586,17.92
2024,9,Setembro,Motos,Maxtrail,2,BMW/R1250GS,293,14.99
2024,9,Setembro,Motos,Maxtrail,3,TRIUMPH/TIGER 900,244,12.32
2024,9,Setembro,Motos,Maxtrail,4,HONDA/NC 750X,232,11.22
2024,9,Setembro,Motos,Maxtrail,5,BMW/R1300GS,227,7.7
2024,9,Setembro,Motos,Maxtrail,6,TRIUMPH/TIGER 1200,199,4.83
2024,9,Setembro,Motos,Maxtrail,7,BMW/F850 GS,5,4.77
2024,9,Setembro,Motos,Maxtrail,8,KAWASAKI/VERSYS 650,91,4.17
2024,9,Setembro,Motos,Maxtrail,9,HONDA/CRF 1100L,75,3.97
2024,9,Setembro,Motos,Maxtrail,10,SUZUKI/VSTROM650,45,3.08
2024,9,Setembro,Motos,Naked/Roadster,1,YAMAHA/MT03,1032,29.41
2024,9,Setembro,Motos,Naked/Roadster,2,BAJAJ/DOMINAR D400,410,16.67
2024,9,Setembro,Motos,Naked/Roadster,3,HONDA/CB 500,272,8.87
2024,9,Setembro,Motos,Naked/Roadster,4,YAMAHA/MT09,279,7.86
2024,9,Setembro,Motos,Naked/Roadster,5,HONDA/CB 650R,268,7.56
2024,9,Setembro,Motos,Naked/Roadster,6,YAMAHA/MT07,233,6.68
2024,9,Setembro,Motos,Naked/Roadster,7,KAWASAKI/Z900,109,3.5
2024,9,Setembro,Motos,Naked/Roadster,8,TRIUMPH/SPEED 400,40,3.13
2024,9,Setembro,Motos,Naked/Roadster,9,HONDA/CB 1000R,50,1.96
2024,9,Setembro,Motos,Naked/Roadster,10,KAWASAKI/Z400,5,1.77
2024,9,Setembro,Motos,Scooter/Cub,1,HONDA/BIZ,18187,42.88
2024,9,Setembro,Motos,Scooter/Cub,2,HONDA/POP 110I,14950,24.69
2024,9,Setembro,Motos,Scooter/Cub,3,HONDA/PCX 160,4650,8.84
2024,9,Setembro,Motos,Scooter/Cub,4,HONDA/ELITE 125,2445,4.03
2024,9,Setembro,Motos,Scooter/Cub,5,YAMAHA/NMAX,1625,2.69
2024,9,Setembro,Motos,Scooter/Cub,6,YAMAHA/NEO 125,1435,2.52
2024,9,Setembro,Motos,Scooter/Cub,7,AVELLOZ/AZ1,1861,2.5
2024,9,Setembro,Motos,Scooter/Cub,8,SHINERAY/XY 50,1189,2.2
2024,9,Setembro,Motos,Scooter/Cub,9,SHINERAY/SHI 175,1828,2.1
2024,9,Setembro,Motos,Scooter/Cub,10,HONDA/ADV 150,1123,2.08
2024,9,Setembro,Motos,Sport,1,YAMAHA/YZF R15,405,50.99
2024,9,Setembro,Motos,Sport,2,YAMAHA/YZF R3,163,12.76
2024,9,Setembro,Motos,Sport,3,BMW/S1000 R,91,8.31
2024,9,Setembro,Motos,Sport,4,HONDA/CBR 650R,98,7.25
2024,9,Setembro,Motos,Sport,5,KAWASAKI/NINJA 400,8,5.93
2024,9,Setembro,Motos,Sport,6,KAWASAKI/NINJA 300,46,2.35
2024,9,Setembro,Motos,Sport,7,KAWASAKI/NINJA ZX-4R,5,2.02
2024,9,Setembro,Motos,Sport,8,KAWASAKI/NINJA ZX-6R,42,1.47
2024,9,Setembro,Motos,Sport,9,KAWASAKI/NINJA ZX 6,2,1.42
2024,9,Setembro,Motos,Sport,10,KAWASAKI/NINJA 500,97,1.24
2024,9,Setembro,Motos,Touring,1,H.DAVIDSON/FLTRX,18,23.03
2024,9,Setembro,Motos,Touring,2,H.DAVIDSON/FLHX,19,21.38
2024,9,Setembro,Motos,Touring,3,H.DAVIDSON/FLTRK,10,14.76
2024,9,Setembro,Motos,Touring,4,H.DAVIDSON/FLH RXS,4,10.76
2024,9,Setembro,Motos,Touring,5,H.DAVIDSON/FLHTK,8,9.93
2024,9,Setembro,Motos,Touring,6,H.DAVIDSON/FLT,1,6.62
2024,9,Setembro,Motos,Touring,7,HONDA/GOLDWING,2,4.55
2024,9,Setembro,Motos,Touring,8,BMW/R1250 RT,2,2.62
2024,10,Outubro,Autos,Veículos de Entrada,1,FIAT/MOBI,6504,56.47
2024,10,Outubro,Autos,Veículos de Entrada,2,RENAULT/KWID,4353,43.45
2024,10,Outubro,Autos,Veículos de Entrada,3,VW/GOL,4,0.05
2024,10,Outubro,Autos,Veículos de Entrada,4,FIAT/UNO,3,0.02
2024,10,Outubro,Autos,Veículos de Entrada,5,VW/UP,2,0.01
2024,10,Outubro,Autos,Veículos de Entrada,6,GM/CHEVETTE,1,0
2024,10,Outubro,Autos,Veículos de Entrada,7,FIAT/PALIO,1,0
2024,10,Outubro,Autos,Veículos de Entrada,8,GM/CELTA,0,0
2024,10,Outubro,Autos,Veículos de Entrada,9,TOYOTA/ETIOS HB,1,0
2024,10,Outubro,Autos,Veículos de Entrada,10,VW/POLO,14969,24.87
2024,10,Outubro,Autos,Veículos de Entrada,11,GM/ONIX,8868,17.21
2024,10,Outubro,Autos,Veículos de Entrada,12,HYUNDAI/HB20,10795,16.61
2024,10,Outubro,Autos,Veículos de Entrada,13,FIAT/ARGO,9312,16.38
2024,10,Outubro,Autos,Veículos de Entrada,14,TOYOTA/YARIS HB,2912,5.13
2024,10,Outubro,Autos,Veículos de Entrada,15,CITROEN/C3,1982,4.0
2024,10,Outubro,Autos,Veículos de Entrada,16,BYD/DOLPHIN MINI,2808,3.95
2024,10,Outubro,Autos,Veículos de Entrada,17,PEUGEOT/208,914,3.61
2024,10,Outubro,Autos,Veículos de Entrada,18,BYD/DOLPHIN,912,3.07
2024,10,Outubro,Autos,Veículos de Entrada,19,HONDA/CITY HATCH,1843,2.7
2024,10,Outubro,Autos,Veículos de Entrada,20,GWM/ORA 03,498,1.17
2024,10,Outubro,Autos,Veículos de Entrada,21,RENAULT/SANDERO,516,0.87
2024,10,Outubro,Autos,Veículos de Entrada,22,AUDI/A3,16,36.21
2024,10,Outubro,Autos,Veículos de Entrada,23,GM/CRUZE HB,1,22.04
2024,10,Outubro,Autos,Veículos de Entrada,24,HONDA/CIVIC TYPE-R,10,9.73
2024,10,Outubro,Autos,Veículos de Entrada,25,NISSAN/LEAF,0,7.76
2024,10,Outubro,Autos,Veículos de Entrada,26,M.BENZ/CLASSE A,4,6.53
2024,10,Outubro,Autos,Veículos de Entrada,27,BMW/118I,5,6.03
2024,10,Outubro,Autos,Sedans Pequenos,1,FIAT/CRONOS,5029,51.66
2024,10,Outubro,Autos,Sedans Pequenos,2,HYUNDAI/HB20S,4256,41.44
2024,10,Outubro,Autos,Sedans Pequenos,3,RENAULT/LOGAN,31,6.86
2024,10,Outubro,Autos,Sedans Pequenos,4,VW/VOYAGE,1,0.01
2024,10,Outubro,Autos,Sedans Pequenos,5,FIAT/SIENA,0,0.01
2024,10,Outubro,Autos,Sedans Pequenos,6,FORD/KA SEDAN,1,0
2024,10,Outubro,Autos,Sedans Pequenos,7,GM/PRISMA,0,0
2024,10,Outubro,Autos,Sedans Pequenos,8,GM/CLASSIC,0,0
2024,10,Outubro,Autos,Sedans Pequenos,9,GM/ONIX PLUS,4614,41.8
2024,10,Outubro,Autos,Sedans Pequenos,10,VW/VIRTUS,3210,22.6
2024,10,Outubro,Autos,Sedans Pequenos,11,TOYOTA/YARIS SEDAN,2185,16.37
2024,10,Outubro,Autos,Sedans Pequenos,12,HONDA/CITY,1580,10.91
2024,10,Outubro,Autos,Sedans Pequenos,13,NISSAN/VERSA,886,8.32
2024,10,Outubro,Autos,Sedans Pequenos,14,GM/COBALT,0,0
2024,10,Outubro,Autos,Sedans médios,1,TOYOTA/COROLLA,3780,65.75
2024,10,Outubro,Autos,Sedans médios,2,NISSAN/SENTRA,536,10.22
2024,10,Outubro,Autos,Sedans médios,3,BYD/SEAL,285,6.62
2024,10,Outubro,Autos,Sedans médios,4,VW/JETTA,234,5.31
2024,10,Outubro,Autos,Sedans médios,5,BYD/KING,585,4.07
2024,10,Outubro,Autos,Sedans médios,6,HONDA/CIVIC,151,2.77
2024,10,Outubro,Autos,Sedans médios,7,GM/CRUZE SEDAN,2,1.61
2024,10,Outubro,Autos,Sedans médios,8,M.BENZ/CLA200,132,1.42
2024,10,Outubro,Autos,Sedans médios,9,AUDI/A3 SEDAN,63,0.77
2024,10,Outubro,Autos,Sedans médios,10,AUDI/A5,28,0.67
2024,10,Outubro,Autos,Sedans médios,11,BMW/420I,1,0.25
2024,10,Outubro,Autos,Sedans médios,12,M.BENZ/CLA35,15,0.16
2024,10,Outubro,Autos,Sedans médios,13,M.BENZ/CLA45,1,0.14
2024,10,Outubro,Autos,Sedans médios,14,CAOA CHERY/ARRIZO 6,0,0.05
2024,10,Outubro,Autos,Sedans médios,15,BMW/218I,4,0.05
2024,10,Outubro,Autos,Sedans médios,16,M.BENZ/AMG C63S,8,0.05
2024,10,Outubro,Autos,Sedans médios,17,JAC/E-J7,0,0.03
2024,10,Outubro,Autos,Sedans médios,18,HYUNDAI/ELANTRA,0,0.01
2024,10,Outubro,Autos,Sedans médios,19,TESLA/MODEL 3,0,0.01
2024,10,Outubro,Autos,Sedans médios,20,HYUNDAI/IONIQ,0,0.01
2024,10,Outubro,Autos,Sedans médios,21,KIA/CERATO,0,0.01
2024,10,Outubro,Autos,Sedans médios,22,BMW/320I,387,55.43
2024,10,Outubro,Autos,Sedans médios,23,M.BENZ/CLASSE C,123,19.36
2024,10,Outubro,Autos,Sedans médios,24,BMW/330E,79,6.89
2024,10,Outubro,Autos,Sedans médios,25,PORSCHE/PANAMERA,13,4.08
2024,10,Outubro,Autos,Sedans médios,26,HONDA/ACCORD,17,2.98
2024,10,Outubro,Autos,Sedans médios,27,AUDI/A4,14,2.3
2024,10,Outubro,Autos,Sedans médios,28,LEXUS/ES300,6,1.8
2024,10,Outubro,Autos,Sedans médios,29,BMW/530E,3,1.67
2024,10,Outubro,Autos,Sedans médios,30,BMW/I4,21,1.65
2024,10,Outubro,Autos,Sedans médios,31,BYD/HAN,2,0.63
2024,10,Outubro,Autos,Sedans médios,32,BMW/I5,3,0.47
2024,10,Outubro,Autos,Sedans médios,33,TOYOTA/CAMRY,0,0.4
2024,10,Outubro,Autos,Sw Médios,1,FIAT/PALIO WEEKEND,0,20.0
2024,10,Outubro,Autos,Sw Médios,2,FORD/BELINA,0,20.0
2024,10,Outubro,Autos,Sw Médios,3,HYUNDAI/I30 SW,0,20.0
2024,10,Outubro,Autos,Sw Médios,4,VW/PARATI,0,20.0
2024,10,Outubro,Autos,Sw Médios,5,AUDI/RS6 AVANT,14,93.33
2024,10,Outubro,Autos,Sw Médios,6,GM/CARAVAN,0,5.33
2024,10,Outubro,Autos,Sw Médios,7,VW/QUANTUM,0,1.33
2024,10,Outubro,Autos,Sw Médios,8,GM/BOLT,0,80.0
2024,10,Outubro,Autos,Sw Médios,9,FIAT/DOBLO,1,10.0
2024,10,Outubro,Autos,Sw Médios,10,HONDA/FIT,2,10.0
2024,10,Outubro,Autos,Grandcab,1,GM/SPIN,2744,99.07
2024,10,Outubro,Autos,Grandcab,2,KIA/CARNIVAL,39,0.71
2024,10,Outubro,Autos,Grandcab,3,TOYOTA/SIENNA,0,0.09
2024,10,Outubro,Autos,Grandcab,4,CHRYSLER/PACIFICA,0,0.08
2024,10,Outubro,Autos,Grandcab,5,PORSCHE/911,9,33.9
2024,10,Outubro,Autos,Grandcab,6,PORSCHE/BOXSTER,95,17.84
2024,10,Outubro,Autos,Grandcab,7,FORD/MUSTANG,73,15.22
2024,10,Outubro,Autos,Grandcab,8,PORSCHE/CAYMAN,31,7.42
2024,10,Outubro,Autos,Grandcab,9,BMW/M2,28,5.26
2024,10,Outubro,Autos,Grandcab,10,PORSCHE/TAYCAN,32,4.5
2024,10,Outubro,Autos,Grandcab,11,BMW/M3,12,4.38
2024,10,Outubro,Autos,Grandcab,12,GM/CAMARO,1,2.84
2024,10,Outubro,Autos,Grandcab,13,GM/CORVETTE,6,1.93
2024,10,Outubro,Autos,Suv's,1,VW/T CROSS,9176,8.57
2024,10,Outubro,Autos,Suv's,2,HYUNDAI/CRETA,7761,7.53
2024,10,Outubro,Autos,Suv's,3,GM/TRACKER,6841,7.26
2024,10,Outubro,Autos,Suv's,4,NISSAN/KICKS,6610,6.87
2024,10,Outubro,Autos,Suv's,5,VW/NIVUS,5772,6.12
2024,10,Outubro,Autos,Suv's,6,JEEP/RENEGADE,5215,6.01
2024,10,Outubro,Autos,Suv's,7,HONDA/HR-V,5445,5.46
2024,10,Outubro,Autos,Suv's,8,JEEP/COMPASS,5043,5.36
2024,10,Outubro,Autos,Suv's,9,TOYOTA/COROLLA CROSS,4806,5.31
2024,10,Outubro,Autos,Suv's,10,FIAT/FASTBACK,4132,5.27
2024,10,Outubro,Autos,Suv's,11,FIAT/PULSE,3287,4.24
2024,10,Outubro,Autos,Suv's,12,CAOA CHERY/TIGGO 7,4044,3.27
2024,10,Outubro,Autos,Suv's,13,BYD/SONG,2340,2.55
2024,10,Outubro,Autos,Suv's,14,GWM/HAVAL H6,2286,2.41
2024,10,Outubro,Autos,Suv's,15,CAOA CHERY/TIGGO 5X,866,2.38
2024,10,Outubro,Autos,Suv's,16,RENAULT/KARDIAN,3062,2.15
2024,10,Outubro,Autos,Suv's,17,RENAULT/DUSTER,2005,2.12
2024,10,Outubro,Autos,Suv's,18,TOYOTA/HILUX SW4,1929,1.85
2024,10,Outubro,Autos,Suv's,19,VW/TAOS,1741,1.84
2024,10,Outubro,Autos,Suv's,20,JEEP/COMMANDER,1807,1.83
2024,10,Outubro,Autos,Suv's,21,CAOA CHERY/TIGGO 8,1282,1.03
2024,10,Outubro,Autos,Suv's,22,CITROEN/C3 AIRCROSS,648,0.94
2024,10,Outubro,Autos,Suv's,23,MITSUBISHI/ECLIPSE CROSS,854,0.9
2024,10,Outubro,Autos,Suv's,24,HONDA/ZR-V,789,0.65
2024,10,Outubro,Autos,Suv's,25,FORD/TERRITORY,710,0.59
2024,10,Outubro,Autos,Suv's,26,PEUGEOT/2008,1746,0.52
2024,10,Outubro,Autos,Suv's,27,BMW/X1,310,0.45
2024,10,Outubro,Autos,Suv's,28,VOLVO/XC60,444,0.36
2024,10,Outubro,Autos,Suv's,29,VW/TIGUAN,193,0.36
2024,10,Outubro,Autos,Suv's,30,GM/EQUINOX,301,0.35
2024,10,Outubro,Autos,Suv's,31,MITSUBISHI/PAJERO,306,0.31
2024,10,Outubro,Autos,Suv's,32,BYD/YUAN,317,0.31
2024,10,Outubro,Autos,Suv's,33,VOLVO/EX30,176,0.3
2024,10,Outubro,Autos,Suv's,34,AUDI/Q3,205,0.27
2024,10,Outubro,Autos,Suv's,35,FORD/BRONCO,228,0.26
2024,10,Outubro,Autos,Suv's,36,TOYOTA/RAV4,178,0.26
2024,10,Outubro,Autos,Suv's,37,GM/TRAILBLAZER,251,0.21
2024,10,Outubro,Autos,Suv's,38,PORSCHE/CAYENNE,6,0.19
2024,10,Outubro,Autos,Suv's,39,BMW/X3,111,0.18
2024,10,Outubro,Autos,Suv's,40,LAND ROVER/DISCOVERY,126,0.18
2024,10,Outubro,Com. Leves,Pick-up's Pequenas,1,FIAT/STRADA,14641,72.21
2024,10,Outubro,Com. Leves,Pick-up's Pequenas,2,VW/SAVEIRO,5621,27.78
2024,10,Outubro,Com. Leves,Pick-up's Pequenas,3,PEUGEOT/PARTNER,1,0
2024,10,Outubro,Com. Leves,Pick-up's Pequenas,4,CHEVROLET/EL CAMINO,0,0
2024,10,Outubro,Com. Leves,Pick-up's Pequenas,5,FORD/PAMPA,0,0
2024,10,Outubro,Com. Leves,Pick-up's Pequenas,6,GM/CHEVY,0,0
2024,10,Outubro,Com. Leves,Pick-up's Pequenas,7,FIAT/TORO,5438,19.96
2024,10,Outubro,Com. Leves,Pick-up's Pequenas,8,TOYOTA/HILUX,4736,18.56
2024,10,Outubro,Com. Leves,Pick-up's Pequenas,9,FORD/RANGER,3817,11.12
2024,10,Outubro,Com. Leves,Pick-up's Pequenas,10,GM/MONTANA,2837,10.3
2024,10,Outubro,Com. Leves,Pick-up's Pequenas,11,GM/S10,2660,9.71
2024,10,Outubro,Com. Leves,Pick-up's Pequenas,12,RAM/RAMPAGE,2370,8.94
2024,10,Outubro,Com. Leves,Pick-up's Pequenas,13,RENAULT/OROCH,1146,4.75
2024,10,Outubro,Com. Leves,Pick-up's Pequenas,14,MITSUBISHI/L200,784,4.05
2024,10,Outubro,Com. Leves,Pick-up's Pequenas,15,NISSAN/FRONTIER,344,3.74
2024,10,Outubro,Com. Leves,Pick-up's Pequenas,16,VW/AMAROK,1141,2.55
2024,10,Outubro,Com. Leves,Pick-up's Pequenas,17,FIAT/TITANO,795,1.69
2024,10,Outubro,Com. Leves,Pick-up's Pequenas,18,RENAULT/MASTER,1192,29.58
2024,10,Outubro,Com. Leves,Pick-up's Pequenas,19,FIAT/SCUDO,352,10.02
2024,10,Outubro,Com. Leves,Pick-up's Pequenas,20,FORD/TRANSIT,283,8.8
2024,10,Outubro,Com. Leves,Pick-up's Pequenas,21,KIA/K2500,222,7.48
2024,10,Outubro,Com. Leves,Pick-up's Pequenas,22,IVECO/DAILY,459,5.91
2024,10,Outubro,Com. Leves,Pick-up's Pequenas,23,VW TRUCK E BUS/EXPRESS,173,5.14
2024,10,Outubro,Com. Leves,Pick-up's Pequenas,24,FIAT/DUCATO,206,5.12
2024,10,Outubro,Com. Leves,Furgões Pequenos,1,FIAT/FIORINO,2252,87.17
2024,10,Outubro,Com. Leves,Furgões Pequenos,2,RENAULT/KANGOO,537,8.15
2024,10,Outubro,Com. Leves,Furgões Pequenos,3,PEUGEOT/PARTNER,70,3.32
2024,10,Outubro,Com. Leves,Furgões Pequenos,4,RENAULT/KANGOO E-TECH,42,0.64
2024,10,Outubro,Caminhões,Semi-Leve,1,M.BENZ/SPRINTER 417,224,56.57
2024,10,Outubro,Caminhões,Semi-Leve,2,M.BENZ/SPRINTER 517,76,17.92
2024,10,Outubro,Caminhões,Semi-Leve,3,IVECO/DAILY 45-170,38,8.66
2024,10,Outubro,Caminhões,Semi-Leve,4,M.BENZ/SPRINTER,1,4.75
2024,10,Outubro,Caminhões,Semi-Leve,5,IVECO/DAILY 55C17,23,4.56
2024,10,Outubro,Caminhões,Semi-Leve,6,VW TRUCK E BUS/6.160,2,1.63
2024,10,Outubro,Caminhões,Semi-Leve,7,M.BENZ/SPRINTER 416,4,1.21
2024,10,Outubro,Caminhões,Semi-Leve,8,M.BENZ/SPRINTER 516,2,0.87
2024,10,Outubro,Caminhões,Semi-Leve,9,FOTON/AUMARK S 315,2,0.82
2024,10,Outubro,Caminhões,Semi-Leve,10,IVECO/DAILY 55-170,4,0.7
2024,10,Outubro,Caminhões,Semi-Leve,11,VW TRUCK E BUS/9.180,210,42.52
2024,10,Outubro,Caminhões,Semi-Leve,12,M.BENZ/ACCELO 817,145,26.74
2024,10,Outubro,Caminhões,Semi-Leve,13,IVECO/DAILY 65-170,26,6.88
2024,10,Outubro,Caminhões,Semi-Leve,14,IVECO/TECTOR 9-190,41,5.79
2024,10,Outubro,Caminhões,Semi-Leve,15,VW TRUCK E BUS/6.170,69,4.21
2024,10,Outubro,Caminhões,Semi-Leve,16,HYUNDAI/HD 80,2,3.17
2024,10,Outubro,Caminhões,Semi-Leve,17,FOTON/AUMARK S 715,28,2.03
2024,10,Outubro,Caminhões,Semi-Leve,18,JAC/IEV1200T,7,1.66
2024,10,Outubro,Caminhões,Semi-Leve,19,FOTON/AUMARK S 916,12,1.38
2024,10,Outubro,Caminhões,Semi-Leve,20,VW TRUCK E BUS/9.170,1,1.24
2024,10,Outubro,Caminhões,Semi-Leve,21,VW TRUCK E BUS/11.180,597,41.69
2024,10,Outubro,Caminhões,Semi-Leve,22,M.BENZ/ACCELO 1017,534,31.0
2024,10,Outubro,Caminhões,Semi-Leve,23,VW TRUCK E BUS/13.180,89,6.06
2024,10,Outubro,Caminhões,Semi-Leve,24,IVECO/TECTOR 11-190,63,5.19
2024,10,Outubro,Caminhões,Semi-Leve,25,M.BENZ/ACCELO 1317,90,4.64
2024,10,Outubro,Caminhões,Semi-Leve,26,M.BENZ/ATEGO 1419,71,3.63
2024,10,Outubro,Caminhões,Semi-Leve,27,VW TRUCK E BUS/14.210,3,2.55
2024,10,Outubro,Caminhões,Semi-Leve,28,FOTON/AUMARK S 1217A,47,1.84
2024,10,Outubro,Caminhões,Semi-Leve,29,VW TRUCK E BUS/E DELIVERY 14,2,1.01
2024,10,Outubro,Caminhões,Semi-Leve,30,VW TRUCK E BUS/E DELIVERY 1,4,0.89
2024,10,Outubro,Caminhões,Semi-Pesado,1,VOLVO/VM 290,440,11.42
2024,10,Outubro,Caminhões,Semi-Pesado,2,M.BENZ/ATEGO 1719,362,8.42
2024,10,Outubro,Caminhões,Semi-Pesado,3,VW TRUCK E BUS/26.260,279,7.92
2024,10,Outubro,Caminhões,Semi-Pesado,4,VW TRUCK E BUS/17.210,244,7.26
2024,10,Outubro,Caminhões,Semi-Pesado,5,M.BENZ/ATEGO 2429,257,7.22
2024,10,Outubro,Caminhões,Semi-Pesado,6,VW TRUCK E BUS/26.320,204,5.51
2024,10,Outubro,Caminhões,Semi-Pesado,7,VOLVO/VM 360,219,5.22
2024,10,Outubro,Caminhões,Semi-Pesado,8,VW TRUCK E BUS/31.320,169,4.22
2024,10,Outubro,Caminhões,Semi-Pesado,9,DAF/CF 310,154,4.11
2024,10,Outubro,Caminhões,Semi-Pesado,10,VW TRUCK E BUS/27.260,167,4.09
2024,10,Outubro,Caminhões,Semi-Pesado,11,VOLVO/FH 540,655,12.38
2024,10,Outubro,Caminhões,Semi-Pesado,12,VOLVO/FH 460,458,7.57
2024,10,Outubro,Caminhões,Semi-Pesado,13,DAF/XF 530,380,7.5
2024,10,Outubro,Caminhões,Semi-Pesado,14,SCANIA/R450,401,7.3
2024,10,Outubro,Caminhões,Semi-Pesado,15,SCANIA/R 460,558,6.03
2024,10,Outubro,Caminhões,Semi-Pesado,16,DAF/XF 480,306,5.29
2024,10,Outubro,Caminhões,Semi-Pesado,17,SCANIA/R540,85,4.54
2024,10,Outubro,Caminhões,Semi-Pesado,18,M.BENZ/ACTROS 2548,185,4.08
2024,10,Outubro,Caminhões,Semi-Pesado,19,SCANIA/R560,237,4.08
2024,10,Outubro,Caminhões,Semi-Pesado,20,VW TRUCK E BUS/28.480,200,3.57
2024,10,Outubro,Motos,City,1,HONDA/CG 160,36984,57.68
2024,10,Outubro,Motos,City,2,HONDA/CB 300F,5587,7.95
2024,10,Outubro,Motos,City,3,MOTTU/SPORT 110I,3685,7.27
2024,10,Outubro,Motos,City,4,YAMAHA/YBR 150,4722,6.83
2024,10,Outubro,Motos,City,5,YAMAHA/FAZER 250,3469,6.22
2024,10,Outubro,Motos,City,6,YAMAHA/FAZER 150,4155,5.71
2024,10,Outubro,Motos,City,7,YAMAHA/YS150 FAZER,1912,2.7
2024,10,Outubro,Motos,City,8,SHINERAY/XY 150,1793,1.61
2024,10,Outubro,Motos,City,9,YAMAHA/YBR 125,773,1.07
2024,10,Outubro,Motos,City,10,HAOJUE/DR160,289,0.53
2024,10,Outubro,Motos,City,11,ROYAL ENFIELD/HUNTER 350,571,23.88
2024,10,Outubro,Motos,City,12,ROYAL ENFIELD/METEOR,453,17.54
2024,10,Outubro,Motos,City,13,TRIUMPH/SCRAMBLER 400,239,12.2
2024,10,Outubro,Motos,City,14,ROYAL ENFIELD/CLASSIC 350,300,11.17
2024,10,Outubro,Motos,City,15,ROYAL ENFIELD/SUPER METEOR 650,332,7.42
2024,10,Outubro,Motos,City,16,BMW/C400 X,116,5.18
2024,10,Outubro,Motos,City,17,KAWASAKI/VULCAN S,90,4.38
2024,10,Outubro,Motos,City,18,ROYAL ENFIELD/INTERCEPTOR,89,3.94
2024,10,Outubro,Motos,City,19,KAWASAKI/ELIMINATOR 500,57,1.94
2024,10,Outubro,Motos,City,20,TRIUMPH/BONNEVILLE,50,1.68
2024,10,Outubro,Motos,City,21,HONDA/NXR160,12996,42.94
2024,10,Outubro,Motos,City,22,YAMAHA/XTZ 250,4761,13.42
2024,10,Outubro,Motos,City,23,HONDA/XRE 300,3342,12.44
2024,10,Outubro,Motos,City,24,YAMAHA/CROSSER 150,3097,10.29
2024,10,Outubro,Motos,City,25,HONDA/XRE 190,3204,8.67
2024,10,Outubro,Motos,City,26,SHINERAY/XY 125,3189,7.93
2024,10,Outubro,Motos,City,27,BMW/G310 GS,234,0.79
2024,10,Outubro,Motos,City,28,HONDA/XR 300L,1006,0.77
2024,10,Outubro,Motos,City,29,HAOJUE/NK 150,169,0.52
2024,10,Outubro,Motos,City,30,DAFRA/NH 190,113,0.43
2024,10,Outubro,Motos,Maxtrail,1,HONDA/CB 500X,442,17.8
2024,10,Outubro,Motos,Maxtrail,2,BMW/R1250GS,281,14.51
2024,10,Outubro,Motos,Maxtrail,3,TRIUMPH/TIGER 900,375,12.55
2024,10,Outubro,Motos,Maxtrail,4,HONDA/NC 750X,233,10.96
2024,10,Outubro,Motos,Maxtrail,5,BMW/R1300GS,269,8.0
2024,10,Outubro,Motos,Maxtrail,6,TRIUMPH/TIGER 1200,149,4.93
2024,10,Outubro,Motos,Maxtrail,7,BMW/F850 GS,1,4.24
2024,10,Outubro,Motos,Maxtrail,8,KAWASAKI/VERSYS 650,104,4.15
2024,10,Outubro,Motos,Maxtrail,9,HONDA/CRF 1100L,78,3.85
2024,10,Outubro,Motos,Maxtrail,10,BMW/F900 GS,230,3.35
2024,10,Outubro,Motos,Maxtrail,11,YAMAHA/MT03,1176,29.55
2024,10,Outubro,Motos,Maxtrail,12,BAJAJ/DOMINAR D400,769,17.09
2024,10,Outubro,Motos,Maxtrail,13,HONDA/CB 500,272,8.64
2024,10,Outubro,Motos,Maxtrail,14,YAMAHA/MT09,295,7.84
2024,10,Outubro,Motos,Maxtrail,15,HONDA/CB 650R,320,7.65
2024,10,Outubro,Motos,Maxtrail,16,YAMAHA/MT07,209,6.52
2024,10,Outubro,Motos,Maxtrail,17,TRIUMPH/SPEED 400,272,3.63
2024,10,Outubro,Motos,Maxtrail,18,KAWASAKI/Z900,119,3.44
2024,10,Outubro,Motos,Maxtrail,19,HONDA/CB 1000R,68,1.93
2024,10,Outubro,Motos,Maxtrail,20,TRIUMPH/TRIDENT 660,9,1.56
2024,10,Outubro,Motos,Maxtrail,21,HONDA/BIZ,21370,42.28
2024,10,Outubro,Motos,Maxtrail,22,HONDA/POP 110I,16201,25.05
2024,10,Outubro,Motos,Maxtrail,23,HONDA/PCX 160,4347,8.71
2024,10,Outubro,Motos,Maxtrail,24,HONDA/ELITE 125,2462,4.06
2024,10,Outubro,Motos,Maxtrail,25,YAMAHA/NMAX,1763,2.73
2024,10,Outubro,Motos,Maxtrail,26,AVELLOZ/AZ1,1970,2.59
2024,10,Outubro,Motos,Maxtrail,27,YAMAHA/NEO 125,1540,2.54
2024,10,Outubro,Motos,Maxtrail,28,SHINERAY/SHI 175,2183,2.27
2024,10,Outubro,Motos,Maxtrail,29,SHINERAY/XY 50,1424,2.23
2024,10,Outubro,Motos,Maxtrail,30,HONDA/ADV 150,1176,2.08
2024,10,Outubro,Motos,Sport,1,YAMAHA/YZF R15,384,49.33
2024,10,Outubro,Motos,Sport,2,YAMAHA/YZF R3,187,13.11
2024,10,Outubro,Motos,Sport,3,BMW/S1000 R,142,8.71
2024,10,Outubro,Motos,Sport,4,HONDA/CBR 650R,76,7.2
2024,10,Outubro,Motos,Sport,5,KAWASAKI/NINJA 400,6,5.41
2024,10,Outubro,Motos,Sport,6,KAWASAKI/NINJA 300,57,2.6
2024,10,Outubro,Motos,Sport,7,KAWASAKI/NINJA 500,109,2.04
2024,10,Outubro,Motos,Sport,8,KAWASAKI/NINJA ZX-4R,6,1.88
2024,10,Outubro,Motos,Sport,9,KAWASAKI/NINJA ZX-6R,27,1.56
2024,10,Outubro,Motos,Sport,10,KAWASAKI/NINJA ZX 6,2,1.3
2024,10,Outubro,Motos,Sport,11,H.DAVIDSON/FLTRX,29,23.09
2024,10,Outubro,Motos,Sport,12,H.DAVIDSON/FLHX,27,21.44
2024,10,Outubro,Motos,Sport,13,H.DAVIDSON/FLTRK,2,15.19
2024,10,Outubro,Motos,Sport,14,H.DAVIDSON/FLH RXS,15,10.95
2024,10,Outubro,Motos,Sport,15,H.DAVIDSON/FLHTK,15,10.25
2024,10,Outubro,Motos,Sport,16,H.DAVIDSON/FLT,0,5.65
2024,10,Outubro,Motos,Sport,17,HONDA/GOLDWING,4,4.36
2024,10,Outubro,Motos,Sport,18,BMW/R1250 RT,5,2.83
2024,11,Novembro,Autos,Veículos de Entrada,1,FIAT/MOBI,5657,55.23
2024,11,Novembro,Autos,Veículos de Entrada,2,RENAULT/KWID,6812,44.69
2024,11,Novembro,Autos,Veículos de Entrada,3,VW/GOL,2,0.04
2024,11,Novembro,Autos,Veículos de Entrada,4,FIAT/UNO,2,0.02
2024,11,Novembro,Autos,Veículos de Entrada,5,VW/UP,1,0.01
2024,11,Novembro,Autos,Veículos de Entrada,6,GM/CHEVETTE,0,0
2024,11,Novembro,Autos,Veículos de Entrada,7,FIAT/PALIO,0,0
2024,11,Novembro,Autos,Veículos de Entrada,8,GM/CELTA,0,0
2024,11,Novembro,Autos,Veículos de Entrada,9,TOYOTA/ETIOS HB,1,0
2024,11,Novembro,Autos,Veículos de Entrada,10,VW/POLO,14711,24.92
2024,11,Novembro,Autos,Veículos de Entrada,11,GM/ONIX,10253,17.26
2024,11,Novembro,Autos,Veículos de Entrada,12,HYUNDAI/HB20,12353,17.14
2024,11,Novembro,Autos,Veículos de Entrada,13,FIAT/ARGO,10298,16.54
2024,11,Novembro,Autos,Veículos de Entrada,14,TOYOTA/YARIS HB,2088,4.95
2024,11,Novembro,Autos,Veículos de Entrada,15,BYD/DOLPHIN MINI,2294,3.95
2024,11,Novembro,Autos,Veículos de Entrada,16,CITROEN/C3,1713,3.88
2024,11,Novembro,Autos,Veículos de Entrada,17,PEUGEOT/208,753,3.34
2024,11,Novembro,Autos,Veículos de Entrada,18,BYD/DOLPHIN,840,2.89
2024,11,Novembro,Autos,Veículos de Entrada,19,HONDA/CITY HATCH,1666,2.72
2024,11,Novembro,Autos,Veículos de Entrada,20,GWM/ORA 03,576,1.15
2024,11,Novembro,Autos,Veículos de Entrada,21,RENAULT/SANDERO,390,0.85
2024,11,Novembro,Autos,Veículos de Entrada,22,AUDI/A3,25,37.14
2024,11,Novembro,Autos,Veículos de Entrada,23,GM/CRUZE HB,0,20.84
2024,11,Novembro,Autos,Veículos de Entrada,24,HONDA/CIVIC TYPE-R,6,9.9
2024,11,Novembro,Autos,Veículos de Entrada,25,NISSAN/LEAF,0,7.33
2024,11,Novembro,Autos,Veículos de Entrada,26,M.BENZ/CLASSE A,4,6.64
2024,11,Novembro,Autos,Veículos de Entrada,27,TOYOTA/COROLLA GR,7,6.29
2024,11,Novembro,Autos,Sedans Pequenos,1,FIAT/CRONOS,5255,50.32
2024,11,Novembro,Autos,Sedans Pequenos,2,HYUNDAI/HB20S,6652,43.49
2024,11,Novembro,Autos,Sedans Pequenos,3,RENAULT/LOGAN,290,6.16
2024,11,Novembro,Autos,Sedans Pequenos,4,VW/VOYAGE,0,0.01
2024,11,Novembro,Autos,Sedans Pequenos,5,FIAT/SIENA,0,0.01
2024,11,Novembro,Autos,Sedans Pequenos,6,GM/PRISMA,2,0.01
2024,11,Novembro,Autos,Sedans Pequenos,7,FORD/KA SEDAN,0,0
2024,11,Novembro,Autos,Sedans Pequenos,8,GM/CLASSIC,0,0
2024,11,Novembro,Autos,Sedans Pequenos,9,GM/ONIX PLUS,5412,42.04
2024,11,Novembro,Autos,Sedans Pequenos,10,VW/VIRTUS,2764,22.61
2024,11,Novembro,Autos,Sedans Pequenos,11,TOYOTA/YARIS SEDAN,1730,16.16
2024,11,Novembro,Autos,Sedans Pequenos,12,HONDA/CITY,1642,11.15
2024,11,Novembro,Autos,Sedans Pequenos,13,NISSAN/VERSA,643,8.03
2024,11,Novembro,Autos,Sedans Pequenos,14,GM/COBALT,0,0
2024,11,Novembro,Autos,Sedans médios,1,TOYOTA/COROLLA,3252,64.9
2024,11,Novembro,Autos,Sedans médios,2,NISSAN/SENTRA,566,10.2
2024,11,Novembro,Autos,Sedans médios,3,BYD/SEAL,232,6.35
2024,11,Novembro,Autos,Sedans médios,4,BYD/KING,1075,5.68
2024,11,Novembro,Autos,Sedans médios,5,VW/JETTA,184,5.09
2024,11,Novembro,Autos,Sedans médios,6,HONDA/CIVIC,127,2.71
2024,11,Novembro,Autos,Sedans médios,7,GM/CRUZE SEDAN,1,1.44
2024,11,Novembro,Autos,Sedans médios,8,M.BENZ/CLA200,91,1.44
2024,11,Novembro,Autos,Sedans médios,9,AUDI/A3 SEDAN,42,0.77
2024,11,Novembro,Autos,Sedans médios,10,AUDI/A5,23,0.64
2024,11,Novembro,Autos,Sedans médios,11,BMW/420I,5,0.23
2024,11,Novembro,Autos,Sedans médios,12,M.BENZ/CLA35,10,0.17
2024,11,Novembro,Autos,Sedans médios,13,M.BENZ/CLA45,7,0.14
2024,11,Novembro,Autos,Sedans médios,14,M.BENZ/AMG C63S,10,0.06
2024,11,Novembro,Autos,Sedans médios,15,BMW/218I,1,0.05
2024,11,Novembro,Autos,Sedans médios,16,CAOA CHERY/ARRIZO 6,0,0.05
2024,11,Novembro,Autos,Sedans médios,17,JAC/E-J7,1,0.03
2024,11,Novembro,Autos,Sedans médios,18,HYUNDAI/ELANTRA,0,0.01
2024,11,Novembro,Autos,Sedans médios,19,TESLA/MODEL 3,0,0.01
2024,11,Novembro,Autos,Sedans médios,20,HYUNDAI/IONIQ,0,0.01
2024,11,Novembro,Autos,Sedans médios,21,KIA/CERATO,0,0.01
2024,11,Novembro,Autos,Sedans médios,22,BMW/320I,372,55.33
2024,11,Novembro,Autos,Sedans médios,23,M.BENZ/CLASSE C,89,18.72
2024,11,Novembro,Autos,Sedans médios,24,BMW/330E,59,7.07
2024,11,Novembro,Autos,Sedans médios,25,PORSCHE/PANAMERA,23,4.01
2024,11,Novembro,Autos,Sedans médios,26,HONDA/ACCORD,1,2.84
2024,11,Novembro,Autos,Sedans médios,27,AUDI/A4,12,2.24
2024,11,Novembro,Autos,Sedans médios,28,BMW/530E,30,1.94
2024,11,Novembro,Autos,Sedans médios,29,LEXUS/ES300,2,1.94
2024,11,Novembro,Autos,Sedans médios,30,BMW/I4,15,1.7
2024,11,Novembro,Autos,Sedans médios,31,BYD/HAN,0,0.57
2024,11,Novembro,Autos,Sedans médios,32,BMW/I5,6,0.51
2024,11,Novembro,Autos,Sedans médios,33,M.BENZ/CLASSE E,8,0.47
2024,11,Novembro,Autos,Sw Médios,1,FIAT/PALIO WEEKEND,0,20.0
2024,11,Novembro,Autos,Sw Médios,2,FORD/BELINA,0,20.0
2024,11,Novembro,Autos,Sw Médios,3,HYUNDAI/I30 SW,0,20.0
2024,11,Novembro,Autos,Sw Médios,4,VW/PARATI,0,20.0
2024,11,Novembro,Autos,Sw Médios,5,AUDI/RS6 AVANT,6,93.83
2024,11,Novembro,Autos,Sw Médios,6,GM/CARAVAN,0,4.94
2024,11,Novembro,Autos,Sw Médios,7,VW/QUANTUM,0,1.23
2024,11,Novembro,Autos,Sw Médios,8,GM/BOLT,0,70.59
2024,11,Novembro,Autos,Sw Médios,9,HONDA/FIT,4,20.59
2024,11,Novembro,Autos,Sw Médios,10,FIAT/DOBLO,0,8.82
2024,11,Novembro,Autos,Grandcab,1,GM/SPIN,2869,99.05
2024,11,Novembro,Autos,Grandcab,2,KIA/CARNIVAL,28,0.74
2024,11,Novembro,Autos,Grandcab,3,TOYOTA/SIENNA,2,0.09
2024,11,Novembro,Autos,Grandcab,4,CHRYSLER/PACIFICA,1,0.08
2024,11,Novembro,Autos,Grandcab,5,PORSCHE/911,61,33.18
2024,11,Novembro,Autos,Grandcab,6,PORSCHE/BOXSTER,65,18.22
2024,11,Novembro,Autos,Grandcab,7,FORD/MUSTANG,23,14.8
2024,11,Novembro,Autos,Grandcab,8,PORSCHE/CAYMAN,21,7.43
2024,11,Novembro,Autos,Grandcab,9,BMW/M2,2,5.44
2024,11,Novembro,Autos,Grandcab,10,PORSCHE/TAYCAN,15,4.57
2024,11,Novembro,Autos,Grandcab,11,BMW/M3,18,4.52
2024,11,Novembro,Autos,Grandcab,12,GM/CAMARO,7,2.82
2024,11,Novembro,Autos,Grandcab,13,GM/CORVETTE,4,1.9
2024,11,Novembro,Autos,Suv's,1,VW/T CROSS,9468,8.78
2024,11,Novembro,Autos,Suv's,2,HYUNDAI/CRETA,6082,7.45
2024,11,Novembro,Autos,Suv's,3,GM/TRACKER,6311,7.24
2024,11,Novembro,Autos,Suv's,4,NISSAN/KICKS,4310,6.65
2024,11,Novembro,Autos,Suv's,5,VW/NIVUS,5293,6.1
2024,11,Novembro,Autos,Suv's,6,JEEP/RENEGADE,4593,5.92
2024,11,Novembro,Autos,Suv's,7,HONDA/HR-V,4475,5.42
2024,11,Novembro,Autos,Suv's,8,JEEP/COMPASS,4979,5.38
2024,11,Novembro,Autos,Suv's,9,TOYOTA/COROLLA CROSS,4008,5.23
2024,11,Novembro,Autos,Suv's,10,FIAT/FASTBACK,4023,5.19
2024,11,Novembro,Autos,Suv's,11,FIAT/PULSE,3188,4.17
2024,11,Novembro,Autos,Suv's,12,CAOA CHERY/TIGGO 7,3392,3.33
2024,11,Novembro,Autos,Suv's,13,BYD/SONG,3257,2.67
2024,11,Novembro,Autos,Suv's,14,RENAULT/KARDIAN,4287,2.43
2024,11,Novembro,Autos,Suv's,15,GWM/HAVAL H6,2070,2.4
2024,11,Novembro,Autos,Suv's,16,CAOA CHERY/TIGGO 5X,1048,2.25
2024,11,Novembro,Autos,Suv's,17,RENAULT/DUSTER,1639,2.09
2024,11,Novembro,Autos,Suv's,18,TOYOTA/HILUX SW4,1916,1.88
2024,11,Novembro,Autos,Suv's,19,VW/TAOS,1808,1.86
2024,11,Novembro,Autos,Suv's,20,JEEP/COMMANDER,1447,1.81
2024,11,Novembro,Autos,Suv's,21,CAOA CHERY/TIGGO 8,891,1.02
2024,11,Novembro,Autos,Suv's,22,CITROEN/C3 AIRCROSS,541,0.91
2024,11,Novembro,Autos,Suv's,23,MITSUBISHI/ECLIPSE CROSS,759,0.9
2024,11,Novembro,Autos,Suv's,24,PEUGEOT/2008,1764,0.68
2024,11,Novembro,Autos,Suv's,25,HONDA/ZR-V,730,0.67
2024,11,Novembro,Autos,Suv's,26,FORD/TERRITORY,557,0.6
2024,11,Novembro,Autos,Suv's,27,BMW/X1,655,0.48
2024,11,Novembro,Autos,Suv's,28,VOLVO/XC60,264,0.35
2024,11,Novembro,Autos,Suv's,29,GM/EQUINOX,276,0.34
2024,11,Novembro,Autos,Suv's,30,VW/TIGUAN,129,0.33
2024,11,Novembro,Autos,Suv's,31,BYD/YUAN,297,0.32
2024,11,Novembro,Autos,Suv's,32,MITSUBISHI/PAJERO,278,0.31
2024,11,Novembro,Autos,Suv's,33,VOLVO/EX30,169,0.28
2024,11,Novembro,Autos,Suv's,34,AUDI/Q3,239,0.27
2024,11,Novembro,Autos,Suv's,35,TOYOTA/RAV4,183,0.25
2024,11,Novembro,Autos,Suv's,36,FORD/BRONCO,158,0.25
2024,11,Novembro,Autos,Suv's,37,GM/TRAILBLAZER,190,0.21
2024,11,Novembro,Autos,Suv's,38,PORSCHE/CAYENNE,108,0.18
2024,11,Novembro,Autos,Suv's,39,LAND ROVER/DISCOVERY,98,0.17
2024,11,Novembro,Autos,Suv's,40,BMW/X3,56,0.17
2024,11,Novembro,Com. Leves,Pick-up's Pequenas,1,FIAT/STRADA,12361,71.68
2024,11,Novembro,Com. Leves,Pick-up's Pequenas,2,VW/SAVEIRO,6076,28.31
2024,11,Novembro,Com. Leves,Pick-up's Pequenas,3,PEUGEOT/PARTNER,1,0
2024,11,Novembro,Com. Leves,Pick-up's Pequenas,4,CHEVROLET/EL CAMINO,0,0
2024,11,Novembro,Com. Leves,Pick-up's Pequenas,5,FORD/PAMPA,0,0
2024,11,Novembro,Com. Leves,Pick-up's Pequenas,6,GM/CHEVY,0,0
2024,11,Novembro,Com. Leves,Pick-up's Pequenas,7,FIAT/TORO,4586,19.93
2024,11,Novembro,Com. Leves,Pick-up's Pequenas,8,TOYOTA/HILUX,3828,18.36
2024,11,Novembro,Com. Leves,Pick-up's Pequenas,9,FORD/RANGER,3318,11.41
2024,11,Novembro,Com. Leves,Pick-up's Pequenas,10,GM/MONTANA,2082,10.17
2024,11,Novembro,Com. Leves,Pick-up's Pequenas,11,GM/S10,2747,9.9
2024,11,Novembro,Com. Leves,Pick-up's Pequenas,12,RAM/RAMPAGE,1716,8.79
2024,11,Novembro,Com. Leves,Pick-up's Pequenas,13,RENAULT/OROCH,1090,4.74
2024,11,Novembro,Com. Leves,Pick-up's Pequenas,14,MITSUBISHI/L200,950,4.06
2024,11,Novembro,Com. Leves,Pick-up's Pequenas,15,NISSAN/FRONTIER,378,3.54
2024,11,Novembro,Com. Leves,Pick-up's Pequenas,16,VW/AMAROK,836,2.65
2024,11,Novembro,Com. Leves,Pick-up's Pequenas,17,FIAT/TITANO,966,1.92
2024,11,Novembro,Com. Leves,Pick-up's Pequenas,18,RENAULT/MASTER,912,29.38
2024,11,Novembro,Com. Leves,Pick-up's Pequenas,19,FIAT/SCUDO,252,9.78
2024,11,Novembro,Com. Leves,Pick-up's Pequenas,20,FORD/TRANSIT,201,8.53
2024,11,Novembro,Com. Leves,Pick-up's Pequenas,21,KIA/K2500,214,7.37
2024,11,Novembro,Com. Leves,Pick-up's Pequenas,22,FIAT/DUCATO,443,5.93
2024,11,Novembro,Com. Leves,Pick-up's Pequenas,23,IVECO/DAILY,9,5.62
2024,11,Novembro,Com. Leves,Pick-up's Pequenas,24,VW TRUCK E BUS/EXPRESS,158,5.1
2024,11,Novembro,Com. Leves,Furgões Pequenos,1,FIAT/FIORINO,1928,86.52
2024,11,Novembro,Com. Leves,Furgões Pequenos,2,RENAULT/KANGOO,349,8.85
2024,11,Novembro,Com. Leves,Furgões Pequenos,3,PEUGEOT/PARTNER,54,3.21
2024,11,Novembro,Com. Leves,Furgões Pequenos,4,RENAULT/KANGOO E-TECH,43,0.76
2024,11,Novembro,Caminhões,Semi-Leve,1,M.BENZ/SPRINTER 417,164,55.8
2024,11,Novembro,Caminhões,Semi-Leve,2,M.BENZ/SPRINTER 517,51,17.65
2024,11,Novembro,Caminhões,Semi-Leve,3,IVECO/DAILY 45-170,43,8.98
2024,11,Novembro,Caminhões,Semi-Leve,4,IVECO/DAILY 55C17,28,4.87
2024,11,Novembro,Caminhões,Semi-Leve,5,M.BENZ/SPRINTER,1,4.36
2024,11,Novembro,Caminhões,Semi-Leve,6,FOTON/AUMARK S 315,35,1.64
2024,11,Novembro,Caminhões,Semi-Leve,7,VW TRUCK E BUS/6.160,3,1.56
2024,11,Novembro,Caminhões,Semi-Leve,8,M.BENZ/SPRINTER 416,2,1.15
2024,11,Novembro,Caminhões,Semi-Leve,9,M.BENZ/SPRINTER 516,1,0.82
2024,11,Novembro,Caminhões,Semi-Leve,10,IVECO/DAILY 55-170,1,0.67
2024,11,Novembro,Caminhões,Semi-Leve,11,VW TRUCK E BUS/9.180,178,41.67
2024,11,Novembro,Caminhões,Semi-Leve,12,M.BENZ/ACCELO 817,142,26.77
2024,11,Novembro,Caminhões,Semi-Leve,13,IVECO/DAILY 65-170,36,6.88
2024,11,Novembro,Caminhões,Semi-Leve,14,IVECO/TECTOR 9-190,4,6.04
2024,11,Novembro,Caminhões,Semi-Leve,15,VW TRUCK E BUS/6.170,51,4.76
2024,11,Novembro,Caminhões,Semi-Leve,16,HYUNDAI/HD 80,2,2.89
2024,11,Novembro,Caminhões,Semi-Leve,17,FOTON/AUMARK S 715,19,2.19
2024,11,Novembro,Caminhões,Semi-Leve,18,JAC/IEV1200T,32,2.1
2024,11,Novembro,Caminhões,Semi-Leve,19,FOTON/AUMARK S 916,5,1.34
2024,11,Novembro,Caminhões,Semi-Leve,20,VW TRUCK E BUS/9.170,0,1.11
2024,11,Novembro,Caminhões,Semi-Leve,21,VW TRUCK E BUS/11.180,563,41.85
2024,11,Novembro,Caminhões,Semi-Leve,22,M.BENZ/ACCELO 1017,428,31.2
2024,11,Novembro,Caminhões,Semi-Leve,23,VW TRUCK E BUS/13.180,73,6.01
2024,11,Novembro,Caminhões,Semi-Leve,24,IVECO/TECTOR 11-190,64,5.16
2024,11,Novembro,Caminhões,Semi-Leve,25,M.BENZ/ACCELO 1317,53,4.59
2024,11,Novembro,Caminhões,Semi-Leve,26,M.BENZ/ATEGO 1419,47,3.63
2024,11,Novembro,Caminhões,Semi-Leve,27,VW TRUCK E BUS/14.210,23,2.47
2024,11,Novembro,Caminhões,Semi-Leve,28,FOTON/AUMARK S 1217A,30,1.89
2024,11,Novembro,Caminhões,Semi-Leve,29,VW TRUCK E BUS/E DELIVERY 14,1,0.91
2024,11,Novembro,Caminhões,Semi-Leve,30,VW TRUCK E BUS/E DELIVERY 1,3,0.83
2024,11,Novembro,Caminhões,Semi-Pesado,1,VOLVO/VM 290,312,11.3
2024,11,Novembro,Caminhões,Semi-Pesado,2,M.BENZ/ATEGO 1719,237,8.35
2024,11,Novembro,Caminhões,Semi-Pesado,3,VW TRUCK E BUS/26.260,250,7.94
2024,11,Novembro,Caminhões,Semi-Pesado,4,M.BENZ/ATEGO 2429,246,7.29
2024,11,Novembro,Caminhões,Semi-Pesado,5,VW TRUCK E BUS/17.210,217,7.24
2024,11,Novembro,Caminhões,Semi-Pesado,6,VW TRUCK E BUS/26.320,146,5.44
2024,11,Novembro,Caminhões,Semi-Pesado,7,VOLVO/VM 360,189,5.31
2024,11,Novembro,Caminhões,Semi-Pesado,8,VW TRUCK E BUS/31.320,148,4.28
2024,11,Novembro,Caminhões,Semi-Pesado,9,VW TRUCK E BUS/27.260,154,4.18
2024,11,Novembro,Caminhões,Semi-Pesado,10,DAF/CF 310,129,4.12
2024,11,Novembro,Caminhões,Semi-Pesado,11,VOLVO/FH 540,712,12.6
2024,11,Novembro,Caminhões,Semi-Pesado,12,VOLVO/FH 460,426,7.69
2024,11,Novembro,Caminhões,Semi-Pesado,13,DAF/XF 530,284,7.37
2024,11,Novembro,Caminhões,Semi-Pesado,14,SCANIA/R450,290,7.2
2024,11,Novembro,Caminhões,Semi-Pesado,15,SCANIA/R 460,443,6.31
2024,11,Novembro,Caminhões,Semi-Pesado,16,DAF/XF 480,180,5.17
2024,11,Novembro,Caminhões,Semi-Pesado,17,SCANIA/R540,49,4.24
2024,11,Novembro,Caminhões,Semi-Pesado,18,SCANIA/R560,188,4.07
2024,11,Novembro,Caminhões,Semi-Pesado,19,M.BENZ/ACTROS 2548,145,4.0
2024,11,Novembro,Caminhões,Semi-Pesado,20,VW TRUCK E BUS/28.480,157,3.55
2024,11,Novembro,Motos,City,1,HONDA/CG 160,27900,57.22
2024,11,Novembro,Motos,City,2,HONDA/CB 300F,4327,7.95
2024,11,Novembro,Motos,City,3,MOTTU/SPORT 110I,5444,7.49
2024,11,Novembro,Motos,City,4,YAMAHA/YBR 150,3676,6.83
2024,11,Novembro,Motos,City,5,YAMAHA/FAZER 250,3444,6.24
2024,11,Novembro,Motos,City,6,YAMAHA/FAZER 150,2818,5.67
2024,11,Novembro,Motos,City,7,YAMAHA/YS150 FAZER,2042,2.78
2024,11,Novembro,Motos,City,8,SHINERAY/XY 150,1435,1.69
2024,11,Novembro,Motos,City,9,YAMAHA/YBR 125,755,1.1
2024,11,Novembro,Motos,City,10,HAOJUE/DR160,423,0.55
2024,11,Novembro,Motos,City,11,ROYAL ENFIELD/HUNTER 350,430,23.4
2024,11,Novembro,Motos,City,12,ROYAL ENFIELD/METEOR,392,17.54
2024,11,Novembro,Motos,City,13,TRIUMPH/SCRAMBLER 400,434,12.93
2024,11,Novembro,Motos,City,14,ROYAL ENFIELD/CLASSIC 350,257,11.2
2024,11,Novembro,Motos,City,15,ROYAL ENFIELD/SUPER METEOR 650,200,7.57
2024,11,Novembro,Motos,City,16,BMW/C400 X,35,4.81
2024,11,Novembro,Motos,City,17,KAWASAKI/VULCAN S,49,4.15
2024,11,Novembro,Motos,City,18,ROYAL ENFIELD/INTERCEPTOR,121,4.09
2024,11,Novembro,Motos,City,19,KAWASAKI/ELIMINATOR 500,29,1.88
2024,11,Novembro,Motos,City,20,TRIUMPH/BONNEVILLE,2,1.61
2024,11,Novembro,Motos,City,21,HONDA/NXR160,13271,42.94
2024,11,Novembro,Motos,City,22,YAMAHA/XTZ 250,3463,13.21
2024,11,Novembro,Motos,City,23,HONDA/XRE 300,3172,12.24
2024,11,Novembro,Motos,City,24,YAMAHA/CROSSER 150,2795,10.17
2024,11,Novembro,Motos,City,25,HONDA/XRE 190,4056,9.09
2024,11,Novembro,Motos,City,26,SHINERAY/XY 125,2399,7.92
2024,11,Novembro,Motos,City,27,HONDA/XR 300L,744,0.92
2024,11,Novembro,Motos,City,28,BMW/G310 GS,196,0.77
2024,11,Novembro,Motos,City,29,HAOJUE/NK 150,182,0.52
2024,11,Novembro,Motos,City,30,DAFRA/NH 190,75,0.41
2024,11,Novembro,Motos,Maxtrail,1,HONDA/CB 500X,401,18.04
2024,11,Novembro,Motos,Maxtrail,2,BMW/R1250GS,104,13.81
2024,11,Novembro,Motos,Maxtrail,3,TRIUMPH/TIGER 900,226,12.49
2024,11,Novembro,Motos,Maxtrail,4,HONDA/NC 750X,144,10.69
2024,11,Novembro,Motos,Maxtrail,5,BMW/R1300GS,233,8.31
2024,11,Novembro,Motos,Maxtrail,6,TRIUMPH/TIGER 1200,84,4.89
2024,11,Novembro,Motos,Maxtrail,7,BMW/F900 GS,273,4.19
2024,11,Novembro,Motos,Maxtrail,8,KAWASAKI/VERSYS 650,76,4.13
2024,11,Novembro,Motos,Maxtrail,9,BMW/F850 GS,27,4.02
2024,11,Novembro,Motos,Maxtrail,10,HONDA/CRF 1100L,38,3.71
2024,11,Novembro,Motos,Maxtrail,11,YAMAHA/MT03,1011,29.49
2024,11,Novembro,Motos,Maxtrail,12,BAJAJ/DOMINAR D400,799,17.69
2024,11,Novembro,Motos,Maxtrail,13,HONDA/CB 500,312,8.67
2024,11,Novembro,Motos,Maxtrail,14,YAMAHA/MT09,245,7.75
2024,11,Novembro,Motos,Maxtrail,15,HONDA/CB 650R,283,7.7
2024,11,Novembro,Motos,Maxtrail,16,YAMAHA/MT07,141,6.26
2024,11,Novembro,Motos,Maxtrail,17,TRIUMPH/SPEED 400,203,3.85
2024,11,Novembro,Motos,Maxtrail,18,KAWASAKI/Z900,104,3.4
2024,11,Novembro,Motos,Maxtrail,19,HONDA/CB 1000R,58,1.91
2024,11,Novembro,Motos,Maxtrail,20,TRIUMPH/TRIDENT 660,8,1.42
2024,11,Novembro,Motos,Maxtrail,21,HONDA/BIZ,20957,42.02
2024,11,Novembro,Motos,Maxtrail,22,HONDA/POP 110I,15404,25.39
2024,11,Novembro,Motos,Maxtrail,23,HONDA/PCX 160,2887,8.42
2024,11,Novembro,Motos,Maxtrail,24,HONDA/ELITE 125,2499,4.11
2024,11,Novembro,Motos,Maxtrail,25,YAMAHA/NMAX,1284,2.7
2024,11,Novembro,Motos,Maxtrail,26,AVELLOZ/AZ1,1864,2.67
2024,11,Novembro,Motos,Maxtrail,27,YAMAHA/NEO 125,1345,2.54
2024,11,Novembro,Motos,Maxtrail,28,SHINERAY/SHI 175,1891,2.38
2024,11,Novembro,Motos,Maxtrail,29,SHINERAY/XY 50,1377,2.26
2024,11,Novembro,Motos,Maxtrail,30,HONDA/ADV 150,1120,2.08
2024,11,Novembro,Motos,Sport,1,YAMAHA/YZF R15,369,48.43
2024,11,Novembro,Motos,Sport,2,YAMAHA/YZF R3,181,13.51
2024,11,Novembro,Motos,Sport,3,BMW/S1000 R,132,9.07
2024,11,Novembro,Motos,Sport,4,HONDA/CBR 650R,84,7.3
2024,11,Novembro,Motos,Sport,5,KAWASAKI/NINJA 400,0,5.0
2024,11,Novembro,Motos,Sport,6,KAWASAKI/NINJA 300,45,2.75
2024,11,Novembro,Motos,Sport,7,KAWASAKI/NINJA 500,68,2.41
2024,11,Novembro,Motos,Sport,8,KAWASAKI/NINJA ZX-4R,1,1.74
2024,11,Novembro,Motos,Sport,9,KAWASAKI/NINJA ZX-6R,6,1.48
2024,11,Novembro,Motos,Sport,10,KAWASAKI/NINJA 650,18,1.31
2024,11,Novembro,Motos,Sport,11,H.DAVIDSON/FLHX,2,22.37
2024,11,Novembro,Motos,Sport,12,H.DAVIDSON/FLTRX,4,21.93
2024,11,Novembro,Motos,Sport,13,H.DAVIDSON/FLTRK,14,15.68
2024,11,Novembro,Motos,Sport,14,H.DAVIDSON/FLHTK,14,11.07
2024,11,Novembro,Motos,Sport,15,H.DAVIDSON/FLH RXS,5,10.75
2024,11,Novembro,Motos,Sport,16,H.DAVIDSON/FLT,0,5.26
2024,11,Novembro,Motos,Sport,17,HONDA/GOLDWING,1,4.17
2024,11,Novembro,Motos,Sport,18,BMW/R1250 RT,1,2.74
2024,12,Dezembro,Autos,Veículos de Entrada,1,FIAT/MOBI,5552,54.03
2024,12,Dezembro,Autos,Veículos de Entrada,2,RENAULT/KWID,7210,45.9
2024,12,Dezembro,Autos,Veículos de Entrada,3,VW/GOL,1,0.04
2024,12,Dezembro,Autos,Veículos de Entrada,4,FIAT/UNO,2,0.02
2024,12,Dezembro,Autos,Veículos de Entrada,5,VW/UP,1,0.01
2024,12,Dezembro,Autos,Veículos de Entrada,6,GM/CHEVETTE,1,0
2024,12,Dezembro,Autos,Veículos de Entrada,7,FIAT/PALIO,0,0
2024,12,Dezembro,Autos,Veículos de Entrada,8,GM/CELTA,0,0
2024,12,Dezembro,Autos,Veículos de Entrada,9,TOYOTA/ETIOS HB,0,0
2024,12,Dezembro,Autos,Veículos de Entrada,10,VW/POLO,13470,25.19
2024,12,Dezembro,Autos,Veículos de Entrada,11,GM/ONIX,9730,17.52
2024,12,Dezembro,Autos,Veículos de Entrada,12,HYUNDAI/HB20,9942,17.44
2024,12,Dezembro,Autos,Veículos de Entrada,13,FIAT/ARGO,7057,16.38
2024,12,Dezembro,Autos,Veículos de Entrada,14,TOYOTA/YARIS HB,790,4.67
2024,12,Dezembro,Autos,Veículos de Entrada,15,BYD/DOLPHIN MINI,1852,3.94
2024,12,Dezembro,Autos,Veículos de Entrada,16,CITROEN/C3,1374,3.79
2024,12,Dezembro,Autos,Veículos de Entrada,17,PEUGEOT/208,703,3.18
2024,12,Dezembro,Autos,Veículos de Entrada,18,HONDA/CITY HATCH,1668,2.78
2024,12,Dezembro,Autos,Veículos de Entrada,19,BYD/DOLPHIN,531,2.73
2024,12,Dezembro,Autos,Veículos de Entrada,20,GWM/ORA 03,478,1.14
2024,12,Dezembro,Autos,Veículos de Entrada,21,RENAULT/SANDERO,326,0.83
2024,12,Dezembro,Autos,Veículos de Entrada,22,AUDI/A3,27,37.65
2024,12,Dezembro,Autos,Veículos de Entrada,23,GM/CRUZE HB,0,19.48
2024,12,Dezembro,Autos,Veículos de Entrada,24,HONDA/CIVIC TYPE-R,19,11.32
2024,12,Dezembro,Autos,Veículos de Entrada,25,NISSAN/LEAF,0,6.86
2024,12,Dezembro,Autos,Veículos de Entrada,26,TOYOTA/COROLLA GR,6,6.53
2024,12,Dezembro,Autos,Veículos de Entrada,27,M.BENZ/CLASSE A,2,6.42
2024,12,Dezembro,Autos,Sedans Pequenos,1,FIAT/CRONOS,5127,51.28
2024,12,Dezembro,Autos,Sedans Pequenos,2,HYUNDAI/HB20S,3405,43.13
2024,12,Dezembro,Autos,Sedans Pequenos,3,RENAULT/LOGAN,12,5.57
2024,12,Dezembro,Autos,Sedans Pequenos,4,VW/VOYAGE,0,0.01
2024,12,Dezembro,Autos,Sedans Pequenos,5,FIAT/SIENA,0,0.01
2024,12,Dezembro,Autos,Sedans Pequenos,6,GM/PRISMA,0,0
2024,12,Dezembro,Autos,Sedans Pequenos,7,FORD/KA SEDAN,0,0
2024,12,Dezembro,Autos,Sedans Pequenos,8,FORD/FIESTA SEDAN,1,0
2024,12,Dezembro,Autos,Sedans Pequenos,9,GM/CLASSIC,0,0
2024,12,Dezembro,Autos,Sedans Pequenos,10,GM/ONIX PLUS,5538,42.15
2024,12,Dezembro,Autos,Sedans Pequenos,11,VW/VIRTUS,3098,22.75
2024,12,Dezembro,Autos,Sedans Pequenos,12,TOYOTA/YARIS SEDAN,1013,15.42
2024,12,Dezembro,Autos,Sedans Pequenos,13,HONDA/CITY,1929,11.51
2024,12,Dezembro,Autos,Sedans Pequenos,14,NISSAN/VERSA,1232,8.17
2024,12,Dezembro,Autos,Sedans Pequenos,15,GM/COBALT,1,0
2024,12,Dezembro,Autos,Sedans médios,1,TOYOTA/COROLLA,3556,63.23
2024,12,Dezembro,Autos,Sedans médios,2,NISSAN/SENTRA,656,10.1
2024,12,Dezembro,Autos,Sedans médios,3,BYD/KING,1950,8.28
2024,12,Dezembro,Autos,Sedans médios,4,BYD/SEAL,187,5.91
2024,12,Dezembro,Autos,Sedans médios,5,VW/JETTA,137,4.72
2024,12,Dezembro,Autos,Sedans médios,6,HONDA/CIVIC,252,2.82
2024,12,Dezembro,Autos,Sedans médios,7,M.BENZ/CLA200,125,1.48
2024,12,Dezembro,Autos,Sedans médios,8,GM/CRUZE SEDAN,0,1.27
2024,12,Dezembro,Autos,Sedans médios,9,AUDI/A3 SEDAN,52,0.77
2024,12,Dezembro,Autos,Sedans médios,10,AUDI/A5,34,0.62
2024,12,Dezembro,Autos,Sedans médios,11,BMW/420I,7,0.21
2024,12,Dezembro,Autos,Sedans médios,12,M.BENZ/CLA35,8,0.16
2024,12,Dezembro,Autos,Sedans médios,13,M.BENZ/CLA45,5,0.13
2024,12,Dezembro,Autos,Sedans médios,14,CAOA CHERY/ARRIZO 6,31,0.09
2024,12,Dezembro,Autos,Sedans médios,15,M.BENZ/AMG C63S,1,0.07
2024,12,Dezembro,Autos,Sedans médios,16,BMW/218I,2,0.05
2024,12,Dezembro,Autos,Sedans médios,17,JAC/E-J7,3,0.03
2024,12,Dezembro,Autos,Sedans médios,18,HYUNDAI/ELANTRA,0,0.01
2024,12,Dezembro,Autos,Sedans médios,19,KIA/CERATO,1,0.01
2024,12,Dezembro,Autos,Sedans médios,20,TESLA/MODEL 3,0,0.01
2024,12,Dezembro,Autos,Sedans médios,21,HYUNDAI/IONIQ,0,0.01
2024,12,Dezembro,Autos,Sedans médios,22,BMW/320I,304,55.02
2024,12,Dezembro,Autos,Sedans médios,23,M.BENZ/CLASSE C,69,18.17
2024,12,Dezembro,Autos,Sedans médios,24,BMW/330E,54,7.23
2024,12,Dezembro,Autos,Sedans médios,25,PORSCHE/PANAMERA,23,4.0
2024,12,Dezembro,Autos,Sedans médios,26,HONDA/ACCORD,14,2.8
2024,12,Dezembro,Autos,Sedans médios,27,AUDI/A4,24,2.39
2024,12,Dezembro,Autos,Sedans médios,28,BMW/530E,29,2.16
2024,12,Dezembro,Autos,Sedans médios,29,LEXUS/ES300,21,2.04
2024,12,Dezembro,Autos,Sedans médios,30,BMW/I4,9,1.69
2024,12,Dezembro,Autos,Sedans médios,31,M.BENZ/CLASSE E,10,0.56
2024,12,Dezembro,Autos,Sedans médios,32,BYD/HAN,1,0.54
2024,12,Dezembro,Autos,Sedans médios,33,BMW/I5,4,0.52
2024,12,Dezembro,Autos,Sw Médios,1,FIAT/ELBA,2,28.57
2024,12,Dezembro,Autos,Sw Médios,2,FIAT/PALIO WEEKEND,0,14.29
2024,12,Dezembro,Autos,Sw Médios,3,FORD/BELINA,0,14.29
2024,12,Dezembro,Autos,Sw Médios,4,HYUNDAI/I30 SW,0,14.29
2024,12,Dezembro,Autos,Sw Médios,5,AUDI/RS6 AVANT,5,94.19
2024,12,Dezembro,Autos,Sw Médios,6,GM/CARAVAN,0,4.65
2024,12,Dezembro,Autos,Sw Médios,7,VW/QUANTUM,0,1.16
2024,12,Dezembro,Autos,Sw Médios,8,GM/BOLT,0,70.59
2024,12,Dezembro,Autos,Sw Médios,9,HONDA/FIT,0,20.59
2024,12,Dezembro,Autos,Sw Médios,10,FIAT/DOBLO,0,8.82
2024,12,Dezembro,Autos,Grandcab,1,GM/SPIN,2628,98.91
2024,12,Dezembro,Autos,Grandcab,2,KIA/CARNIVAL,58,0.89
2024,12,Dezembro,Autos,Grandcab,3,TOYOTA/SIENNA,1,0.08
2024,12,Dezembro,Autos,Grandcab,4,CHRYSLER/PACIFICA,0,0.07
2024,12,Dezembro,Autos,Grandcab,5,PORSCHE/911,53,32.21
2024,12,Dezembro,Autos,Grandcab,6,PORSCHE/BOXSTER,83,18.84
2024,12,Dezembro,Autos,Grandcab,7,FORD/MUSTANG,27,14.44
2024,12,Dezembro,Autos,Grandcab,8,PORSCHE/CAYMAN,18,7.35
2024,12,Dezembro,Autos,Grandcab,9,BMW/M2,19,5.5
2024,12,Dezembro,Autos,Grandcab,10,PORSCHE/TAYCAN,28,4.88
2024,12,Dezembro,Autos,Grandcab,11,BMW/M3,13,4.51
2024,12,Dezembro,Autos,Grandcab,12,GM/CAMARO,6,2.77
2024,12,Dezembro,Autos,Grandcab,13,GM/CORVETTE,3,1.85
2024,12,Dezembro,Autos,Suv's,1,VW/T CROSS,9987,8.94
2024,12,Dezembro,Autos,Suv's,2,GM/TRACKER,8430,7.39
2024,12,Dezembro,Autos,Suv's,3,HYUNDAI/CRETA,6341,7.36
2024,12,Dezembro,Autos,Suv's,4,NISSAN/KICKS,4397,6.44
2024,12,Dezembro,Autos,Suv's,5,VW/NIVUS,4567,5.95
2024,12,Dezembro,Autos,Suv's,6,JEEP/RENEGADE,4002,5.74
2024,12,Dezembro,Autos,Suv's,7,HONDA/HR-V,4758,5.36
2024,12,Dezembro,Autos,Suv's,8,JEEP/COMPASS,4714,5.33
2024,12,Dezembro,Autos,Suv's,9,FIAT/FASTBACK,4493,5.14
2024,12,Dezembro,Autos,Suv's,10,TOYOTA/COROLLA CROSS,3771,5.09
2024,12,Dezembro,Autos,Suv's,11,FIAT/PULSE,3965,4.16
2024,12,Dezembro,Autos,Suv's,12,CAOA CHERY/TIGGO 7,2844,3.29
2024,12,Dezembro,Autos,Suv's,13,BYD/SONG,5239,2.95
2024,12,Dezembro,Autos,Suv's,14,RENAULT/KARDIAN,3974,2.6
2024,12,Dezembro,Autos,Suv's,15,GWM/HAVAL H6,2644,2.44
2024,12,Dezembro,Autos,Suv's,16,RENAULT/DUSTER,3092,2.2
2024,12,Dezembro,Autos,Suv's,17,CAOA CHERY/TIGGO 5X,1190,2.15
2024,12,Dezembro,Autos,Suv's,18,TOYOTA/HILUX SW4,1964,1.9
2024,12,Dezembro,Autos,Suv's,19,VW/TAOS,1935,1.87
2024,12,Dezembro,Autos,Suv's,20,JEEP/COMMANDER,1529,1.78
2024,12,Dezembro,Autos,Suv's,21,CAOA CHERY/TIGGO 8,1132,1.04
2024,12,Dezembro,Autos,Suv's,22,MITSUBISHI/ECLIPSE CROSS,754,0.88
2024,12,Dezembro,Autos,Suv's,23,CITROEN/C3 AIRCROSS,644,0.88
2024,12,Dezembro,Autos,Suv's,24,PEUGEOT/2008,2163,0.84
2024,12,Dezembro,Autos,Suv's,25,HONDA/ZR-V,312,0.63
2024,12,Dezembro,Autos,Suv's,26,FORD/TERRITORY,615,0.6
2024,12,Dezembro,Autos,Suv's,27,BMW/X1,800,0.52
2024,12,Dezembro,Autos,Suv's,28,VOLVO/XC60,312,0.35
2024,12,Dezembro,Autos,Suv's,29,GM/EQUINOX,342,0.34
2024,12,Dezembro,Autos,Suv's,30,MITSUBISHI/PAJERO,294,0.31
2024,12,Dezembro,Autos,Suv's,31,VW/TIGUAN,120,0.31
2024,12,Dezembro,Autos,Suv's,32,BYD/YUAN,202,0.31
2024,12,Dezembro,Autos,Suv's,33,VOLVO/EX30,354,0.29
2024,12,Dezembro,Autos,Suv's,34,AUDI/Q3,276,0.27
2024,12,Dezembro,Autos,Suv's,35,TOYOTA/RAV4,324,0.26
2024,12,Dezembro,Autos,Suv's,36,CITROEN/BASALT,962,0.25
2024,12,Dezembro,Autos,Suv's,37,FORD/BRONCO,150,0.24
2024,12,Dezembro,Autos,Suv's,38,GM/TRAILBLAZER,294,0.22
2024,12,Dezembro,Autos,Suv's,39,PORSCHE/CAYENNE,110,0.17
2024,12,Dezembro,Autos,Suv's,40,LAND ROVER/DISCOVERY,144,0.17
2024,12,Dezembro,Com. Leves,Pick-up's Pequenas,1,FIAT/STRADA,16235,71.74
2024,12,Dezembro,Com. Leves,Pick-up's Pequenas,2,VW/SAVEIRO,6253,28.25
2024,12,Dezembro,Com. Leves,Pick-up's Pequenas,3,PEUGEOT/PARTNER,3,0.01
2024,12,Dezembro,Com. Leves,Pick-up's Pequenas,4,CHEVROLET/EL CAMINO,0,0
2024,12,Dezembro,Com. Leves,Pick-up's Pequenas,5,FORD/PAMPA,0,0
2024,12,Dezembro,Com. Leves,Pick-up's Pequenas,6,GM/CHEVY,0,0
2024,12,Dezembro,Com. Leves,Pick-up's Pequenas,7,FIAT/TORO,4508,19.71
2024,12,Dezembro,Com. Leves,Pick-up's Pequenas,8,TOYOTA/HILUX,4562,18.3
2024,12,Dezembro,Com. Leves,Pick-up's Pequenas,9,FORD/RANGER,3602,11.66
2024,12,Dezembro,Com. Leves,Pick-up's Pequenas,10,GM/MONTANA,2549,10.15
2024,12,Dezembro,Com. Leves,Pick-up's Pequenas,11,GM/S10,2887,10.03
2024,12,Dezembro,Com. Leves,Pick-up's Pequenas,12,RAM/RAMPAGE,1854,8.64
2024,12,Dezembro,Com. Leves,Pick-up's Pequenas,13,RENAULT/OROCH,1136,4.71
2024,12,Dezembro,Com. Leves,Pick-up's Pequenas,14,MITSUBISHI/L200,939,4.02
2024,12,Dezembro,Com. Leves,Pick-up's Pequenas,15,NISSAN/FRONTIER,503,3.39
2024,12,Dezembro,Com. Leves,Pick-up's Pequenas,16,VW/AMAROK,773,2.68
2024,12,Dezembro,Com. Leves,Pick-up's Pequenas,17,FIAT/TITANO,1475,2.28
2024,12,Dezembro,Com. Leves,Pick-up's Pequenas,18,RENAULT/MASTER,1254,29.95
2024,12,Dezembro,Com. Leves,Pick-up's Pequenas,19,FIAT/SCUDO,453,10.07
2024,12,Dezembro,Com. Leves,Pick-up's Pequenas,20,FORD/TRANSIT,278,8.47
2024,12,Dezembro,Com. Leves,Pick-up's Pequenas,21,KIA/K2500,202,7.21
2024,12,Dezembro,Com. Leves,Pick-up's Pequenas,22,FIAT/DUCATO,272,6.09
2024,12,Dezembro,Com. Leves,Pick-up's Pequenas,23,IVECO/DAILY,110,5.38
2024,12,Dezembro,Com. Leves,Pick-up's Pequenas,24,VW TRUCK E BUS/EXPRESS,210,5.18
2024,12,Dezembro,Com. Leves,Furgões Pequenos,1,FIAT/FIORINO,1024,83.3
2024,12,Dezembro,Com. Leves,Furgões Pequenos,2,RENAULT/KANGOO,1006,12.24
2024,12,Dezembro,Com. Leves,Furgões Pequenos,3,PEUGEOT/PARTNER,39,3.09
2024,12,Dezembro,Com. Leves,Furgões Pequenos,4,RENAULT/KANGOO E-TECH,7,0.73
2024,12,Dezembro,Caminhões,Semi-Leve,1,M.BENZ/SPRINTER 417,169,55.39
2024,12,Dezembro,Caminhões,Semi-Leve,2,M.BENZ/SPRINTER 517,63,17.77
2024,12,Dezembro,Caminhões,Semi-Leve,3,IVECO/DAILY 45-170,35,9.1
2024,12,Dezembro,Caminhões,Semi-Leve,4,IVECO/DAILY 55C17,18,4.91
2024,12,Dezembro,Caminhões,Semi-Leve,5,M.BENZ/SPRINTER,1,4.04
2024,12,Dezembro,Caminhões,Semi-Leve,6,FOTON/AUMARK S 315,35,2.34
2024,12,Dezembro,Caminhões,Semi-Leve,7,VW TRUCK E BUS/6.160,2,1.49
2024,12,Dezembro,Caminhões,Semi-Leve,8,M.BENZ/SPRINTER 416,2,1.11
2024,12,Dezembro,Caminhões,Semi-Leve,9,M.BENZ/SPRINTER 516,1,0.78
2024,12,Dezembro,Caminhões,Semi-Leve,10,IVECO/DAILY 55-170,3,0.69
2024,12,Dezembro,Caminhões,Semi-Leve,11,VW TRUCK E BUS/9.180,138,40.84
2024,12,Dezembro,Caminhões,Semi-Leve,12,M.BENZ/ACCELO 817,166,27.58
2024,12,Dezembro,Caminhões,Semi-Leve,13,IVECO/DAILY 65-170,28,6.83
2024,12,Dezembro,Caminhões,Semi-Leve,14,IVECO/TECTOR 9-190,5,6.53
2024,12,Dezembro,Caminhões,Semi-Leve,15,VW TRUCK E BUS/6.170,2,4.77
2024,12,Dezembro,Caminhões,Semi-Leve,16,HYUNDAI/HD 80,1,2.68
2024,12,Dezembro,Caminhões,Semi-Leve,17,FOTON/AUMARK S 715,13,2.25
2024,12,Dezembro,Caminhões,Semi-Leve,18,JAC/IEV1200T,8,2.07
2024,12,Dezembro,Caminhões,Semi-Leve,19,FOTON/AUMARK S 916,7,1.36
2024,12,Dezembro,Caminhões,Semi-Leve,20,VW TRUCK E BUS/9.170,2,1.05
2024,12,Dezembro,Caminhões,Semi-Leve,21,VW TRUCK E BUS/11.180,504,41.28
2024,12,Dezembro,Caminhões,Semi-Leve,22,M.BENZ/ACCELO 1017,509,31.69
2024,12,Dezembro,Caminhões,Semi-Leve,23,VW TRUCK E BUS/13.180,76,5.96
2024,12,Dezembro,Caminhões,Semi-Leve,24,IVECO/TECTOR 11-190,67,5.13
2024,12,Dezembro,Caminhões,Semi-Leve,25,M.BENZ/ACCELO 1317,82,4.71
2024,12,Dezembro,Caminhões,Semi-Leve,26,M.BENZ/ATEGO 1419,6,3.73
2024,12,Dezembro,Caminhões,Semi-Leve,27,VW TRUCK E BUS/14.210,36,2.48
2024,12,Dezembro,Caminhões,Semi-Leve,28,FOTON/AUMARK S 1217A,31,1.92
2024,12,Dezembro,Caminhões,Semi-Leve,29,VW TRUCK E BUS/E DELIVERY 14,1,0.83
2024,12,Dezembro,Caminhões,Semi-Leve,30,VW TRUCK E BUS/E DELIVERY 1,8,0.8
2024,12,Dezembro,Caminhões,Semi-Pesado,1,VOLVO/VM 290,333,11.29
2024,12,Dezembro,Caminhões,Semi-Pesado,2,M.BENZ/ATEGO 1719,191,8.19
2024,12,Dezembro,Caminhões,Semi-Pesado,3,VW TRUCK E BUS/26.260,248,7.97
2024,12,Dezembro,Caminhões,Semi-Pesado,4,M.BENZ/ATEGO 2429,217,7.29
2024,12,Dezembro,Caminhões,Semi-Pesado,5,VW TRUCK E BUS/17.210,202,7.2
2024,12,Dezembro,Caminhões,Semi-Pesado,6,VW TRUCK E BUS/26.320,178,5.48
2024,12,Dezembro,Caminhões,Semi-Pesado,7,VOLVO/VM 360,218,5.48
2024,12,Dezembro,Caminhões,Semi-Pesado,8,VW TRUCK E BUS/31.320,169,4.4
2024,12,Dezembro,Caminhões,Semi-Pesado,9,DAF/CF 310,155,4.21
2024,12,Dezembro,Caminhões,Semi-Pesado,10,VW TRUCK E BUS/27.260,89,4.08
2024,12,Dezembro,Caminhões,Semi-Pesado,11,VOLVO/FH 540,713,12.53
2024,12,Dezembro,Caminhões,Semi-Pesado,12,VOLVO/FH 460,654,8.0
2024,12,Dezembro,Caminhões,Semi-Pesado,13,DAF/XF 530,485,7.44
2024,12,Dezembro,Caminhões,Semi-Pesado,14,SCANIA/R450,390,7.13
2024,12,Dezembro,Caminhões,Semi-Pesado,15,SCANIA/R 460,481,6.47
2024,12,Dezembro,Caminhões,Semi-Pesado,16,DAF/XF 480,265,5.09
2024,12,Dezembro,Caminhões,Semi-Pesado,17,SCANIA/R540,136,4.05
2024,12,Dezembro,Caminhões,Semi-Pesado,18,SCANIA/R560,215,4.02
2024,12,Dezembro,Caminhões,Semi-Pesado,19,M.BENZ/ACTROS 2548,170,3.88
2024,12,Dezembro,Caminhões,Semi-Pesado,20,VW TRUCK E BUS/28.480,127,3.41
2024,12,Dezembro,Motos,City,1,HONDA/CG 160,32989,57.47
2024,12,Dezembro,Motos,City,2,HONDA/CB 300F,5274,8.08
2024,12,Dezembro,Motos,City,3,MOTTU/SPORT 110I,1029,7.08
2024,12,Dezembro,Motos,City,4,YAMAHA/YBR 150,3172,6.76
2024,12,Dezembro,Motos,City,5,YAMAHA/FAZER 250,3346,6.23
2024,12,Dezembro,Motos,City,6,YAMAHA/FAZER 150,2039,5.53
2024,12,Dezembro,Motos,City,7,YAMAHA/YS150 FAZER,2068,2.86
2024,12,Dezembro,Motos,City,8,SHINERAY/XY 150,1537,1.77
2024,12,Dezembro,Motos,City,9,YAMAHA/YBR 125,571,1.09
2024,12,Dezembro,Motos,City,10,HAOJUE/DR160,426,0.57
2024,12,Dezembro,Motos,City,11,ROYAL ENFIELD/HUNTER 350,558,23.56
2024,12,Dezembro,Motos,City,12,ROYAL ENFIELD/METEOR,380,17.5
2024,12,Dezembro,Motos,City,13,TRIUMPH/SCRAMBLER 400,164,12.42
2024,12,Dezembro,Motos,City,14,ROYAL ENFIELD/CLASSIC 350,267,11.28
2024,12,Dezembro,Motos,City,15,ROYAL ENFIELD/SUPER METEOR 650,222,7.79
2024,12,Dezembro,Motos,City,16,BMW/C400 X,48,4.57
2024,12,Dezembro,Motos,City,17,ROYAL ENFIELD/INTERCEPTOR,105,4.15
2024,12,Dezembro,Motos,City,18,KAWASAKI/VULCAN S,58,4.01
2024,12,Dezembro,Motos,City,19,KAWASAKI/ELIMINATOR 500,70,1.99
2024,12,Dezembro,Motos,City,20,ROYAL ENFIELD/CONTINENTAL GT,63,1.57
2024,12,Dezembro,Motos,City,21,HONDA/NXR160,13472,43.1
2024,12,Dezembro,Motos,City,22,YAMAHA/XTZ 250,3122,12.98
2024,12,Dezembro,Motos,City,23,HONDA/XRE 300,3205,12.11
2024,12,Dezembro,Motos,City,24,YAMAHA/CROSSER 150,3183,10.21
2024,12,Dezembro,Motos,City,25,HONDA/XRE 190,2871,9.13
2024,12,Dezembro,Motos,City,26,SHINERAY/XY 125,2338,7.91
2024,12,Dezembro,Motos,City,27,HONDA/XR 300L,723,1.05
2024,12,Dezembro,Motos,City,28,BMW/G310 GS,224,0.77
2024,12,Dezembro,Motos,City,29,HAOJUE/NK 150,158,0.52
2024,12,Dezembro,Motos,City,30,DAFRA/NH 190,98,0.4
2024,12,Dezembro,Motos,Maxtrail,1,HONDA/CB 500X,531,18.5
2024,12,Dezembro,Motos,Maxtrail,2,BMW/R1250GS,63,12.9
2024,12,Dezembro,Motos,Maxtrail,3,TRIUMPH/TIGER 900,282,12.49
2024,12,Dezembro,Motos,Maxtrail,4,HONDA/NC 750X,84,10.12
2024,12,Dezembro,Motos,Maxtrail,5,BMW/R1300GS,255,8.56
2024,12,Dezembro,Motos,Maxtrail,6,TRIUMPH/TIGER 1200,159,5.07
2024,12,Dezembro,Motos,Maxtrail,7,BMW/F900 GS,272,4.84
2024,12,Dezembro,Motos,Maxtrail,8,KAWASAKI/VERSYS 650,95,4.14
2024,12,Dezembro,Motos,Maxtrail,9,BMW/F850 GS,52,3.88
2024,12,Dezembro,Motos,Maxtrail,10,HONDA/CRF 1100L,119,3.84
2024,12,Dezembro,Motos,Maxtrail,11,YAMAHA/MT03,1084,29.44
2024,12,Dezembro,Motos,Maxtrail,12,BAJAJ/DOMINAR D400,888,18.29
2024,12,Dezembro,Motos,Maxtrail,13,HONDA/CB 500,325,8.67
2024,12,Dezembro,Motos,Maxtrail,14,HONDA/CB 650R,263,7.63
2024,12,Dezembro,Motos,Maxtrail,15,YAMAHA/MT09,240,7.62
2024,12,Dezembro,Motos,Maxtrail,16,YAMAHA/MT07,216,6.21
2024,12,Dezembro,Motos,Maxtrail,17,TRIUMPH/SPEED 400,117,3.78
2024,12,Dezembro,Motos,Maxtrail,18,KAWASAKI/Z900,7,3.26
2024,12,Dezembro,Motos,Maxtrail,19,HONDA/CB 1000R,69,1.9
2024,12,Dezembro,Motos,Maxtrail,20,TRIUMPH/TRIDENT 660,90,1.52
2024,12,Dezembro,Motos,Maxtrail,21,HONDA/BIZ,22972,41.8
2024,12,Dezembro,Motos,Maxtrail,22,HONDA/POP 110I,15633,25.52
2024,12,Dezembro,Motos,Maxtrail,23,HONDA/PCX 160,3886,8.27
2024,12,Dezembro,Motos,Maxtrail,24,HONDA/ELITE 125,2705,4.16
2024,12,Dezembro,Motos,Maxtrail,25,AVELLOZ/AZ1,1876,2.72
2024,12,Dezembro,Motos,Maxtrail,26,YAMAHA/NMAX,1139,2.63
2024,12,Dezembro,Motos,Maxtrail,27,SHINERAY/SHI 175,2312,2.52
2024,12,Dezembro,Motos,Maxtrail,28,YAMAHA/NEO 125,1358,2.52
2024,12,Dezembro,Motos,Maxtrail,29,SHINERAY/XY 50,1584,2.3
2024,12,Dezembro,Motos,Maxtrail,30,YAMAHA/FLUO 125,1293,1.99
2024,12,Dezembro,Motos,Sport,1,YAMAHA/YZF R15,492,48.17
2024,12,Dezembro,Motos,Sport,2,YAMAHA/YZF R3,163,13.63
2024,12,Dezembro,Motos,Sport,3,BMW/S1000 R,117,9.2
2024,12,Dezembro,Motos,Sport,4,HONDA/CBR 650R,58,7.15
2024,12,Dezembro,Motos,Sport,5,KAWASAKI/NINJA 400,0,4.61
2024,12,Dezembro,Motos,Sport,6,KAWASAKI/NINJA 300,64,3.0
2024,12,Dezembro,Motos,Sport,7,KAWASAKI/NINJA 500,71,2.73
2024,12,Dezembro,Motos,Sport,8,KAWASAKI/NINJA ZX-4R,41,1.9
2024,12,Dezembro,Motos,Sport,9,KAWASAKI/NINJA ZX-6R,0,1.37
2024,12,Dezembro,Motos,Sport,10,KAWASAKI/NINJA 650,1,1.29
2024,12,Dezembro,Motos,Sport,11,H.DAVIDSON/FLHX,18,22.2
2024,12,Dezembro,Motos,Sport,12,H.DAVIDSON/FLTRX,16,21.6
2024,12,Dezembro,Motos,Sport,13,H.DAVIDSON/FLTRK,4,14.7
2024,12,Dezembro,Motos,Sport,14,H.DAVIDSON/FLHTK,24,12.5
2024,12,Dezembro,Motos,Sport,15,H.DAVIDSON/FLH RXS,17,11.5
2024,12,Dezembro,Motos,Sport,16,H.DAVIDSON/FLT,0,4.8
2024,12,Dezembro,Motos,Sport,17,HONDA/GOLDWING,6,4.4
2024,12,Dezembro,Motos,Sport,18,BMW/R1250 RT,2,2.7
2025,1,Janeiro,Autos,Veículos de Entrada,1,FIAT/MOBI,4024,65.79
2025,1,Janeiro,Autos,Veículos de Entrada,2,RENAULT/KWID,2090,34.17
2025,1,Janeiro,Autos,Veículos de Entrada,3,GM/CELTA,1,0.02
2025,1,Janeiro,Autos,Veículos de Entrada,4,VW/GOL,1,0.02
2025,1,Janeiro,Autos,Veículos de Entrada,5,FIAT/UNO,0,0
2025,1,Janeiro,Autos,Veículos de Entrada,6,GM/CHEVETTE,0,0
2025,1,Janeiro,Autos,Veículos de Entrada,7,VW/BRASILIA,0,0
2025,1,Janeiro,Autos,Veículos de Entrada,8,VW/UP,0,0
2025,1,Janeiro,Autos,Veículos de Entrada,9,VW/POLO,5800,21.86
2025,1,Janeiro,Autos,Veículos de Entrada,10,GM/ONIX,5575,21.01
2025,1,Janeiro,Autos,Veículos de Entrada,11,FIAT/ARGO,5172,19.49
2025,1,Janeiro,Autos,Veículos de Entrada,12,HYUNDAI/HB20,3678,13.86
2025,1,Janeiro,Autos,Veículos de Entrada,13,BYD/DOLPHIN MINI,1723,6.49
2025,1,Janeiro,Autos,Veículos de Entrada,14,HONDA/CITY HATCH,1199,4.52
2025,1,Janeiro,Autos,Veículos de Entrada,15,CITROEN/C3,952,3.59
2025,1,Janeiro,Autos,Veículos de Entrada,16,PEUGEOT/208,725,2.73
2025,1,Janeiro,Autos,Veículos de Entrada,17,TOYOTA/YARIS HB,610,2.3
2025,1,Janeiro,Autos,Veículos de Entrada,18,BYD/DOLPHIN,509,1.92
2025,1,Janeiro,Autos,Veículos de Entrada,19,GWM/ORA 03,349,1.32
2025,1,Janeiro,Autos,Veículos de Entrada,20,RENAULT/SANDERO,111,0.42
2025,1,Janeiro,Autos,Veículos de Entrada,21,AUDI/A3,12,35.29
2025,1,Janeiro,Autos,Veículos de Entrada,22,TOYOTA/COROLLA GR,7,20.59
2025,1,Janeiro,Autos,Veículos de Entrada,23,HONDA/CIVIC TYPE-R,6,17.65
2025,1,Janeiro,Autos,Veículos de Entrada,24,M.BENZ/CLASSE A,4,11.76
2025,1,Janeiro,Autos,Veículos de Entrada,25,BMW/118I,2,5.88
2025,1,Janeiro,Autos,Veículos de Entrada,26,FORD/MAVERICK,1,2.94
2025,1,Janeiro,Autos,Sedans Pequenos,1,FIAT/CRONOS,3312,82.43
2025,1,Janeiro,Autos,Sedans Pequenos,2,HYUNDAI/HB20S,705,17.55
2025,1,Janeiro,Autos,Sedans Pequenos,3,RENAULT/LOGAN,1,0.02
2025,1,Janeiro,Autos,Sedans Pequenos,4,FORD/FIESTA SEDAN,0,0
2025,1,Janeiro,Autos,Sedans Pequenos,5,GM/ONIX PLUS,3044,39.76
2025,1,Janeiro,Autos,Sedans Pequenos,6,VW/VIRTUS,1635,21.36
2025,1,Janeiro,Autos,Sedans Pequenos,7,HONDA/CITY,1354,17.69
2025,1,Janeiro,Autos,Sedans Pequenos,8,NISSAN/VERSA,892,11.65
2025,1,Janeiro,Autos,Sedans Pequenos,9,TOYOTA/YARIS SEDAN,731,9.55
2025,1,Janeiro,Autos,Sedans Pequenos,10,GM/COBALT,0,0
2025,1,Janeiro,Autos,Sedans médios,1,TOYOTA/COROLLA,2568,56.63
2025,1,Janeiro,Autos,Sedans médios,2,BYD/KING,824,18.17
2025,1,Janeiro,Autos,Sedans médios,3,NISSAN/SENTRA,438,9.66
2025,1,Janeiro,Autos,Sedans médios,4,HONDA/CIVIC,285,6.28
2025,1,Janeiro,Autos,Sedans médios,5,VW/JETTA,122,2.69
2025,1,Janeiro,Autos,Sedans médios,6,CAOA CHERY/ARRIZO 6,97,2.14
2025,1,Janeiro,Autos,Sedans médios,7,BYD/SEAL,93,2.05
2025,1,Janeiro,Autos,Sedans médios,8,M.BENZ/CLA200,53,1.17
2025,1,Janeiro,Autos,Sedans médios,9,AUDI/A3 SEDAN,18,0.4
2025,1,Janeiro,Autos,Sedans médios,10,AUDI/A5,17,0.37
2025,1,Janeiro,Autos,Sedans médios,11,M.BENZ/CLA45,6,0.13
2025,1,Janeiro,Autos,Sedans médios,12,M.BENZ/AMG C63S,5,0.11
2025,1,Janeiro,Autos,Sedans médios,13,BMW/420I,4,0.09
2025,1,Janeiro,Autos,Sedans médios,14,M.BENZ/CLA35,4,0.09
2025,1,Janeiro,Autos,Sedans médios,15,KIA/CERATO,1,0.02
2025,1,Janeiro,Autos,Sedans médios,16,BMW/218I,0,0
2025,1,Janeiro,Autos,Sedans médios,17,FORD/DEL REY,0,0
2025,1,Janeiro,Autos,Sedans médios,18,JAC/E-J7,0,0
2025,1,Janeiro,Autos,Sedans médios,19,BMW/320I,289,56.01
2025,1,Janeiro,Autos,Sedans médios,20,M.BENZ/CLASSE C,40,7.75
2025,1,Janeiro,Autos,Sedans médios,21,BMW/330E,35,6.78
2025,1,Janeiro,Autos,Sedans médios,22,PORSCHE/PANAMERA,30,5.81
2025,1,Janeiro,Autos,Sedans médios,23,HONDA/ACCORD,23,4.46
2025,1,Janeiro,Autos,Sedans médios,24,ZEEKR/001,21,4.07
2025,1,Janeiro,Autos,Sedans médios,25,BMW/530E,20,3.88
2025,1,Janeiro,Autos,Sedans médios,26,LEXUS/ES300,19,3.68
2025,1,Janeiro,Autos,Sedans médios,27,AUDI/A4,13,2.52
2025,1,Janeiro,Autos,Sedans médios,28,BMW/I4,7,1.36
2025,1,Janeiro,Autos,Sedans médios,29,M.BENZ/CLASSE E,6,1.16
2025,1,Janeiro,Autos,Sedans médios,30,M.BENZ/AMG GT63S,5,0.97
2025,1,Janeiro,Autos,Sw Médios,1,FIAT/ELBA,0,0
2025,1,Janeiro,Autos,Sw Médios,2,AUDI/RS6 AVANT,1,100.0
2025,1,Janeiro,Autos,Sw Médios,3,GM/BOLT,1,100.0
2025,1,Janeiro,Autos,Grandcab,1,GM/SPIN,1470,97.87
2025,1,Janeiro,Autos,Grandcab,2,KIA/CARNIVAL,21,1.4
2025,1,Janeiro,Autos,Grandcab,3,VW/ID.BUZZ,6,0.4
2025,1,Janeiro,Autos,Grandcab,4,DENZA/D9,3,0.2
2025,1,Janeiro,Autos,Grandcab,5,FORD/MUSTANG,92,30.98
2025,1,Janeiro,Autos,Grandcab,6,PORSCHE/BOXSTER,71,23.91
2025,1,Janeiro,Autos,Grandcab,7,PORSCHE/911,28,9.43
2025,1,Janeiro,Autos,Grandcab,8,BMW/M2,26,8.75
2025,1,Janeiro,Autos,Grandcab,9,PORSCHE/CAYMAN,21,7.07
2025,1,Janeiro,Autos,Grandcab,10,PORSCHE/TAYCAN,15,5.05
2025,1,Janeiro,Autos,Grandcab,11,GM/CORVETTE,9,3.03
2025,1,Janeiro,Autos,Grandcab,12,BMW/M3,7,2.36
2025,1,Janeiro,Autos,Grandcab,13,DODGE/CHALLENGER,5,1.68
2025,1,Janeiro,Autos,Suv's,1,GM/TRACKER,5414,7.51
2025,1,Janeiro,Autos,Suv's,2,VW/T CROSS,5312,7.37
2025,1,Janeiro,Autos,Suv's,3,HYUNDAI/CRETA,5148,7.14
2025,1,Janeiro,Autos,Suv's,4,NISSAN/KICKS,4458,6.18
2025,1,Janeiro,Autos,Suv's,5,JEEP/COMPASS,4436,6.15
2025,1,Janeiro,Autos,Suv's,6,HONDA/HR-V,4273,5.93
2025,1,Janeiro,Autos,Suv's,7,JEEP/RENEGADE,3679,5.1
2025,1,Janeiro,Autos,Suv's,8,FIAT/PULSE,3587,4.98
2025,1,Janeiro,Autos,Suv's,9,FIAT/FASTBACK,3423,4.75
2025,1,Janeiro,Autos,Suv's,10,BYD/SONG,3183,4.42
2025,1,Janeiro,Autos,Suv's,11,VW/NIVUS,2914,4.04
2025,1,Janeiro,Autos,Suv's,12,CAOA CHERY/TIGGO 7,2601,3.61
2025,1,Janeiro,Autos,Suv's,13,GWM/HAVAL H6,2241,3.11
2025,1,Janeiro,Autos,Suv's,14,RENAULT/DUSTER,1958,2.72
2025,1,Janeiro,Autos,Suv's,15,TOYOTA/COROLLA CROSS,1826,2.53
2025,1,Janeiro,Autos,Suv's,16,TOYOTA/HILUX SW4,1692,2.35
2025,1,Janeiro,Autos,Suv's,17,RENAULT/KARDIAN,1675,2.32
2025,1,Janeiro,Autos,Suv's,18,VW/TAOS,1613,2.24
2025,1,Janeiro,Autos,Suv's,19,PEUGEOT/2008,1462,2.03
2025,1,Janeiro,Autos,Suv's,20,CITROEN/BASALT,1206,1.67
2025,1,Janeiro,Autos,Suv's,21,JEEP/COMMANDER,1087,1.51
2025,1,Janeiro,Autos,Suv's,22,CAOA CHERY/TIGGO 8,1039,1.44
2025,1,Janeiro,Autos,Suv's,23,CAOA CHERY/TIGGO 5X,947,1.31
2025,1,Janeiro,Autos,Suv's,24,FORD/TERRITORY,610,0.85
2025,1,Janeiro,Autos,Suv's,25,MITSUBISHI/ECLIPSE CROSS,586,0.81
2025,1,Janeiro,Autos,Suv's,26,CITROEN/C3 AIRCROSS,510,0.71
2025,1,Janeiro,Autos,Suv's,27,BMW/X1,433,0.6
2025,1,Janeiro,Autos,Suv's,28,TOYOTA/RAV4,392,0.54
2025,1,Janeiro,Autos,Suv's,29,GM/EQUINOX,286,0.4
2025,1,Janeiro,Autos,Suv's,30,VOLVO/EX30,255,0.35
2025,1,Janeiro,Autos,Suv's,31,VOLVO/XC60,231,0.32
2025,1,Janeiro,Autos,Suv's,32,AUDI/Q3,185,0.26
2025,1,Janeiro,Autos,Suv's,33,HONDA/ZR-V,166,0.23
2025,1,Janeiro,Autos,Suv's,34,PORSCHE/MACAN,159,0.22
2025,1,Janeiro,Autos,Suv's,35,FORD/BRONCO,152,0.21
2025,1,Janeiro,Autos,Suv's,36,MITSUBISHI/PAJERO,150,0.21
2025,1,Janeiro,Autos,Suv's,37,SUZUKI/JIMNY SIERRA,143,0.2
2025,1,Janeiro,Autos,Suv's,38,BYD/YUAN,140,0.19
2025,1,Janeiro,Autos,Suv's,39,HYUNDAI/TUCSON,133,0.18
2025,1,Janeiro,Autos,Suv's,40,PORSCHE/CAYENNE,132,0.18
2025,1,Janeiro,Com. Leves,Pick-up's Pequenas,1,FIAT/STRADA,8777,75.09
2025,1,Janeiro,Com. Leves,Pick-up's Pequenas,2,VW/SAVEIRO,2911,24.91
2025,1,Janeiro,Com. Leves,Pick-up's Pequenas,3,PEUGEOT/PARTNER,0,0
2025,1,Janeiro,Com. Leves,Pick-up's Pequenas,4,TOYOTA/HILUX,3746,18.62
2025,1,Janeiro,Com. Leves,Pick-up's Pequenas,5,FIAT/TORO,3450,17.15
2025,1,Janeiro,Com. Leves,Pick-up's Pequenas,6,FORD/RANGER,2617,13.01
2025,1,Janeiro,Com. Leves,Pick-up's Pequenas,7,GM/S10,2073,10.3
2025,1,Janeiro,Com. Leves,Pick-up's Pequenas,8,GM/MONTANA,1590,7.9
2025,1,Janeiro,Com. Leves,Pick-up's Pequenas,9,RAM/RAMPAGE,1586,7.88
2025,1,Janeiro,Com. Leves,Pick-up's Pequenas,10,MITSUBISHI/L200,974,4.84
2025,1,Janeiro,Com. Leves,Pick-up's Pequenas,11,RENAULT/OROCH,893,4.44
2025,1,Janeiro,Com. Leves,Pick-up's Pequenas,12,FIAT/TITANO,882,4.38
2025,1,Janeiro,Com. Leves,Pick-up's Pequenas,13,NISSAN/FRONTIER,748,3.72
2025,1,Janeiro,Com. Leves,Pick-up's Pequenas,14,VW/AMAROK,684,3.4
2025,1,Janeiro,Com. Leves,Pick-up's Pequenas,15,RENAULT/MASTER,1176,35.13
2025,1,Janeiro,Com. Leves,Pick-up's Pequenas,16,FIAT/SCUDO,457,13.65
2025,1,Janeiro,Com. Leves,Pick-up's Pequenas,17,FIAT/DUCATO,277,8.27
2025,1,Janeiro,Com. Leves,Pick-up's Pequenas,18,HYUNDAI/HR,208,6.21
2025,1,Janeiro,Com. Leves,Pick-up's Pequenas,19,FORD/TRANSIT,193,5.76
2025,1,Janeiro,Com. Leves,Pick-up's Pequenas,20,VW TRUCK E BUS/EXPRESS,170,5.08
2025,1,Janeiro,Com. Leves,Pick-up's Pequenas,21,KIA/K2500,157,4.69
2025,1,Janeiro,Com. Leves,Furgões Pequenos,1,FIAT/FIORINO,991,75.02
2025,1,Janeiro,Com. Leves,Furgões Pequenos,2,RENAULT/KANGOO,251,19.0
2025,1,Janeiro,Com. Leves,Furgões Pequenos,3,RENAULT/KANGOO E-TECH,46,3.48
2025,1,Janeiro,Com. Leves,Furgões Pequenos,4,PEUGEOT/PARTNER,26,1.97
2025,1,Janeiro,Caminhões,Semi-Leve,1,M.BENZ/SPRINTER 417,101,38.55
2025,1,Janeiro,Caminhões,Semi-Leve,2,M.BENZ/SPRINTER 517,80,30.53
2025,1,Janeiro,Caminhões,Semi-Leve,3,IVECO/DAILY 45-170,34,12.98
2025,1,Janeiro,Caminhões,Semi-Leve,4,FOTON/AUMARK S 315,2,8.4
2025,1,Janeiro,Caminhões,Semi-Leve,5,IVECO/DAILY 55C17,10,3.82
2025,1,Janeiro,Caminhões,Semi-Leve,6,TESLA/CYBERTRUCK,7,2.67
2025,1,Janeiro,Caminhões,Semi-Leve,7,IVECO/DAILY 55-170,2,0.76
2025,1,Janeiro,Caminhões,Semi-Leve,8,M.BENZ/SPRINTER,2,0.76
2025,1,Janeiro,Caminhões,Semi-Leve,9,IVECO/DAILY,1,0.38
2025,1,Janeiro,Caminhões,Semi-Leve,10,IVECO/DAILY 55-180,1,0.38
2025,1,Janeiro,Caminhões,Semi-Leve,11,VW TRUCK E BUS/9.180,175,46.92
2025,1,Janeiro,Caminhões,Semi-Leve,12,M.BENZ/ACCELO 817,95,25.47
2025,1,Janeiro,Caminhões,Semi-Leve,13,IVECO/TECTOR 9-190,24,6.43
2025,1,Janeiro,Caminhões,Semi-Leve,14,IVECO/DAILY 65-170,20,5.36
2025,1,Janeiro,Caminhões,Semi-Leve,15,IVECO/DAILY 65-180,17,4.56
2025,1,Janeiro,Caminhões,Semi-Leve,16,FOTON/AUMARK S 715,1,2.95
2025,1,Janeiro,Caminhões,Semi-Leve,17,VW TRUCK E BUS/6.170,8,2.14
2025,1,Janeiro,Caminhões,Semi-Leve,18,FOTON/AUMARK S 916,6,1.61
2025,1,Janeiro,Caminhões,Semi-Leve,19,JAC/IEV1200T,5,1.34
2025,1,Janeiro,Caminhões,Semi-Leve,20,HYUNDAI/HD 80,3,0.8
2025,1,Janeiro,Caminhões,Semi-Leve,21,VW TRUCK E BUS/11.180,442,39.89
2025,1,Janeiro,Caminhões,Semi-Leve,22,M.BENZ/ACCELO 1017,397,35.83
2025,1,Janeiro,Caminhões,Semi-Leve,23,IVECO/TECTOR 11-190,54,4.87
2025,1,Janeiro,Caminhões,Semi-Leve,24,M.BENZ/ATEGO 1419,54,4.87
2025,1,Janeiro,Caminhões,Semi-Leve,25,M.BENZ/ACCELO 1317,53,4.78
2025,1,Janeiro,Caminhões,Semi-Leve,26,VW TRUCK E BUS/13.180,47,4.24
2025,1,Janeiro,Caminhões,Semi-Leve,27,FOTON/AUMARK S 1217A,24,2.17
2025,1,Janeiro,Caminhões,Semi-Leve,28,VW TRUCK E BUS/14.210,17,1.53
2025,1,Janeiro,Caminhões,Semi-Leve,29,M.BENZ/1418,6,0.54
2025,1,Janeiro,Caminhões,Semi-Leve,30,AGRALE/A10000,5,0.45
2025,1,Janeiro,Caminhões,Semi-Pesado,1,VOLVO/VM 290,305,11.7
2025,1,Janeiro,Caminhões,Semi-Pesado,2,M.BENZ/ATEGO 2429,261,10.02
2025,1,Janeiro,Caminhões,Semi-Pesado,3,M.BENZ/ATEGO 1719,223,8.56
2025,1,Janeiro,Caminhões,Semi-Pesado,4,VW TRUCK E BUS/26.260,200,7.67
2025,1,Janeiro,Caminhões,Semi-Pesado,5,VW TRUCK E BUS/17.210,168,6.45
2025,1,Janeiro,Caminhões,Semi-Pesado,6,VOLVO/VM 360,151,5.79
2025,1,Janeiro,Caminhões,Semi-Pesado,7,VW TRUCK E BUS/31.320,151,5.79
2025,1,Janeiro,Caminhões,Semi-Pesado,8,DAF/CF 310,144,5.53
2025,1,Janeiro,Caminhões,Semi-Pesado,9,VW TRUCK E BUS/26.320,144,5.53
2025,1,Janeiro,Caminhões,Semi-Pesado,10,M.BENZ/ATEGO 3033,142,5.45
2025,1,Janeiro,Caminhões,Semi-Pesado,11,VOLVO/FH 540,577,11.99
2025,1,Janeiro,Caminhões,Semi-Pesado,12,DAF/XF 530,413,8.58
2025,1,Janeiro,Caminhões,Semi-Pesado,13,SCANIA/R 460,332,6.9
2025,1,Janeiro,Caminhões,Semi-Pesado,14,VOLVO/FH 460,319,6.63
2025,1,Janeiro,Caminhões,Semi-Pesado,15,SCANIA/R450,255,5.3
2025,1,Janeiro,Caminhões,Semi-Pesado,16,DAF/XF 480,251,5.22
2025,1,Janeiro,Caminhões,Semi-Pesado,17,IVECO/S-WAY 480,243,5.05
2025,1,Janeiro,Caminhões,Semi-Pesado,18,SCANIA/R560,194,4.03
2025,1,Janeiro,Caminhões,Semi-Pesado,19,M.BENZ/ACTROS 2548,184,3.82
2025,1,Janeiro,Caminhões,Semi-Pesado,20,VOLVO/FH 500,166,3.45
2025,1,Janeiro,Motos,City,1,HONDA/CG 160,34516,62.97
2025,1,Janeiro,Motos,City,2,HONDA/CB 300F,5001,9.12
2025,1,Janeiro,Motos,City,3,YAMAHA/YBR 150,3261,5.95
2025,1,Janeiro,Motos,City,4,YAMAHA/FAZER 150,2682,4.89
2025,1,Janeiro,Motos,City,5,YAMAHA/FAZER 250,2535,4.62
2025,1,Janeiro,Motos,City,6,MOTTU/SPORT 110I,1872,3.42
2025,1,Janeiro,Motos,City,7,SHINERAY/XY 150,1420,2.59
2025,1,Janeiro,Motos,City,8,YAMAHA/YS150 FAZER,774,1.41
2025,1,Janeiro,Motos,City,9,HAOJUE/DK150,523,0.95
2025,1,Janeiro,Motos,City,10,YAMAHA/YBR 125,401,0.73
2025,1,Janeiro,Motos,City,11,ROYAL ENFIELD/HUNTER 350,639,25.41
2025,1,Janeiro,Motos,City,12,ROYAL ENFIELD/METEOR,517,20.56
2025,1,Janeiro,Motos,City,13,ROYAL ENFIELD/SUPER METEOR 650,343,13.64
2025,1,Janeiro,Motos,City,14,ROYAL ENFIELD/CLASSIC 350,288,11.45
2025,1,Janeiro,Motos,City,15,TRIUMPH/SCRAMBLER 400,192,7.63
2025,1,Janeiro,Motos,City,16,BMW/C400 X,94,3.74
2025,1,Janeiro,Motos,City,17,KAWASAKI/ELIMINATOR 500,64,2.54
2025,1,Janeiro,Motos,City,18,ROYAL ENFIELD/INTERCEPTOR,60,2.39
2025,1,Janeiro,Motos,City,19,KAWASAKI/VULCAN S,50,1.99
2025,1,Janeiro,Motos,City,20,ROYAL ENFIELD/CONTINENTAL GT,48,1.91
2025,1,Janeiro,Motos,City,21,HONDA/NXR160,13190,44.18
2025,1,Janeiro,Motos,City,22,YAMAHA/XTZ 250,3272,10.96
2025,1,Janeiro,Motos,City,23,YAMAHA/CROSSER 150,2885,9.66
2025,1,Janeiro,Motos,City,24,HONDA/XRE 300,2873,9.62
2025,1,Janeiro,Motos,City,25,HONDA/XRE 190,2826,9.47
2025,1,Janeiro,Motos,City,26,SHINERAY/XY 125,2823,9.46
2025,1,Janeiro,Motos,City,27,HONDA/XR 300L,798,2.67
2025,1,Janeiro,Motos,City,28,BMW/G310 GS,212,0.71
2025,1,Janeiro,Motos,City,29,DAFRA/NHX 190,166,0.56
2025,1,Janeiro,Motos,City,30,HAOJUE/NK 150,164,0.55
2025,1,Janeiro,Motos,Maxtrail,1,HONDA/CB 500X,360,19.88
2025,1,Janeiro,Motos,Maxtrail,2,BMW/R1300GS,269,14.85
2025,1,Janeiro,Motos,Maxtrail,3,TRIUMPH/TIGER 900,263,14.52
2025,1,Janeiro,Motos,Maxtrail,4,BMW/F900 GS,212,11.71
2025,1,Janeiro,Motos,Maxtrail,5,TRIUMPH/TIGER 1200,130,7.18
2025,1,Janeiro,Motos,Maxtrail,6,HONDA/NC 750X,82,4.53
2025,1,Janeiro,Motos,Maxtrail,7,KAWASAKI/VERSYS 650,7,4.25
2025,1,Janeiro,Motos,Maxtrail,8,SUZUKI/VSTROM650,68,3.75
2025,1,Janeiro,Motos,Maxtrail,9,BMW/F850 GS,64,3.53
2025,1,Janeiro,Motos,Maxtrail,10,HONDA/CRF 1100L,64,3.53
2025,1,Janeiro,Motos,Maxtrail,11,YAMAHA/MT03,903,27.21
2025,1,Janeiro,Motos,Maxtrail,12,BAJAJ/DOMINAR D400,782,23.56
2025,1,Janeiro,Motos,Maxtrail,13,HONDA/CB 500,296,8.92
2025,1,Janeiro,Motos,Maxtrail,14,BAJAJ/DOMINAR D250,270,8.13
2025,1,Janeiro,Motos,Maxtrail,15,YAMAHA/MT09,196,5.91
2025,1,Janeiro,Motos,Maxtrail,16,YAMAHA/MT07,167,5.03
2025,1,Janeiro,Motos,Maxtrail,17,HONDA/CB 650R,158,4.76
2025,1,Janeiro,Motos,Maxtrail,18,TRIUMPH/SPEED 400,147,4.43
2025,1,Janeiro,Motos,Maxtrail,19,KAWASAKI/Z900,54,1.63
2025,1,Janeiro,Motos,Maxtrail,20,KAWASAKI/Z500,48,1.45
2025,1,Janeiro,Motos,Maxtrail,21,HONDA/BIZ,20660,35.52
2025,1,Janeiro,Motos,Maxtrail,22,HONDA/POP 110I,16490,28.35
2025,1,Janeiro,Motos,Maxtrail,23,HONDA/PCX 160,4105,7.06
2025,1,Janeiro,Motos,Maxtrail,24,HONDA/ELITE 125,2923,5.03
2025,1,Janeiro,Motos,Maxtrail,25,SHINERAY/SHI 175,2580,4.44
2025,1,Janeiro,Motos,Maxtrail,26,YAMAHA/NMAX,2038,3.5
2025,1,Janeiro,Motos,Maxtrail,27,AVELLOZ/AZ1,1724,2.96
2025,1,Janeiro,Motos,Maxtrail,28,SHINERAY/XY 50,1648,2.83
2025,1,Janeiro,Motos,Maxtrail,29,YAMAHA/NEO 125,1458,2.51
2025,1,Janeiro,Motos,Maxtrail,30,YAMAHA/FLUO 125,1141,1.96
2025,1,Janeiro,Motos,Sport,1,YAMAHA/YZF R15,526,40.78
2025,1,Janeiro,Motos,Sport,2,SHINERAY/XY 250,242,18.76
2025,1,Janeiro,Motos,Sport,3,YAMAHA/YZF R3,143,11.09
2025,1,Janeiro,Motos,Sport,4,BMW/S1000 R,9,7.67
2025,1,Janeiro,Motos,Sport,5,KAWASAKI/NINJA 300,75,5.81
2025,1,Janeiro,Motos,Sport,6,KAWASAKI/NINJA 500,69,5.35
2025,1,Janeiro,Motos,Sport,7,HONDA/CBR 650R,35,2.71
2025,1,Janeiro,Motos,Sport,8,KAWASAKI/NINJA ZX-4R,20,1.55
2025,1,Janeiro,Motos,Sport,9,KAWASAKI/NINJA 650,17,1.32
2025,1,Janeiro,Motos,Sport,10,SUZUKI/GSX S1000 GT,1,0.85
2025,1,Janeiro,Motos,Sport,11,H.DAVIDSON/FLHTK,15,23.08
2025,1,Janeiro,Motos,Sport,12,H.DAVIDSON/FLHX,14,21.54
2025,1,Janeiro,Motos,Sport,13,H.DAVIDSON/FLH RXS,1,16.92
2025,1,Janeiro,Motos,Sport,14,HONDA/GOLDWING,1,16.92
2025,1,Janeiro,Motos,Sport,15,BMW/R1250 RT,6,9.23
2025,1,Janeiro,Motos,Sport,16,H.DAVIDSON/FLTRX,5,7.69
2025,1,Janeiro,Motos,Sport,17,H.DAVIDSON/FLTRK,2,3.08
2025,1,Janeiro,Motos,Sport,18,BMW/K 1600,1,1.54
2025,2,Fevereiro,Autos,Veículos de Entrada,1,FIAT/MOBI,5548,57.75
2025,2,Fevereiro,Autos,Veículos de Entrada,2,RENAULT/KWID,4907,42.21
2025,2,Fevereiro,Autos,Veículos de Entrada,3,GM/CELTA,1,0.01
2025,2,Fevereiro,Autos,Veículos de Entrada,4,VW/GOL,1,0.01
2025,2,Fevereiro,Autos,Veículos de Entrada,5,FIAT/UNO,1,0.01
2025,2,Fevereiro,Autos,Veículos de Entrada,6,GM/CHEVETTE,1,0.01
2025,2,Fevereiro,Autos,Hatch Pequenos,1,VW/POLO,7961,24.01
2025,2,Fevereiro,Autos,Hatch Pequenos,2,FIAT/ARGO,6305,20.02
2025,2,Fevereiro,Autos,Hatch Pequenos,3,GM/ONIX,4712,17.95
2025,2,Fevereiro,Autos,Hatch Pequenos,4,HYUNDAI/HB20,4561,14.37
2025,2,Fevereiro,Autos,Hatch Pequenos,5,BYD/DOLPHIN MINI,2399,7.19
2025,2,Fevereiro,Autos,Hatch Pequenos,6,HONDA/CITY HATCH,1286,4.34
2025,2,Fevereiro,Autos,Hatch Pequenos,7,CITROEN/C3,999,3.4
2025,2,Fevereiro,Autos,Hatch Pequenos,8,TOYOTA/YARIS HB,885,2.61
2025,2,Fevereiro,Autos,Hatch Pequenos,9,PEUGEOT/208,640,2.38
2025,2,Fevereiro,Autos,Hatch Pequenos,10,BYD/DOLPHIN,627,1.98
2025,2,Fevereiro,Autos,Hatch Pequenos,11,GWM/ORA 03,262,1.07
2025,2,Fevereiro,Autos,Hatch Pequenos,12,RENAULT/SANDERO,37,0.26
2025,2,Fevereiro,Autos,Hatch Médios,1,AUDI/A3,10,35.48
2025,2,Fevereiro,Autos,Hatch Médios,2,HONDA/CIVIC TYPE-R,6,19.35
2025,2,Fevereiro,Autos,Hatch Médios,3,TOYOTA/COROLLA GR,5,19.35
2025,2,Fevereiro,Autos,Hatch Médios,4,M.BENZ/CLASSE A,1,8.06
2025,2,Fevereiro,Autos,Hatch Médios,5,BMW/118I,1,4.84
2025,2,Fevereiro,Autos,Hatch Médios,6,VW/GOLF,1,3.23
2025,2,Fevereiro,Autos,Sedans Pequenos,1,FIAT/CRONOS,2101,68.75
2025,2,Fevereiro,Autos,Sedans Pequenos,2,HYUNDAI/HB20S,1751,31.2
2025,2,Fevereiro,Autos,Sedans Pequenos,3,RENAULT/LOGAN,1,0.03
2025,2,Fevereiro,Autos,Sedans Pequenos,4,TOYOTA/ETIOS SEDAN,1,0.01
2025,2,Fevereiro,Autos,Sedans Pequenos,5,VW/VOYAGE,1,0.01
2025,2,Fevereiro,Autos,Sedans Compactos,1,GM/ONIX PLUS,2502,32.19
2025,2,Fevereiro,Autos,Sedans Compactos,2,VW/VIRTUS,2677,25.03
2025,2,Fevereiro,Autos,Sedans Compactos,3,HONDA/CITY,1570,16.97
2025,2,Fevereiro,Autos,Sedans Compactos,4,TOYOTA/YARIS SEDAN,1689,14.05
2025,2,Fevereiro,Autos,Sedans Compactos,5,NISSAN/VERSA,1132,11.75
2025,2,Fevereiro,Autos,Sedans Compactos,6,GM/COBALT,3,0.02
2025,2,Fevereiro,Autos,Sedans médios,1,TOYOTA/COROLLA,3351,58.98
2025,2,Fevereiro,Autos,Sedans médios,2,BYD/KING,805,16.23
2025,2,Fevereiro,Autos,Sedans médios,3,NISSAN/SENTRA,365,8.0
2025,2,Fevereiro,Autos,Sedans médios,4,HONDA/CIVIC,357,6.4
2025,2,Fevereiro,Autos,Sedans médios,5,BYD/SEAL,219,3.11
2025,2,Fevereiro,Autos,Sedans médios,6,CAOA CHERY/ARRIZO 6,171,2.67
2025,2,Fevereiro,Autos,Sedans médios,7,VW/JETTA,104,2.25
2025,2,Fevereiro,Autos,Sedans médios,8,M.BENZ/CLA200,28,0.81
2025,2,Fevereiro,Autos,Sedans médios,9,AUDI/A3 SEDAN,50,0.68
2025,2,Fevereiro,Autos,Sedans médios,10,AUDI/A5,20,0.37
2025,2,Fevereiro,Autos,Sedans médios,11,BMW/420I,8,0.12
2025,2,Fevereiro,Autos,Sedans médios,12,M.BENZ/AMG C63S,7,0.12
2025,2,Fevereiro,Autos,Sedans médios,13,M.BENZ/CLA35,7,0.11
2025,2,Fevereiro,Autos,Sedans médios,14,M.BENZ/CLA45,5,0.11
2025,2,Fevereiro,Autos,Sedans médios,15,BMW/218I,2,0.02
2025,2,Fevereiro,Autos,Sedans médios,16,FORD/DEL REY,1,0.01
2025,2,Fevereiro,Autos,Sedans médios,17,KIA/CERATO,0,0.01
2025,2,Fevereiro,Autos,Sedans médios,18,TESLA/MODEL 3,1,0.01
2025,2,Fevereiro,Autos,Sedans Grandes,1,BMW/320I,275,51.32
2025,2,Fevereiro,Autos,Sedans Grandes,2,M.BENZ/CLASSE C,130,15.47
2025,2,Fevereiro,Autos,Sedans Grandes,3,BMW/330E,34,6.28
2025,2,Fevereiro,Autos,Sedans Grandes,4,PORSCHE/PANAMERA,3,5.73
2025,2,Fevereiro,Autos,Sedans Grandes,5,ZEEKR/001,20,3.73
2025,2,Fevereiro,Autos,Sedans Grandes,6,HONDA/ACCORD,15,3.46
2025,2,Fevereiro,Autos,Sedans Grandes,7,AUDI/A4,21,3.09
2025,2,Fevereiro,Autos,Sedans Grandes,8,BMW/530E,1,2.82
2025,2,Fevereiro,Autos,Sedans Grandes,9,LEXUS/ES300,10,2.64
2025,2,Fevereiro,Autos,Sedans Grandes,10,M.BENZ/CLASSE E,12,1.64
2025,2,Fevereiro,Autos,Sedans Grandes,11,BMW/I4,4,1.0
2025,2,Fevereiro,Autos,Sedans Grandes,12,M.BENZ/S63,8,0.82
2025,2,Fevereiro,Autos,Sw Grandes,1,AUDI/RS6 AVANT,6,100.0
2025,2,Fevereiro,Autos,Monocab,1,GM/BOLT,0,100.0
2025,2,Fevereiro,Autos,Grandcab,1,GM/SPIN,1566,98.03
2025,2,Fevereiro,Autos,Grandcab,2,KIA/CARNIVAL,27,1.55
2025,2,Fevereiro,Autos,Grandcab,3,VW/ID.BUZZ,1,0.23
2025,2,Fevereiro,Autos,Grandcab,4,TOYOTA/SIENNA,1,0.1
2025,2,Fevereiro,Autos,Sports,1,FORD/MUSTANG,101,34.22
2025,2,Fevereiro,Autos,Sports,2,PORSCHE/BOXSTER,40,19.68
2025,2,Fevereiro,Autos,Sports,3,PORSCHE/911,3,10.82
2025,2,Fevereiro,Autos,Sports,4,BMW/M2,2,8.51
2025,2,Fevereiro,Autos,Sports,5,PORSCHE/CAYMAN,19,7.09
2025,2,Fevereiro,Autos,Sports,6,PORSCHE/TAYCAN,12,4.79
2025,2,Fevereiro,Autos,Sports,7,BMW/M3,1,3.19
2025,2,Fevereiro,Autos,Sports,8,GM/CORVETTE,4,2.3
2025,2,Fevereiro,Autos,Sports,9,DODGE/CHALLENGER,5,1.77
2025,2,Fevereiro,Autos,Suv's,1,VW/T CROSS,6555,8.23
2025,2,Fevereiro,Autos,Suv's,2,HYUNDAI/CRETA,4961,7.01
2025,2,Fevereiro,Autos,Suv's,3,GM/TRACKER,4035,6.56
2025,2,Fevereiro,Autos,Suv's,4,HONDA/HR-V,4792,6.29
2025,2,Fevereiro,Autos,Suv's,5,JEEP/COMPASS,4303,6.06
2025,2,Fevereiro,Autos,Suv's,6,NISSAN/KICKS,3217,5.33
2025,2,Fevereiro,Autos,Suv's,7,JEEP/RENEGADE,3628,5.07
2025,2,Fevereiro,Autos,Suv's,8,FIAT/FASTBACK,3772,4.99
2025,2,Fevereiro,Autos,Suv's,9,TOYOTA/COROLLA CROSS,5351,4.98
2025,2,Fevereiro,Autos,Suv's,10,FIAT/PULSE,3315,4.79
2025,2,Fevereiro,Autos,Suv's,11,VW/NIVUS,2956,4.07
2025,2,Fevereiro,Autos,Suv's,12,BYD/SONG,2680,4.07
2025,2,Fevereiro,Autos,Suv's,13,CAOA CHERY/TIGGO 7,2140,3.29
2025,2,Fevereiro,Autos,Suv's,14,GWM/HAVAL H6,1747,2.77
2025,2,Fevereiro,Autos,Suv's,15,RENAULT/KARDIAN,1903,2.48
2025,2,Fevereiro,Autos,Suv's,16,VW/TAOS,1747,2.33
2025,2,Fevereiro,Autos,Suv's,17,TOYOTA/HILUX SW4,1413,2.15
2025,2,Fevereiro,Autos,Suv's,18,RENAULT/DUSTER,1138,2.15
2025,2,Fevereiro,Autos,Suv's,19,CITROEN/BASALT,1701,2.02
2025,2,Fevereiro,Autos,Suv's,20,PEUGEOT/2008,1144,1.81
2025,2,Fevereiro,Autos,Suv's,21,JEEP/COMMANDER,1202,1.59
2025,2,Fevereiro,Autos,Suv's,22,CAOA CHERY/TIGGO 8,930,1.37
2025,2,Fevereiro,Autos,Suv's,23,CAOA CHERY/TIGGO 5X,918,1.29
2025,2,Fevereiro,Autos,Suv's,24,FORD/TERRITORY,603,0.84
2025,2,Fevereiro,Autos,Suv's,25,MITSUBISHI/ECLIPSE CROSS,489,0.75
2025,2,Fevereiro,Autos,Suv's,26,CITROEN/C3 AIRCROSS,484,0.69
2025,2,Fevereiro,Autos,Suv's,27,BMW/X1,318,0.52
2025,2,Fevereiro,Autos,Suv's,28,VOLVO/EX30,286,0.38
2025,2,Fevereiro,Autos,Suv's,29,TOYOTA/RAV4,135,0.37
2025,2,Fevereiro,Autos,Suv's,30,VOLVO/XC60,271,0.35
2025,2,Fevereiro,Autos,Suv's,31,GM/EQUINOX,196,0.33
2025,2,Fevereiro,Autos,Suv's,32,MITSUBISHI/PAJERO,234,0.27
2025,2,Fevereiro,Autos,Suv's,33,BYD/YUAN,223,0.25
2025,2,Fevereiro,Autos,Suv's,34,HONDA/ZR-V,196,0.25
2025,2,Fevereiro,Autos,Suv's,35,FORD/BRONCO,181,0.23
2025,2,Fevereiro,Autos,Suv's,36,AUDI/Q3,145,0.23
2025,2,Fevereiro,Autos,Suv's,37,HYUNDAI/TUCSON,187,0.22
2025,2,Fevereiro,Autos,Suv's,38,PORSCHE/MACAN,151,0.22
2025,2,Fevereiro,Autos,Suv's,39,SUZUKI/JIMNY SIERRA,162,0.21
2025,2,Fevereiro,Autos,Suv's,40,M.BENZ/GLC,124,0.17
2025,2,Fevereiro,Com. Leves,Pick-up's Pequenas,1,FIAT/STRADA,10263,71.44
2025,2,Fevereiro,Com. Leves,Pick-up's Pequenas,2,VW/SAVEIRO,4700,28.56
2025,2,Fevereiro,Com. Leves,Pick-up's Pequenas,3,GM/MONTANA,1,0
2025,2,Fevereiro,Com. Leves,Pick-up's Grandes,1,FIAT/TORO,3649,18.15
2025,2,Fevereiro,Com. Leves,Pick-up's Grandes,2,TOYOTA/HILUX,3057,17.4
2025,2,Fevereiro,Com. Leves,Pick-up's Grandes,3,FORD/RANGER,2249,12.45
2025,2,Fevereiro,Com. Leves,Pick-up's Grandes,4,RAM/RAMPAGE,1854,8.8
2025,2,Fevereiro,Com. Leves,Pick-up's Grandes,5,GM/S10,1300,8.63
2025,2,Fevereiro,Com. Leves,Pick-up's Grandes,6,GM/MONTANA,1530,7.98
2025,2,Fevereiro,Com. Leves,Pick-up's Grandes,7,MITSUBISHI/L200,975,4.98
2025,2,Fevereiro,Com. Leves,Pick-up's Grandes,8,NISSAN/FRONTIER,1197,4.97
2025,2,Fevereiro,Com. Leves,Pick-up's Grandes,9,RENAULT/OROCH,780,4.28
2025,2,Fevereiro,Com. Leves,Pick-up's Grandes,10,FIAT/TITANO,590,3.76
2025,2,Fevereiro,Com. Leves,Pick-up's Grandes,11,VW/AMAROK,588,3.25
2025,2,Fevereiro,Com. Leves,Furgões,1,RENAULT/MASTER,1074,32.02
2025,2,Fevereiro,Com. Leves,Furgões,2,FIAT/SCUDO,351,11.51
2025,2,Fevereiro,Com. Leves,Furgões,3,FIAT/DUCATO,396,9.58
2025,2,Fevereiro,Com. Leves,Furgões,4,HYUNDAI/HR,309,7.36
2025,2,Fevereiro,Com. Leves,Furgões,5,FORD/TRANSIT,209,5.72
2025,2,Fevereiro,Com. Leves,Furgões,6,KIA/K2500,220,5.37
2025,2,Fevereiro,Com. Leves,Furgões,7,VW TRUCK E BUS/EXPRESS,202,5.3
2025,2,Fevereiro,Com. Leves,Furgões Pequenos,1,FIAT/FIORINO,1066,75.35
2025,2,Fevereiro,Com. Leves,Furgões Pequenos,2,RENAULT/KANGOO,265,18.9
2025,2,Fevereiro,Com. Leves,Furgões Pequenos,3,PEUGEOT/PARTNER,69,3.48
2025,2,Fevereiro,Com. Leves,Furgões Pequenos,4,RENAULT/KANGOO E-TECH,4,1.83
2025,2,Fevereiro,Caminhões,Semi-Leve,1,M.BENZ/SPRINTER 417,110,41.05
2025,2,Fevereiro,Caminhões,Semi-Leve,2,M.BENZ/SPRINTER 517,62,27.63
2025,2,Fevereiro,Caminhões,Semi-Leve,3,IVECO/DAILY 45-170,29,12.26
2025,2,Fevereiro,Caminhões,Semi-Leve,4,FOTON/AUMARK S 315,24,8.95
2025,2,Fevereiro,Caminhões,Semi-Leve,5,IVECO/DAILY 55C17,17,5.25
2025,2,Fevereiro,Caminhões,Semi-Leve,6,TESLA/CYBERTRUCK,3,1.95
2025,2,Fevereiro,Caminhões,Semi-Leve,7,M.BENZ/SPRINTER,1,0.58
2025,2,Fevereiro,Caminhões,Semi-Leve,8,M.BENZ/SPRINTER 416,2,0.58
2025,2,Fevereiro,Caminhões,Semi-Leve,9,IVECO/DAILY 55-170,0,0.39
2025,2,Fevereiro,Caminhões,Semi-Leve,10,AGRALE/MARRUA,1,0.19
2025,2,Fevereiro,Caminhões,Leve,1,VW TRUCK E BUS/9.180,187,41.8
2025,2,Fevereiro,Caminhões,Leve,2,M.BENZ/ACCELO 817,120,24.83
2025,2,Fevereiro,Caminhões,Leve,3,IVECO/TECTOR 9-190,37,7.04
2025,2,Fevereiro,Caminhões,Leve,4,IVECO/DAILY 65-180,38,6.35
2025,2,Fevereiro,Caminhões,Leve,5,IVECO/DAILY 65-170,28,5.54
2025,2,Fevereiro,Caminhões,Leve,6,FOTON/AUMARK S 715,21,3.7
2025,2,Fevereiro,Caminhões,Leve,7,JAC/IEV1200T,2,3.12
2025,2,Fevereiro,Caminhões,Leve,8,VW TRUCK E BUS/6.170,10,2.08
2025,2,Fevereiro,Caminhões,Leve,9,FOTON/AUMARK S 916,9,1.73
2025,2,Fevereiro,Caminhões,Leve,10,FOTON/IBLUE EV 6T,4,0.58
2025,2,Fevereiro,Caminhões,Médio,1,VW TRUCK E BUS/11.180,465,39.73
2025,2,Fevereiro,Caminhões,Médio,2,M.BENZ/ACCELO 1017,374,33.77
2025,2,Fevereiro,Caminhões,Médio,3,IVECO/TECTOR 11-190,7,5.74
2025,2,Fevereiro,Caminhões,Médio,4,VW TRUCK E BUS/13.180,63,4.82
2025,2,Fevereiro,Caminhões,Médio,5,M.BENZ/ACCELO 1317,50,4.51
2025,2,Fevereiro,Caminhões,Médio,6,M.BENZ/ATEGO 1419,4,4.29
2025,2,Fevereiro,Caminhões,Médio,7,FOTON/AUMARK S 1217A,29,2.32
2025,2,Fevereiro,Caminhões,Médio,8,VW TRUCK E BUS/14.210,25,1.84
2025,2,Fevereiro,Caminhões,Médio,9,M.BENZ/1418,16,0.96
2025,2,Fevereiro,Caminhões,Médio,10,AGRALE/A10000,6,0.48
2025,2,Fevereiro,Caminhões,Semi-Pesado,1,VOLVO/VM 290,348,11.7
2025,2,Fevereiro,Caminhões,Semi-Pesado,2,M.BENZ/ATEGO 1719,291,9.21
2025,2,Fevereiro,Caminhões,Semi-Pesado,3,M.BENZ/ATEGO 2429,228,8.76
2025,2,Fevereiro,Caminhões,Semi-Pesado,4,VW TRUCK E BUS/26.260,224,7.6
2025,2,Fevereiro,Caminhões,Semi-Pesado,5,VW TRUCK E BUS/17.210,210,6.77
2025,2,Fevereiro,Caminhões,Semi-Pesado,6,VW TRUCK E BUS/31.320,204,6.36
2025,2,Fevereiro,Caminhões,Semi-Pesado,7,VW TRUCK E BUS/26.320,154,5.34
2025,2,Fevereiro,Caminhões,Semi-Pesado,8,VOLVO/VM 360,142,5.25
2025,2,Fevereiro,Caminhões,Semi-Pesado,9,VW TRUCK E BUS/18.260,184,5.09
2025,2,Fevereiro,Caminhões,Semi-Pesado,10,DAF/CF 310,130,4.91
2025,2,Fevereiro,Caminhões,Pesado,1,VOLVO/FH 540,402,11.3
2025,2,Fevereiro,Caminhões,Pesado,2,DAF/XF 530,284,8.05
2025,2,Fevereiro,Caminhões,Pesado,3,SCANIA/R 460,225,6.43
2025,2,Fevereiro,Caminhões,Pesado,4,VOLVO/FH 460,177,5.73
2025,2,Fevereiro,Caminhões,Pesado,5,DAF/XF 480,193,5.13
2025,2,Fevereiro,Caminhões,Pesado,6,SCANIA/R450,158,4.77
2025,2,Fevereiro,Caminhões,Pesado,7,IVECO/S-WAY 480,163,4.69
2025,2,Fevereiro,Caminhões,Pesado,8,SCANIA/G560,268,4.02
2025,2,Fevereiro,Caminhões,Pesado,9,VOLVO/FH 500,178,3.97
2025,2,Fevereiro,Caminhões,Pesado,10,SCANIA/R560,130,3.74
2025,2,Fevereiro,Motos,City,1,HONDA/CG 160,34276,60.92
2025,2,Fevereiro,Motos,City,2,HONDA/CB 300F,4903,8.77
2025,2,Fevereiro,Motos,City,3,YAMAHA/YBR 150,4585,6.95
2025,2,Fevereiro,Motos,City,4,YAMAHA/FAZER 150,3251,5.25
2025,2,Fevereiro,Motos,City,5,YAMAHA/FAZER 250,3244,5.12
2025,2,Fevereiro,Motos,City,6,MOTTU/SPORT 110I,3430,4.7
2025,2,Fevereiro,Motos,City,7,SHINERAY/XY 150,1453,2.54
2025,2,Fevereiro,Motos,City,8,YAMAHA/YS150 FAZER,235,0.89
2025,2,Fevereiro,Motos,City,9,HAOJUE/DK150,350,0.77
2025,2,Fevereiro,Motos,City,10,BAJAJ/DOMINAR D160,410,0.69
2025,2,Fevereiro,Motos,Custom,1,ROYAL ENFIELD/HUNTER 350,696,26.47
2025,2,Fevereiro,Motos,Custom,2,ROYAL ENFIELD/METEOR,515,20.46
2025,2,Fevereiro,Motos,Custom,3,ROYAL ENFIELD/SUPER METEOR 650,554,17.78
2025,2,Fevereiro,Motos,Custom,4,ROYAL ENFIELD/CLASSIC 350,274,11.14
2025,2,Fevereiro,Motos,Custom,5,TRIUMPH/SCRAMBLER 400,127,6.32
2025,2,Fevereiro,Motos,Custom,6,KAWASAKI/ELIMINATOR 500,60,2.46
2025,2,Fevereiro,Motos,Custom,7,KAWASAKI/VULCAN S,70,2.38
2025,2,Fevereiro,Motos,Custom,8,ROYAL ENFIELD/INTERCEPTOR,18,1.55
2025,2,Fevereiro,Motos,Custom,9,ROYAL ENFIELD/CONTINENTAL GT,29,1.53
2025,2,Fevereiro,Motos,Custom,10,ROYAL ENFIELD/SHOTGUN 650,7,1.53
2025,2,Fevereiro,Motos,Trail/Fun,1,HONDA/NXR160,13258,44.8
2025,2,Fevereiro,Motos,Trail/Fun,2,YAMAHA/XTZ 250,3279,11.1
2025,2,Fevereiro,Motos,Trail/Fun,3,HONDA/XRE 300,3275,10.41
2025,2,Fevereiro,Motos,Trail/Fun,4,HONDA/XRE 190,2821,9.56
2025,2,Fevereiro,Motos,Trail/Fun,5,YAMAHA/CROSSER 150,2676,9.42
2025,2,Fevereiro,Motos,Trail/Fun,6,SHINERAY/SHI 175,2118,7.96
2025,2,Fevereiro,Motos,Trail/Fun,7,HONDA/XR 300L,787,2.68
2025,2,Fevereiro,Motos,Trail/Fun,8,HAOJUE/NK 150,177,0.58
2025,2,Fevereiro,Motos,Trail/Fun,9,BMW/G310 GS,100,0.53
2025,2,Fevereiro,Motos,Trail/Fun,10,AVELLOZ/AZ160,276,0.51
2025,2,Fevereiro,Motos,Maxtrail,1,HONDA/CB 500X,321,18.81
2025,2,Fevereiro,Motos,Maxtrail,2,TRIUMPH/TIGER 900,283,15.08
2025,2,Fevereiro,Motos,Maxtrail,3,BMW/R1300GS,258,14.56
2025,2,Fevereiro,Motos,Maxtrail,4,HONDA/NC 750X,309,10.8
2025,2,Fevereiro,Motos,Maxtrail,5,BMW/F900 GS,140,9.72
2025,2,Fevereiro,Motos,Maxtrail,6,TRIUMPH/TIGER 1200,111,6.66
2025,2,Fevereiro,Motos,Maxtrail,7,KAWASAKI/VERSYS 650,91,4.64
2025,2,Fevereiro,Motos,Maxtrail,8,SUZUKI/VSTROM650,53,3.34
2025,2,Fevereiro,Motos,Maxtrail,9,HONDA/CRF 1100L,40,2.87
2025,2,Fevereiro,Motos,Maxtrail,10,SUZUKI/V-STROM 800,53,2.65
2025,2,Fevereiro,Motos,Naked/Roadster,1,BAJAJ/DOMINAR D400,827,24.61
2025,2,Fevereiro,Motos,Naked/Roadster,2,YAMAHA/MT03,459,20.83
2025,2,Fevereiro,Motos,Naked/Roadster,3,BAJAJ/DOMINAR D250,275,8.34
2025,2,Fevereiro,Motos,Naked/Roadster,4,SHINERAY/XY 250,303,8.34
2025,2,Fevereiro,Motos,Naked/Roadster,5,HONDA/CB 500,233,8.09
2025,2,Fevereiro,Motos,Naked/Roadster,6,YAMAHA/MT09,122,4.86
2025,2,Fevereiro,Motos,Naked/Roadster,7,HONDA/CB 650R,124,4.31
2025,2,Fevereiro,Motos,Naked/Roadster,8,YAMAHA/MT07,9,4.07
2025,2,Fevereiro,Motos,Naked/Roadster,9,TRIUMPH/SPEED 400,71,3.33
2025,2,Fevereiro,Motos,Naked/Roadster,10,KAWASAKI/Z500,70,1.8
2025,2,Fevereiro,Motos,Scooter/Cub,1,HONDA/BIZ,20343,34.65
2025,2,Fevereiro,Motos,Scooter/Cub,2,HONDA/POP 110I,17987,29.14
2025,2,Fevereiro,Motos,Scooter/Cub,3,HONDA/PCX 160,4361,7.15
2025,2,Fevereiro,Motos,Scooter/Cub,4,SHINERAY/XY 125,2950,4.88
2025,2,Fevereiro,Motos,Scooter/Cub,5,HONDA/ELITE 125,2763,4.81
2025,2,Fevereiro,Motos,Scooter/Cub,6,YAMAHA/NMAX,2023,3.43
2025,2,Fevereiro,Motos,Scooter/Cub,7,AVELLOZ/AZ1,1628,2.83
2025,2,Fevereiro,Motos,Scooter/Cub,8,SHINERAY/XY 50,1523,2.68
2025,2,Fevereiro,Motos,Scooter/Cub,9,YAMAHA/NEO 125,837,1.94
2025,2,Fevereiro,Motos,Scooter/Cub,10,YAMAHA/FLUO 125,1071,1.87
2025,2,Fevereiro,Motos,Sport,1,YAMAHA/YZF R15,486,49.9
2025,2,Fevereiro,Motos,Sport,2,BMW/S1000 R,122,10.9
2025,2,Fevereiro,Motos,Sport,3,YAMAHA/YZF R3,54,9.71
2025,2,Fevereiro,Motos,Sport,4,KAWASAKI/NINJA 500,74,7.05
2025,2,Fevereiro,Motos,Sport,5,KAWASAKI/NINJA 300,41,5.72
2025,2,Fevereiro,Motos,Sport,6,HONDA/CBR 650R,37,3.55
2025,2,Fevereiro,Motos,Sport,7,KAWASAKI/NINJA ZX-6R,61,3.16
2025,2,Fevereiro,Motos,Sport,8,KAWASAKI/NINJA ZX-4R,42,3.06
2025,2,Fevereiro,Motos,Sport,9,SUZUKI/GSX S1000 GT,16,1.33
2025,2,Fevereiro,Motos,Sport,10,KAWASAKI/NINJA 650,9,1.28
2025,2,Fevereiro,Motos,Touring,1,H.DAVIDSON/STREET GLIDE,13,26.21
2025,2,Fevereiro,Motos,Touring,2,H.DAVIDSON/ULTRA LIMITED,7,21.36
2025,2,Fevereiro,Motos,Touring,3,BMW/R1250 RT,8,13.59
2025,2,Fevereiro,Motos,Touring,4,HONDA/GOLDWING,3,13.59
2025,2,Fevereiro,Motos,Touring,5,H.DAVIDSON/ROAD KING,0,10.68
2025,2,Fevereiro,Motos,Touring,6,H.DAVIDSON/ROAD GLIDE,3,9.71
2025,2,Fevereiro,Motos,Touring,7,BMW/K 1600,4,4.85
2025,3,Março,Autos,Veículos de Entrada,1,FIAT/MOBI,4682,54.38
2025,3,Março,Autos,Veículos de Entrada,2,RENAULT/KWID,4955,45.59
2025,3,Março,Autos,Veículos de Entrada,3,FIAT/UNO,1,0.01
2025,3,Março,Autos,Veículos de Entrada,4,GM/CELTA,0,0.01
2025,3,Março,Autos,Veículos de Entrada,5,VW/GOL,0,0.01
2025,3,Março,Autos,Veículos de Entrada,6,GM/CHEVETTE,0,0
2025,3,Março,Autos,Veículos de Entrada,7,VW/BRASILIA,1,0
2025,3,Março,Autos,Hatch Pequenos,1,VW/POLO,8120,23.62
2025,3,Março,Autos,Hatch Pequenos,2,FIAT/ARGO,8247,21.29
2025,3,Março,Autos,Hatch Pequenos,3,GM/ONIX,5748,17.31
2025,3,Março,Autos,Hatch Pequenos,4,HYUNDAI/HB20,6122,15.5
2025,3,Março,Autos,Hatch Pequenos,5,BYD/DOLPHIN MINI,2432,7.07
2025,3,Março,Autos,Hatch Pequenos,6,HONDA/CITY HATCH,1268,4.05
2025,3,Março,Autos,Hatch Pequenos,7,CITROEN/C3,1087,3.28
2025,3,Março,Autos,Hatch Pequenos,8,TOYOTA/YARIS HB,565,2.22
2025,3,Março,Autos,Hatch Pequenos,9,BYD/DOLPHIN,823,2.11
2025,3,Março,Autos,Hatch Pequenos,10,PEUGEOT/208,586,2.1
2025,3,Março,Autos,Hatch Pequenos,11,GWM/ORA 03,203,0.88
2025,3,Março,Autos,Hatch Pequenos,12,MINI/COOPER,70,0.21
2025,3,Março,Autos,Hatch Médios,1,AUDI/A3,8,32.61
2025,3,Março,Autos,Hatch Médios,2,HONDA/CIVIC TYPE-R,10,23.91
2025,3,Março,Autos,Hatch Médios,3,TOYOTA/COROLLA GR,4,17.39
2025,3,Março,Autos,Hatch Médios,4,BMW/118I,3,6.52
2025,3,Março,Autos,Hatch Médios,5,M.BENZ/CLASSE A,1,6.52
2025,3,Março,Autos,Hatch Médios,6,M.BENZ/A45 AMG,2,3.26
2025,3,Março,Autos,Sedans Pequenos,1,FIAT/CRONOS,2427,65.64
2025,3,Março,Autos,Sedans Pequenos,2,HYUNDAI/HB20S,1641,34.3
2025,3,Março,Autos,Sedans Pequenos,3,RENAULT/LOGAN,1,0.03
2025,3,Março,Autos,Sedans Pequenos,4,VW/VOYAGE,2,0.03
2025,3,Março,Autos,Sedans Pequenos,5,TOYOTA/ETIOS SEDAN,0,0.01
2025,3,Março,Autos,Sedans Compactos,1,GM/ONIX PLUS,4321,35.94
2025,3,Março,Autos,Sedans Compactos,2,VW/VIRTUS,2973,26.54
2025,3,Março,Autos,Sedans Compactos,3,HONDA/CITY,1333,15.51
2025,3,Março,Autos,Sedans Compactos,4,NISSAN/VERSA,1092,11.35
2025,3,Março,Autos,Sedans Compactos,5,TOYOTA/YARIS SEDAN,504,10.65
2025,3,Março,Autos,Sedans Compactos,6,GM/COBALT,0,0.01
2025,3,Março,Autos,Sedans médios,1,TOYOTA/COROLLA,3038,57.42
2025,3,Março,Autos,Sedans médios,2,BYD/KING,1427,19.59
2025,3,Março,Autos,Sedans médios,3,NISSAN/SENTRA,319,7.19
2025,3,Março,Autos,Sedans médios,4,HONDA/CIVIC,206,5.44
2025,3,Março,Autos,Sedans médios,5,BYD/SEAL,208,3.33
2025,3,Março,Autos,Sedans médios,6,CAOA CHERY/ARRIZO 6,143,2.63
2025,3,Março,Autos,Sedans médios,7,VW/JETTA,76,1.94
2025,3,Março,Autos,Sedans médios,8,AUDI/A3 SEDAN,61,0.83
2025,3,Março,Autos,Sedans médios,9,M.BENZ/CLA200,20,0.65
2025,3,Março,Autos,Sedans médios,10,AUDI/A5,39,0.49
2025,3,Março,Autos,Sedans médios,11,M.BENZ/CLA35,12,0.15
2025,3,Março,Autos,Sedans médios,12,BMW/420I,7,0.12
2025,3,Março,Autos,Sedans médios,13,M.BENZ/AMG C63S,3,0.1
2025,3,Março,Autos,Sedans médios,14,M.BENZ/CLA45,2,0.08
2025,3,Março,Autos,Sedans médios,15,BMW/218I,1,0.02
2025,3,Março,Autos,Sedans médios,16,FORD/DEL REY,0,0.01
2025,3,Março,Autos,Sedans médios,17,KIA/CERATO,0,0.01
2025,3,Março,Autos,Sedans médios,18,TESLA/MODEL 3,0,0.01
2025,3,Março,Autos,Sedans Grandes,1,BMW/320I,292,50.56
2025,3,Março,Autos,Sedans Grandes,2,M.BENZ/CLASSE C,107,16.36
2025,3,Março,Autos,Sedans Grandes,3,PORSCHE/PANAMERA,52,6.79
2025,3,Março,Autos,Sedans Grandes,4,BMW/330E,23,5.43
2025,3,Março,Autos,Sedans Grandes,5,HONDA/ACCORD,45,4.9
2025,3,Março,Autos,Sedans Grandes,6,ZEEKR/001,1,3.07
2025,3,Março,Autos,Sedans Grandes,7,AUDI/A4,12,2.72
2025,3,Março,Autos,Sedans Grandes,8,BMW/530E,15,2.72
2025,3,Março,Autos,Sedans Grandes,9,LEXUS/ES300,5,2.01
2025,3,Março,Autos,Sedans Grandes,10,M.BENZ/CLASSE E,14,1.89
2025,3,Março,Autos,Sedans Grandes,11,BMW/I4,5,0.95
2025,3,Março,Autos,Sedans Grandes,12,M.BENZ/S63,1,0.59
2025,3,Março,Autos,Sw Grandes,1,AUDI/RS6 AVANT,7,93.33
2025,3,Março,Autos,Sw Grandes,2,VW/QUANTUM,1,6.67
2025,3,Março,Autos,Monocab,1,GM/BOLT,1,100.0
2025,3,Março,Autos,Grandcab,1,GM/SPIN,1398,98.23
2025,3,Março,Autos,Grandcab,2,KIA/CARNIVAL,16,1.42
2025,3,Março,Autos,Grandcab,3,VW/ID.BUZZ,0,0.16
2025,3,Março,Autos,Grandcab,4,TOYOTA/SIENNA,1,0.09
2025,3,Março,Autos,Sports,1,FORD/MUSTANG,31,27.02
2025,3,Março,Autos,Sports,2,PORSCHE/911,137,23.88
2025,3,Março,Autos,Sports,3,PORSCHE/BOXSTER,30,17.01
2025,3,Março,Autos,Sports,4,BMW/M2,15,7.6
2025,3,Março,Autos,Sports,5,PORSCHE/CAYMAN,13,6.39
2025,3,Março,Autos,Sports,6,PORSCHE/TAYCAN,1,3.38
2025,3,Março,Autos,Sports,7,BMW/M3,3,2.53
2025,3,Março,Autos,Sports,8,DODGE/CHALLENGER,10,2.41
2025,3,Março,Autos,Sports,9,GM/CORVETTE,5,2.17
2025,3,Março,Autos,Suv's,1,VW/T CROSS,6512,8.41
2025,3,Março,Autos,Suv's,2,HYUNDAI/CRETA,4418,6.65
2025,3,Março,Autos,Suv's,3,HONDA/HR-V,5094,6.48
2025,3,Março,Autos,Suv's,4,GM/TRACKER,4169,6.23
2025,3,Março,Autos,Suv's,5,TOYOTA/COROLLA CROSS,5833,5.95
2025,3,Março,Autos,Suv's,6,JEEP/COMPASS,4017,5.84
2025,3,Março,Autos,Suv's,7,NISSAN/KICKS,4513,5.58
2025,3,Março,Autos,Suv's,8,FIAT/FASTBACK,3550,4.92
2025,3,Março,Autos,Suv's,9,JEEP/RENEGADE,2927,4.68
2025,3,Março,Autos,Suv's,10,FIAT/PULSE,3048,4.55
2025,3,Março,Autos,Suv's,11,VW/NIVUS,3792,4.42
2025,3,Março,Autos,Suv's,12,BYD/SONG,2784,3.96
2025,3,Março,Autos,Suv's,13,CAOA CHERY/TIGGO 7,1707,2.95
2025,3,Março,Autos,Suv's,14,RENAULT/KARDIAN,2269,2.68
2025,3,Março,Autos,Suv's,15,VW/TAOS,2407,2.64
2025,3,Março,Autos,Suv's,16,GWM/HAVAL H6,1777,2.64
2025,3,Março,Autos,Suv's,17,CITROEN/BASALT,1714,2.12
2025,3,Março,Autos,Suv's,18,RENAULT/DUSTER,1503,2.11
2025,3,Março,Autos,Suv's,19,TOYOTA/HILUX SW4,1229,1.98
2025,3,Março,Autos,Suv's,20,PEUGEOT/2008,931,1.62
2025,3,Março,Autos,Suv's,21,JEEP/COMMANDER,1198,1.6
2025,3,Março,Autos,Suv's,22,CAOA CHERY/TIGGO 8,1307,1.5
2025,3,Março,Autos,Suv's,23,CAOA CHERY/TIGGO 5X,715,1.18
2025,3,Março,Autos,Suv's,24,MITSUBISHI/ECLIPSE CROSS,703,0.81
2025,3,Março,Autos,Suv's,25,FORD/TERRITORY,462,0.77
2025,3,Março,Autos,Suv's,26,CITROEN/C3 AIRCROSS,466,0.67
2025,3,Março,Autos,Suv's,27,BMW/X1,408,0.53
2025,3,Março,Autos,Suv's,28,VOLVO/EX30,368,0.42
2025,3,Março,Autos,Suv's,29,VOLVO/XC60,161,0.3
2025,3,Março,Autos,Suv's,30,GM/EQUINOX,160,0.29
2025,3,Março,Autos,Suv's,31,TOYOTA/RAV4,102,0.29
2025,3,Março,Autos,Suv's,32,BYD/YUAN,256,0.28
2025,3,Março,Autos,Suv's,33,MITSUBISHI/PAJERO,183,0.26
2025,3,Março,Autos,Suv's,34,HONDA/ZR-V,179,0.25
2025,3,Março,Autos,Suv's,35,AUDI/Q3,178,0.23
2025,3,Março,Autos,Suv's,36,HYUNDAI/TUCSON,174,0.23
2025,3,Março,Autos,Suv's,37,FORD/BRONCO,149,0.22
2025,3,Março,Autos,Suv's,38,GM/TRAILBLAZER,223,0.21
2025,3,Março,Autos,Suv's,39,PORSCHE/MACAN,144,0.21
2025,3,Março,Autos,Suv's,40,SUZUKI/JIMNY SIERRA,130,0.2
2025,3,Março,Com. Leves,Pick-up's Pequenas,1,FIAT/STRADA,10255,68.77
2025,3,Março,Com. Leves,Pick-up's Pequenas,2,VW/SAVEIRO,5692,31.23
2025,3,Março,Com. Leves,Pick-up's Pequenas,3,GM/MONTANA,0,0
2025,3,Março,Com. Leves,Pick-up's Grandes,1,FIAT/TORO,3628,17.92
2025,3,Março,Com. Leves,Pick-up's Grandes,2,TOYOTA/HILUX,3413,17.07
2025,3,Março,Com. Leves,Pick-up's Grandes,3,FORD/RANGER,2497,12.3
2025,3,Março,Com. Leves,Pick-up's Grandes,4,GM/S10,2330,9.53
2025,3,Março,Com. Leves,Pick-up's Grandes,5,RAM/RAMPAGE,1818,8.78
2025,3,Março,Com. Leves,Pick-up's Grandes,6,GM/MONTANA,1744,8.12
2025,3,Março,Com. Leves,Pick-up's Grandes,7,NISSAN/FRONTIER,944,4.83
2025,3,Março,Com. Leves,Pick-up's Grandes,8,RENAULT/OROCH,1189,4.78
2025,3,Março,Com. Leves,Pick-up's Grandes,9,MITSUBISHI/L200,511,4.11
2025,3,Março,Com. Leves,Pick-up's Grandes,10,FIAT/TITANO,618,3.49
2025,3,Março,Com. Leves,Pick-up's Grandes,11,VW/AMAROK,540,3.03
2025,3,Março,Com. Leves,Furgões,1,RENAULT/MASTER,1222,32.47
2025,3,Março,Com. Leves,Furgões,2,FIAT/SCUDO,268,10.07
2025,3,Março,Com. Leves,Furgões,3,FIAT/DUCATO,339,9.47
2025,3,Março,Com. Leves,Furgões,4,HYUNDAI/HR,341,8.03
2025,3,Março,Com. Leves,Furgões,5,FORD/TRANSIT,241,6.01
2025,3,Março,Com. Leves,Furgões,6,KIA/K2500,198,5.38
2025,3,Março,Com. Leves,Furgões,7,VW TRUCK E BUS/EXPRESS,164,5.01
2025,3,Março,Com. Leves,Furgões Pequenos,1,FIAT/FIORINO,1811,79.77
2025,3,Março,Com. Leves,Furgões Pequenos,2,RENAULT/KANGOO,244,15.67
2025,3,Março,Com. Leves,Furgões Pequenos,3,PEUGEOT/PARTNER,61,3.22
2025,3,Março,Com. Leves,Furgões Pequenos,4,RENAULT/KANGOO E-TECH,0,1.03
2025,3,Março,Caminhões,Semi-Leve,1,M.BENZ/SPRINTER 417,149,45.57
2025,3,Março,Caminhões,Semi-Leve,2,M.BENZ/SPRINTER 517,46,23.8
2025,3,Março,Caminhões,Semi-Leve,3,IVECO/DAILY 45-170,26,11.27
2025,3,Março,Caminhões,Semi-Leve,4,FOTON/AUMARK S 315,30,9.62
2025,3,Março,Caminhões,Semi-Leve,5,IVECO/DAILY 55C17,7,4.3
2025,3,Março,Caminhões,Semi-Leve,6,TESLA/CYBERTRUCK,1,1.39
2025,3,Março,Caminhões,Semi-Leve,7,M.BENZ/SPRINTER 416,4,0.89
2025,3,Março,Caminhões,Semi-Leve,8,IVECO/DAILY 55-170,3,0.63
2025,3,Março,Caminhões,Semi-Leve,9,IVECO/DAILY 55-180,4,0.63
2025,3,Março,Caminhões,Semi-Leve,10,IVECO/DAILY 65-170,3,0.38
2025,3,Março,Caminhões,Leve,1,VW TRUCK E BUS/9.180,214,42.07
2025,3,Março,Caminhões,Leve,2,M.BENZ/ACCELO 817,114,24.03
2025,3,Março,Caminhões,Leve,3,IVECO/TECTOR 9-190,51,8.18
2025,3,Março,Caminhões,Leve,4,IVECO/DAILY 65-170,41,6.5
2025,3,Março,Caminhões,Leve,5,IVECO/DAILY 65-180,1,4.09
2025,3,Março,Caminhões,Leve,6,FOTON/AUMARK S 715,14,3.36
2025,3,Março,Caminhões,Leve,7,VW TRUCK E BUS/6.170,14,2.34
2025,3,Março,Caminhões,Leve,8,JAC/IEV1200T,4,2.26
2025,3,Março,Caminhões,Leve,9,FOTON/AUMARK S 916,8,1.68
2025,3,Março,Caminhões,Leve,10,JAC/EJT9.5,9,0.73
2025,3,Março,Caminhões,Médio,1,VW TRUCK E BUS/11.180,443,38.93
2025,3,Março,Caminhões,Médio,2,M.BENZ/ACCELO 1017,384,33.3
2025,3,Março,Caminhões,Médio,3,IVECO/TECTOR 11-190,71,5.82
2025,3,Março,Caminhões,Médio,4,VW TRUCK E BUS/13.180,7,5.39
2025,3,Março,Caminhões,Médio,5,M.BENZ/ATEGO 1419,61,4.58
2025,3,Março,Caminhões,Médio,6,M.BENZ/ACCELO 1317,31,3.86
2025,3,Março,Caminhões,Médio,7,VW TRUCK E BUS/14.210,39,2.34
2025,3,Março,Caminhões,Médio,8,FOTON/AUMARK S 1217A,2,2.16
2025,3,Março,Caminhões,Médio,9,M.BENZ/ACCELO 1117,31,1.1
2025,3,Março,Caminhões,Médio,10,M.BENZ/1418,5,0.78
2025,3,Março,Caminhões,Semi-Pesado,1,VOLVO/VM 290,408,12.6
2025,3,Março,Caminhões,Semi-Pesado,2,M.BENZ/ATEGO 2429,246,8.73
2025,3,Março,Caminhões,Semi-Pesado,3,M.BENZ/ATEGO 1719,212,8.62
2025,3,Março,Caminhões,Semi-Pesado,4,VW TRUCK E BUS/26.260,202,7.43
2025,3,Março,Caminhões,Semi-Pesado,5,VW TRUCK E BUS/17.210,205,6.92
2025,3,Março,Caminhões,Semi-Pesado,6,VW TRUCK E BUS/31.320,202,6.61
2025,3,Março,Caminhões,Semi-Pesado,7,VOLVO/VM 360,163,5.42
2025,3,Março,Caminhões,Semi-Pesado,8,VW TRUCK E BUS/18.260,128,4.89
2025,3,Março,Caminhões,Semi-Pesado,9,VW TRUCK E BUS/26.320,108,4.82
2025,3,Março,Caminhões,Semi-Pesado,10,M.BENZ/ATEGO 3033,132,4.66
2025,3,Março,Caminhões,Pesado,1,VOLVO/FH 540,485,11.22
2025,3,Março,Caminhões,Pesado,2,DAF/XF 530,295,7.6
2025,3,Março,Caminhões,Pesado,3,SCANIA/R 460,411,7.42
2025,3,Março,Caminhões,Pesado,4,VOLVO/FH 460,341,6.41
2025,3,Março,Caminhões,Pesado,5,DAF/XF 480,174,4.73
2025,3,Março,Caminhões,Pesado,6,SCANIA/G560,198,4.18
2025,3,Março,Caminhões,Pesado,7,SCANIA/R450,128,4.14
2025,3,Março,Caminhões,Pesado,8,VOLVO/FH 500,184,4.05
2025,3,Março,Caminhões,Pesado,9,IVECO/S-WAY 480,97,3.85
2025,3,Março,Caminhões,Pesado,10,SCANIA/R560,126,3.45
2025,3,Março,Motos,City,1,HONDA/CG 160,35422,58.7
2025,3,Março,Motos,City,2,HONDA/CB 300F,5447,8.65
2025,3,Março,Motos,City,3,MOTTU/SPORT 110I,8004,7.49
2025,3,Março,Motos,City,4,YAMAHA/YBR 150,4574,7.0
2025,3,Março,Motos,City,5,YAMAHA/FAZER 250,3509,5.23
2025,3,Março,Motos,City,6,YAMAHA/FAZER 150,3340,5.22
2025,3,Março,Motos,City,7,SHINERAY/XY 150,1429,2.42
2025,3,Março,Motos,City,8,HAOJUE/DK150,357,0.69
2025,3,Março,Motos,City,9,YAMAHA/YS150 FAZER,186,0.67
2025,3,Março,Motos,City,10,BAJAJ/DOMINAR D160,403,0.67
2025,3,Março,Motos,Custom,1,ROYAL ENFIELD/HUNTER 350,683,26.36
2025,3,Março,Motos,Custom,2,ROYAL ENFIELD/METEOR,276,17.08
2025,3,Março,Motos,Custom,3,ROYAL ENFIELD/SUPER METEOR 650,306,15.71
2025,3,Março,Motos,Custom,4,ROYAL ENFIELD/CLASSIC 350,296,11.21
2025,3,Março,Motos,Custom,5,ROYAL ENFIELD/SHOTGUN 650,497,7.5
2025,3,Março,Motos,Custom,6,TRIUMPH/SCRAMBLER 400,198,6.75
2025,3,Março,Motos,Custom,7,KAWASAKI/ELIMINATOR 500,6,2.48
2025,3,Março,Motos,Custom,8,KAWASAKI/VULCAN S,64,2.4
2025,3,Março,Motos,Custom,9,ROYAL ENFIELD/CONTINENTAL GT,20,1.27
2025,3,Março,Motos,Custom,10,ROYAL ENFIELD/INTERCEPTOR,14,1.2
2025,3,Março,Motos,Trail/Fun,1,HONDA/NXR160,14244,45.33
2025,3,Março,Motos,Trail/Fun,2,YAMAHA/XTZ 250,3260,10.93
2025,3,Março,Motos,Trail/Fun,3,HONDA/XRE 300,3436,10.68
2025,3,Março,Motos,Trail/Fun,4,HONDA/XRE 190,2828,9.44
2025,3,Março,Motos,Trail/Fun,5,YAMAHA/CROSSER 150,2312,8.77
2025,3,Março,Motos,Trail/Fun,6,SHINERAY/SHI 175,2174,7.65
2025,3,Março,Motos,Trail/Fun,7,HONDA/XR 300L,844,2.71
2025,3,Março,Motos,Trail/Fun,8,AVELLOZ/AZ160,351,0.73
2025,3,Março,Motos,Trail/Fun,9,BMW/G310 GS,285,0.67
2025,3,Março,Motos,Trail/Fun,10,HAOJUE/NK 150,230,0.64
2025,3,Março,Motos,Maxtrail,1,HONDA/CB 500X,258,16.76
2025,3,Março,Motos,Maxtrail,2,BMW/R1300GS,278,14.36
2025,3,Março,Motos,Maxtrail,3,TRIUMPH/TIGER 900,219,13.65
2025,3,Março,Motos,Maxtrail,4,HONDA/NC 750X,335,12.96
2025,3,Março,Motos,Maxtrail,5,BMW/F900 GS,195,9.76
2025,3,Março,Motos,Maxtrail,6,TRIUMPH/TIGER 1200,105,6.17
2025,3,Março,Motos,Maxtrail,7,KAWASAKI/VERSYS 650,59,4.05
2025,3,Março,Motos,Maxtrail,8,ROYAL ENFIELD/HIMALAYAN,201,3.64
2025,3,Março,Motos,Maxtrail,9,SUZUKI/VSTROM650,53,3.1
2025,3,Março,Motos,Maxtrail,10,SUZUKI/V-STROM 800,53,2.66
2025,3,Março,Motos,Naked/Roadster,1,BAJAJ/DOMINAR D400,814,25.77
2025,3,Março,Motos,Naked/Roadster,2,YAMAHA/MT03,244,17.08
2025,3,Março,Motos,Naked/Roadster,3,BAJAJ/DOMINAR D250,307,9.06
2025,3,Março,Motos,Naked/Roadster,4,SHINERAY/XY 250,280,8.77
2025,3,Março,Motos,Naked/Roadster,5,HONDA/CB 500,171,7.44
2025,3,Março,Motos,Naked/Roadster,6,YAMAHA/MT09,63,4.05
2025,3,Março,Motos,Naked/Roadster,7,TRIUMPH/SPEED 400,130,3.7
2025,3,Março,Motos,Naked/Roadster,8,HONDA/CB 650R,4,3.47
2025,3,Março,Motos,Naked/Roadster,9,YAMAHA/MT07,59,3.46
2025,3,Março,Motos,Naked/Roadster,10,KAWASAKI/Z900,146,2.56
2025,3,Março,Motos,Scooter/Cub,1,HONDA/BIZ,21367,34.67
2025,3,Março,Motos,Scooter/Cub,2,HONDA/POP 110I,18586,29.49
2025,3,Março,Motos,Scooter/Cub,3,HONDA/PCX 160,4342,7.12
2025,3,Março,Motos,Scooter/Cub,4,SHINERAY/XY 125,3100,4.93
2025,3,Março,Motos,Scooter/Cub,5,HONDA/ELITE 125,2906,4.78
2025,3,Março,Motos,Scooter/Cub,6,YAMAHA/NMAX,2181,3.47
2025,3,Março,Motos,Scooter/Cub,7,AVELLOZ/AZ1,1415,2.65
2025,3,Março,Motos,Scooter/Cub,8,SHINERAY/XY 50,1538,2.62
2025,3,Março,Motos,Scooter/Cub,9,YAMAHA/FLUO 125,1145,1.87
2025,3,Março,Motos,Scooter/Cub,10,HONDA/ADV 160,1279,1.73
2025,3,Março,Motos,Sport,1,YAMAHA/YZF R15,917,55.74
2025,3,Março,Motos,Sport,2,YAMAHA/YZF R3,147,9.94
2025,3,Março,Motos,Sport,3,BMW/S1000 R,94,9.1
2025,3,Março,Motos,Sport,4,KAWASAKI/NINJA 500,74,6.27
2025,3,Março,Motos,Sport,5,KAWASAKI/NINJA 300,25,4.07
2025,3,Março,Motos,Sport,6,KAWASAKI/NINJA ZX-4R,40,2.95
2025,3,Março,Motos,Sport,7,KAWASAKI/NINJA ZX-6R,34,2.83
2025,3,Março,Motos,Sport,8,HONDA/CBR 650R,16,2.54
2025,3,Março,Motos,Sport,9,TRIUMPH/DAYTONA 660,26,1.24
2025,3,Março,Motos,Sport,10,SUZUKI/GSX S1000 GT,10,1.07
2025,3,Março,Motos,Touring,1,H.DAVIDSON/STREET GLIDE,27,34.84
2025,3,Março,Motos,Touring,2,H.DAVIDSON/ROAD GLIDE,14,15.48
2025,3,Março,Motos,Touring,3,H.DAVIDSON/ULTRA LIMITED,1,14.84
2025,3,Março,Motos,Touring,4,HONDA/GOLDWING,8,14.19
2025,3,Março,Motos,Touring,5,BMW/R1250 RT,0,9.03
2025,3,Março,Motos,Touring,6,H.DAVIDSON/ROAD KING,0,7.1
2025,3,Março,Motos,Touring,7,BMW/K 1600,1,3.87
2025,3,Março,Motos,Touring,8,H.DAVIDSON/H.DAVIDSON FLHPI,1,0.65
2025,4,Abril,Autos,Veículos de Entrada,1,FIAT/MOBI,6170,56.5
2025,4,Abril,Autos,Veículos de Entrada,2,RENAULT/KWID,3759,43.46
2025,4,Abril,Autos,Veículos de Entrada,3,VW/GOL,4,0.02
2025,4,Abril,Autos,Veículos de Entrada,4,FIAT/UNO,1,0.01
2025,4,Abril,Autos,Veículos de Entrada,5,GM/CELTA,0,0.01
2025,4,Abril,Autos,Veículos de Entrada,6,GM/CHEVETTE,0,0
2025,4,Abril,Autos,Veículos de Entrada,7,VW/BRASILIA,0,0
2025,4,Abril,Autos,Hatch Pequenos,1,VW/POLO,10932,24.89
2025,4,Abril,Autos,Hatch Pequenos,2,FIAT/ARGO,8444,21.36
2025,4,Abril,Autos,Hatch Pequenos,3,GM/ONIX,5415,16.27
2025,4,Abril,Autos,Hatch Pequenos,4,HYUNDAI/HB20,6922,16.14
2025,4,Abril,Autos,Hatch Pequenos,5,BYD/DOLPHIN MINI,2172,6.62
2025,4,Abril,Autos,Hatch Pequenos,6,HONDA/CITY HATCH,1247,3.79
2025,4,Abril,Autos,Hatch Pequenos,7,CITROEN/C3,1262,3.26
2025,4,Abril,Autos,Hatch Pequenos,8,BYD/DOLPHIN,973,2.22
2025,4,Abril,Autos,Hatch Pequenos,9,TOYOTA/YARIS HB,827,2.19
2025,4,Abril,Autos,Hatch Pequenos,10,PEUGEOT/208,685,2.0
2025,4,Abril,Autos,Hatch Pequenos,11,GWM/ORA 03,191,0.76
2025,4,Abril,Autos,Hatch Pequenos,12,MINI/COOPER,57,0.19
2025,4,Abril,Autos,Hatch Médios,1,HONDA/CIVIC TYPE-R,30,37.68
2025,4,Abril,Autos,Hatch Médios,2,AUDI/A3,6,26.09
2025,4,Abril,Autos,Hatch Médios,3,TOYOTA/COROLLA GR,5,15.22
2025,4,Abril,Autos,Hatch Médios,4,BMW/118I,0,4.35
2025,4,Abril,Autos,Hatch Médios,5,M.BENZ/A45 AMG,3,4.35
2025,4,Abril,Autos,Hatch Médios,6,M.BENZ/CLASSE A,0,4.35
2025,4,Abril,Autos,Sedans Pequenos,1,FIAT/CRONOS,2115,54.6
2025,4,Abril,Autos,Sedans Pequenos,2,HYUNDAI/HB20S,4172,45.35
2025,4,Abril,Autos,Sedans Pequenos,3,RENAULT/LOGAN,1,0.02
2025,4,Abril,Autos,Sedans Pequenos,4,VW/VOYAGE,0,0.02
2025,4,Abril,Autos,Sedans Pequenos,5,TOYOTA/ETIOS SEDAN,0,0.01
2025,4,Abril,Autos,Sedans Compactos,1,GM/ONIX PLUS,4274,37.95
2025,4,Abril,Autos,Sedans Compactos,2,VW/VIRTUS,2851,27.2
2025,4,Abril,Autos,Sedans Compactos,3,HONDA/CITY,1351,15.05
2025,4,Abril,Autos,Sedans Compactos,4,NISSAN/VERSA,740,10.35
2025,4,Abril,Autos,Sedans Compactos,5,TOYOTA/YARIS SEDAN,599,9.45
2025,4,Abril,Autos,Sedans Compactos,6,GM/COBALT,0,0.01
2025,4,Abril,Autos,Sedans médios,1,TOYOTA/COROLLA,3202,57.05
2025,4,Abril,Autos,Sedans médios,2,BYD/KING,1599,21.84
2025,4,Abril,Autos,Sedans médios,3,NISSAN/SENTRA,331,6.82
2025,4,Abril,Autos,Sedans médios,4,HONDA/CIVIC,65,4.28
2025,4,Abril,Autos,Sedans médios,5,BYD/SEAL,188,3.32
2025,4,Abril,Autos,Sedans médios,6,CAOA CHERY/ARRIZO 6,109,2.44
2025,4,Abril,Autos,Sedans médios,7,VW/JETTA,80,1.79
2025,4,Abril,Autos,Sedans médios,8,AUDI/A3 SEDAN,4,0.81
2025,4,Abril,Autos,Sedans médios,9,M.BENZ/CLA200,43,0.68
2025,4,Abril,Autos,Sedans médios,10,AUDI/A5,25,0.47
2025,4,Abril,Autos,Sedans médios,11,BMW/420I,7,0.12
2025,4,Abril,Autos,Sedans médios,12,M.BENZ/CLA35,3,0.12
2025,4,Abril,Autos,Sedans médios,13,M.BENZ/AMG C63S,8,0.11
2025,4,Abril,Autos,Sedans médios,14,M.BENZ/CLA45,4,0.08
2025,4,Abril,Autos,Sedans médios,15,BMW/218I,1,0.02
2025,4,Abril,Autos,Sedans médios,16,GM/CRUZE SEDAN,3,0.01
2025,4,Abril,Autos,Sedans médios,17,FORD/DEL REY,1,0.01
2025,4,Abril,Autos,Sedans médios,18,KIA/CERATO,0,0
2025,4,Abril,Autos,Sedans médios,19,M.BENZ/CLASSE C,1,0
2025,4,Abril,Autos,Sedans médios,20,TESLA/MODEL 3,0,0
2025,4,Abril,Autos,Sedans Grandes,1,BMW/320I,349,49.77
2025,4,Abril,Autos,Sedans Grandes,2,M.BENZ/CLASSE C,148,17.55
2025,4,Abril,Autos,Sedans Grandes,3,PORSCHE/PANAMERA,51,6.86
2025,4,Abril,Autos,Sedans Grandes,4,BMW/330E,25,4.83
2025,4,Abril,Autos,Sedans Grandes,5,HONDA/ACCORD,27,4.54
2025,4,Abril,Autos,Sedans Grandes,6,AUDI/A4,36,3.39
2025,4,Abril,Autos,Sedans Grandes,7,ZEEKR/001,15,2.77
2025,4,Abril,Autos,Sedans Grandes,8,BMW/530E,1,2.35
2025,4,Abril,Autos,Sedans Grandes,9,LEXUS/ES300,19,2.19
2025,4,Abril,Autos,Sedans Grandes,10,M.BENZ/CLASSE E,15,1.94
2025,4,Abril,Autos,Sedans Grandes,11,BMW/I4,9,1.03
2025,4,Abril,Autos,Sedans Grandes,12,M.BENZ/AMG GT63S,8,0.66
2025,4,Abril,Autos,Sw Grandes,1,AUDI/RS6 AVANT,1,96.15
2025,4,Abril,Autos,Sw Grandes,2,VW/QUANTUM,0,3.85
2025,4,Abril,Autos,Monocab,1,GM/BOLT,0,100.0
2025,4,Abril,Autos,Grandcab,1,GM/SPIN,1744,98.33
2025,4,Abril,Autos,Grandcab,2,KIA/CARNIVAL,25,1.42
2025,4,Abril,Autos,Grandcab,3,VW/ID.BUZZ,0,0.11
2025,4,Abril,Autos,Grandcab,4,TOYOTA/SIENNA,0,0.06
2025,4,Abril,Autos,Sports,1,PORSCHE/911,110,28.08
2025,4,Abril,Autos,Sports,2,FORD/MUSTANG,17,21.97
2025,4,Abril,Autos,Sports,3,PORSCHE/BOXSTER,39,16.41
2025,4,Abril,Autos,Sports,4,BMW/M2,21,7.66
2025,4,Abril,Autos,Sports,5,PORSCHE/CAYMAN,18,6.47
2025,4,Abril,Autos,Sports,6,BMW/M3,1,2.92
2025,4,Abril,Autos,Sports,7,DODGE/CHALLENGER,1,2.83
2025,4,Abril,Autos,Sports,8,GM/CORVETTE,13,2.83
2025,4,Abril,Autos,Sports,9,PORSCHE/TAYCAN,2,2.73
2025,4,Abril,Autos,Suv's,1,VW/T CROSS,8114,8.92
2025,4,Abril,Autos,Suv's,2,HYUNDAI/CRETA,4904,6.54
2025,4,Abril,Autos,Suv's,3,HONDA/HR-V,5258,6.54
2025,4,Abril,Autos,Suv's,4,TOYOTA/COROLLA CROSS,6232,6.48
2025,4,Abril,Autos,Suv's,5,GM/TRACKER,4297,6.03
2025,4,Abril,Autos,Suv's,6,JEEP/COMPASS,4542,5.83
2025,4,Abril,Autos,Suv's,7,NISSAN/KICKS,4001,5.45
2025,4,Abril,Autos,Suv's,8,FIAT/FASTBACK,4676,5.19
2025,4,Abril,Autos,Suv's,9,JEEP/RENEGADE,3380,4.59
2025,4,Abril,Autos,Suv's,10,VW/NIVUS,3615,4.47
2025,4,Abril,Autos,Suv's,11,FIAT/PULSE,3141,4.41
2025,4,Abril,Autos,Suv's,12,BYD/SONG,3139,3.97
2025,4,Abril,Autos,Suv's,13,CAOA CHERY/TIGGO 7,1935,2.82
2025,4,Abril,Autos,Suv's,14,GWM/HAVAL H6,1979,2.61
2025,4,Abril,Autos,Suv's,15,RENAULT/KARDIAN,1742,2.56
2025,4,Abril,Autos,Suv's,16,VW/TAOS,920,2.25
2025,4,Abril,Autos,Suv's,17,CITROEN/BASALT,1958,2.22
2025,4,Abril,Autos,Suv's,18,RENAULT/DUSTER,1253,1.97
2025,4,Abril,Autos,Suv's,19,TOYOTA/HILUX SW4,1300,1.9
2025,4,Abril,Autos,Suv's,20,CAOA CHERY/TIGGO 8,1646,1.66
2025,4,Abril,Autos,Suv's,21,JEEP/COMMANDER,1339,1.63
2025,4,Abril,Autos,Suv's,22,PEUGEOT/2008,997,1.53
2025,4,Abril,Autos,Suv's,23,CAOA CHERY/TIGGO 5X,953,1.19
2025,4,Abril,Autos,Suv's,24,MITSUBISHI/ECLIPSE CROSS,820,0.88
2025,4,Abril,Autos,Suv's,25,FORD/TERRITORY,380,0.69
2025,4,Abril,Autos,Suv's,26,CITROEN/C3 AIRCROSS,378,0.62
2025,4,Abril,Autos,Suv's,27,BMW/X1,429,0.53
2025,4,Abril,Autos,Suv's,28,VOLVO/EX30,365,0.43
2025,4,Abril,Autos,Suv's,29,BYD/YUAN,258,0.3
2025,4,Abril,Autos,Suv's,30,VOLVO/XC60,205,0.29
2025,4,Abril,Autos,Suv's,31,TOYOTA/RAV4,222,0.29
2025,4,Abril,Autos,Suv's,32,HONDA/ZR-V,239,0.26
2025,4,Abril,Autos,Suv's,33,MITSUBISHI/PAJERO,184,0.25
2025,4,Abril,Autos,Suv's,34,GM/EQUINOX,87,0.25
2025,4,Abril,Autos,Suv's,35,HYUNDAI/TUCSON,201,0.23
2025,4,Abril,Autos,Suv's,36,AUDI/Q3,127,0.21
2025,4,Abril,Autos,Suv's,37,M.BENZ/GLC,251,0.21
2025,4,Abril,Autos,Suv's,38,GM/TRAILBLAZER,173,0.21
2025,4,Abril,Autos,Suv's,39,PORSCHE/MACAN,125,0.2
2025,4,Abril,Autos,Suv's,40,FORD/BRONCO,78,0.19
2025,4,Abril,Com. Leves,Pick-up's Pequenas,1,FIAT/STRADA,10075,67.72
2025,4,Abril,Com. Leves,Pick-up's Pequenas,2,VW/SAVEIRO,5458,32.27
2025,4,Abril,Com. Leves,Pick-up's Pequenas,3,GM/MONTANA,0,0
2025,4,Abril,Com. Leves,Pick-up's Grandes,1,FIAT/TORO,4502,18.43
2025,4,Abril,Com. Leves,Pick-up's Grandes,2,TOYOTA/HILUX,3934,17.13
2025,4,Abril,Com. Leves,Pick-up's Grandes,3,FORD/RANGER,2979,12.52
2025,4,Abril,Com. Leves,Pick-up's Grandes,4,GM/S10,2695,10.17
2025,4,Abril,Com. Leves,Pick-up's Grandes,5,RAM/RAMPAGE,1987,8.77
2025,4,Abril,Com. Leves,Pick-up's Grandes,6,GM/MONTANA,1700,7.95
2025,4,Abril,Com. Leves,Pick-up's Grandes,7,RENAULT/OROCH,1042,4.73
2025,4,Abril,Com. Leves,Pick-up's Grandes,8,NISSAN/FRONTIER,348,3.92
2025,4,Abril,Com. Leves,Pick-up's Grandes,9,FIAT/TITANO,1069,3.82
2025,4,Abril,Com. Leves,Pick-up's Grandes,10,MITSUBISHI/L200,632,3.74
2025,4,Abril,Com. Leves,Pick-up's Grandes,11,VW/AMAROK,159,2.38
2025,4,Abril,Com. Leves,Furgões,1,RENAULT/MASTER,1645,33.84
2025,4,Abril,Com. Leves,Furgões,2,FIAT/DUCATO,614,10.75
2025,4,Abril,Com. Leves,Furgões,3,FIAT/SCUDO,323,9.25
2025,4,Abril,Com. Leves,Furgões,4,HYUNDAI/HR,361,8.06
2025,4,Abril,Com. Leves,Furgões,5,FORD/TRANSIT,189,5.5
2025,4,Abril,Com. Leves,Furgões,6,KIA/K2500,249,5.45
2025,4,Abril,Com. Leves,Furgões,7,VW TRUCK E BUS/EXPRESS,202,4.88
2025,4,Abril,Com. Leves,Furgões Pequenos,1,FIAT/FIORINO,1776,81.61
2025,4,Abril,Com. Leves,Furgões Pequenos,2,RENAULT/KANGOO,247,14.56
2025,4,Abril,Com. Leves,Furgões Pequenos,3,PEUGEOT/PARTNER,3,2.73
2025,4,Abril,Com. Leves,Furgões Pequenos,4,RENAULT/KANGOO E-TECH,0,0.72
2025,4,Abril,Caminhões,Semi-Leve,1,M.BENZ/SPRINTER 417,140,44.92
2025,4,Abril,Caminhões,Semi-Leve,2,M.BENZ/SPRINTER 517,75,23.63
2025,4,Abril,Caminhões,Semi-Leve,3,IVECO/DAILY 45-170,30,10.69
2025,4,Abril,Caminhões,Semi-Leve,4,FOTON/AUMARK S 315,43,10.69
2025,4,Abril,Caminhões,Semi-Leve,5,IVECO/DAILY 55C17,17,4.58
2025,4,Abril,Caminhões,Semi-Leve,6,TESLA/CYBERTRUCK,5,1.44
2025,4,Abril,Caminhões,Semi-Leve,7,IVECO/DAILY 65-170,5,0.72
2025,4,Abril,Caminhões,Semi-Leve,8,M.BENZ/SPRINTER 416,1,0.72
2025,4,Abril,Caminhões,Semi-Leve,9,IVECO/DAILY 55-170,1,0.54
2025,4,Abril,Caminhões,Semi-Leve,10,M.BENZ/SPRINTER,3,0.54
2025,4,Abril,Caminhões,Leve,1,VW TRUCK E BUS/9.180,162,41.84
2025,4,Abril,Caminhões,Leve,2,M.BENZ/ACCELO 817,96,24.09
2025,4,Abril,Caminhões,Leve,3,IVECO/TECTOR 9-190,25,7.77
2025,4,Abril,Caminhões,Leve,4,IVECO/DAILY 65-170,26,6.52
2025,4,Abril,Caminhões,Leve,5,FOTON/AUMARK S 715,13,3.34
2025,4,Abril,Caminhões,Leve,6,IVECO/DAILY 65-180,0,3.17
2025,4,Abril,Caminhões,Leve,7,VW TRUCK E BUS/6.170,10,2.38
2025,4,Abril,Caminhões,Leve,8,JAC/IEV1200T,2,1.87
2025,4,Abril,Caminhões,Leve,9,FOTON/AUMARK S 916,7,1.7
2025,4,Abril,Caminhões,Leve,10,M.BENZ/ACCELO 917,18,1.42
2025,4,Abril,Caminhões,Médio,1,VW TRUCK E BUS/11.180,520,39.35
2025,4,Abril,Caminhões,Médio,2,M.BENZ/ACCELO 1017,371,32.11
2025,4,Abril,Caminhões,Médio,3,IVECO/TECTOR 11-190,72,5.77
2025,4,Abril,Caminhões,Médio,4,VW TRUCK E BUS/13.180,70,5.41
2025,4,Abril,Caminhões,Médio,5,M.BENZ/ATEGO 1419,4,4.27
2025,4,Abril,Caminhões,Médio,6,M.BENZ/ACCELO 1317,3,3.51
2025,4,Abril,Caminhões,Médio,7,M.BENZ/ACCELO 1117,70,2.27
2025,4,Abril,Caminhões,Médio,8,VW TRUCK E BUS/14.210,26,2.25
2025,4,Abril,Caminhões,Médio,9,FOTON/AUMARK S 1217A,31,2.23
2025,4,Abril,Caminhões,Médio,10,M.BENZ/1418,9,0.76
2025,4,Abril,Caminhões,Semi-Pesado,1,VOLVO/VM 290,359,12.59
2025,4,Abril,Caminhões,Semi-Pesado,2,M.BENZ/ATEGO 1719,276,8.88
2025,4,Abril,Caminhões,Semi-Pesado,3,M.BENZ/ATEGO 2429,200,8.29
2025,4,Abril,Caminhões,Semi-Pesado,4,VW TRUCK E BUS/26.260,219,7.49
2025,4,Abril,Caminhões,Semi-Pesado,5,VW TRUCK E BUS/17.210,205,6.98
2025,4,Abril,Caminhões,Semi-Pesado,6,VW TRUCK E BUS/31.320,152,6.28
2025,4,Abril,Caminhões,Semi-Pesado,7,VOLVO/VM 360,146,5.34
2025,4,Abril,Caminhões,Semi-Pesado,8,VW TRUCK E BUS/26.320,139,4.83
2025,4,Abril,Caminhões,Semi-Pesado,9,VW TRUCK E BUS/18.260,107,4.6
2025,4,Abril,Caminhões,Semi-Pesado,10,DAF/CF 310,132,4.52
2025,4,Abril,Caminhões,Pesado,1,VOLVO/FH 540,451,11.12
2025,4,Abril,Caminhões,Pesado,2,DAF/XF 530,352,7.8
2025,4,Abril,Caminhões,Pesado,3,SCANIA/R 460,234,6.98
2025,4,Abril,Caminhões,Pesado,4,VOLVO/FH 460,326,6.75
2025,4,Abril,Caminhões,Pesado,5,DAF/XF 480,178,4.62
2025,4,Abril,Caminhões,Pesado,6,VOLVO/FH 500,148,3.93
2025,4,Abril,Caminhões,Pesado,7,SCANIA/R450,133,3.91
2025,4,Abril,Caminhões,Pesado,8,IVECO/S-WAY 480,142,3.75
2025,4,Abril,Caminhões,Pesado,9,SCANIA/G560,54,3.48
2025,4,Abril,Caminhões,Pesado,10,VOLVO/VM 360,129,3.35
2025,4,Abril,Motos,City,1,HONDA/CG 160,39019,57.32
2025,4,Abril,Motos,City,2,MOTTU/SPORT 110I,10241,9.42
2025,4,Abril,Motos,City,3,HONDA/CB 300F,5877,8.49
2025,4,Abril,Motos,City,4,YAMAHA/YBR 150,5517,7.18
2025,4,Abril,Motos,City,5,YAMAHA/FAZER 250,3604,5.16
2025,4,Abril,Motos,City,6,YAMAHA/FAZER 150,3425,5.08
2025,4,Abril,Motos,City,7,SHINERAY/XY 150,1640,2.38
2025,4,Abril,Motos,City,8,HAOJUE/DK150,371,0.64
2025,4,Abril,Motos,City,9,HAOJUE/DR160,448,0.63
2025,4,Abril,Motos,City,10,BAJAJ/DOMINAR D160,277,0.58
2025,4,Abril,Motos,Custom,1,ROYAL ENFIELD/HUNTER 350,600,26.3
2025,4,Abril,Motos,Custom,2,ROYAL ENFIELD/METEOR,228,15.43
2025,4,Abril,Motos,Custom,3,ROYAL ENFIELD/SUPER METEOR 650,310,15.2
2025,4,Abril,Motos,Custom,4,ROYAL ENFIELD/CLASSIC 350,237,11.0
2025,4,Abril,Motos,Custom,5,ROYAL ENFIELD/SHOTGUN 650,343,9.21
2025,4,Abril,Motos,Custom,6,TRIUMPH/SCRAMBLER 400,211,7.31
2025,4,Abril,Motos,Custom,7,KAWASAKI/ELIMINATOR 500,85,2.76
2025,4,Abril,Motos,Custom,8,KAWASAKI/VULCAN S,67,2.52
2025,4,Abril,Motos,Custom,9,ROYAL ENFIELD/CONTINENTAL GT,16,1.14
2025,4,Abril,Motos,Custom,10,ROYAL ENFIELD/INTERCEPTOR,7,0.99
2025,4,Abril,Motos,Trail/Fun,1,HONDA/NXR160,16224,45.7
2025,4,Abril,Motos,Trail/Fun,2,HONDA/XRE 300,4013,10.92
2025,4,Abril,Motos,Trail/Fun,3,YAMAHA/XTZ 250,3445,10.64
2025,4,Abril,Motos,Trail/Fun,4,HONDA/XRE 190,3180,9.36
2025,4,Abril,Motos,Trail/Fun,5,YAMAHA/CROSSER 150,2510,8.34
2025,4,Abril,Motos,Trail/Fun,6,SHINERAY/SHI 175,2609,7.61
2025,4,Abril,Motos,Trail/Fun,7,HONDA/XR 300L,972,2.73
2025,4,Abril,Motos,Trail/Fun,8,AVELLOZ/AZ160,506,0.93
2025,4,Abril,Motos,Trail/Fun,9,BMW/G310 GS,295,0.72
2025,4,Abril,Motos,Trail/Fun,10,HAOJUE/NK 150,239,0.65
2025,4,Abril,Motos,Maxtrail,1,BMW/R1300GS,303,13.53
2025,4,Abril,Motos,Maxtrail,2,HONDA/NC 750X,343,13.05
2025,4,Abril,Motos,Maxtrail,3,TRIUMPH/TIGER 900,301,13.01
2025,4,Abril,Motos,Maxtrail,4,HONDA/CB 500X,6,12.27
2025,4,Abril,Motos,Maxtrail,5,BMW/F900 GS,242,9.63
2025,4,Abril,Motos,Maxtrail,6,ROYAL ENFIELD/HIMALAYAN,584,9.62
2025,4,Abril,Motos,Maxtrail,7,TRIUMPH/TIGER 1200,180,6.42
2025,4,Abril,Motos,Maxtrail,8,KAWASAKI/VERSYS 650,71,3.64
2025,4,Abril,Motos,Maxtrail,9,SUZUKI/VSTROM650,60,2.86
2025,4,Abril,Motos,Maxtrail,10,TRIUMPH/TIGER SPORT 660,124,2.72
2025,4,Abril,Motos,Naked/Roadster,1,BAJAJ/DOMINAR D400,926,25.84
2025,4,Abril,Motos,Naked/Roadster,2,YAMAHA/MT03,553,16.66
2025,4,Abril,Motos,Naked/Roadster,3,BAJAJ/DOMINAR D250,458,10.11
2025,4,Abril,Motos,Naked/Roadster,4,SHINERAY/XY 250,390,9.38
2025,4,Abril,Motos,Naked/Roadster,5,HONDA/CB 500,86,6.06
2025,4,Abril,Motos,Naked/Roadster,6,TRIUMPH/SPEED 400,190,4.15
2025,4,Abril,Motos,Naked/Roadster,7,KAWASAKI/Z900,241,3.72
2025,4,Abril,Motos,Naked/Roadster,8,YAMAHA/MT09,50,3.33
2025,4,Abril,Motos,Naked/Roadster,9,YAMAHA/MT07,38,2.8
2025,4,Abril,Motos,Naked/Roadster,10,HONDA/CB 650R,15,2.63
2025,4,Abril,Motos,Scooter/Cub,1,HONDA/BIZ,22612,34.62
2025,4,Abril,Motos,Scooter/Cub,2,HONDA/POP 110I,19841,29.7
2025,4,Abril,Motos,Scooter/Cub,3,HONDA/PCX 160,4730,7.15
2025,4,Abril,Motos,Scooter/Cub,4,SHINERAY/XY 125,3781,5.16
2025,4,Abril,Motos,Scooter/Cub,5,HONDA/ELITE 125,2989,4.72
2025,4,Abril,Motos,Scooter/Cub,6,YAMAHA/NMAX,2319,3.49
2025,4,Abril,Motos,Scooter/Cub,7,SHINERAY/XY 50,1724,2.62
2025,4,Abril,Motos,Scooter/Cub,8,AVELLOZ/AZ1,1537,2.57
2025,4,Abril,Motos,Scooter/Cub,9,YAMAHA/FLUO 125,1316,1.9
2025,4,Abril,Motos,Scooter/Cub,10,HONDA/ADV 160,1529,1.89
2025,4,Abril,Motos,Sport,1,YAMAHA/YZF R15,846,57.35
2025,4,Abril,Motos,Sport,2,YAMAHA/YZF R3,154,10.29
2025,4,Abril,Motos,Sport,3,BMW/S1000 R,84,8.25
2025,4,Abril,Motos,Sport,4,KAWASAKI/NINJA 500,93,6.41
2025,4,Abril,Motos,Sport,5,KAWASAKI/NINJA 300,1,3.14
2025,4,Abril,Motos,Sport,6,KAWASAKI/NINJA ZX-4R,37,2.87
2025,4,Abril,Motos,Sport,7,KAWASAKI/NINJA ZX-6R,38,2.81
2025,4,Abril,Motos,Sport,8,HONDA/CBR 650R,31,2.46
2025,4,Abril,Motos,Sport,9,TRIUMPH/DAYTONA 660,14,1.18
2025,4,Abril,Motos,Sport,10,KAWASAKI/NINJA 650,14,0.95
2025,4,Abril,Motos,Touring,1,H.DAVIDSON/STREET GLIDE,4,43.36
2025,4,Abril,Motos,Touring,2,H.DAVIDSON/ROAD GLIDE,15,17.26
2025,4,Abril,Motos,Touring,3,HONDA/GOLDWING,10,14.16
2025,4,Abril,Motos,Touring,4,H.DAVIDSON/ULTRA LIMITED,0,10.18
2025,4,Abril,Motos,Touring,5,BMW/R1250 RT,2,7.08
2025,4,Abril,Motos,Touring,6,H.DAVIDSON/ROAD KING,0,4.87
2025,4,Abril,Motos,Touring,7,BMW/K 1600,0,2.65
2025,4,Abril,Motos,Touring,8,H.DAVIDSON/H.DAVIDSON FLHPI,0,0.44
2025,5,Maio,Autos,Veículos de Entrada,1,FIAT/MOBI,6459,56.06
2025,5,Maio,Autos,Veículos de Entrada,2,RENAULT/KWID,5344,43.9
2025,5,Maio,Autos,Veículos de Entrada,3,VW/GOL,2,0.02
2025,5,Maio,Autos,Veículos de Entrada,4,FIAT/UNO,1,0.01
2025,5,Maio,Autos,Veículos de Entrada,5,GM/CELTA,1,0.01
2025,5,Maio,Autos,Veículos de Entrada,6,GM/CHEVETTE,0,0
2025,5,Maio,Autos,Veículos de Entrada,7,VW/BRASILIA,0,0
2025,5,Maio,Autos,Veículos de Entrada,8,VW/UP,1,0
2025,5,Maio,Autos,Hatch Pequenos,1,VW/POLO,12911,25.86
2025,5,Maio,Autos,Hatch Pequenos,2,FIAT/ARGO,9063,21.06
2025,5,Maio,Autos,Hatch Pequenos,3,HYUNDAI/HB20,8673,16.95
2025,5,Maio,Autos,Hatch Pequenos,4,GM/ONIX,6157,15.62
2025,5,Maio,Autos,Hatch Pequenos,5,BYD/DOLPHIN MINI,2575,6.39
2025,5,Maio,Autos,Hatch Pequenos,6,HONDA/CITY HATCH,1195,3.5
2025,5,Maio,Autos,Hatch Pequenos,7,CITROEN/C3,870,2.92
2025,5,Maio,Autos,Hatch Pequenos,8,BYD/DOLPHIN,1862,2.71
2025,5,Maio,Autos,Hatch Pequenos,9,TOYOTA/YARIS HB,530,1.93
2025,5,Maio,Autos,Hatch Pequenos,10,PEUGEOT/208,771,1.93
2025,5,Maio,Autos,Hatch Pequenos,11,GWM/ORA 03,181,0.67
2025,5,Maio,Autos,Hatch Pequenos,12,MINI/COOPER,58,0.17
2025,5,Maio,Autos,Hatch Médios,1,HONDA/CIVIC TYPE-R,2,43.02
2025,5,Maio,Autos,Hatch Médios,2,AUDI/A3,4,23.26
2025,5,Maio,Autos,Hatch Médios,3,TOYOTA/COROLLA GR,2,13.37
2025,5,Maio,Autos,Hatch Médios,4,M.BENZ/A45 AMG,3,5.23
2025,5,Maio,Autos,Hatch Médios,5,BMW/118I,1,4.07
2025,5,Maio,Autos,Hatch Médios,6,M.BENZ/CLASSE A,0,3.49
2025,5,Maio,Autos,Sedans Pequenos,1,HYUNDAI/HB20S,4421,50.09
2025,5,Maio,Autos,Sedans Pequenos,2,FIAT/CRONOS,2677,49.86
2025,5,Maio,Autos,Sedans Pequenos,3,RENAULT/LOGAN,2,0.02
2025,5,Maio,Autos,Sedans Pequenos,4,VW/VOYAGE,0,0.01
2025,5,Maio,Autos,Sedans Pequenos,5,FIAT/SIENA,1,0
2025,5,Maio,Autos,Sedans Pequenos,6,TOYOTA/ETIOS SEDAN,0,0
2025,5,Maio,Autos,Sedans Compactos,1,GM/ONIX PLUS,3924,38.74
2025,5,Maio,Autos,Sedans Compactos,2,VW/VIRTUS,3317,28.85
2025,5,Maio,Autos,Sedans Compactos,3,HONDA/CITY,1301,14.81
2025,5,Maio,Autos,Sedans Compactos,4,NISSAN/VERSA,562,9.47
2025,5,Maio,Autos,Sedans Compactos,5,TOYOTA/YARIS SEDAN,266,8.12
2025,5,Maio,Autos,Sedans Compactos,6,GM/COBALT,0,0.01
2025,5,Maio,Autos,Sedans médios,1,TOYOTA/COROLLA,3233,57.6
2025,5,Maio,Autos,Sedans médios,2,BYD/KING,802,20.42
2025,5,Maio,Autos,Sedans médios,3,NISSAN/SENTRA,538,7.45
2025,5,Maio,Autos,Sedans médios,4,BYD/SEAL,387,4.1
2025,5,Maio,Autos,Sedans médios,5,HONDA/CIVIC,3,3.54
2025,5,Maio,Autos,Sedans médios,6,CAOA CHERY/ARRIZO 6,201,2.7
2025,5,Maio,Autos,Sedans médios,7,VW/JETTA,5,1.64
2025,5,Maio,Autos,Sedans médios,8,AUDI/A3 SEDAN,47,0.82
2025,5,Maio,Autos,Sedans médios,9,M.BENZ/CLA200,76,0.82
2025,5,Maio,Autos,Sedans médios,10,AUDI/A5,7,0.4
2025,5,Maio,Autos,Sedans médios,11,BMW/420I,12,0.14
2025,5,Maio,Autos,Sedans médios,12,M.BENZ/AMG C63S,9,0.12
2025,5,Maio,Autos,Sedans médios,13,M.BENZ/CLA35,4,0.11
2025,5,Maio,Autos,Sedans médios,14,M.BENZ/CLA45,1,0.07
2025,5,Maio,Autos,Sedans médios,15,BMW/218I,2,0.02
2025,5,Maio,Autos,Sedans médios,16,GM/CRUZE SEDAN,1,0.01
2025,5,Maio,Autos,Sedans médios,17,FORD/DEL REY,0,0.01
2025,5,Maio,Autos,Sedans médios,18,KIA/CERATO,0,0
2025,5,Maio,Autos,Sedans médios,19,M.BENZ/CLASSE C,0,0
2025,5,Maio,Autos,Sedans médios,20,TESLA/MODEL 3,0,0
2025,5,Maio,Autos,Sedans médios,21,BAIC/EU5,1,0
2025,5,Maio,Autos,Sedans Grandes,1,BMW/320I,387,51.29
2025,5,Maio,Autos,Sedans Grandes,2,M.BENZ/CLASSE C,123,17.65
2025,5,Maio,Autos,Sedans Grandes,3,PORSCHE/PANAMERA,27,6.22
2025,5,Maio,Autos,Sedans Grandes,4,BMW/330E,37,4.96
2025,5,Maio,Autos,Sedans Grandes,5,HONDA/ACCORD,16,4.06
2025,5,Maio,Autos,Sedans Grandes,6,AUDI/A4,14,3.09
2025,5,Maio,Autos,Sedans Grandes,7,BMW/530E,16,2.35
2025,5,Maio,Autos,Sedans Grandes,8,ZEEKR/001,4,2.29
2025,5,Maio,Autos,Sedans Grandes,9,LEXUS/ES300,17,2.26
2025,5,Maio,Autos,Sedans Grandes,10,M.BENZ/CLASSE E,8,1.77
2025,5,Maio,Autos,Sedans Grandes,11,BMW/I4,0,0.81
2025,5,Maio,Autos,Sedans Grandes,12,M.BENZ/AMG GT63S,7,0.74
2025,5,Maio,Autos,Sw Grandes,1,AUDI/RS6 AVANT,7,96.97
2025,5,Maio,Autos,Sw Grandes,2,VW/QUANTUM,0,3.03
2025,5,Maio,Autos,Monocab,1,GM/BOLT,0,100.0
2025,5,Maio,Autos,Grandcab,1,GM/SPIN,2195,98.37
2025,5,Maio,Autos,Grandcab,2,KIA/CARNIVAL,3,1.43
2025,5,Maio,Autos,Grandcab,3,VW/ID.BUZZ,0,0.08
2025,5,Maio,Autos,Grandcab,4,TOYOTA/SIENNA,0,0.05
2025,5,Maio,Autos,Sports,1,PORSCHE/911,64,28.81
2025,5,Maio,Autos,Sports,2,FORD/MUSTANG,20,20.22
2025,5,Maio,Autos,Sports,3,PORSCHE/BOXSTER,43,17.27
2025,5,Maio,Autos,Sports,4,BMW/M2,1,7.36
2025,5,Maio,Autos,Sports,5,PORSCHE/CAYMAN,12,6.43
2025,5,Maio,Autos,Sports,6,BMW/M3,16,3.72
2025,5,Maio,Autos,Sports,7,DODGE/CHALLENGER,5,2.79
2025,5,Maio,Autos,Sports,8,GM/CORVETTE,5,2.79
2025,5,Maio,Autos,Sports,9,PORSCHE/TAYCAN,1,2.4
2025,5,Maio,Autos,Suv's,1,VW/T CROSS,9408,9.38
2025,5,Maio,Autos,Suv's,2,HONDA/HR-V,6406,6.75
2025,5,Maio,Autos,Suv's,3,HYUNDAI/CRETA,5333,6.47
2025,5,Maio,Autos,Suv's,4,TOYOTA/COROLLA CROSS,5513,6.47
2025,5,Maio,Autos,Suv's,5,JEEP/COMPASS,5687,6.01
2025,5,Maio,Autos,Suv's,6,GM/TRACKER,4331,5.81
2025,5,Maio,Autos,Suv's,7,FIAT/FASTBACK,4809,5.29
2025,5,Maio,Autos,Suv's,8,NISSAN/KICKS,3607,5.17
2025,5,Maio,Autos,Suv's,9,VW/NIVUS,4590,4.67
2025,5,Maio,Autos,Suv's,10,JEEP/RENEGADE,3641,4.51
2025,5,Maio,Autos,Suv's,11,FIAT/PULSE,3351,4.3
2025,5,Maio,Autos,Suv's,12,BYD/SONG,2899,3.84
2025,5,Maio,Autos,Suv's,13,CAOA CHERY/TIGGO 7,3211,3.03
2025,5,Maio,Autos,Suv's,14,GWM/HAVAL H6,2432,2.66
2025,5,Maio,Autos,Suv's,15,RENAULT/KARDIAN,1455,2.36
2025,5,Maio,Autos,Suv's,16,CITROEN/BASALT,1873,2.21
2025,5,Maio,Autos,Suv's,17,VW/TAOS,975,2.0
2025,5,Maio,Autos,Suv's,18,RENAULT/DUSTER,1321,1.87
2025,5,Maio,Autos,Suv's,19,TOYOTA/HILUX SW4,1330,1.82
2025,5,Maio,Autos,Suv's,20,CAOA CHERY/TIGGO 8,1483,1.67
2025,5,Maio,Autos,Suv's,21,JEEP/COMMANDER,1198,1.57
2025,5,Maio,Autos,Suv's,22,PEUGEOT/2008,1217,1.5
2025,5,Maio,Autos,Suv's,23,CAOA CHERY/TIGGO 5X,1257,1.25
2025,5,Maio,Autos,Suv's,24,MITSUBISHI/ECLIPSE CROSS,842,0.9
2025,5,Maio,Autos,Suv's,25,FORD/TERRITORY,188,0.59
2025,5,Maio,Autos,Suv's,26,CITROEN/C3 AIRCROSS,359,0.57
2025,5,Maio,Autos,Suv's,27,BMW/X1,463,0.54
2025,5,Maio,Autos,Suv's,28,VOLVO/EX30,429,0.45
2025,5,Maio,Autos,Suv's,29,BYD/YUAN,751,0.43
2025,5,Maio,Autos,Suv's,30,TOYOTA/RAV4,312,0.3
2025,5,Maio,Autos,Suv's,31,VOLVO/XC60,181,0.27
2025,5,Maio,Autos,Suv's,32,HONDA/ZR-V,215,0.26
2025,5,Maio,Autos,Suv's,33,MITSUBISHI/PAJERO,197,0.25
2025,5,Maio,Autos,Suv's,34,HYUNDAI/TUCSON,184,0.23
2025,5,Maio,Autos,Suv's,35,GWM/TANK 300,603,0.23
2025,5,Maio,Autos,Suv's,36,M.BENZ/GLC,220,0.22
2025,5,Maio,Autos,Suv's,37,GM/EQUINOX,120,0.22
2025,5,Maio,Autos,Suv's,38,GM/TRAILBLAZER,141,0.2
2025,5,Maio,Autos,Suv's,39,AUDI/Q3,106,0.19
2025,5,Maio,Autos,Suv's,40,PORSCHE/CAYENNE,189,0.19
2025,5,Maio,Com. Leves,Pick-up's Pequenas,1,FIAT/STRADA,11854,67.83
2025,5,Maio,Com. Leves,Pick-up's Pequenas,2,VW/SAVEIRO,5536,32.17
2025,5,Maio,Com. Leves,Pick-up's Pequenas,3,GM/MONTANA,0,0
2025,5,Maio,Com. Leves,Pick-up's Grandes,1,FIAT/TORO,4690,18.9
2025,5,Maio,Com. Leves,Pick-up's Grandes,2,TOYOTA/HILUX,4425,17.62
2025,5,Maio,Com. Leves,Pick-up's Grandes,3,FORD/RANGER,2670,12.35
2025,5,Maio,Com. Leves,Pick-up's Grandes,4,GM/S10,2770,10.6
2025,5,Maio,Com. Leves,Pick-up's Grandes,5,RAM/RAMPAGE,2182,8.94
2025,5,Maio,Com. Leves,Pick-up's Grandes,6,GM/MONTANA,1872,8.0
2025,5,Maio,Com. Leves,Pick-up's Grandes,7,RENAULT/OROCH,872,4.53
2025,5,Maio,Com. Leves,Pick-up's Grandes,8,FIAT/TITANO,657,3.62
2025,5,Maio,Com. Leves,Pick-up's Grandes,9,MITSUBISHI/L200,571,3.48
2025,5,Maio,Com. Leves,Pick-up's Grandes,10,NISSAN/FRONTIER,363,3.42
2025,5,Maio,Com. Leves,Pick-up's Grandes,11,MITSUBISHI/TRITON,892,2.67
2025,5,Maio,Com. Leves,Furgões,1,RENAULT/MASTER,1453,34.14
2025,5,Maio,Com. Leves,Furgões,2,FIAT/DUCATO,274,9.87
2025,5,Maio,Com. Leves,Furgões,3,FIAT/SCUDO,215,8.39
2025,5,Maio,Com. Leves,Furgões,4,HYUNDAI/HR,376,8.29
2025,5,Maio,Com. Leves,Furgões,5,FORD/TRANSIT,333,6.05
2025,5,Maio,Com. Leves,Furgões,6,KIA/K2500,255,5.61
2025,5,Maio,Com. Leves,Furgões,7,IVECO/DAILY,378,5.24
2025,5,Maio,Com. Leves,Furgões Pequenos,1,FIAT/FIORINO,2044,81.61
2025,5,Maio,Com. Leves,Furgões Pequenos,2,RENAULT/KANGOO,424,15.19
2025,5,Maio,Com. Leves,Furgões Pequenos,3,PEUGEOT/PARTNER,29,2.31
2025,5,Maio,Com. Leves,Furgões Pequenos,4,RENAULT/KANGOO E-TECH,0,0.53
2025,5,Maio,Caminhões,Semi-Leve,1,M.BENZ/SPRINTER 417,109,44.49
2025,5,Maio,Caminhões,Semi-Leve,2,M.BENZ/SPRINTER 517,6,24.03
2025,5,Maio,Caminhões,Semi-Leve,3,FOTON/AUMARK S 315,38,11.47
2025,5,Maio,Caminhões,Semi-Leve,4,IVECO/DAILY 45-170,2,10.3
2025,5,Maio,Caminhões,Semi-Leve,5,IVECO/DAILY 55C17,12,4.6
2025,5,Maio,Caminhões,Semi-Leve,6,TESLA/CYBERTRUCK,1,1.24
2025,5,Maio,Caminhões,Semi-Leve,7,M.BENZ/SPRINTER,3,0.66
2025,5,Maio,Caminhões,Semi-Leve,8,IVECO/DAILY 55-170,2,0.58
2025,5,Maio,Caminhões,Semi-Leve,9,IVECO/DAILY 65-170,0,0.58
2025,5,Maio,Caminhões,Semi-Leve,10,M.BENZ/SPRINTER 416,0,0.58
2025,5,Maio,Caminhões,Leve,1,VW TRUCK E BUS/9.180,198,42.72
2025,5,Maio,Caminhões,Leve,2,M.BENZ/ACCELO 817,8,23.41
2025,5,Maio,Caminhões,Leve,3,IVECO/TECTOR 9-190,27,7.49
2025,5,Maio,Caminhões,Leve,4,IVECO/DAILY 65-170,3,6.75
2025,5,Maio,Caminhões,Leve,5,FOTON/AUMARK S 715,10,3.15
2025,5,Maio,Caminhões,Leve,6,IVECO/DAILY 65-180,3,2.69
2025,5,Maio,Caminhões,Leve,7,M.BENZ/ACCELO 917,30,2.51
2025,5,Maio,Caminhões,Leve,8,VW TRUCK E BUS/6.170,7,2.24
2025,5,Maio,Caminhões,Leve,9,FOTON/AUMARK S 916,9,1.78
2025,5,Maio,Caminhões,Leve,10,JAC/IEV1200T,5,1.73
2025,5,Maio,Caminhões,Médio,1,VW TRUCK E BUS/11.180,589,40.21
2025,5,Maio,Caminhões,Médio,2,M.BENZ/ACCELO 1017,334,30.41
2025,5,Maio,Caminhões,Médio,3,VW TRUCK E BUS/13.180,7,5.46
2025,5,Maio,Caminhões,Médio,4,IVECO/TECTOR 11-190,57,5.41
2025,5,Maio,Caminhões,Médio,5,M.BENZ/ATEGO 1419,48,4.1
2025,5,Maio,Caminhões,Médio,6,M.BENZ/ACCELO 1117,133,3.94
2025,5,Maio,Caminhões,Médio,7,M.BENZ/ACCELO 1317,23,3.11
2025,5,Maio,Caminhões,Médio,8,FOTON/AUMARK S 1217A,3,2.27
2025,5,Maio,Caminhões,Médio,9,VW TRUCK E BUS/14.210,18,2.04
2025,5,Maio,Caminhões,Médio,10,VW TRUCK E BUS/E DELIVERY 1,23,0.8
2025,5,Maio,Caminhões,Semi-Pesado,1,VOLVO/VM 290,395,12.66
2025,5,Maio,Caminhões,Semi-Pesado,2,M.BENZ/ATEGO 1719,206,8.43
2025,5,Maio,Caminhões,Semi-Pesado,3,M.BENZ/ATEGO 2429,239,8.19
2025,5,Maio,Caminhões,Semi-Pesado,4,VW TRUCK E BUS/26.260,268,7.77
2025,5,Maio,Caminhões,Semi-Pesado,5,VW TRUCK E BUS/17.210,243,7.19
2025,5,Maio,Caminhões,Semi-Pesado,6,VW TRUCK E BUS/31.320,185,6.24
2025,5,Maio,Caminhões,Semi-Pesado,7,VOLVO/VM 360,162,5.33
2025,5,Maio,Caminhões,Semi-Pesado,8,VW TRUCK E BUS/26.320,145,4.81
2025,5,Maio,Caminhões,Semi-Pesado,9,VW TRUCK E BUS/18.260,117,4.44
2025,5,Maio,Caminhões,Semi-Pesado,10,M.BENZ/ATEGO 3033,126,4.4
2025,5,Maio,Caminhões,Pesado,1,VOLVO/FH 540,380,10.92
2025,5,Maio,Caminhões,Pesado,2,DAF/XF 530,263,7.65
2025,5,Maio,Caminhões,Pesado,3,VOLVO/FH 460,307,7.0
2025,5,Maio,Caminhões,Pesado,4,SCANIA/R 460,127,6.33
2025,5,Maio,Caminhões,Pesado,5,DAF/XF 480,189,4.69
2025,5,Maio,Caminhões,Pesado,6,VOLVO/FH 500,122,3.8
2025,5,Maio,Caminhões,Pesado,7,IVECO/S-WAY 480,148,3.77
2025,5,Maio,Caminhões,Pesado,8,SCANIA/R450,75,3.57
2025,5,Maio,Caminhões,Pesado,9,VOLVO/VM 360,142,3.42
2025,5,Maio,Caminhões,Pesado,10,M.BENZ/ACTROS 2548,137,3.04
2025,5,Maio,Motos,City,1,HONDA/CG 160,42478,56.85
2025,5,Maio,Motos,City,2,MOTTU/SPORT 110I,10893,10.54
2025,5,Maio,Motos,City,3,HONDA/CB 300F,5612,8.22
2025,5,Maio,Motos,City,4,YAMAHA/YBR 150,6063,7.35
2025,5,Maio,Motos,City,5,YAMAHA/FAZER 250,4067,5.19
2025,5,Maio,Motos,City,6,YAMAHA/FAZER 150,3442,4.94
2025,5,Maio,Motos,City,7,SHINERAY/XY 150,1832,2.38
2025,5,Maio,Motos,City,8,HAOJUE/DR160,426,0.61
2025,5,Maio,Motos,City,9,HAOJUE/DK150,264,0.57
2025,5,Maio,Motos,City,10,HAOJUE/DK160,496,0.55
2025,5,Maio,Motos,Custom,1,ROYAL ENFIELD/HUNTER 350,569,24.78
2025,5,Maio,Motos,Custom,2,ROYAL ENFIELD/SUPER METEOR 650,708,17.27
2025,5,Maio,Motos,Custom,3,ROYAL ENFIELD/METEOR,338,14.57
2025,5,Maio,Motos,Custom,4,ROYAL ENFIELD/CLASSIC 350,167,9.81
2025,5,Maio,Motos,Custom,5,ROYAL ENFIELD/SHOTGUN 650,334,9.73
2025,5,Maio,Motos,Custom,6,TRIUMPH/SCRAMBLER 400,276,7.81
2025,5,Maio,Motos,Custom,7,KAWASAKI/ELIMINATOR 500,92,2.85
2025,5,Maio,Motos,Custom,8,KAWASAKI/VULCAN S,59,2.41
2025,5,Maio,Motos,Custom,9,ZONTES/S350,49,1.01
2025,5,Maio,Motos,Custom,10,ROYAL ENFIELD/CONTINENTAL GT,13,0.98
2025,5,Maio,Motos,Trail/Fun,1,HONDA/NXR160,17992,46.18
2025,5,Maio,Motos,Trail/Fun,2,HONDA/XRE 300,4110,10.92
2025,5,Maio,Motos,Trail/Fun,3,YAMAHA/XTZ 250,3642,10.42
2025,5,Maio,Motos,Trail/Fun,4,HONDA/XRE 190,3498,9.34
2025,5,Maio,Motos,Trail/Fun,5,YAMAHA/CROSSER 150,2688,8.06
2025,5,Maio,Motos,Trail/Fun,6,SHINERAY/SHI 175,2716,7.52
2025,5,Maio,Motos,Trail/Fun,7,HONDA/XR 300L,1106,2.78
2025,5,Maio,Motos,Trail/Fun,8,AVELLOZ/AZ160,577,1.07
2025,5,Maio,Motos,Trail/Fun,9,BMW/G310 GS,181,0.66
2025,5,Maio,Motos,Trail/Fun,10,HAOJUE/NK 150,197,0.62
2025,5,Maio,Motos,Maxtrail,1,HONDA/NC 750X,370,13.05
2025,5,Maio,Motos,Maxtrail,2,TRIUMPH/TIGER 900,372,13.04
2025,5,Maio,Motos,Maxtrail,3,BMW/R1300GS,244,12.26
2025,5,Maio,Motos,Maxtrail,4,ROYAL ENFIELD/HIMALAYAN,555,12.18
2025,5,Maio,Motos,Maxtrail,5,HONDA/CB 500X,30,9.38
2025,5,Maio,Motos,Maxtrail,6,BMW/F900 GS,159,8.6
2025,5,Maio,Motos,Maxtrail,7,TRIUMPH/TIGER 1200,163,6.25
2025,5,Maio,Motos,Maxtrail,8,BMW/R1300GSA,459,4.41
2025,5,Maio,Motos,Maxtrail,9,KAWASAKI/VERSYS 650,85,3.47
2025,5,Maio,Motos,Maxtrail,10,TRIUMPH/TIGER SPORT 660,83,2.77
2025,5,Maio,Motos,Naked/Roadster,1,BAJAJ/DOMINAR D400,1038,25.31
2025,5,Maio,Motos,Naked/Roadster,2,YAMAHA/MT03,929,17.82
2025,5,Maio,Motos,Naked/Roadster,3,BAJAJ/DOMINAR D250,384,9.77
2025,5,Maio,Motos,Naked/Roadster,4,SHINERAY/XY 250,404,9.34
2025,5,Maio,Motos,Naked/Roadster,5,HONDA/CB 500,36,4.74
2025,5,Maio,Motos,Naked/Roadster,6,TRIUMPH/SPEED 400,206,4.29
2025,5,Maio,Motos,Naked/Roadster,7,KAWASAKI/Z900,240,4.17
2025,5,Maio,Motos,Naked/Roadster,8,YAMAHA/MT09,32,2.67
2025,5,Maio,Motos,Naked/Roadster,9,YAMAHA/MT07,31,2.27
2025,5,Maio,Motos,Naked/Roadster,10,KAWASAKI/Z500,98,2.18
2025,5,Maio,Motos,Scooter/Cub,1,HONDA/BIZ,23177,34.61
2025,5,Maio,Motos,Scooter/Cub,2,HONDA/POP 110I,20850,30.0
2025,5,Maio,Motos,Scooter/Cub,3,HONDA/PCX 160,4792,7.15
2025,5,Maio,Motos,Scooter/Cub,4,SHINERAY/XY 125,4101,5.36
2025,5,Maio,Motos,Scooter/Cub,5,HONDA/ELITE 125,2840,4.61
2025,5,Maio,Motos,Scooter/Cub,6,YAMAHA/NMAX,1977,3.37
2025,5,Maio,Motos,Scooter/Cub,7,SHINERAY/XY 50,1741,2.62
2025,5,Maio,Motos,Scooter/Cub,8,AVELLOZ/AZ1,1518,2.5
2025,5,Maio,Motos,Scooter/Cub,9,HONDA/ADV 160,1535,1.98
2025,5,Maio,Motos,Scooter/Cub,10,YAMAHA/FLUO 125,1361,1.93
2025,5,Maio,Motos,Sport,1,YAMAHA/YZF R15,834,57.42
2025,5,Maio,Motos,Sport,2,YAMAHA/YZF R3,161,10.49
2025,5,Maio,Motos,Sport,3,BMW/S1000 R,91,7.8
2025,5,Maio,Motos,Sport,4,KAWASAKI/NINJA 500,116,6.78
2025,5,Maio,Motos,Sport,5,KAWASAKI/NINJA ZX-6R,61,3.13
2025,5,Maio,Motos,Sport,6,KAWASAKI/NINJA ZX-4R,42,2.88
2025,5,Maio,Motos,Sport,7,KAWASAKI/NINJA 300,6,2.51
2025,5,Maio,Motos,Sport,8,HONDA/CBR 650R,14,2.12
2025,5,Maio,Motos,Sport,9,TRIUMPH/DAYTONA 660,52,1.73
2025,5,Maio,Motos,Sport,10,SUZUKI/GSX S1000 GT,1,0.89
2025,5,Maio,Motos,Touring,1,H.DAVIDSON/STREET GLIDE,37,46.71
2025,5,Maio,Motos,Touring,2,H.DAVIDSON/ROAD GLIDE,21,20.76
2025,5,Maio,Motos,Touring,3,HONDA/GOLDWING,5,12.8
2025,5,Maio,Motos,Touring,4,H.DAVIDSON/ULTRA LIMITED,0,7.96
2025,5,Maio,Motos,Touring,5,BMW/R1250 RT,0,5.54
2025,5,Maio,Motos,Touring,6,H.DAVIDSON/ROAD KING,0,3.81
2025,5,Maio,Motos,Touring,7,BMW/K 1600,0,2.08
2025,5,Maio,Motos,Touring,8,H.DAVIDSON/H.DAVIDSON FLHPI,0,0.35
2025,6,Junho,Autos,Veículos de Entrada,1,FIAT/MOBI,6347,55.73
2025,6,Junho,Autos,Veículos de Entrada,2,RENAULT/KWID,5324,44.24
2025,6,Junho,Autos,Veículos de Entrada,3,VW/GOL,2,0.02
2025,6,Junho,Autos,Veículos de Entrada,4,FIAT/UNO,1,0.01
2025,6,Junho,Autos,Veículos de Entrada,5,GM/CELTA,0,0.01
2025,6,Junho,Autos,Veículos de Entrada,6,GM/CHEVETTE,1,0
2025,6,Junho,Autos,Veículos de Entrada,7,VW/BRASILIA,0,0
2025,6,Junho,Autos,Veículos de Entrada,8,VW/UP,0,0
2025,6,Junho,Autos,Hatch Pequenos,1,VW/POLO,11492,26.46
2025,6,Junho,Autos,Hatch Pequenos,2,FIAT/ARGO,7235,20.56
2025,6,Junho,Autos,Hatch Pequenos,3,HYUNDAI/HB20,6917,17.05
2025,6,Junho,Autos,Hatch Pequenos,4,GM/ONIX,6782,15.9
2025,6,Junho,Autos,Hatch Pequenos,5,BYD/DOLPHIN MINI,1913,6.11
2025,6,Junho,Autos,Hatch Pequenos,6,HONDA/CITY HATCH,1205,3.42
2025,6,Junho,Autos,Hatch Pequenos,7,CITROEN/C3,1146,2.92
2025,6,Junho,Autos,Hatch Pequenos,8,BYD/DOLPHIN,1490,2.91
2025,6,Junho,Autos,Hatch Pequenos,9,PEUGEOT/208,796,1.94
2025,6,Junho,Autos,Hatch Pequenos,10,TOYOTA/YARIS HB,146,1.65
2025,6,Junho,Autos,Hatch Pequenos,11,GWM/ORA 03,183,0.63
2025,6,Junho,Autos,Hatch Pequenos,12,MINI/COOPER,6,0.17
2025,6,Junho,Autos,Hatch Médios,1,HONDA/CIVIC TYPE-R,10,40.0
2025,6,Junho,Autos,Hatch Médios,2,AUDI/A3,17,27.14
2025,6,Junho,Autos,Hatch Médios,3,TOYOTA/COROLLA GR,8,14.76
2025,6,Junho,Autos,Hatch Médios,4,M.BENZ/A45 AMG,2,5.24
2025,6,Junho,Autos,Hatch Médios,5,BMW/118I,0,3.33
2025,6,Junho,Autos,Hatch Médios,6,M.BENZ/CLASSE A,0,2.86
2025,6,Junho,Autos,Sedans Pequenos,1,HYUNDAI/HB20S,2241,50.62
2025,6,Junho,Autos,Sedans Pequenos,2,FIAT/CRONOS,1919,49.33
2025,6,Junho,Autos,Sedans Pequenos,3,RENAULT/LOGAN,0,0.02
2025,6,Junho,Autos,Sedans Pequenos,4,VW/VOYAGE,1,0.01
2025,6,Junho,Autos,Sedans Pequenos,5,FIAT/SIENA,0,0
2025,6,Junho,Autos,Sedans Pequenos,6,GM/PRISMA,1,0
2025,6,Junho,Autos,Sedans Pequenos,7,TOYOTA/ETIOS SEDAN,0,0
2025,6,Junho,Autos,Sedans Compactos,1,GM/ONIX PLUS,3494,38.24
2025,6,Junho,Autos,Sedans Compactos,2,VW/VIRTUS,3719,30.46
2025,6,Junho,Autos,Sedans Compactos,3,HONDA/CITY,1453,14.83
2025,6,Junho,Autos,Sedans Compactos,4,NISSAN/VERSA,949,9.52
2025,6,Junho,Autos,Sedans Compactos,5,TOYOTA/YARIS SEDAN,122,6.94
2025,6,Junho,Autos,Sedans Compactos,6,GM/COBALT,0,0.01
2025,6,Junho,Autos,Sedans médios,1,TOYOTA/COROLLA,3004,57.77
2025,6,Junho,Autos,Sedans médios,2,BYD/KING,797,19.64
2025,6,Junho,Autos,Sedans médios,3,NISSAN/SENTRA,524,7.9
2025,6,Junho,Autos,Sedans médios,4,BYD/SEAL,322,4.45
2025,6,Junho,Autos,Sedans médios,5,CAOA CHERY/ARRIZO 6,269,3.11
2025,6,Junho,Autos,Sedans médios,6,HONDA/CIVIC,31,3.07
2025,6,Junho,Autos,Sedans médios,7,VW/JETTA,23,1.44
2025,6,Junho,Autos,Sedans médios,8,M.BENZ/CLA200,7,0.93
2025,6,Junho,Autos,Sedans médios,9,AUDI/A3 SEDAN,4,0.83
2025,6,Junho,Autos,Sedans médios,10,AUDI/A5,5,0.35
2025,6,Junho,Autos,Sedans médios,11,BMW/420I,1,0.15
2025,6,Junho,Autos,Sedans médios,12,M.BENZ/AMG C63S,5,0.12
2025,6,Junho,Autos,Sedans médios,13,M.BENZ/CLA35,1,0.1
2025,6,Junho,Autos,Sedans médios,14,M.BENZ/CLA45,1,0.06
2025,6,Junho,Autos,Sedans médios,15,BMW/218I,0,0.02
2025,6,Junho,Autos,Sedans médios,16,GM/CRUZE SEDAN,0,0.01
2025,6,Junho,Autos,Sedans médios,17,BMW/M235I,2,0.01
2025,6,Junho,Autos,Sedans médios,18,FORD/DEL REY,0,0.01
2025,6,Junho,Autos,Sedans médios,19,GAC/AION ES,2,0.01
2025,6,Junho,Autos,Sedans médios,20,BMW/220,1,0
2025,6,Junho,Autos,Sedans médios,21,KIA/CERATO,0,0
2025,6,Junho,Autos,Sedans Grandes,1,BMW/320I,300,50.9
2025,6,Junho,Autos,Sedans Grandes,2,M.BENZ/CLASSE C,119,17.94
2025,6,Junho,Autos,Sedans Grandes,3,PORSCHE/PANAMERA,30,6.0
2025,6,Junho,Autos,Sedans Grandes,4,BMW/330E,51,5.52
2025,6,Junho,Autos,Sedans Grandes,5,HONDA/ACCORD,17,3.85
2025,6,Junho,Autos,Sedans Grandes,6,AUDI/A4,6,2.74
2025,6,Junho,Autos,Sedans Grandes,7,BMW/530E,16,2.39
2025,6,Junho,Autos,Sedans Grandes,8,LEXUS/ES300,10,2.15
2025,6,Junho,Autos,Sedans Grandes,9,ZEEKR/001,6,2.07
2025,6,Junho,Autos,Sedans Grandes,10,M.BENZ/CLASSE E,8,1.69
2025,6,Junho,Autos,Sedans Grandes,11,M.BENZ/AMG GT63S,13,0.97
2025,6,Junho,Autos,Sedans Grandes,12,BMW/I4,1,0.7
2025,6,Junho,Autos,Sw Grandes,1,AUDI/RS6 AVANT,18,98.04
2025,6,Junho,Autos,Sw Grandes,2,VW/QUANTUM,0,1.96
2025,6,Junho,Autos,Monocab,1,GM/BOLT,0,100.0
2025,6,Junho,Autos,Grandcab,1,GM/SPIN,1975,98.42
2025,6,Junho,Autos,Grandcab,2,KIA/CARNIVAL,27,1.42
2025,6,Junho,Autos,Grandcab,3,VW/ID.BUZZ,0,0.07
2025,6,Junho,Autos,Grandcab,4,TOYOTA/SIENNA,0,0.04
2025,6,Junho,Autos,Sports,1,PORSCHE/911,72,29.35
2025,6,Junho,Autos,Sports,2,FORD/MUSTANG,39,19.83
2025,6,Junho,Autos,Sports,3,PORSCHE/BOXSTER,34,16.99
2025,6,Junho,Autos,Sports,4,BMW/M2,20,7.6
2025,6,Junho,Autos,Sports,5,PORSCHE/CAYMAN,12,6.28
2025,6,Junho,Autos,Sports,6,BMW/M3,7,3.64
2025,6,Junho,Autos,Sports,7,DODGE/CHALLENGER,8,2.91
2025,6,Junho,Autos,Sports,8,GM/CORVETTE,4,2.64
2025,6,Junho,Autos,Sports,9,PORSCHE/TAYCAN,1,2.12
2025,6,Junho,Autos,Suv's,1,VW/T CROSS,8629,9.5
2025,6,Junho,Autos,Suv's,2,HONDA/HR-V,6179,6.83
2025,6,Junho,Autos,Suv's,3,HYUNDAI/CRETA,6415,6.65
2025,6,Junho,Autos,Suv's,4,TOYOTA/COROLLA CROSS,5335,6.42
2025,6,Junho,Autos,Suv's,5,JEEP/COMPASS,4546,5.87
2025,6,Junho,Autos,Suv's,6,GM/TRACKER,4993,5.81
2025,6,Junho,Autos,Suv's,7,FIAT/FASTBACK,4930,5.37
2025,6,Junho,Autos,Suv's,8,NISSAN/KICKS,3394,4.95
2025,6,Junho,Autos,Suv's,9,VW/NIVUS,4731,4.82
2025,6,Junho,Autos,Suv's,10,JEEP/RENEGADE,3411,4.41
2025,6,Junho,Autos,Suv's,11,FIAT/PULSE,3823,4.32
2025,6,Junho,Autos,Suv's,12,BYD/SONG,2805,3.73
2025,6,Junho,Autos,Suv's,13,CAOA CHERY/TIGGO 7,2589,3.03
2025,6,Junho,Autos,Suv's,14,GWM/HAVAL H6,2497,2.7
2025,6,Junho,Autos,Suv's,15,RENAULT/KARDIAN,1240,2.19
2025,6,Junho,Autos,Suv's,16,CITROEN/BASALT,1565,2.14
2025,6,Junho,Autos,Suv's,17,RENAULT/DUSTER,1426,1.83
2025,6,Junho,Autos,Suv's,18,VW/TAOS,889,1.82
2025,6,Junho,Autos,Suv's,19,TOYOTA/HILUX SW4,1343,1.77
2025,6,Junho,Autos,Suv's,20,CAOA CHERY/TIGGO 8,1062,1.59
2025,6,Junho,Autos,Suv's,21,JEEP/COMMANDER,1194,1.54
2025,6,Junho,Autos,Suv's,22,PEUGEOT/2008,869,1.41
2025,6,Junho,Autos,Suv's,23,CAOA CHERY/TIGGO 5X,822,1.2
2025,6,Junho,Autos,Suv's,24,MITSUBISHI/ECLIPSE CROSS,833,0.91
2025,6,Junho,Autos,Suv's,25,CITROEN/C3 AIRCROSS,636,0.6
2025,6,Junho,Autos,Suv's,26,VW/TERA,2555,0.59
2025,6,Junho,Autos,Suv's,27,BMW/X1,361,0.51
2025,6,Junho,Autos,Suv's,28,BYD/YUAN,743,0.51
2025,6,Junho,Autos,Suv's,29,FORD/TERRITORY,74,0.49
2025,6,Junho,Autos,Suv's,30,VOLVO/EX30,332,0.43
2025,6,Junho,Autos,Suv's,31,TOYOTA/RAV4,370,0.33
2025,6,Junho,Autos,Suv's,32,VOLVO/XC60,279,0.28
2025,6,Junho,Autos,Suv's,33,HONDA/ZR-V,235,0.26
2025,6,Junho,Autos,Suv's,34,GWM/TANK 300,341,0.26
2025,6,Junho,Autos,Suv's,35,MITSUBISHI/PAJERO,200,0.24
2025,6,Junho,Autos,Suv's,36,M.BENZ/GLC,178,0.22
2025,6,Junho,Autos,Suv's,37,HYUNDAI/TUCSON,140,0.22
2025,6,Junho,Autos,Suv's,38,FORD/BRONCO,378,0.21
2025,6,Junho,Autos,Suv's,39,GM/EQUINOX,107,0.2
2025,6,Junho,Autos,Suv's,40,GM/TRAILBLAZER,185,0.2
2025,6,Junho,Com. Leves,Pick-up's Pequenas,1,FIAT/STRADA,11474,68.26
2025,6,Junho,Com. Leves,Pick-up's Pequenas,2,VW/SAVEIRO,4849,31.73
2025,6,Junho,Com. Leves,Pick-up's Pequenas,3,GM/MONTANA,2,0
2025,6,Junho,Com. Leves,Pick-up's Grandes,1,FIAT/TORO,3414,18.49
2025,6,Junho,Com. Leves,Pick-up's Grandes,2,TOYOTA/HILUX,4576,18.35
2025,6,Junho,Com. Leves,Pick-up's Grandes,3,FORD/RANGER,2961,12.66
2025,6,Junho,Com. Leves,Pick-up's Grandes,4,GM/S10,2612,10.92
2025,6,Junho,Com. Leves,Pick-up's Grandes,5,RAM/RAMPAGE,2000,9.06
2025,6,Junho,Com. Leves,Pick-up's Grandes,6,GM/MONTANA,1690,8.03
2025,6,Junho,Com. Leves,Pick-up's Grandes,7,RENAULT/OROCH,907,4.5
2025,6,Junho,Com. Leves,Pick-up's Grandes,8,MITSUBISHI/L200,343,3.17
2025,6,Junho,Com. Leves,Pick-up's Grandes,9,FIAT/TITANO,170,3.16
2025,6,Junho,Com. Leves,Pick-up's Grandes,10,NISSAN/FRONTIER,313,3.1
2025,6,Junho,Com. Leves,Pick-up's Grandes,11,MITSUBISHI/TRITON,983,3.01
2025,6,Junho,Com. Leves,Furgões,1,RENAULT/MASTER,1080,34.01
2025,6,Junho,Com. Leves,Furgões,2,FIAT/DUCATO,150,9.11
2025,6,Junho,Com. Leves,Furgões,3,HYUNDAI/HR,349,8.64
2025,6,Junho,Com. Leves,Furgões,4,FIAT/SCUDO,144,7.82
2025,6,Junho,Com. Leves,Furgões,5,FORD/TRANSIT,167,5.92
2025,6,Junho,Com. Leves,Furgões,6,KIA/K2500,186,5.62
2025,6,Junho,Com. Leves,Furgões,7,IVECO/DAILY,221,5.46
2025,6,Junho,Com. Leves,Furgões Pequenos,1,FIAT/FIORINO,2224,81.94
2025,6,Junho,Com. Leves,Furgões Pequenos,2,RENAULT/KANGOO,418,15.29
2025,6,Junho,Com. Leves,Furgões Pequenos,3,PEUGEOT/PARTNER,3,2.08
2025,6,Junho,Com. Leves,Furgões Pequenos,4,RENAULT/KANGOO E-TECH,0,0.41
2025,6,Junho,Caminhões,Semi-Leve,1,M.BENZ/SPRINTER 417,106,43.78
2025,6,Junho,Caminhões,Semi-Leve,2,M.BENZ/SPRINTER 517,63,24.0
2025,6,Junho,Caminhões,Semi-Leve,3,FOTON/AUMARK S 315,39,12.0
2025,6,Junho,Caminhões,Semi-Leve,4,IVECO/DAILY 45-170,29,10.41
2025,6,Junho,Caminhões,Semi-Leve,5,IVECO/DAILY 55C17,1,4.53
2025,6,Junho,Caminhões,Semi-Leve,6,TESLA/CYBERTRUCK,0,1.04
2025,6,Junho,Caminhões,Semi-Leve,7,IVECO/DAILY 55-170,3,0.67
2025,6,Junho,Caminhões,Semi-Leve,8,M.BENZ/SPRINTER,0,0.55
2025,6,Junho,Caminhões,Semi-Leve,9,M.BENZ/SPRINTER 416,1,0.55
2025,6,Junho,Caminhões,Semi-Leve,10,IVECO/DAILY 65-170,0,0.49
2025,6,Junho,Caminhões,Leve,1,VW TRUCK E BUS/9.180,179,42.82
2025,6,Junho,Caminhões,Leve,2,M.BENZ/ACCELO 817,64,22.16
2025,6,Junho,Caminhões,Leve,3,IVECO/TECTOR 9-190,27,7.33
2025,6,Junho,Caminhões,Leve,4,IVECO/DAILY 65-170,17,6.34
2025,6,Junho,Caminhões,Leve,5,FOTON/AUMARK S 715,23,3.53
2025,6,Junho,Caminhões,Leve,6,M.BENZ/ACCELO 917,30,3.26
2025,6,Junho,Caminhões,Leve,7,JAC/IEV1200T,24,2.38
2025,6,Junho,Caminhões,Leve,8,IVECO/DAILY 65-180,1,2.3
2025,6,Junho,Caminhões,Leve,9,VW TRUCK E BUS/6.170,10,2.27
2025,6,Junho,Caminhões,Leve,10,FOTON/AUMARK S 916,1,1.92
2025,6,Junho,Caminhões,Médio,1,VW TRUCK E BUS/11.180,610,40.95
2025,6,Junho,Caminhões,Médio,2,M.BENZ/ACCELO 1017,269,28.41
2025,6,Junho,Caminhões,Médio,3,M.BENZ/ACCELO 1117,216,6.1
2025,6,Junho,Caminhões,Médio,4,VW TRUCK E BUS/13.180,82,5.55
2025,6,Junho,Caminhões,Médio,5,IVECO/TECTOR 11-190,59,5.2
2025,6,Junho,Caminhões,Médio,6,M.BENZ/ATEGO 1419,4,3.94
2025,6,Junho,Caminhões,Médio,7,M.BENZ/ACCELO 1317,20,2.8
2025,6,Junho,Caminhões,Médio,8,FOTON/AUMARK S 1217A,30,2.26
2025,6,Junho,Caminhões,Médio,9,VW TRUCK E BUS/14.210,16,1.88
2025,6,Junho,Caminhões,Médio,10,VW TRUCK E BUS/E DELIVERY 1,5,0.72
2025,6,Junho,Caminhões,Semi-Pesado,1,VOLVO/VM 290,326,12.54
2025,6,Junho,Caminhões,Semi-Pesado,2,M.BENZ/ATEGO 1719,254,8.57
2025,6,Junho,Caminhões,Semi-Pesado,3,VW TRUCK E BUS/26.260,273,8.12
2025,6,Junho,Caminhões,Semi-Pesado,4,M.BENZ/ATEGO 2429,187,7.97
2025,6,Junho,Caminhões,Semi-Pesado,5,VW TRUCK E BUS/17.210,299,7.79
2025,6,Junho,Caminhões,Semi-Pesado,6,VW TRUCK E BUS/31.320,188,6.34
2025,6,Junho,Caminhões,Semi-Pesado,7,VOLVO/VM 360,102,5.07
2025,6,Junho,Caminhões,Semi-Pesado,8,VW TRUCK E BUS/26.320,117,4.73
2025,6,Junho,Caminhões,Semi-Pesado,9,M.BENZ/ATEGO 3033,112,4.35
2025,6,Junho,Caminhões,Semi-Pesado,10,DAF/CF 310,114,4.33
2025,6,Junho,Caminhões,Pesado,1,VOLVO/FH 540,361,10.8
2025,6,Junho,Caminhões,Pesado,2,DAF/XF 530,249,7.55
2025,6,Junho,Caminhões,Pesado,3,VOLVO/FH 460,239,6.95
2025,6,Junho,Caminhões,Pesado,4,SCANIA/R 460,130,5.93
2025,6,Junho,Caminhões,Pesado,5,DAF/XF 480,181,4.74
2025,6,Junho,Caminhões,Pesado,6,VOLVO/FH 500,172,3.95
2025,6,Junho,Caminhões,Pesado,7,IVECO/S-WAY 480,148,3.83
2025,6,Junho,Caminhões,Pesado,8,SCANIA/R450,8,3.4
2025,6,Junho,Caminhões,Pesado,9,VOLVO/VM 360,109,3.37
2025,6,Junho,Caminhões,Pesado,10,M.BENZ/ACTROS 2548,127,3.11
2025,6,Junho,Motos,City,1,HONDA/CG 160,39039,56.72
2025,6,Junho,Motos,City,2,MOTTU/SPORT 110I,9418,11.07
2025,6,Junho,Motos,City,3,HONDA/CB 300F,4674,7.95
2025,6,Junho,Motos,City,4,YAMAHA/YBR 150,5663,7.49
2025,6,Junho,Motos,City,5,YAMAHA/FAZER 250,3808,5.24
2025,6,Junho,Motos,City,6,YAMAHA/FAZER 150,3220,4.89
2025,6,Junho,Motos,City,7,SHINERAY/XY 150,1594,2.36
2025,6,Junho,Motos,City,8,HAOJUE/DR160,385,0.6
2025,6,Junho,Motos,City,9,HAOJUE/DK160,547,0.59
2025,6,Junho,Motos,City,10,HAOJUE/DK150,93,0.49
2025,6,Junho,Motos,Custom,1,ROYAL ENFIELD/HUNTER 350,610,24.63
2025,6,Junho,Motos,Custom,2,ROYAL ENFIELD/SUPER METEOR 650,466,17.43
2025,6,Junho,Motos,Custom,3,ROYAL ENFIELD/METEOR,373,14.58
2025,6,Junho,Motos,Custom,4,ROYAL ENFIELD/SHOTGUN 650,306,10.1
2025,6,Junho,Motos,Custom,5,ROYAL ENFIELD/CLASSIC 350,111,8.91
2025,6,Junho,Motos,Custom,6,TRIUMPH/SCRAMBLER 400,230,8.0
2025,6,Junho,Motos,Custom,7,KAWASAKI/ELIMINATOR 500,65,2.8
2025,6,Junho,Motos,Custom,8,KAWASAKI/VULCAN S,61,2.41
2025,6,Junho,Motos,Custom,9,ZONTES/S350,52,1.18
2025,6,Junho,Motos,Custom,10,ROYAL ENFIELD/CONTINENTAL GT,10,0.88
2025,6,Junho,Motos,Trail/Fun,1,HONDA/NXR160,17035,46.4
2025,6,Junho,Motos,Trail/Fun,2,HONDA/XRE 300,4033,10.97
2025,6,Junho,Motos,Trail/Fun,3,YAMAHA/XTZ 250,3361,10.22
2025,6,Junho,Motos,Trail/Fun,4,HONDA/XRE 190,3476,9.4
2025,6,Junho,Motos,Trail/Fun,5,YAMAHA/CROSSER 150,2542,7.88
2025,6,Junho,Motos,Trail/Fun,6,SHINERAY/SHI 175,2450,7.39
2025,6,Junho,Motos,Trail/Fun,7,HONDA/XR 300L,1063,2.81
2025,6,Junho,Motos,Trail/Fun,8,AVELLOZ/AZ160,522,1.14
2025,6,Junho,Motos,Trail/Fun,9,BMW/G310 GS,146,0.62
2025,6,Junho,Motos,Trail/Fun,10,HAOJUE/NK 150,173,0.6
2025,6,Junho,Motos,Maxtrail,1,ROYAL ENFIELD/HIMALAYAN,634,14.32
2025,6,Junho,Motos,Maxtrail,2,HONDA/NC 750X,333,12.84
2025,6,Junho,Motos,Maxtrail,3,TRIUMPH/TIGER 900,314,12.69
2025,6,Junho,Motos,Maxtrail,4,BMW/R1300GS,199,11.24
2025,6,Junho,Motos,Maxtrail,5,BMW/F900 GS,177,8.15
2025,6,Junho,Motos,Maxtrail,6,HONDA/CB 500X,19,7.63
2025,6,Junho,Motos,Maxtrail,7,TRIUMPH/TIGER 1200,166,6.19
2025,6,Junho,Motos,Maxtrail,8,BMW/R1300GSA,357,6.11
2025,6,Junho,Motos,Maxtrail,9,KAWASAKI/VERSYS 650,71,3.29
2025,6,Junho,Motos,Maxtrail,10,TRIUMPH/TIGER SPORT 660,101,2.95
2025,6,Junho,Motos,Naked/Roadster,1,BAJAJ/DOMINAR D400,895,24.99
2025,6,Junho,Motos,Naked/Roadster,2,YAMAHA/MT03,784,18.32
2025,6,Junho,Motos,Naked/Roadster,3,SHINERAY/XY 250,330,9.22
2025,6,Junho,Motos,Naked/Roadster,4,BAJAJ/DOMINAR D250,225,9.08
2025,6,Junho,Motos,Naked/Roadster,5,TRIUMPH/SPEED 400,184,4.39
2025,6,Junho,Motos,Naked/Roadster,6,KAWASAKI/Z900,191,4.32
2025,6,Junho,Motos,Naked/Roadster,7,HONDA/CB 500,20,3.98
2025,6,Junho,Motos,Naked/Roadster,8,BAJAJ/DOMINAR NS160,290,2.88
2025,6,Junho,Motos,Naked/Roadster,9,YAMAHA/MT07,142,2.54
2025,6,Junho,Motos,Naked/Roadster,10,YAMAHA/MT09,31,2.34
2025,6,Junho,Motos,Scooter/Cub,1,HONDA/BIZ,23192,34.97
2025,6,Junho,Motos,Scooter/Cub,2,HONDA/POP 110I,20109,30.31
2025,6,Junho,Motos,Scooter/Cub,3,HONDA/PCX 160,4075,7.03
2025,6,Junho,Motos,Scooter/Cub,4,SHINERAY/XY 125,3426,5.37
2025,6,Junho,Motos,Scooter/Cub,5,HONDA/ELITE 125,2305,4.45
2025,6,Junho,Motos,Scooter/Cub,6,YAMAHA/NMAX,1895,3.31
2025,6,Junho,Motos,Scooter/Cub,7,SHINERAY/XY 50,1565,2.59
2025,6,Junho,Motos,Scooter/Cub,8,AVELLOZ/AZ1,1427,2.46
2025,6,Junho,Motos,Scooter/Cub,9,HONDA/ADV 160,1470,2.04
2025,6,Junho,Motos,Scooter/Cub,10,YAMAHA/FLUO 125,1172,1.92
2025,6,Junho,Motos,Sport,1,YAMAHA/YZF R15,663,56.49
2025,6,Junho,Motos,Sport,2,YAMAHA/YZF R3,145,10.63
2025,6,Junho,Motos,Sport,3,BMW/S1000 R,106,7.88
2025,6,Junho,Motos,Sport,4,KAWASAKI/NINJA 500,108,7.06
2025,6,Junho,Motos,Sport,5,KAWASAKI/NINJA ZX-6R,64,3.45
2025,6,Junho,Motos,Sport,6,KAWASAKI/NINJA ZX-4R,52,3.08
2025,6,Junho,Motos,Sport,7,KAWASAKI/NINJA 300,2,2.38
2025,6,Junho,Motos,Sport,8,TRIUMPH/DAYTONA 660,40,1.97
2025,6,Junho,Motos,Sport,9,HONDA/CBR 650R,7,1.85
2025,6,Junho,Motos,Sport,10,SUZUKI/GSX S1000 GT,18,0.98
2025,6,Junho,Motos,Touring,1,H.DAVIDSON/STREET GLIDE,25,46.65
2025,6,Junho,Motos,Touring,2,H.DAVIDSON/ROAD GLIDE,25,24.78
2025,6,Junho,Motos,Touring,3,HONDA/GOLDWING,2,11.37
2025,6,Junho,Motos,Touring,4,H.DAVIDSON/ULTRA LIMITED,0,6.71
2025,6,Junho,Motos,Touring,5,BMW/R1250 RT,0,4.66
2025,6,Junho,Motos,Touring,6,H.DAVIDSON/ROAD KING,0,3.21
2025,6,Junho,Motos,Touring,7,BMW/K 1600,2,2.33
2025,6,Junho,Motos,Touring,8,H.DAVIDSON/H.DAVIDSON FLHPI,0,0.29
2025,7,Julho,Autos,Veículos de Entrada,1,FIAT/MOBI,8099,57.84
2025,7,Julho,Autos,Veículos de Entrada,2,RENAULT/KWID,3726,42.13
2025,7,Julho,Autos,Veículos de Entrada,3,VW/GOL,2,0.02
2025,7,Julho,Autos,Veículos de Entrada,4,FIAT/UNO,1,0.01
2025,7,Julho,Autos,Veículos de Entrada,5,GM/CELTA,0,0
2025,7,Julho,Autos,Veículos de Entrada,6,GM/CHEVETTE,0,0
2025,7,Julho,Autos,Veículos de Entrada,7,VW/BRASILIA,0,0
2025,7,Julho,Autos,Veículos de Entrada,8,VW/UP,0,0
2025,7,Julho,Autos,Veículos de Entrada,9,VW/POLO,12940,26.93
2025,7,Julho,Autos,Veículos de Entrada,10,FIAT/ARGO,9966,20.89
2025,7,Julho,Autos,Veículos de Entrada,11,HYUNDAI/HB20,5519,16.27
2025,7,Julho,Autos,Veículos de Entrada,12,GM/ONIX,7689,16.15
2025,7,Julho,Autos,Veículos de Entrada,13,BYD/DOLPHIN MINI,3011,6.23
2025,7,Julho,Autos,Veículos de Entrada,14,HONDA/CITY HATCH,1427,3.39
2025,7,Julho,Autos,Veículos de Entrada,15,BYD/DOLPHIN,1305,2.91
2025,7,Julho,Autos,Veículos de Entrada,16,CITROEN/C3,1086,2.84
2025,7,Julho,Autos,Veículos de Entrada,17,PEUGEOT/208,865,1.95
2025,7,Julho,Autos,Veículos de Entrada,18,TOYOTA/YARIS HB,16,1.37
2025,7,Julho,Autos,Veículos de Entrada,19,GWM/ORA 03,191,0.6
2025,7,Julho,Autos,Veículos de Entrada,20,MINI/COOPER,71,0.17
2025,7,Julho,Autos,Veículos de Entrada,21,HONDA/CIVIC TYPE-R,12,36.36
2025,7,Julho,Autos,Veículos de Entrada,22,AUDI/A3,28,32.2
2025,7,Julho,Autos,Veículos de Entrada,23,TOYOTA/COROLLA GR,12,16.29
2025,7,Julho,Autos,Veículos de Entrada,24,M.BENZ/A45 AMG,1,4.55
2025,7,Julho,Autos,Veículos de Entrada,25,BMW/118I,0,2.65
2025,7,Julho,Autos,Veículos de Entrada,26,M.BENZ/CLASSE A,0,2.27
2025,7,Julho,Autos,Sedans Pequenos,1,HYUNDAI/HB20S,2638,51.62
2025,7,Julho,Autos,Sedans Pequenos,2,FIAT/CRONOS,1894,48.32
2025,7,Julho,Autos,Sedans Pequenos,3,FIAT/SIENA,5,0.02
2025,7,Julho,Autos,Sedans Pequenos,4,RENAULT/LOGAN,0,0.02
2025,7,Julho,Autos,Sedans Pequenos,5,VW/VOYAGE,1,0.01
2025,7,Julho,Autos,Sedans Pequenos,6,GM/PRISMA,0,0
2025,7,Julho,Autos,Sedans Pequenos,7,TOYOTA/ETIOS SEDAN,0,0
2025,7,Julho,Autos,Sedans Pequenos,8,GM/ONIX PLUS,3108,37.45
2025,7,Julho,Autos,Sedans Pequenos,9,VW/VIRTUS,3863,31.93
2025,7,Julho,Autos,Sedans Pequenos,10,HONDA/CITY,1565,15.07
2025,7,Julho,Autos,Sedans Pequenos,11,NISSAN/VERSA,930,9.56
2025,7,Julho,Autos,Sedans Pequenos,12,TOYOTA/YARIS SEDAN,31,5.98
2025,7,Julho,Autos,Sedans Pequenos,13,GM/COBALT,0,0
2025,7,Julho,Autos,Sedans médios,1,TOYOTA/COROLLA,3170,58.2
2025,7,Julho,Autos,Sedans médios,2,BYD/KING,964,19.48
2025,7,Julho,Autos,Sedans médios,3,NISSAN/SENTRA,401,7.87
2025,7,Julho,Autos,Sedans médios,4,BYD/SEAL,300,4.63
2025,7,Julho,Autos,Sedans médios,5,CAOA CHERY/ARRIZO 6,126,3.01
2025,7,Julho,Autos,Sedans médios,6,HONDA/CIVIC,2,2.7
2025,7,Julho,Autos,Sedans médios,7,VW/JETTA,14,1.28
2025,7,Julho,Autos,Sedans médios,8,M.BENZ/CLA200,98,1.07
2025,7,Julho,Autos,Sedans médios,9,AUDI/A3 SEDAN,56,0.86
2025,7,Julho,Autos,Sedans médios,10,AUDI/A5,7,0.32
2025,7,Julho,Autos,Sedans médios,11,BMW/420I,24,0.2
2025,7,Julho,Autos,Sedans médios,12,M.BENZ/AMG C63S,4,0.11
2025,7,Julho,Autos,Sedans médios,13,M.BENZ/CLA35,2,0.09
2025,7,Julho,Autos,Sedans médios,14,M.BENZ/CLA45,1,0.05
2025,7,Julho,Autos,Sedans médios,15,GAC/AION ES,9,0.03
2025,7,Julho,Autos,Sedans médios,16,BMW/220,8,0.02
2025,7,Julho,Autos,Sedans médios,17,BMW/M235I,7,0.02
2025,7,Julho,Autos,Sedans médios,18,BMW/218I,0,0.02
2025,7,Julho,Autos,Sedans médios,19,GM/CRUZE SEDAN,1,0.01
2025,7,Julho,Autos,Sedans médios,20,FORD/DEL REY,0,0.01
2025,7,Julho,Autos,Sedans médios,21,JAC/E-J7,1,0.01
2025,7,Julho,Autos,Sedans médios,22,BMW/320I,352,51.39
2025,7,Julho,Autos,Sedans médios,23,M.BENZ/CLASSE C,133,18.32
2025,7,Julho,Autos,Sedans médios,24,PORSCHE/PANAMERA,37,5.95
2025,7,Julho,Autos,Sedans médios,25,BMW/330E,35,5.5
2025,7,Julho,Autos,Sedans médios,26,HONDA/ACCORD,18,3.69
2025,7,Julho,Autos,Sedans médios,27,AUDI/A4,1,2.36
2025,7,Julho,Autos,Sedans médios,28,BMW/530E,1,2.29
2025,7,Julho,Autos,Sedans médios,29,LEXUS/ES300,15,2.18
2025,7,Julho,Autos,Sedans médios,30,ZEEKR/001,8,1.95
2025,7,Julho,Autos,Sedans médios,31,M.BENZ/CLASSE E,2,1.49
2025,7,Julho,Autos,Sedans médios,32,M.BENZ/AMG GT63S,10,1.05
2025,7,Julho,Autos,Sedans médios,33,BMW/I4,6,0.73
2025,7,Julho,Autos,Sw Grandes,1,AUDI/RS6 AVANT,12,98.41
2025,7,Julho,Autos,Sw Grandes,2,VW/QUANTUM,0,1.59
2025,7,Julho,Autos,Sw Grandes,3,GM/BOLT,1,75.0
2025,7,Julho,Autos,Sw Grandes,4,FIAT/DOBLO,1,25.0
2025,7,Julho,Autos,Grandcab,1,GM/SPIN,1942,98.34
2025,7,Julho,Autos,Grandcab,2,KIA/CARNIVAL,23,1.38
2025,7,Julho,Autos,Grandcab,3,VW/ID.BUZZ,16,0.18
2025,7,Julho,Autos,Grandcab,4,TOYOTA/SIENNA,1,0.04
2025,7,Julho,Autos,Grandcab,5,PORSCHE/911,92,29.86
2025,7,Julho,Autos,Grandcab,6,FORD/MUSTANG,62,20.17
2025,7,Julho,Autos,Grandcab,7,PORSCHE/BOXSTER,35,16.27
2025,7,Julho,Autos,Grandcab,8,BMW/M2,35,8.36
2025,7,Julho,Autos,Grandcab,9,PORSCHE/CAYMAN,15,6.13
2025,7,Julho,Autos,Grandcab,10,BMW/M3,13,3.79
2025,7,Julho,Autos,Grandcab,11,GM/CORVETTE,9,2.73
2025,7,Julho,Autos,Grandcab,12,DODGE/CHALLENGER,2,2.56
2025,7,Julho,Autos,Grandcab,13,M.BENZ/SL63S,6,2.06
2025,7,Julho,Autos,Suv's,1,VW/T CROSS,9022,9.36
2025,7,Julho,Autos,Suv's,2,HYUNDAI/CRETA,7856,6.82
2025,7,Julho,Autos,Suv's,3,TOYOTA/COROLLA CROSS,6866,6.46
2025,7,Julho,Autos,Suv's,4,HONDA/HR-V,4086,6.31
2025,7,Julho,Autos,Suv's,5,GM/TRACKER,6974,5.98
2025,7,Julho,Autos,Suv's,6,JEEP/COMPASS,4935,5.68
2025,7,Julho,Autos,Suv's,7,FIAT/FASTBACK,6207,5.48
2025,7,Julho,Autos,Suv's,8,NISSAN/KICKS,6341,5.16
2025,7,Julho,Autos,Suv's,9,VW/NIVUS,5777,4.96
2025,7,Julho,Autos,Suv's,10,FIAT/PULSE,4836,4.39
2025,7,Julho,Autos,Suv's,11,JEEP/RENEGADE,3711,4.26
2025,7,Julho,Autos,Suv's,12,BYD/SONG,3164,3.61
2025,7,Julho,Autos,Suv's,13,CAOA CHERY/TIGGO 7,3721,3.13
2025,7,Julho,Autos,Suv's,14,GWM/HAVAL H6,3339,2.8
2025,7,Julho,Autos,Suv's,15,CITROEN/BASALT,1613,2.03
2025,7,Julho,Autos,Suv's,16,RENAULT/KARDIAN,1332,2.03
2025,7,Julho,Autos,Suv's,17,RENAULT/DUSTER,1851,1.83
2025,7,Julho,Autos,Suv's,18,TOYOTA/HILUX SW4,1500,1.71
2025,7,Julho,Autos,Suv's,19,VW/TAOS,882,1.65
2025,7,Julho,Autos,Suv's,20,CAOA CHERY/TIGGO 8,1440,1.56
2025,7,Julho,Autos,Suv's,21,JEEP/COMMANDER,1312,1.49
2025,7,Julho,Autos,Suv's,22,PEUGEOT/2008,944,1.32
2025,7,Julho,Autos,Suv's,23,CAOA CHERY/TIGGO 5X,1434,1.23
2025,7,Julho,Autos,Suv's,24,VW/TERA,3244,1.05
2025,7,Julho,Autos,Suv's,25,MITSUBISHI/ECLIPSE CROSS,1096,0.94
2025,7,Julho,Autos,Suv's,26,CITROEN/C3 AIRCROSS,542,0.59
2025,7,Julho,Autos,Suv's,27,FORD/TERRITORY,916,0.57
2025,7,Julho,Autos,Suv's,28,BYD/YUAN,860,0.56
2025,7,Julho,Autos,Suv's,29,BMW/X1,542,0.52
2025,7,Julho,Autos,Suv's,30,VOLVO/EX30,203,0.39
2025,7,Julho,Autos,Suv's,31,TOYOTA/RAV4,325,0.32
2025,7,Julho,Autos,Suv's,32,VOLVO/XC60,318,0.29
2025,7,Julho,Autos,Suv's,33,GWM/TANK 300,396,0.28
2025,7,Julho,Autos,Suv's,34,FORD/BRONCO,551,0.27
2025,7,Julho,Autos,Suv's,35,HONDA/ZR-V,259,0.26
2025,7,Julho,Autos,Suv's,36,MITSUBISHI/PAJERO,165,0.23
2025,7,Julho,Autos,Suv's,37,OMODA JAECOO/JAECOO 7,620,0.23
2025,7,Julho,Autos,Suv's,38,GM/TRAILBLAZER,238,0.21
2025,7,Julho,Autos,Suv's,39,M.BENZ/GLC,117,0.2
2025,7,Julho,Autos,Suv's,40,HYUNDAI/TUCSON,100,0.2
2025,7,Julho,Com. Leves,Pick-up's Pequenas,1,FIAT/STRADA,12895,68.45
2025,7,Julho,Com. Leves,Pick-up's Pequenas,2,VW/SAVEIRO,5696,31.55
2025,7,Julho,Com. Leves,Pick-up's Pequenas,3,GM/MONTANA,0,0
2025,7,Julho,Com. Leves,Pick-up's Pequenas,4,TOYOTA/HILUX,5370,19.13
2025,7,Julho,Com. Leves,Pick-up's Pequenas,5,FIAT/TORO,3985,18.33
2025,7,Julho,Com. Leves,Pick-up's Pequenas,6,FORD/RANGER,3104,12.8
2025,7,Julho,Com. Leves,Pick-up's Pequenas,7,GM/S10,2649,11.02
2025,7,Julho,Com. Leves,Pick-up's Pequenas,8,RAM/RAMPAGE,1976,8.99
2025,7,Julho,Com. Leves,Pick-up's Pequenas,9,GM/MONTANA,1655,7.9
2025,7,Julho,Com. Leves,Pick-up's Pequenas,10,RENAULT/OROCH,940,4.44
2025,7,Julho,Com. Leves,Pick-up's Pequenas,11,MITSUBISHI/TRITON,1058,3.25
2025,7,Julho,Com. Leves,Pick-up's Pequenas,12,FIAT/TITANO,415,2.95
2025,7,Julho,Com. Leves,Pick-up's Pequenas,13,MITSUBISHI/L200,244,2.85
2025,7,Julho,Com. Leves,Pick-up's Pequenas,14,NISSAN/FRONTIER,267,2.8
2025,7,Julho,Com. Leves,Pick-up's Pequenas,15,RENAULT/MASTER,1509,34.14
2025,7,Julho,Com. Leves,Pick-up's Pequenas,16,HYUNDAI/HR,338,8.51
2025,7,Julho,Com. Leves,Pick-up's Pequenas,17,FIAT/DUCATO,182,8.32
2025,7,Julho,Com. Leves,Pick-up's Pequenas,18,FIAT/SCUDO,317,7.74
2025,7,Julho,Com. Leves,Pick-up's Pequenas,19,FORD/TRANSIT,307,6.11
2025,7,Julho,Com. Leves,Pick-up's Pequenas,20,IVECO/DAILY,350,5.89
2025,7,Julho,Com. Leves,Pick-up's Pequenas,21,KIA/K2500,172,5.36
2025,7,Julho,Com. Leves,Furgões Pequenos,1,FIAT/FIORINO,1799,81.08
2025,7,Julho,Com. Leves,Furgões Pequenos,2,RENAULT/KANGOO,498,16.25
2025,7,Julho,Com. Leves,Furgões Pequenos,3,PEUGEOT/PARTNER,49,2.08
2025,7,Julho,Com. Leves,Furgões Pequenos,4,RENAULT/KANGOO E-TECH,0,0.35
2025,7,Julho,Caminhões,Semi-Leve,1,M.BENZ/SPRINTER 417,116,43.01
2025,7,Julho,Caminhões,Semi-Leve,2,M.BENZ/SPRINTER 517,74,24.12
2025,7,Julho,Caminhões,Semi-Leve,3,FOTON/AUMARK S 315,45,12.47
2025,7,Julho,Caminhões,Semi-Leve,4,IVECO/DAILY 45-170,31,10.4
2025,7,Julho,Caminhões,Semi-Leve,5,IVECO/DAILY 55C17,15,4.61
2025,7,Julho,Caminhões,Semi-Leve,6,TESLA/CYBERTRUCK,2,0.98
2025,7,Julho,Caminhões,Semi-Leve,7,IVECO/DAILY 55-170,3,0.72
2025,7,Julho,Caminhões,Semi-Leve,8,M.BENZ/SPRINTER,3,0.62
2025,7,Julho,Caminhões,Semi-Leve,9,M.BENZ/SPRINTER 416,1,0.52
2025,7,Julho,Caminhões,Semi-Leve,10,IVECO/DAILY,6,0.47
2025,7,Julho,Caminhões,Semi-Leve,11,VW TRUCK E BUS/9.180,162,41.91
2025,7,Julho,Caminhões,Semi-Leve,12,M.BENZ/ACCELO 817,80,21.56
2025,7,Julho,Caminhões,Semi-Leve,13,IVECO/TECTOR 9-190,59,8.2
2025,7,Julho,Caminhões,Semi-Leve,14,IVECO/DAILY 65-170,20,6.07
2025,7,Julho,Caminhões,Semi-Leve,15,M.BENZ/ACCELO 917,41,4.14
2025,7,Julho,Caminhões,Semi-Leve,16,FOTON/AUMARK S 715,31,4.04
2025,7,Julho,Caminhões,Semi-Leve,17,VW TRUCK E BUS/6.170,10,2.26
2025,7,Julho,Caminhões,Semi-Leve,18,JAC/IEV1200T,5,2.2
2025,7,Julho,Caminhões,Semi-Leve,19,IVECO/DAILY 65-180,1,2.0
2025,7,Julho,Caminhões,Semi-Leve,20,FOTON/AUMARK S 916,7,1.87
2025,7,Julho,Caminhões,Semi-Leve,21,VW TRUCK E BUS/11.180,706,41.37
2025,7,Julho,Caminhões,Semi-Leve,22,M.BENZ/ACCELO 1017,294,26.55
2025,7,Julho,Caminhões,Semi-Leve,23,M.BENZ/ACCELO 1117,271,7.98
2025,7,Julho,Caminhões,Semi-Leve,24,VW TRUCK E BUS/13.180,84,5.48
2025,7,Julho,Caminhões,Semi-Leve,25,IVECO/TECTOR 11-190,8,5.24
2025,7,Julho,Caminhões,Semi-Leve,26,M.BENZ/ATEGO 1419,59,3.88
2025,7,Julho,Caminhões,Semi-Leve,27,M.BENZ/ACCELO 1317,2,2.54
2025,7,Julho,Caminhões,Semi-Leve,28,FOTON/AUMARK S 1217A,37,2.26
2025,7,Julho,Caminhões,Semi-Leve,29,VW TRUCK E BUS/14.210,30,1.87
2025,7,Julho,Caminhões,Semi-Leve,30,VW TRUCK E BUS/E DELIVERY 1,9,0.69
2025,7,Julho,Caminhões,Semi-Pesado,1,VOLVO/VM 290,388,12.24
2025,7,Julho,Caminhões,Semi-Pesado,2,M.BENZ/ATEGO 1719,338,8.71
2025,7,Julho,Caminhões,Semi-Pesado,3,VW TRUCK E BUS/26.260,286,8.09
2025,7,Julho,Caminhões,Semi-Pesado,4,VW TRUCK E BUS/17.210,307,7.92
2025,7,Julho,Caminhões,Semi-Pesado,5,M.BENZ/ATEGO 2429,275,7.92
2025,7,Julho,Caminhões,Semi-Pesado,6,VW TRUCK E BUS/31.320,184,6.13
2025,7,Julho,Caminhões,Semi-Pesado,7,VOLVO/VM 360,200,5.16
2025,7,Julho,Caminhões,Semi-Pesado,8,VW TRUCK E BUS/26.320,210,4.92
2025,7,Julho,Caminhões,Semi-Pesado,9,M.BENZ/ATEGO 3033,165,4.39
2025,7,Julho,Caminhões,Semi-Pesado,10,DAF/CF 310,139,4.25
2025,7,Julho,Caminhões,Semi-Pesado,11,VOLVO/FH 540,400,10.49
2025,7,Julho,Caminhões,Semi-Pesado,12,DAF/XF 530,386,7.69
2025,7,Julho,Caminhões,Semi-Pesado,13,VOLVO/FH 460,361,7.1
2025,7,Julho,Caminhões,Semi-Pesado,14,SCANIA/R 460,208,5.72
2025,7,Julho,Caminhões,Semi-Pesado,15,DAF/XF 480,284,4.98
2025,7,Julho,Caminhões,Semi-Pesado,16,VOLVO/FH 500,191,3.98
2025,7,Julho,Caminhões,Semi-Pesado,17,IVECO/S-WAY 480,177,3.84
2025,7,Julho,Caminhões,Semi-Pesado,18,VOLVO/VM 360,148,3.35
2025,7,Julho,Caminhões,Semi-Pesado,19,SCANIA/R450,100,3.22
2025,7,Julho,Caminhões,Semi-Pesado,20,VW TRUCK E BUS/28.480,135,3.09
2025,7,Julho,Motos,City,1,HONDA/CG 160,43230,56.5
2025,7,Julho,Motos,City,2,MOTTU/SPORT 110I,9043,11.15
2025,7,Julho,Motos,City,3,YAMAHA/YBR 150,7733,7.88
2025,7,Julho,Motos,City,4,HONDA/CB 300F,5739,7.85
2025,7,Julho,Motos,City,5,YAMAHA/FAZER 250,4237,5.27
2025,7,Julho,Motos,City,6,YAMAHA/FAZER 150,3597,4.84
2025,7,Julho,Motos,City,7,SHINERAY/XY 150,1709,2.34
2025,7,Julho,Motos,City,8,HAOJUE/DK160,644,0.63
2025,7,Julho,Motos,City,9,HAOJUE/DR160,439,0.6
2025,7,Julho,Motos,City,10,HAOJUE/DK150,65,0.43
2025,7,Julho,Motos,City,11,ROYAL ENFIELD/HUNTER 350,423,23.54
2025,7,Julho,Motos,City,12,ROYAL ENFIELD/SUPER METEOR 650,639,18.55
2025,7,Julho,Motos,City,13,ROYAL ENFIELD/METEOR,396,14.74
2025,7,Julho,Motos,City,14,ROYAL ENFIELD/SHOTGUN 650,248,10.07
2025,7,Julho,Motos,City,15,TRIUMPH/SCRAMBLER 400,248,8.27
2025,7,Julho,Motos,City,16,ROYAL ENFIELD/CLASSIC 350,89,8.15
2025,7,Julho,Motos,City,17,KAWASAKI/ELIMINATOR 500,97,2.95
2025,7,Julho,Motos,City,18,KAWASAKI/VULCAN S,56,2.38
2025,7,Julho,Motos,City,19,ZONTES/S350,76,1.44
2025,7,Julho,Motos,City,20,TRIUMPH/SCRAMBLER 1200,18,0.85
2025,7,Julho,Motos,City,21,HONDA/NXR160,18988,46.67
2025,7,Julho,Motos,City,22,HONDA/XRE 300,3482,10.61
2025,7,Julho,Motos,City,23,YAMAHA/XTZ 250,3848,10.14
2025,7,Julho,Motos,City,24,HONDA/XRE 190,3612,9.36
2025,7,Julho,Motos,City,25,YAMAHA/CROSSER 150,2880,7.78
2025,7,Julho,Motos,City,26,SHINERAY/SHI 175,2900,7.38
2025,7,Julho,Motos,City,27,HONDA/XR 300L,1350,2.91
2025,7,Julho,Motos,City,28,AVELLOZ/AZ160,722,1.25
2025,7,Julho,Motos,City,29,BMW/G310 GS,216,0.6
2025,7,Julho,Motos,City,30,HAOJUE/NK 150,217,0.59
2025,7,Julho,Motos,Maxtrail,1,ROYAL ENFIELD/HIMALAYAN,991,17.18
2025,7,Julho,Motos,Maxtrail,2,HONDA/NC 750X,388,12.5
2025,7,Julho,Motos,Maxtrail,3,TRIUMPH/TIGER 900,293,11.83
2025,7,Julho,Motos,Maxtrail,4,BMW/R1300GS,248,10.41
2025,7,Julho,Motos,Maxtrail,5,BMW/F900 GS,170,7.49
2025,7,Julho,Motos,Maxtrail,6,BMW/R1300GSA,294,6.58
2025,7,Julho,Motos,Maxtrail,7,HONDA/CB 500X,10,6.16
2025,7,Julho,Motos,Maxtrail,8,TRIUMPH/TIGER 1200,173,5.95
2025,7,Julho,Motos,Maxtrail,9,KAWASAKI/VERSYS 650,113,3.28
2025,7,Julho,Motos,Maxtrail,10,TRIUMPH/TIGER SPORT 660,86,2.85
2025,7,Julho,Motos,Maxtrail,11,BAJAJ/DOMINAR D400,1046,24.47
2025,7,Julho,Motos,Maxtrail,12,YAMAHA/MT03,963,18.7
2025,7,Julho,Motos,Maxtrail,13,SHINERAY/XY 250,372,8.98
2025,7,Julho,Motos,Maxtrail,14,BAJAJ/DOMINAR D250,231,8.31
2025,7,Julho,Motos,Maxtrail,15,HONDA/CB 500,274,4.32
2025,7,Julho,Motos,Maxtrail,16,TRIUMPH/SPEED 400,165,4.23
2025,7,Julho,Motos,Maxtrail,17,KAWASAKI/Z900,176,4.21
2025,7,Julho,Motos,Maxtrail,18,BAJAJ/DOMINAR NS160,395,3.88
2025,7,Julho,Motos,Maxtrail,19,BAJAJ/DOMINAR NS200,314,3.03
2025,7,Julho,Motos,Maxtrail,20,YAMAHA/MT07,163,2.7
2025,7,Julho,Motos,Maxtrail,21,HONDA/BIZ,22470,35.06
2025,7,Julho,Motos,Maxtrail,22,HONDA/POP 110I,18624,30.2
2025,7,Julho,Motos,Maxtrail,23,HONDA/PCX 160,4812,7.11
2025,7,Julho,Motos,Maxtrail,24,SHINERAY/XY 125,3818,5.47
2025,7,Julho,Motos,Maxtrail,25,HONDA/ELITE 125,2548,4.39
2025,7,Julho,Motos,Maxtrail,26,YAMAHA/NMAX,2028,3.3
2025,7,Julho,Motos,Maxtrail,27,SHINERAY/XY 50,1747,2.62
2025,7,Julho,Motos,Maxtrail,28,AVELLOZ/AZ1,1597,2.47
2025,7,Julho,Motos,Maxtrail,29,HONDA/ADV 160,1537,2.09
2025,7,Julho,Motos,Maxtrail,30,YAMAHA/FLUO 125,1460,1.98
2025,7,Julho,Motos,Sport,1,YAMAHA/YZF R15,873,56.23
2025,7,Julho,Motos,Sport,2,YAMAHA/YZF R3,166,10.6
2025,7,Julho,Motos,Sport,3,BMW/S1000 R,115,7.77
2025,7,Julho,Motos,Sport,4,KAWASAKI/NINJA 500,119,7.14
2025,7,Julho,Motos,Sport,5,KAWASAKI/NINJA ZX-6R,68,3.6
2025,7,Julho,Motos,Sport,6,KAWASAKI/NINJA ZX-4R,6,3.27
2025,7,Julho,Motos,Sport,7,KAWASAKI/NINJA 300,32,2.32
2025,7,Julho,Motos,Sport,8,TRIUMPH/DAYTONA 660,42,2.09
2025,7,Julho,Motos,Sport,9,HONDA/CBR 650R,17,1.72
2025,7,Julho,Motos,Sport,10,SUZUKI/GSX S1000 GT,25,1.08
2025,7,Julho,Motos,Sport,11,H.DAVIDSON/STREET GLIDE,2,44.17
2025,7,Julho,Motos,Sport,12,H.DAVIDSON/ROAD GLIDE,36,29.37
2025,7,Julho,Motos,Sport,13,HONDA/GOLDWING,8,11.41
2025,7,Julho,Motos,Sport,14,H.DAVIDSON/ULTRA LIMITED,0,5.58
2025,7,Julho,Motos,Sport,15,BMW/R1250 RT,1,4.13
2025,7,Julho,Motos,Sport,16,H.DAVIDSON/ROAD KING,1,2.91
2025,7,Julho,Motos,Sport,17,BMW/K 1600,1,2.18
2025,7,Julho,Motos,Sport,18,H.DAVIDSON/H.DAVIDSON FLHPI,0,0.24
2025,8,Agosto,Autos,Veículos de Entrada,1,FIAT/MOBI,7045,57.91
2025,8,Agosto,Autos,Veículos de Entrada,2,RENAULT/KWID,5025,42.06
2025,8,Agosto,Autos,Veículos de Entrada,3,VW/GOL,1,0.02
2025,8,Agosto,Autos,Veículos de Entrada,4,FIAT/UNO,0,0.01
2025,8,Agosto,Autos,Veículos de Entrada,5,GM/CELTA,0,0
2025,8,Agosto,Autos,Veículos de Entrada,6,GM/CHEVETTE,0,0
2025,8,Agosto,Autos,Veículos de Entrada,7,FIAT/PALIO,1,0
2025,8,Agosto,Autos,Veículos de Entrada,8,VW/BRASILIA,0,0
2025,8,Agosto,Autos,Veículos de Entrada,9,VW/UP,0,0
2025,8,Agosto,Autos,Veículos de Entrada,10,VW/POLO,12908,27.24
2025,8,Agosto,Autos,Veículos de Entrada,11,FIAT/ARGO,10097,21.16
2025,8,Agosto,Autos,Veículos de Entrada,12,HYUNDAI/HB20,7590,16.39
2025,8,Agosto,Autos,Veículos de Entrada,13,GM/ONIX,5815,15.7
2025,8,Agosto,Autos,Veículos de Entrada,14,BYD/DOLPHIN MINI,3300,6.4
2025,8,Agosto,Autos,Veículos de Entrada,15,HONDA/CITY HATCH,1357,3.34
2025,8,Agosto,Autos,Veículos de Entrada,16,BYD/DOLPHIN,1311,2.92
2025,8,Agosto,Autos,Veículos de Entrada,17,CITROEN/C3,852,2.71
2025,8,Agosto,Autos,Veículos de Entrada,18,PEUGEOT/208,749,1.91
2025,8,Agosto,Autos,Veículos de Entrada,19,TOYOTA/YARIS HB,6,1.18
2025,8,Agosto,Autos,Veículos de Entrada,20,GWM/ORA 03,320,0.62
2025,8,Agosto,Autos,Veículos de Entrada,21,MINI/COOPER,85,0.17
2025,8,Agosto,Autos,Veículos de Entrada,22,AUDI/A3,34,37.19
2025,8,Agosto,Autos,Veículos de Entrada,23,HONDA/CIVIC TYPE-R,8,32.5
2025,8,Agosto,Autos,Veículos de Entrada,24,TOYOTA/COROLLA GR,13,17.19
2025,8,Agosto,Autos,Veículos de Entrada,25,M.BENZ/A45 AMG,1,4.06
2025,8,Agosto,Autos,Veículos de Entrada,26,BMW/118I,0,2.19
2025,8,Agosto,Autos,Veículos de Entrada,27,M.BENZ/CLASSE A,0,1.88
2025,8,Agosto,Autos,Sedans Pequenos,1,HYUNDAI/HB20S,2251,52.6
2025,8,Agosto,Autos,Sedans Pequenos,2,FIAT/CRONOS,1395,47.35
2025,8,Agosto,Autos,Sedans Pequenos,3,FIAT/SIENA,0,0.02
2025,8,Agosto,Autos,Sedans Pequenos,4,RENAULT/LOGAN,0,0.02
2025,8,Agosto,Autos,Sedans Pequenos,5,VW/VOYAGE,0,0.01
2025,8,Agosto,Autos,Sedans Pequenos,6,GM/PRISMA,0,0
2025,8,Agosto,Autos,Sedans Pequenos,7,TOYOTA/ETIOS SEDAN,0,0
2025,8,Agosto,Autos,Sedans Pequenos,8,GM/ONIX PLUS,4632,38.22
2025,8,Agosto,Autos,Sedans Pequenos,9,VW/VIRTUS,3646,32.2
2025,8,Agosto,Autos,Sedans Pequenos,10,HONDA/CITY,1848,15.36
2025,8,Agosto,Autos,Sedans Pequenos,11,NISSAN/VERSA,655,9.07
2025,8,Agosto,Autos,Sedans Pequenos,12,TOYOTA/YARIS SEDAN,6,5.15
2025,8,Agosto,Autos,Sedans Pequenos,13,GM/COBALT,2,0.01
2025,8,Agosto,Autos,Sedans médios,1,TOYOTA/COROLLA,2890,58.06
2025,8,Agosto,Autos,Sedans médios,2,BYD/KING,1086,19.71
2025,8,Agosto,Autos,Sedans médios,3,NISSAN/SENTRA,399,7.87
2025,8,Agosto,Autos,Sedans médios,4,BYD/SEAL,257,4.68
2025,8,Agosto,Autos,Sedans médios,5,CAOA CHERY/ARRIZO 6,85,2.85
2025,8,Agosto,Autos,Sedans médios,6,HONDA/CIVIC,36,2.46
2025,8,Agosto,Autos,Sedans médios,7,VW/JETTA,5,1.14
2025,8,Agosto,Autos,Sedans médios,8,M.BENZ/CLA200,6,1.09
2025,8,Agosto,Autos,Sedans médios,9,AUDI/A3 SEDAN,38,0.85
2025,8,Agosto,Autos,Sedans médios,10,AUDI/A5,115,0.56
2025,8,Agosto,Autos,Sedans médios,11,BMW/420I,20,0.22
2025,8,Agosto,Autos,Sedans médios,12,BMW/220,38,0.11
2025,8,Agosto,Autos,Sedans médios,13,M.BENZ/AMG C63S,6,0.11
2025,8,Agosto,Autos,Sedans médios,14,M.BENZ/CLA35,9,0.1
2025,8,Agosto,Autos,Sedans médios,15,M.BENZ/CLA45,0,0.05
2025,8,Agosto,Autos,Sedans médios,16,BMW/M235I,8,0.04
2025,8,Agosto,Autos,Sedans médios,17,GAC/AION ES,6,0.04
2025,8,Agosto,Autos,Sedans médios,18,BMW/218I,1,0.02
2025,8,Agosto,Autos,Sedans médios,19,GM/CRUZE SEDAN,0,0.01
2025,8,Agosto,Autos,Sedans médios,20,AUDI/RS3,3,0.01
2025,8,Agosto,Autos,Sedans médios,21,FORD/DEL REY,0,0
2025,8,Agosto,Autos,Sedans médios,22,BMW/320I,380,52.18
2025,8,Agosto,Autos,Sedans médios,23,M.BENZ/CLASSE C,131,18.51
2025,8,Agosto,Autos,Sedans médios,24,PORSCHE/PANAMERA,27,5.71
2025,8,Agosto,Autos,Sedans médios,25,BMW/330E,34,5.45
2025,8,Agosto,Autos,Sedans médios,26,HONDA/ACCORD,1,3.42
2025,8,Agosto,Autos,Sedans médios,27,BMW/530E,20,2.39
2025,8,Agosto,Autos,Sedans médios,28,LEXUS/ES300,10,2.09
2025,8,Agosto,Autos,Sedans médios,29,AUDI/A4,0,2.05
2025,8,Agosto,Autos,Sedans médios,30,ZEEKR/001,8,1.85
2025,8,Agosto,Autos,Sedans médios,31,M.BENZ/CLASSE E,6,1.41
2025,8,Agosto,Autos,Sedans médios,32,M.BENZ/AMG GT63S,14,1.19
2025,8,Agosto,Autos,Sedans médios,33,BMW/I4,3,0.7
2025,8,Agosto,Autos,Sw Grandes,1,AUDI/RS6 AVANT,14,97.44
2025,8,Agosto,Autos,Sw Grandes,2,VW/QUANTUM,1,2.56
2025,8,Agosto,Autos,Sw Grandes,3,GM/BOLT,1,80.0
2025,8,Agosto,Autos,Sw Grandes,4,FIAT/DOBLO,0,20.0
2025,8,Agosto,Autos,Grandcab,1,GM/SPIN,1794,98.37
2025,8,Agosto,Autos,Grandcab,2,KIA/CARNIVAL,26,1.38
2025,8,Agosto,Autos,Grandcab,3,VW/ID.BUZZ,1,0.17
2025,8,Agosto,Autos,Grandcab,4,TOYOTA/SIENNA,0,0.03
2025,8,Agosto,Autos,Grandcab,5,PORSCHE/911,6,27.78
2025,8,Agosto,Autos,Grandcab,6,FORD/MUSTANG,199,25.89
2025,8,Agosto,Autos,Grandcab,7,PORSCHE/BOXSTER,19,14.35
2025,8,Agosto,Autos,Grandcab,8,BMW/M2,25,8.08
2025,8,Agosto,Autos,Grandcab,9,PORSCHE/CAYMAN,14,5.72
2025,8,Agosto,Autos,Grandcab,10,BMW/M3,18,3.97
2025,8,Agosto,Autos,Grandcab,11,DODGE/CHALLENGER,10,2.58
2025,8,Agosto,Autos,Grandcab,12,GM/CORVETTE,7,2.58
2025,8,Agosto,Autos,Grandcab,13,M.BENZ/SL63S,3,1.85
2025,8,Agosto,Autos,Suv's,1,VW/T CROSS,7702,9.21
2025,8,Agosto,Autos,Suv's,2,HYUNDAI/CRETA,6649,6.87
2025,8,Agosto,Autos,Suv's,3,TOYOTA/COROLLA CROSS,7737,6.72
2025,8,Agosto,Autos,Suv's,4,HONDA/HR-V,4028,6.03
2025,8,Agosto,Autos,Suv's,5,GM/TRACKER,4942,5.89
2025,8,Agosto,Autos,Suv's,6,JEEP/COMPASS,4717,5.59
2025,8,Agosto,Autos,Suv's,7,FIAT/FASTBACK,5040,5.47
2025,8,Agosto,Autos,Suv's,8,NISSAN/KICKS,4740,5.15
2025,8,Agosto,Autos,Suv's,9,VW/NIVUS,4557,4.95
2025,8,Agosto,Autos,Suv's,10,FIAT/PULSE,4282,4.42
2025,8,Agosto,Autos,Suv's,11,JEEP/RENEGADE,3228,4.15
2025,8,Agosto,Autos,Suv's,12,BYD/SONG,3011,3.56
2025,8,Agosto,Autos,Suv's,13,CAOA CHERY/TIGGO 7,3541,3.22
2025,8,Agosto,Autos,Suv's,14,GWM/HAVAL H6,3102,2.87
2025,8,Agosto,Autos,Suv's,15,RENAULT/KARDIAN,1929,2.04
2025,8,Agosto,Autos,Suv's,16,CITROEN/BASALT,991,1.9
2025,8,Agosto,Autos,Suv's,17,RENAULT/DUSTER,1369,1.78
2025,8,Agosto,Autos,Suv's,18,TOYOTA/HILUX SW4,1174,1.65
2025,8,Agosto,Autos,Suv's,19,CAOA CHERY/TIGGO 8,1916,1.63
2025,8,Agosto,Autos,Suv's,20,VW/TAOS,726,1.53
2025,8,Agosto,Autos,Suv's,21,VW/TERA,4157,1.53
2025,8,Agosto,Autos,Suv's,22,JEEP/COMMANDER,1068,1.44
2025,8,Agosto,Autos,Suv's,23,CAOA CHERY/TIGGO 5X,1208,1.24
2025,8,Agosto,Autos,Suv's,24,PEUGEOT/2008,663,1.24
2025,8,Agosto,Autos,Suv's,25,MITSUBISHI/ECLIPSE CROSS,894,0.94
2025,8,Agosto,Autos,Suv's,26,FORD/TERRITORY,1191,0.67
2025,8,Agosto,Autos,Suv's,27,BYD/YUAN,773,0.6
2025,8,Agosto,Autos,Suv's,28,CITROEN/C3 AIRCROSS,485,0.58
2025,8,Agosto,Autos,Suv's,29,BMW/X1,479,0.52
2025,8,Agosto,Autos,Suv's,30,VOLVO/EX30,199,0.37
2025,8,Agosto,Autos,Suv's,31,TOYOTA/RAV4,225,0.31
2025,8,Agosto,Autos,Suv's,32,VOLVO/XC60,380,0.3
2025,8,Agosto,Autos,Suv's,33,OMODA JAECOO/JAECOO 7,635,0.29
2025,8,Agosto,Autos,Suv's,34,GWM/TANK 300,271,0.28
2025,8,Agosto,Autos,Suv's,35,FORD/BRONCO,313,0.28
2025,8,Agosto,Autos,Suv's,36,HONDA/ZR-V,138,0.24
2025,8,Agosto,Autos,Suv's,37,MITSUBISHI/PAJERO,142,0.22
2025,8,Agosto,Autos,Suv's,38,GM/EQUINOX,336,0.21
2025,8,Agosto,Autos,Suv's,39,GM/TRAILBLAZER,134,0.2
2025,8,Agosto,Autos,Suv's,40,M.BENZ/GLC,119,0.19
2025,8,Agosto,Com. Leves,Pick-up's Pequenas,1,FIAT/STRADA,11833,68.5
2025,8,Agosto,Com. Leves,Pick-up's Pequenas,2,VW/SAVEIRO,5358,31.5
2025,8,Agosto,Com. Leves,Pick-up's Pequenas,3,GM/MONTANA,1,0
2025,8,Agosto,Com. Leves,Pick-up's Pequenas,4,TOYOTA/HILUX,3570,19.08
2025,8,Agosto,Com. Leves,Pick-up's Pequenas,5,FIAT/TORO,3181,18.13
2025,8,Agosto,Com. Leves,Pick-up's Pequenas,6,FORD/RANGER,2628,12.9
2025,8,Agosto,Com. Leves,Pick-up's Pequenas,7,GM/S10,2340,11.16
2025,8,Agosto,Com. Leves,Pick-up's Pequenas,8,RAM/RAMPAGE,1951,9.13
2025,8,Agosto,Com. Leves,Pick-up's Pequenas,9,GM/MONTANA,1656,7.99
2025,8,Agosto,Com. Leves,Pick-up's Pequenas,10,RENAULT/OROCH,959,4.51
2025,8,Agosto,Com. Leves,Pick-up's Pequenas,11,MITSUBISHI/TRITON,1008,3.48
2025,8,Agosto,Com. Leves,Pick-up's Pequenas,12,FIAT/TITANO,311,2.8
2025,8,Agosto,Com. Leves,Pick-up's Pequenas,13,MITSUBISHI/L200,283,2.7
2025,8,Agosto,Com. Leves,Pick-up's Pequenas,14,NISSAN/FRONTIER,220,2.62
2025,8,Agosto,Com. Leves,Pick-up's Pequenas,15,RENAULT/MASTER,1158,33.27
2025,8,Agosto,Com. Leves,Pick-up's Pequenas,16,HYUNDAI/HR,247,8.16
2025,8,Agosto,Com. Leves,Pick-up's Pequenas,17,FIAT/DUCATO,179,7.78
2025,8,Agosto,Com. Leves,Pick-up's Pequenas,18,FIAT/SCUDO,229,7.43
2025,8,Agosto,Com. Leves,Pick-up's Pequenas,19,FORD/TRANSIT,244,6.08
2025,8,Agosto,Com. Leves,Pick-up's Pequenas,20,IVECO/DAILY,218,5.8
2025,8,Agosto,Com. Leves,Pick-up's Pequenas,21,KIA/K2500,147,5.11
2025,8,Agosto,Com. Leves,Furgões Pequenos,1,FIAT/FIORINO,1778,81.18
2025,8,Agosto,Com. Leves,Furgões Pequenos,2,RENAULT/KANGOO,349,16.23
2025,8,Agosto,Com. Leves,Furgões Pequenos,3,PEUGEOT/PARTNER,41,2.05
2025,8,Agosto,Com. Leves,Furgões Pequenos,4,RENAULT/KANGOO E-TECH,0,0.3
2025,8,Agosto,Caminhões,Semi-Leve,1,M.BENZ/SPRINTER 517,104,43.13
2025,8,Agosto,Caminhões,Semi-Leve,2,M.BENZ/SPRINTER 417,83,30.68
2025,8,Agosto,Caminhões,Semi-Leve,3,IVECO/DAILY 45-170,19,12.98
2025,8,Agosto,Caminhões,Semi-Leve,4,IVECO/DAILY 55C17,13,6.02
2025,8,Agosto,Caminhões,Semi-Leve,5,TESLA/CYBERTRUCK,4,1.36
2025,8,Agosto,Caminhões,Semi-Leve,6,IVECO/DAILY 55-170,6,1.18
2025,8,Agosto,Caminhões,Semi-Leve,7,IVECO/DAILY,4,0.77
2025,8,Agosto,Caminhões,Semi-Leve,8,M.BENZ/SPRINTER,1,0.71
2025,8,Agosto,Caminhões,Semi-Leve,9,IVECO/DAILY 55-180,4,0.59
2025,8,Agosto,Caminhões,Semi-Leve,10,IVECO/DAILY 65-170,0,0.47
2025,8,Agosto,Caminhões,Semi-Leve,11,M.BENZ/ACCELO 1017,184,42.7
2025,8,Agosto,Caminhões,Semi-Leve,12,VW TRUCK E BUS/9.180,145,23.29
2025,8,Agosto,Caminhões,Semi-Leve,13,M.BENZ/ACCELO 817,80,12.07
2025,8,Agosto,Caminhões,Semi-Leve,14,IVECO/TECTOR 9-190,42,4.78
2025,8,Agosto,Caminhões,Semi-Leve,15,IVECO/DAILY 65-170,31,3.54
2025,8,Agosto,Caminhões,Semi-Leve,16,M.BENZ/ACCELO 917,69,3.19
2025,8,Agosto,Caminhões,Semi-Leve,17,FOTON/AUMARK S 715,20,2.34
2025,8,Agosto,Caminhões,Semi-Leve,18,VW TRUCK E BUS/6.170,18,1.42
2025,8,Agosto,Caminhões,Semi-Leve,19,FOTON/AUMARK S 916,14,1.16
2025,8,Agosto,Caminhões,Semi-Leve,20,JAC/IEV1200T,2,1.13
2025,8,Agosto,Caminhões,Semi-Leve,21,VW TRUCK E BUS/11.180,581,55.47
2025,8,Agosto,Caminhões,Semi-Leve,22,M.BENZ/ACCELO 1117,235,12.26
2025,8,Agosto,Caminhões,Semi-Leve,23,VW TRUCK E BUS/13.180,65,7.19
2025,8,Agosto,Caminhões,Semi-Leve,24,IVECO/TECTOR 11-190,54,6.77
2025,8,Agosto,Caminhões,Semi-Leve,25,M.BENZ/ATEGO 1419,57,5.23
2025,8,Agosto,Caminhões,Semi-Leve,26,M.BENZ/ACCELO 1317,25,3.27
2025,8,Agosto,Caminhões,Semi-Leve,27,FOTON/AUMARK S 1217A,39,3.12
2025,8,Agosto,Caminhões,Semi-Leve,28,VW TRUCK E BUS/14.210,27,2.52
2025,8,Agosto,Caminhões,Semi-Leve,29,M.BENZ/ACCELO 1417,50,1.36
2025,8,Agosto,Caminhões,Semi-Leve,30,VW TRUCK E BUS/E DELIVERY 1,1,0.81
2025,8,Agosto,Caminhões,Semi-Pesado,1,VOLVO/VM 290,426,12.39
2025,8,Agosto,Caminhões,Semi-Pesado,2,M.BENZ/ATEGO 1719,267,8.67
2025,8,Agosto,Caminhões,Semi-Pesado,3,VW TRUCK E BUS/26.260,255,8.08
2025,8,Agosto,Caminhões,Semi-Pesado,4,VW TRUCK E BUS/17.210,267,7.98
2025,8,Agosto,Caminhões,Semi-Pesado,5,M.BENZ/ATEGO 2429,256,7.93
2025,8,Agosto,Caminhões,Semi-Pesado,6,VW TRUCK E BUS/31.320,181,6.07
2025,8,Agosto,Caminhões,Semi-Pesado,7,VW TRUCK E BUS/26.320,162,4.94
2025,8,Agosto,Caminhões,Semi-Pesado,8,VW TRUCK E BUS/18.260,166,4.38
2025,8,Agosto,Caminhões,Semi-Pesado,9,M.BENZ/ATEGO 3033,124,4.33
2025,8,Agosto,Caminhões,Semi-Pesado,10,DAF/CF 310,86,4.04
2025,8,Agosto,Caminhões,Semi-Pesado,11,VOLVO/FH 540,364,10.45
2025,8,Agosto,Caminhões,Semi-Pesado,12,DAF/XF 530,234,7.57
2025,8,Agosto,Caminhões,Semi-Pesado,13,VOLVO/FH 460,271,7.16
2025,8,Agosto,Caminhões,Semi-Pesado,14,VOLVO/VM 360,258,6.55
2025,8,Agosto,Caminhões,Semi-Pesado,15,SCANIA/R 460,176,5.63
2025,8,Agosto,Caminhões,Semi-Pesado,16,DAF/XF 480,141,4.86
2025,8,Agosto,Caminhões,Semi-Pesado,17,VOLVO/FH 500,162,4.04
2025,8,Agosto,Caminhões,Semi-Pesado,18,IVECO/S-WAY 480,161,3.91
2025,8,Agosto,Caminhões,Semi-Pesado,19,VW TRUCK E BUS/28.480,124,3.13
2025,8,Agosto,Caminhões,Semi-Pesado,20,SCANIA/R450,58,3.04
2025,8,Agosto,Motos,City,1,HONDA/CG 160,41456,56.15
2025,8,Agosto,Motos,City,2,MOTTU/SPORT 110I,9778,11.37
2025,8,Agosto,Motos,City,3,YAMAHA/YBR 150,7702,8.18
2025,8,Agosto,Motos,City,4,HONDA/CB 300F,5636,7.78
2025,8,Agosto,Motos,City,5,YAMAHA/FAZER 250,4207,5.3
2025,8,Agosto,Motos,City,6,YAMAHA/FAZER 150,3618,4.82
2025,8,Agosto,Motos,City,7,SHINERAY/XY 150,1479,2.28
2025,8,Agosto,Motos,City,8,HAOJUE/DK160,666,0.66
2025,8,Agosto,Motos,City,9,HAOJUE/DR160,436,0.59
2025,8,Agosto,Motos,City,10,HAOJUE/DK150,35,0.37
2025,8,Agosto,Motos,City,11,ROYAL ENFIELD/HUNTER 350,622,23.57
2025,8,Agosto,Motos,City,12,ROYAL ENFIELD/SUPER METEOR 650,535,18.8
2025,8,Agosto,Motos,City,13,ROYAL ENFIELD/METEOR,510,15.35
2025,8,Agosto,Motos,City,14,ROYAL ENFIELD/SHOTGUN 650,288,10.19
2025,8,Agosto,Motos,City,15,TRIUMPH/SCRAMBLER 400,169,8.04
2025,8,Agosto,Motos,City,16,ROYAL ENFIELD/CLASSIC 350,8,7.55
2025,8,Agosto,Motos,City,17,KAWASAKI/ELIMINATOR 500,85,2.99
2025,8,Agosto,Motos,City,18,KAWASAKI/VULCAN S,53,2.34
2025,8,Agosto,Motos,City,19,ZONTES/S350,5,1.52
2025,8,Agosto,Motos,City,20,TRIUMPH/SCRAMBLER 1200,29,0.89
2025,8,Agosto,Motos,City,21,HONDA/NXR160,16317,46.61
2025,8,Agosto,Motos,City,22,HONDA/XRE 300,2877,10.29
2025,8,Agosto,Motos,City,23,YAMAHA/XTZ 250,3835,10.23
2025,8,Agosto,Motos,City,24,HONDA/XRE 190,3479,9.42
2025,8,Agosto,Motos,City,25,YAMAHA/CROSSER 150,2459,7.67
2025,8,Agosto,Motos,City,26,SHINERAY/SHI 175,2772,7.44
2025,8,Agosto,Motos,City,27,HONDA/XR 300L,1232,2.99
2025,8,Agosto,Motos,City,28,AVELLOZ/AZ160,784,1.38
2025,8,Agosto,Motos,City,29,BMW/G310 GS,210,0.6
2025,8,Agosto,Motos,City,30,HAOJUE/NK 150,236,0.6
2025,8,Agosto,Motos,Maxtrail,1,ROYAL ENFIELD/HIMALAYAN,763,18.17
2025,8,Agosto,Motos,Maxtrail,2,HONDA/NC 750X,281,11.88
2025,8,Agosto,Motos,Maxtrail,3,TRIUMPH/TIGER 900,258,11.21
2025,8,Agosto,Motos,Maxtrail,4,BMW/R1300GS,272,10.08
2025,8,Agosto,Motos,Maxtrail,5,BMW/R1300GSA,378,7.38
2025,8,Agosto,Motos,Maxtrail,6,BMW/F900 GS,152,7.05
2025,8,Agosto,Motos,Maxtrail,7,TRIUMPH/TIGER 1200,108,5.53
2025,8,Agosto,Motos,Maxtrail,8,HONDA/CB 500X,5,5.2
2025,8,Agosto,Motos,Maxtrail,9,HONDA/NX 500,497,3.65
2025,8,Agosto,Motos,Maxtrail,10,KAWASAKI/VERSYS 650,71,3.11
2025,8,Agosto,Motos,Maxtrail,11,BAJAJ/DOMINAR D400,1074,23.85
2025,8,Agosto,Motos,Maxtrail,12,YAMAHA/MT03,899,18.47
2025,8,Agosto,Motos,Maxtrail,13,SHINERAY/XY 250,486,9.04
2025,8,Agosto,Motos,Maxtrail,14,BAJAJ/DOMINAR D250,286,7.85
2025,8,Agosto,Motos,Maxtrail,15,BAJAJ/DOMINAR NS160,512,4.88
2025,8,Agosto,Motos,Maxtrail,16,HONDA/CB 500,321,4.63
2025,8,Agosto,Motos,Maxtrail,17,KAWASAKI/Z900,238,4.27
2025,8,Agosto,Motos,Maxtrail,18,TRIUMPH/SPEED 400,110,3.88
2025,8,Agosto,Motos,Maxtrail,19,BAJAJ/DOMINAR NS200,335,3.6
2025,8,Agosto,Motos,Maxtrail,20,YAMAHA/MT07,155,2.75
2025,8,Agosto,Motos,Maxtrail,21,HONDA/BIZ,21493,35.1
2025,8,Agosto,Motos,Maxtrail,22,HONDA/POP 110I,17111,29.96
2025,8,Agosto,Motos,Maxtrail,23,HONDA/PCX 160,4474,7.15
2025,8,Agosto,Motos,Maxtrail,24,SHINERAY/XY 125,3914,5.59
2025,8,Agosto,Motos,Maxtrail,25,HONDA/ELITE 125,2472,4.35
2025,8,Agosto,Motos,Maxtrail,26,YAMAHA/NMAX,1818,3.26
2025,8,Agosto,Motos,Maxtrail,27,SHINERAY/XY 50,1703,2.64
2025,8,Agosto,Motos,Maxtrail,28,AVELLOZ/AZ1,1417,2.46
2025,8,Agosto,Motos,Maxtrail,29,HONDA/ADV 160,1506,2.14
2025,8,Agosto,Motos,Maxtrail,30,YAMAHA/FLUO 125,1243,1.98
2025,8,Agosto,Motos,Sport,1,YAMAHA/YZF R15,784,56.01
2025,8,Agosto,Motos,Sport,2,YAMAHA/YZF R3,165,10.72
2025,8,Agosto,Motos,Sport,3,BMW/S1000 R,97,7.63
2025,8,Agosto,Motos,Sport,4,KAWASAKI/NINJA 500,97,7.09
2025,8,Agosto,Motos,Sport,5,KAWASAKI/NINJA ZX-6R,60,3.68
2025,8,Agosto,Motos,Sport,6,KAWASAKI/NINJA ZX-4R,87,3.65
2025,8,Agosto,Motos,Sport,7,KAWASAKI/NINJA 300,30,2.29
2025,8,Agosto,Motos,Sport,8,TRIUMPH/DAYTONA 660,30,2.09
2025,8,Agosto,Motos,Sport,9,HONDA/CBR 650R,6,1.54
2025,8,Agosto,Motos,Sport,10,SUZUKI/GSX S1000 GT,14,1.07
2025,8,Agosto,Motos,Sport,11,H.DAVIDSON/STREET GLIDE,29,44.51
2025,8,Agosto,Motos,Sport,12,H.DAVIDSON/ROAD GLIDE,28,31.43
2025,8,Agosto,Motos,Sport,13,HONDA/GOLDWING,5,10.97
2025,8,Agosto,Motos,Sport,14,H.DAVIDSON/ULTRA LIMITED,0,4.85
2025,8,Agosto,Motos,Sport,15,BMW/R1250 RT,0,3.59
2025,8,Agosto,Motos,Sport,16,H.DAVIDSON/ROAD KING,0,2.53
2025,8,Agosto,Motos,Sport,17,BMW/K 1600,0,1.9
2025,8,Agosto,Motos,Sport,18,H.DAVIDSON/H.DAVIDSON FLHPI,0,0.21
2025,9,Setembro,Autos,Veículos de Entrada,1,FIAT/MOBI,4741,56.68
2025,9,Setembro,Autos,Veículos de Entrada,2,RENAULT/KWID,5439,43.29
2025,9,Setembro,Autos,Veículos de Entrada,3,VW/GOL,0,0.01
2025,9,Setembro,Autos,Veículos de Entrada,4,FIAT/UNO,0,0.01
2025,9,Setembro,Autos,Veículos de Entrada,5,RENAULT/E-KWID,6,0.01
2025,9,Setembro,Autos,Veículos de Entrada,6,GM/CELTA,0,0
2025,9,Setembro,Autos,Veículos de Entrada,7,FIAT/PALIO,1,0
2025,9,Setembro,Autos,Veículos de Entrada,8,GM/CHEVETTE,0,0
2025,9,Setembro,Autos,Veículos de Entrada,9,VW/BRASILIA,0,0
2025,9,Setembro,Autos,Veículos de Entrada,10,VW/POLO,10647,26.81
2025,9,Setembro,Autos,Veículos de Entrada,11,FIAT/ARGO,9484,21.18
2025,9,Setembro,Autos,Veículos de Entrada,12,HYUNDAI/HB20,8796,16.82
2025,9,Setembro,Autos,Veículos de Entrada,13,GM/ONIX,7039,15.72
2025,9,Setembro,Autos,Veículos de Entrada,14,BYD/DOLPHIN MINI,3392,6.55
2025,9,Setembro,Autos,Veículos de Entrada,15,HONDA/CITY HATCH,1276,3.28
2025,9,Setembro,Autos,Veículos de Entrada,16,BYD/DOLPHIN,1454,2.96
2025,9,Setembro,Autos,Veículos de Entrada,17,CITROEN/C3,953,2.63
2025,9,Setembro,Autos,Veículos de Entrada,18,PEUGEOT/208,879,1.92
2025,9,Setembro,Autos,Veículos de Entrada,19,TOYOTA/YARIS HB,1,1.03
2025,9,Setembro,Autos,Veículos de Entrada,20,GWM/ORA 03,429,0.66
2025,9,Setembro,Autos,Veículos de Entrada,21,MINI/COOPER,73,0.17
2025,9,Setembro,Autos,Veículos de Entrada,22,AUDI/A3,54,43.47
2025,9,Setembro,Autos,Veículos de Entrada,23,HONDA/CIVIC TYPE-R,8,28.14
2025,9,Setembro,Autos,Veículos de Entrada,24,TOYOTA/COROLLA GR,12,16.83
2025,9,Setembro,Autos,Veículos de Entrada,25,M.BENZ/A45 AMG,1,3.52
2025,9,Setembro,Autos,Veículos de Entrada,26,BMW/118I,0,1.76
2025,9,Setembro,Autos,Veículos de Entrada,27,M.BENZ/CLASSE A,0,1.51
2025,9,Setembro,Autos,Sedans Pequenos,1,HYUNDAI/HB20S,3883,54.91
2025,9,Setembro,Autos,Sedans Pequenos,2,FIAT/CRONOS,1606,45.05
2025,9,Setembro,Autos,Sedans Pequenos,3,FIAT/SIENA,0,0.01
2025,9,Setembro,Autos,Sedans Pequenos,4,RENAULT/LOGAN,0,0.01
2025,9,Setembro,Autos,Sedans Pequenos,5,VW/VOYAGE,0,0.01
2025,9,Setembro,Autos,Sedans Pequenos,6,GM/PRISMA,1,0
2025,9,Setembro,Autos,Sedans Pequenos,7,GM/CLASSIC,1,0
2025,9,Setembro,Autos,Sedans Pequenos,8,TOYOTA/ETIOS SEDAN,0,0
2025,9,Setembro,Autos,Sedans Pequenos,9,GM/ONIX PLUS,5169,39.67
2025,9,Setembro,Autos,Sedans Pequenos,10,VW/VIRTUS,2973,31.83
2025,9,Setembro,Autos,Sedans Pequenos,11,HONDA/CITY,1453,15.22
2025,9,Setembro,Autos,Sedans Pequenos,12,NISSAN/VERSA,628,8.72
2025,9,Setembro,Autos,Sedans Pequenos,13,TOYOTA/YARIS SEDAN,8,4.55
2025,9,Setembro,Autos,Sedans Pequenos,14,GM/COBALT,0,0.01
2025,9,Setembro,Autos,Sedans médios,1,TOYOTA/COROLLA,3121,58.17
2025,9,Setembro,Autos,Sedans médios,2,BYD/KING,1001,19.62
2025,9,Setembro,Autos,Sedans médios,3,NISSAN/SENTRA,310,7.65
2025,9,Setembro,Autos,Sedans médios,4,BYD/SEAL,265,4.72
2025,9,Setembro,Autos,Sedans médios,5,CAOA CHERY/ARRIZO 6,63,2.67
2025,9,Setembro,Autos,Sedans médios,6,HONDA/CIVIC,31,2.25
2025,9,Setembro,Autos,Sedans médios,7,M.BENZ/CLA200,90,1.16
2025,9,Setembro,Autos,Sedans médios,8,AUDI/A5,281,1.09
2025,9,Setembro,Autos,Sedans médios,9,VW/JETTA,3,1.02
2025,9,Setembro,Autos,Sedans médios,10,AUDI/A3 SEDAN,57,0.88
2025,9,Setembro,Autos,Sedans médios,11,BMW/420I,12,0.22
2025,9,Setembro,Autos,Sedans médios,12,BMW/220,19,0.14
2025,9,Setembro,Autos,Sedans médios,13,M.BENZ/AMG C63S,6,0.11
2025,9,Setembro,Autos,Sedans médios,14,M.BENZ/CLA35,8,0.11
2025,9,Setembro,Autos,Sedans médios,15,BMW/M235I,14,0.07
2025,9,Setembro,Autos,Sedans médios,16,M.BENZ/CLA45,0,0.04
2025,9,Setembro,Autos,Sedans médios,17,GAC/AION ES,3,0.04
2025,9,Setembro,Autos,Sedans médios,18,BMW/218I,1,0.02
2025,9,Setembro,Autos,Sedans médios,19,GM/CRUZE SEDAN,0,0.01
2025,9,Setembro,Autos,Sedans médios,20,AUDI/RS3,1,0.01
2025,9,Setembro,Autos,Sedans médios,21,M.BENZ/CLASSE C,1,0.01
2025,9,Setembro,Autos,Sedans médios,22,BMW/320I,354,52.42
2025,9,Setembro,Autos,Sedans médios,23,M.BENZ/CLASSE C,157,19.15
2025,9,Setembro,Autos,Sedans médios,24,PORSCHE/PANAMERA,3,5.63
2025,9,Setembro,Autos,Sedans médios,25,BMW/330E,29,5.33
2025,9,Setembro,Autos,Sedans médios,26,HONDA/ACCORD,1,3.22
2025,9,Setembro,Autos,Sedans médios,27,BMW/530E,15,2.38
2025,9,Setembro,Autos,Sedans médios,28,LEXUS/ES300,1,1.87
2025,9,Setembro,Autos,Sedans médios,29,AUDI/A4,0,1.81
2025,9,Setembro,Autos,Sedans médios,30,ZEEKR/001,4,1.71
2025,9,Setembro,Autos,Sedans médios,31,M.BENZ/CLASSE E,12,1.46
2025,9,Setembro,Autos,Sedans médios,32,M.BENZ/AMG GT63S,4,1.13
2025,9,Setembro,Autos,Sedans médios,33,BMW/I4,14,0.86
2025,9,Setembro,Autos,Sw Grandes,1,AUDI/RS6 AVANT,7,97.65
2025,9,Setembro,Autos,Sw Grandes,2,VW/QUANTUM,0,2.35
2025,9,Setembro,Autos,Sw Grandes,3,GM/BOLT,1,83.33
2025,9,Setembro,Autos,Sw Grandes,4,FIAT/DOBLO,0,16.67
2025,9,Setembro,Autos,Grandcab,1,GM/SPIN,1906,98.39
2025,9,Setembro,Autos,Grandcab,2,KIA/CARNIVAL,20,1.34
2025,9,Setembro,Autos,Grandcab,3,VW/ID.BUZZ,7,0.19
2025,9,Setembro,Autos,Grandcab,4,TOYOTA/SIENNA,1,0.04
2025,9,Setembro,Autos,Grandcab,5,PORSCHE/911,106,28.22
2025,9,Setembro,Autos,Grandcab,6,FORD/MUSTANG,132,27.62
2025,9,Setembro,Autos,Grandcab,7,PORSCHE/BOXSTER,16,13.03
2025,9,Setembro,Autos,Grandcab,8,BMW/M2,3,8.29
2025,9,Setembro,Autos,Grandcab,9,PORSCHE/CAYMAN,10,5.34
2025,9,Setembro,Autos,Grandcab,10,BMW/M3,18,4.15
2025,9,Setembro,Autos,Grandcab,11,DODGE/CHALLENGER,5,2.43
2025,9,Setembro,Autos,Grandcab,12,GM/CORVETTE,2,2.31
2025,9,Setembro,Autos,Grandcab,13,M.BENZ/SL63S,5,1.79
2025,9,Setembro,Autos,Suv's,1,VW/T CROSS,4736,8.63
2025,9,Setembro,Autos,Suv's,2,TOYOTA/COROLLA CROSS,7282,6.79
2025,9,Setembro,Autos,Suv's,3,HYUNDAI/CRETA,5953,6.75
2025,9,Setembro,Autos,Suv's,4,HONDA/HR-V,5041,5.9
2025,9,Setembro,Autos,Suv's,5,GM/TRACKER,5657,5.86
2025,9,Setembro,Autos,Suv's,6,JEEP/COMPASS,5291,5.55
2025,9,Setembro,Autos,Suv's,7,FIAT/FASTBACK,5344,5.46
2025,9,Setembro,Autos,Suv's,8,NISSAN/KICKS,6319,5.31
2025,9,Setembro,Autos,Suv's,9,VW/NIVUS,4173,4.85
2025,9,Setembro,Autos,Suv's,10,FIAT/PULSE,3756,4.33
2025,9,Setembro,Autos,Suv's,11,JEEP/RENEGADE,4547,4.2
2025,9,Setembro,Autos,Suv's,12,BYD/SONG,3246,3.52
2025,9,Setembro,Autos,Suv's,13,CAOA CHERY/TIGGO 7,3742,3.29
2025,9,Setembro,Autos,Suv's,14,GWM/HAVAL H6,2886,2.88
2025,9,Setembro,Autos,Suv's,15,VW/TERA,7610,2.32
2025,9,Setembro,Autos,Suv's,16,RENAULT/KARDIAN,2014,2.03
2025,9,Setembro,Autos,Suv's,17,CITROEN/BASALT,1226,1.81
2025,9,Setembro,Autos,Suv's,18,RENAULT/DUSTER,1513,1.74
2025,9,Setembro,Autos,Suv's,19,CAOA CHERY/TIGGO 8,2137,1.69
2025,9,Setembro,Autos,Suv's,20,TOYOTA/HILUX SW4,1310,1.61
2025,9,Setembro,Autos,Suv's,21,VW/TAOS,1144,1.48
2025,9,Setembro,Autos,Suv's,22,JEEP/COMMANDER,1643,1.47
2025,9,Setembro,Autos,Suv's,23,CAOA CHERY/TIGGO 5X,1423,1.27
2025,9,Setembro,Autos,Suv's,24,PEUGEOT/2008,668,1.16
2025,9,Setembro,Autos,Suv's,25,MITSUBISHI/ECLIPSE CROSS,988,0.95
2025,9,Setembro,Autos,Suv's,26,FORD/TERRITORY,1141,0.73
2025,9,Setembro,Autos,Suv's,27,BYD/YUAN,553,0.6
2025,9,Setembro,Autos,Suv's,28,CITROEN/C3 AIRCROSS,297,0.54
2025,9,Setembro,Autos,Suv's,29,BMW/X1,512,0.52
2025,9,Setembro,Autos,Suv's,30,OMODA JAECOO/JAECOO 7,740,0.35
2025,9,Setembro,Autos,Suv's,31,VOLVO/EX30,224,0.35
2025,9,Setembro,Autos,Suv's,32,VOLVO/XC60,378,0.31
2025,9,Setembro,Autos,Suv's,33,TOYOTA/RAV4,169,0.29
2025,9,Setembro,Autos,Suv's,34,GWM/TANK 300,339,0.29
2025,9,Setembro,Autos,Suv's,35,FORD/BRONCO,203,0.27
2025,9,Setembro,Autos,Suv's,36,HONDA/ZR-V,71,0.22
2025,9,Setembro,Autos,Suv's,37,GM/EQUINOX,277,0.22
2025,9,Setembro,Autos,Suv's,38,MITSUBISHI/PAJERO,118,0.21
2025,9,Setembro,Autos,Suv's,39,GM/TRAILBLAZER,221,0.2
2025,9,Setembro,Autos,Suv's,40,M.BENZ/GLC,181,0.19
2025,9,Setembro,Com. Leves,Pick-up's Pequenas,1,FIAT/STRADA,13876,67.69
2025,9,Setembro,Com. Leves,Pick-up's Pequenas,2,VW/SAVEIRO,8154,32.31
2025,9,Setembro,Com. Leves,Pick-up's Pequenas,3,GM/MONTANA,1,0
2025,9,Setembro,Com. Leves,Pick-up's Pequenas,4,TOYOTA/HILUX,4066,18.85
2025,9,Setembro,Com. Leves,Pick-up's Pequenas,5,FIAT/TORO,5174,18.6
2025,9,Setembro,Com. Leves,Pick-up's Pequenas,6,FORD/RANGER,3114,12.94
2025,9,Setembro,Com. Leves,Pick-up's Pequenas,7,GM/S10,2793,11.24
2025,9,Setembro,Com. Leves,Pick-up's Pequenas,8,RAM/RAMPAGE,2253,9.18
2025,9,Setembro,Com. Leves,Pick-up's Pequenas,9,GM/MONTANA,2182,8.14
2025,9,Setembro,Com. Leves,Pick-up's Pequenas,10,RENAULT/OROCH,923,4.43
2025,9,Setembro,Com. Leves,Pick-up's Pequenas,11,MITSUBISHI/TRITON,1160,4.25
2025,9,Setembro,Com. Leves,Pick-up's Pequenas,12,FIAT/TITANO,336,2.63
2025,9,Setembro,Com. Leves,Pick-up's Pequenas,13,NISSAN/FRONTIER,386,2.5
2025,9,Setembro,Com. Leves,Pick-up's Pequenas,14,MITSUBISHI/L200,63,1.81
2025,9,Setembro,Com. Leves,Pick-up's Pequenas,15,RENAULT/MASTER,1350,32.88
2025,9,Setembro,Com. Leves,Pick-up's Pequenas,16,FIAT/DUCATO,357,7.8
2025,9,Setembro,Com. Leves,Pick-up's Pequenas,17,HYUNDAI/HR,201,7.7
2025,9,Setembro,Com. Leves,Pick-up's Pequenas,18,FIAT/SCUDO,187,7.02
2025,9,Setembro,Com. Leves,Pick-up's Pequenas,19,FORD/TRANSIT,213,5.91
2025,9,Setembro,Com. Leves,Pick-up's Pequenas,20,IVECO/DAILY,262,5.8
2025,9,Setembro,Com. Leves,Pick-up's Pequenas,21,VW TRUCK E BUS/EXPRESS,222,4.98
2025,9,Setembro,Com. Leves,Furgões Pequenos,1,FIAT/FIORINO,2384,82.05
2025,9,Setembro,Com. Leves,Furgões Pequenos,2,RENAULT/KANGOO,287,15.42
2025,9,Setembro,Com. Leves,Furgões Pequenos,3,PEUGEOT/PARTNER,48,2.01
2025,9,Setembro,Com. Leves,Furgões Pequenos,4,RENAULT/KANGOO E-TECH,1,0.26
2025,9,Setembro,Caminhões,Semi-Leve,1,M.BENZ/SPRINTER 517,86,42.71
2025,9,Setembro,Caminhões,Semi-Leve,2,M.BENZ/SPRINTER 417,82,31.47
2025,9,Setembro,Caminhões,Semi-Leve,3,IVECO/DAILY 45-170,15,12.28
2025,9,Setembro,Caminhões,Semi-Leve,4,IVECO/DAILY 55C17,14,6.06
2025,9,Setembro,Caminhões,Semi-Leve,5,IVECO/DAILY 55-170,6,1.36
2025,9,Setembro,Caminhões,Semi-Leve,6,TESLA/CYBERTRUCK,0,1.2
2025,9,Setembro,Caminhões,Semi-Leve,7,IVECO/DAILY,2,0.78
2025,9,Setembro,Caminhões,Semi-Leve,8,IVECO/DAILY 30-160,6,0.63
2025,9,Setembro,Caminhões,Semi-Leve,9,IVECO/DAILY 55-180,2,0.63
2025,9,Setembro,Caminhões,Semi-Leve,10,M.BENZ/SPRINTER,0,0.63
2025,9,Setembro,Caminhões,Semi-Leve,11,M.BENZ/ACCELO 1017,264,42.01
2025,9,Setembro,Caminhões,Semi-Leve,12,VW TRUCK E BUS/9.180,156,23.09
2025,9,Setembro,Caminhões,Semi-Leve,13,M.BENZ/ACCELO 817,82,11.98
2025,9,Setembro,Caminhões,Semi-Leve,14,IVECO/TECTOR 9-190,3,4.76
2025,9,Setembro,Caminhões,Semi-Leve,15,M.BENZ/ACCELO 917,71,3.89
2025,9,Setembro,Caminhões,Semi-Leve,16,IVECO/DAILY 65-170,43,3.79
2025,9,Setembro,Caminhões,Semi-Leve,17,FOTON/AUMARK S 715,2,2.41
2025,9,Setembro,Caminhões,Semi-Leve,18,VW TRUCK E BUS/6.170,12,1.45
2025,9,Setembro,Caminhões,Semi-Leve,19,FOTON/AUMARK S 916,8,1.16
2025,9,Setembro,Caminhões,Semi-Leve,20,JAC/IEV1200T,1,1.02
2025,9,Setembro,Caminhões,Semi-Leve,21,VW TRUCK E BUS/11.180,595,53.68
2025,9,Setembro,Caminhões,Semi-Leve,22,M.BENZ/ACCELO 1117,299,13.67
2025,9,Setembro,Caminhões,Semi-Leve,23,VW TRUCK E BUS/13.180,136,7.6
2025,9,Setembro,Caminhões,Semi-Leve,24,IVECO/TECTOR 11-190,48,6.29
2025,9,Setembro,Caminhões,Semi-Leve,25,M.BENZ/ATEGO 1419,82,5.34
2025,9,Setembro,Caminhões,Semi-Leve,26,M.BENZ/ACCELO 1317,78,3.63
2025,9,Setembro,Caminhões,Semi-Leve,27,FOTON/AUMARK S 1217A,39,3.08
2025,9,Setembro,Caminhões,Semi-Leve,28,VW TRUCK E BUS/14.210,18,2.34
2025,9,Setembro,Caminhões,Semi-Leve,29,M.BENZ/ACCELO 1417,65,1.86
2025,9,Setembro,Caminhões,Semi-Leve,30,VW TRUCK E BUS/E DELIVERY 1,1,0.7
2025,9,Setembro,Caminhões,Semi-Pesado,1,VOLVO/VM 290,382,12.25
2025,9,Setembro,Caminhões,Semi-Pesado,2,M.BENZ/ATEGO 1719,311,8.73
2025,9,Setembro,Caminhões,Semi-Pesado,3,VW TRUCK E BUS/17.210,326,8.19
2025,9,Setembro,Caminhões,Semi-Pesado,4,VW TRUCK E BUS/26.260,295,8.16
2025,9,Setembro,Caminhões,Semi-Pesado,5,M.BENZ/ATEGO 2429,288,8.0
2025,9,Setembro,Caminhões,Semi-Pesado,6,VW TRUCK E BUS/31.320,187,6.0
2025,9,Setembro,Caminhões,Semi-Pesado,7,VW TRUCK E BUS/26.320,173,4.96
2025,9,Setembro,Caminhões,Semi-Pesado,8,VW TRUCK E BUS/18.260,169,4.45
2025,9,Setembro,Caminhões,Semi-Pesado,9,M.BENZ/ATEGO 3033,147,4.33
2025,9,Setembro,Caminhões,Semi-Pesado,10,DAF/CF 310,124,3.99
2025,9,Setembro,Caminhões,Semi-Pesado,11,VOLVO/FH 540,510,10.74
2025,9,Setembro,Caminhões,Semi-Pesado,12,DAF/XF 530,201,7.32
2025,9,Setembro,Caminhões,Semi-Pesado,13,VOLVO/FH 460,289,7.19
2025,9,Setembro,Caminhões,Semi-Pesado,14,VOLVO/VM 360,271,6.6
2025,9,Setembro,Caminhões,Semi-Pesado,15,SCANIA/R 460,182,5.54
2025,9,Setembro,Caminhões,Semi-Pesado,16,DAF/XF 480,184,4.85
2025,9,Setembro,Caminhões,Semi-Pesado,17,VOLVO/FH 500,182,4.11
2025,9,Setembro,Caminhões,Semi-Pesado,18,IVECO/S-WAY 480,115,3.81
2025,9,Setembro,Caminhões,Semi-Pesado,19,VW TRUCK E BUS/28.480,125,3.14
2025,9,Setembro,Caminhões,Semi-Pesado,20,M.BENZ/ACTROS 2548,120,2.98
2025,9,Setembro,Motos,City,1,HONDA/CG 160,44862,55.89
2025,9,Setembro,Motos,City,2,MOTTU/SPORT 110I,11071,11.63
2025,9,Setembro,Motos,City,3,YAMAHA/YBR 150,8047,8.38
2025,9,Setembro,Motos,City,4,HONDA/CB 300F,5816,7.68
2025,9,Setembro,Motos,City,5,YAMAHA/FAZER 250,4666,5.34
2025,9,Setembro,Motos,City,6,YAMAHA/FAZER 150,3795,4.79
2025,9,Setembro,Motos,City,7,SHINERAY/XY 150,1086,2.15
2025,9,Setembro,Motos,City,8,HAOJUE/DK160,849,0.71
2025,9,Setembro,Motos,City,9,HAOJUE/DR160,470,0.59
2025,9,Setembro,Motos,City,10,SHINERAY/XY 200,225,0.33
2025,9,Setembro,Motos,City,11,ROYAL ENFIELD/HUNTER 350,495,23.06
2025,9,Setembro,Motos,City,12,ROYAL ENFIELD/SUPER METEOR 650,558,19.1
2025,9,Setembro,Motos,City,13,ROYAL ENFIELD/METEOR,435,15.5
2025,9,Setembro,Motos,City,14,ROYAL ENFIELD/SHOTGUN 650,246,10.11
2025,9,Setembro,Motos,City,15,TRIUMPH/SCRAMBLER 400,194,7.97
2025,9,Setembro,Motos,City,16,ROYAL ENFIELD/CLASSIC 350,219,7.64
2025,9,Setembro,Motos,City,17,KAWASAKI/ELIMINATOR 500,89,3.04
2025,9,Setembro,Motos,City,18,KAWASAKI/VULCAN S,65,2.36
2025,9,Setembro,Motos,City,19,ZONTES/S350,74,1.67
2025,9,Setembro,Motos,City,20,TRIUMPH/SCRAMBLER 1200,36,0.94
2025,9,Setembro,Motos,City,21,HONDA/NXR160,18380,46.59
2025,9,Setembro,Motos,City,22,YAMAHA/XTZ 250,4175,10.28
2025,9,Setembro,Motos,City,23,HONDA/XRE 300,3800,10.21
2025,9,Setembro,Motos,City,24,HONDA/XRE 190,3930,9.49
2025,9,Setembro,Motos,City,25,YAMAHA/CROSSER 150,2453,7.49
2025,9,Setembro,Motos,City,26,SHINERAY/SHI 175,2840,7.41
2025,9,Setembro,Motos,City,27,HONDA/XR 300L,1392,3.05
2025,9,Setembro,Motos,City,28,AVELLOZ/AZ160,821,1.47
2025,9,Setembro,Motos,City,29,HAOJUE/NK 150,262,0.61
2025,9,Setembro,Motos,City,30,BMW/G310 GS,238,0.6
2025,9,Setembro,Motos,Maxtrail,1,ROYAL ENFIELD/HIMALAYAN,737,18.68
2025,9,Setembro,Motos,Maxtrail,2,HONDA/NC 750X,234,11.18
2025,9,Setembro,Motos,Maxtrail,3,TRIUMPH/TIGER 900,312,10.93
2025,9,Setembro,Motos,Maxtrail,4,BMW/R1300GS,247,9.69
2025,9,Setembro,Motos,Maxtrail,5,BMW/R1300GSA,265,7.44
2025,9,Setembro,Motos,Maxtrail,6,BMW/F900 GS,220,6.97
2025,9,Setembro,Motos,Maxtrail,7,HONDA/NX 500,693,6.03
2025,9,Setembro,Motos,Maxtrail,8,TRIUMPH/TIGER 1200,118,5.24
2025,9,Setembro,Motos,Maxtrail,9,HONDA/CB 500X,4,4.49
2025,9,Setembro,Motos,Maxtrail,10,KAWASAKI/VERSYS 650,91,3.05
2025,9,Setembro,Motos,Maxtrail,11,BAJAJ/DOMINAR D400,1050,22.9
2025,9,Setembro,Motos,Maxtrail,12,YAMAHA/MT03,1035,18.34
2025,9,Setembro,Motos,Maxtrail,13,SHINERAY/XY 250,497,8.95
2025,9,Setembro,Motos,Maxtrail,14,BAJAJ/DOMINAR D250,330,7.5
2025,9,Setembro,Motos,Maxtrail,15,BAJAJ/DOMINAR NS160,476,5.4
2025,9,Setembro,Motos,Maxtrail,16,HONDA/CB 500,432,5.06
2025,9,Setembro,Motos,Maxtrail,17,BAJAJ/DOMINAR NS200,449,4.25
2025,9,Setembro,Motos,Maxtrail,18,KAWASAKI/Z900,230,4.22
2025,9,Setembro,Motos,Maxtrail,19,TRIUMPH/SPEED 400,165,3.71
2025,9,Setembro,Motos,Maxtrail,20,YAMAHA/MT07,141,2.7
2025,9,Setembro,Motos,Maxtrail,21,HONDA/BIZ,23742,34.98
2025,9,Setembro,Motos,Maxtrail,22,HONDA/POP 110I,21945,30.15
2025,9,Setembro,Motos,Maxtrail,23,HONDA/PCX 160,4836,7.12
2025,9,Setembro,Motos,Maxtrail,24,SHINERAY/XY 125,4506,5.7
2025,9,Setembro,Motos,Maxtrail,25,HONDA/ELITE 125,2737,4.3
2025,9,Setembro,Motos,Maxtrail,26,YAMAHA/NMAX,2122,3.23
2025,9,Setembro,Motos,Maxtrail,27,SHINERAY/XY 50,1724,2.62
2025,9,Setembro,Motos,Maxtrail,28,AVELLOZ/AZ1,1560,2.43
2025,9,Setembro,Motos,Maxtrail,29,HONDA/ADV 160,1651,2.17
2025,9,Setembro,Motos,Maxtrail,30,YAMAHA/FLUO 125,1394,1.99
2025,9,Setembro,Motos,Sport,1,YAMAHA/YZF R15,1040,56.47
2025,9,Setembro,Motos,Sport,2,YAMAHA/YZF R3,162,10.51
2025,9,Setembro,Motos,Sport,3,BMW/S1000 R,106,7.41
2025,9,Setembro,Motos,Sport,4,KAWASAKI/NINJA 500,113,6.99
2025,9,Setembro,Motos,Sport,5,KAWASAKI/NINJA ZX-6R,80,3.8
2025,9,Setembro,Motos,Sport,6,KAWASAKI/NINJA ZX-4R,43,3.48
2025,9,Setembro,Motos,Sport,7,KAWASAKI/NINJA 300,97,2.75
2025,9,Setembro,Motos,Sport,8,TRIUMPH/DAYTONA 660,40,2.12
2025,9,Setembro,Motos,Sport,9,HONDA/CBR 650R,4,1.35
2025,9,Setembro,Motos,Sport,10,SUZUKI/GSX S1000 GT,1,1.0
2025,9,Setembro,Motos,Sport,11,H.DAVIDSON/STREET GLIDE,52,47.47
2025,9,Setembro,Motos,Sport,12,H.DAVIDSON/ROAD GLIDE,21,30.69
2025,9,Setembro,Motos,Sport,13,HONDA/GOLDWING,5,10.29
2025,9,Setembro,Motos,Sport,14,H.DAVIDSON/ULTRA LIMITED,0,4.15
2025,9,Setembro,Motos,Sport,15,BMW/R1250 RT,0,3.07
2025,9,Setembro,Motos,Sport,16,H.DAVIDSON/ROAD KING,0,2.17
2025,9,Setembro,Motos,Sport,17,BMW/K 1600,2,1.99
2025,9,Setembro,Motos,Sport,18,H.DAVIDSON/H.DAVIDSON FLHPI,0,0.18
2025,10,Outubro,Autos,Veículos de Entrada,1,FIAT/MOBI,6277,56.33
2025,10,Outubro,Autos,Veículos de Entrada,2,RENAULT/KWID,5316,43.52
2025,10,Outubro,Autos,Veículos de Entrada,3,RENAULT/E-KWID,104,0.1
2025,10,Outubro,Autos,Veículos de Entrada,4,VW/GOL,1,0.01
2025,10,Outubro,Autos,Veículos de Entrada,5,OMODA JAECOO/OMODA 7,10,0.01
2025,10,Outubro,Autos,Veículos de Entrada,6,FIAT/UNO,1,0.01
2025,10,Outubro,Autos,Veículos de Entrada,7,GM/CELTA,1,0
2025,10,Outubro,Autos,Veículos de Entrada,8,FIAT/PALIO,0,0
2025,10,Outubro,Autos,Veículos de Entrada,9,GM/CHEVETTE,0,0
2025,10,Outubro,Autos,Veículos de Entrada,10,VW/POLO,9150,26.07
2025,10,Outubro,Autos,Veículos de Entrada,11,FIAT/ARGO,9981,21.29
2025,10,Outubro,Autos,Veículos de Entrada,12,HYUNDAI/HB20,9687,17.35
2025,10,Outubro,Autos,Veículos de Entrada,13,GM/ONIX,7439,15.81
2025,10,Outubro,Autos,Veículos de Entrada,14,BYD/DOLPHIN MINI,2794,6.51
2025,10,Outubro,Autos,Veículos de Entrada,15,HONDA/CITY HATCH,1540,3.29
2025,10,Outubro,Autos,Veículos de Entrada,16,BYD/DOLPHIN,1731,3.06
2025,10,Outubro,Autos,Veículos de Entrada,17,CITROEN/C3,1383,2.68
2025,10,Outubro,Autos,Veículos de Entrada,18,PEUGEOT/208,842,1.91
2025,10,Outubro,Autos,Veículos de Entrada,19,TOYOTA/YARIS HB,1,0.91
2025,10,Outubro,Autos,Veículos de Entrada,20,GWM/ORA 03,343,0.67
2025,10,Outubro,Autos,Veículos de Entrada,21,MINI/COOPER,9,0.18
2025,10,Outubro,Autos,Veículos de Entrada,22,AUDI/A3,30,45.82
2025,10,Outubro,Autos,Veículos de Entrada,23,HONDA/CIVIC TYPE-R,5,26.41
2025,10,Outubro,Autos,Veículos de Entrada,24,TOYOTA/COROLLA GR,8,16.93
2025,10,Outubro,Autos,Veículos de Entrada,25,M.BENZ/A45 AMG,1,3.39
2025,10,Outubro,Autos,Veículos de Entrada,26,BMW/118I,0,1.58
2025,10,Outubro,Autos,Veículos de Entrada,27,VW/GOLF,1,1.58
2025,10,Outubro,Autos,Sedans Pequenos,1,HYUNDAI/HB20S,5517,57.82
2025,10,Outubro,Autos,Sedans Pequenos,2,FIAT/CRONOS,1846,42.13
2025,10,Outubro,Autos,Sedans Pequenos,3,FIAT/SIENA,1,0.01
2025,10,Outubro,Autos,Sedans Pequenos,4,RENAULT/LOGAN,0,0.01
2025,10,Outubro,Autos,Sedans Pequenos,5,VW/VOYAGE,0,0.01
2025,10,Outubro,Autos,Sedans Pequenos,6,GM/PRISMA,0,0
2025,10,Outubro,Autos,Sedans Pequenos,7,GM/CLASSIC,0,0
2025,10,Outubro,Autos,Sedans Pequenos,8,TOYOTA/ETIOS SEDAN,0,0
2025,10,Outubro,Autos,Sedans Pequenos,9,GM/ONIX PLUS,5853,40.93
2025,10,Outubro,Autos,Sedans Pequenos,10,VW/VIRTUS,3615,31.74
2025,10,Outubro,Autos,Sedans Pequenos,11,HONDA/CITY,1644,15.1
2025,10,Outubro,Autos,Sedans Pequenos,12,NISSAN/VERSA,515,8.21
2025,10,Outubro,Autos,Sedans Pequenos,13,TOYOTA/YARIS SEDAN,1,4.02
2025,10,Outubro,Autos,Sedans Pequenos,14,GM/COBALT,1,0.01
2025,10,Outubro,Autos,Sedans médios,1,TOYOTA/COROLLA,2287,56.82
2025,10,Outubro,Autos,Sedans médios,2,BYD/KING,1291,20.15
2025,10,Outubro,Autos,Sedans médios,3,NISSAN/SENTRA,761,8.35
2025,10,Outubro,Autos,Sedans médios,4,BYD/SEAL,308,4.84
2025,10,Outubro,Autos,Sedans médios,5,CAOA CHERY/ARRIZO 6,69,2.54
2025,10,Outubro,Autos,Sedans médios,6,HONDA/CIVIC,28,2.08
2025,10,Outubro,Autos,Sedans médios,7,AUDI/A5,204,1.37
2025,10,Outubro,Autos,Sedans médios,8,M.BENZ/CLA200,78,1.2
2025,10,Outubro,Autos,Sedans médios,9,VW/JETTA,15,0.95
2025,10,Outubro,Autos,Sedans médios,10,AUDI/A3 SEDAN,38,0.86
2025,10,Outubro,Autos,Sedans médios,11,BMW/420I,12,0.22
2025,10,Outubro,Autos,Sedans médios,12,BMW/220,20,0.16
2025,10,Outubro,Autos,Sedans médios,13,M.BENZ/AMG C63S,1,0.1
2025,10,Outubro,Autos,Sedans médios,14,M.BENZ/CLA35,3,0.1
2025,10,Outubro,Autos,Sedans médios,15,BMW/M235I,1,0.08
2025,10,Outubro,Autos,Sedans médios,16,GAC/AION ES,5,0.05
2025,10,Outubro,Autos,Sedans médios,17,M.BENZ/CLA45,4,0.05
2025,10,Outubro,Autos,Sedans médios,18,AUDI/RS3,9,0.02
2025,10,Outubro,Autos,Sedans médios,19,BMW/218I,0,0.02
2025,10,Outubro,Autos,Sedans médios,20,GM/CRUZE SEDAN,0,0.01
2025,10,Outubro,Autos,Sedans médios,21,M.BENZ/CLASSE C,0,0.01
2025,10,Outubro,Autos,Sedans médios,22,BMW/320I,362,52.58
2025,10,Outubro,Autos,Sedans médios,23,M.BENZ/CLASSE C,152,19.52
2025,10,Outubro,Autos,Sedans médios,24,PORSCHE/PANAMERA,40,5.67
2025,10,Outubro,Autos,Sedans médios,25,BMW/330E,34,5.31
2025,10,Outubro,Autos,Sedans médios,26,HONDA/ACCORD,15,3.12
2025,10,Outubro,Autos,Sedans médios,27,BMW/530E,14,2.35
2025,10,Outubro,Autos,Sedans médios,28,LEXUS/ES300,2,1.7
2025,10,Outubro,Autos,Sedans médios,29,AUDI/A4,0,1.62
2025,10,Outubro,Autos,Sedans médios,30,ZEEKR/001,5,1.61
2025,10,Outubro,Autos,Sedans médios,31,M.BENZ/CLASSE E,10,1.46
2025,10,Outubro,Autos,Sedans médios,32,M.BENZ/AMG GT63S,1,1.18
2025,10,Outubro,Autos,Sedans médios,33,BMW/I4,8,0.9
2025,10,Outubro,Autos,Sw Grandes,1,AUDI/RS6 AVANT,13,97.96
2025,10,Outubro,Autos,Sw Grandes,2,VW/QUANTUM,0,2.04
2025,10,Outubro,Autos,Sw Grandes,3,GM/BOLT,0,71.43
2025,10,Outubro,Autos,Sw Grandes,4,FIAT/DOBLO,1,28.57
2025,10,Outubro,Autos,Grandcab,1,GM/SPIN,2103,98.47
2025,10,Outubro,Autos,Grandcab,2,KIA/CARNIVAL,19,1.29
2025,10,Outubro,Autos,Grandcab,3,VW/ID.BUZZ,0,0.17
2025,10,Outubro,Autos,Grandcab,4,TOYOTA/SIENNA,0,0.03
2025,10,Outubro,Autos,Grandcab,5,PORSCHE/911,124,29.55
2025,10,Outubro,Autos,Grandcab,6,FORD/MUSTANG,81,27.49
2025,10,Outubro,Autos,Grandcab,7,PORSCHE/BOXSTER,16,12.18
2025,10,Outubro,Autos,Grandcab,8,BMW/M2,28,8.38
2025,10,Outubro,Autos,Grandcab,9,PORSCHE/CAYMAN,5,4.94
2025,10,Outubro,Autos,Grandcab,10,BMW/M3,25,4.58
2025,10,Outubro,Autos,Grandcab,11,DODGE/CHALLENGER,7,2.41
2025,10,Outubro,Autos,Grandcab,12,GM/CORVETTE,6,2.27
2025,10,Outubro,Autos,Grandcab,13,M.BENZ/SL63S,1,1.63
2025,10,Outubro,Autos,Suv's,1,VW/T CROSS,7113,8.37
2025,10,Outubro,Autos,Suv's,2,HYUNDAI/CRETA,8679,6.9
2025,10,Outubro,Autos,Suv's,3,TOYOTA/COROLLA CROSS,3609,6.36
2025,10,Outubro,Autos,Suv's,4,HONDA/HR-V,6711,5.94
2025,10,Outubro,Autos,Suv's,5,GM/TRACKER,5290,5.74
2025,10,Outubro,Autos,Suv's,6,JEEP/COMPASS,6257,5.58
2025,10,Outubro,Autos,Suv's,7,FIAT/FASTBACK,5666,5.43
2025,10,Outubro,Autos,Suv's,8,NISSAN/KICKS,5721,5.3
2025,10,Outubro,Autos,Suv's,9,VW/NIVUS,4257,4.73
2025,10,Outubro,Autos,Suv's,10,FIAT/PULSE,3965,4.25
2025,10,Outubro,Autos,Suv's,11,JEEP/RENEGADE,4263,4.17
2025,10,Outubro,Autos,Suv's,12,BYD/SONG,3444,3.47
2025,10,Outubro,Autos,Suv's,13,CAOA CHERY/TIGGO 7,4248,3.37
2025,10,Outubro,Autos,Suv's,14,VW/TERA,10162,3.2
2025,10,Outubro,Autos,Suv's,15,GWM/HAVAL H6,3375,2.9
2025,10,Outubro,Autos,Suv's,16,RENAULT/KARDIAN,1533,1.96
2025,10,Outubro,Autos,Suv's,17,CITROEN/BASALT,1562,1.76
2025,10,Outubro,Autos,Suv's,18,RENAULT/DUSTER,1680,1.72
2025,10,Outubro,Autos,Suv's,19,CAOA CHERY/TIGGO 8,1772,1.69
2025,10,Outubro,Autos,Suv's,20,TOYOTA/HILUX SW4,1421,1.57
2025,10,Outubro,Autos,Suv's,21,JEEP/COMMANDER,2162,1.53
2025,10,Outubro,Autos,Suv's,22,VW/TAOS,496,1.35
2025,10,Outubro,Autos,Suv's,23,CAOA CHERY/TIGGO 5X,1994,1.34
2025,10,Outubro,Autos,Suv's,24,PEUGEOT/2008,734,1.1
2025,10,Outubro,Autos,Suv's,25,MITSUBISHI/ECLIPSE CROSS,1043,0.95
2025,10,Outubro,Autos,Suv's,26,FORD/TERRITORY,1138,0.77
2025,10,Outubro,Autos,Suv's,27,BYD/YUAN,551,0.58
2025,10,Outubro,Autos,Suv's,28,BMW/X1,485,0.51
2025,10,Outubro,Autos,Suv's,29,CITROEN/C3 AIRCROSS,192,0.5
2025,10,Outubro,Autos,Suv's,30,OMODA JAECOO/JAECOO 7,677,0.38
2025,10,Outubro,Autos,Suv's,31,VOLVO/EX30,284,0.34
2025,10,Outubro,Autos,Suv's,32,VOLVO/XC60,384,0.32
2025,10,Outubro,Autos,Suv's,33,GWM/TANK 300,464,0.31
2025,10,Outubro,Autos,Suv's,34,TOYOTA/RAV4,125,0.27
2025,10,Outubro,Autos,Suv's,35,FORD/BRONCO,194,0.26
2025,10,Outubro,Autos,Suv's,36,GM/EQUINOX,263,0.22
2025,10,Outubro,Autos,Suv's,37,VW/TIGUAN,486,0.21
2025,10,Outubro,Autos,Suv's,38,GM/TRAILBLAZER,214,0.2
2025,10,Outubro,Autos,Suv's,39,HONDA/ZR-V,62,0.2
2025,10,Outubro,Autos,Suv's,40,M.BENZ/GLC,252,0.19
2025,10,Outubro,Com. Leves,Pick-up's Pequenas,1,FIAT/STRADA,14041,67.79
2025,10,Outubro,Com. Leves,Pick-up's Pequenas,2,VW/SAVEIRO,6437,32.2
2025,10,Outubro,Com. Leves,Pick-up's Pequenas,3,GM/MONTANA,0,0
2025,10,Outubro,Com. Leves,Pick-up's Pequenas,4,GM/CHEVY,1,0
2025,10,Outubro,Com. Leves,Pick-up's Pequenas,5,FIAT/TORO,5915,19.01
2025,10,Outubro,Com. Leves,Pick-up's Pequenas,6,TOYOTA/HILUX,5204,18.9
2025,10,Outubro,Com. Leves,Pick-up's Pequenas,7,FORD/RANGER,3310,12.85
2025,10,Outubro,Com. Leves,Pick-up's Pequenas,8,GM/S10,3312,11.37
2025,10,Outubro,Com. Leves,Pick-up's Pequenas,9,RAM/RAMPAGE,3053,9.44
2025,10,Outubro,Com. Leves,Pick-up's Pequenas,10,GM/MONTANA,1848,7.98
2025,10,Outubro,Com. Leves,Pick-up's Pequenas,11,MITSUBISHI/TRITON,1312,4.32
2025,10,Outubro,Com. Leves,Pick-up's Pequenas,12,RENAULT/OROCH,929,4.31
2025,10,Outubro,Com. Leves,Pick-up's Pequenas,13,FIAT/TITANO,337,2.46
2025,10,Outubro,Com. Leves,Pick-up's Pequenas,14,NISSAN/FRONTIER,162,2.26
2025,10,Outubro,Com. Leves,Pick-up's Pequenas,15,MITSUBISHI/L200,37,1.6
2025,10,Outubro,Com. Leves,Pick-up's Pequenas,16,RENAULT/MASTER,1644,32.85
2025,10,Outubro,Com. Leves,Pick-up's Pequenas,17,FIAT/DUCATO,198,7.32
2025,10,Outubro,Com. Leves,Pick-up's Pequenas,18,FIAT/SCUDO,471,7.31
2025,10,Outubro,Com. Leves,Pick-up's Pequenas,19,HYUNDAI/HR,141,7.09
2025,10,Outubro,Com. Leves,Pick-up's Pequenas,20,IVECO/DAILY,403,6.08
2025,10,Outubro,Com. Leves,Pick-up's Pequenas,21,FORD/TRANSIT,230,5.74
2025,10,Outubro,Com. Leves,Pick-up's Pequenas,22,VW TRUCK E BUS/EXPRESS,213,4.88
2025,10,Outubro,Com. Leves,Furgões Pequenos,1,FIAT/FIORINO,1951,81.28
2025,10,Outubro,Com. Leves,Furgões Pequenos,2,RENAULT/KANGOO,574,16.22
2025,10,Outubro,Com. Leves,Furgões Pequenos,3,PEUGEOT/PARTNER,54,2.02
2025,10,Outubro,Com. Leves,Furgões Pequenos,4,RENAULT/KWID,5,0.24
2025,10,Outubro,Caminhões,Semi-Leve,1,M.BENZ/SPRINTER 517,69,41.34
2025,10,Outubro,Caminhões,Semi-Leve,2,M.BENZ/SPRINTER 417,84,32.06
2025,10,Outubro,Caminhões,Semi-Leve,3,IVECO/DAILY 45-170,25,12.13
2025,10,Outubro,Caminhões,Semi-Leve,4,IVECO/DAILY 55C17,17,6.21
2025,10,Outubro,Caminhões,Semi-Leve,5,IVECO/DAILY 55-170,5,1.45
2025,10,Outubro,Caminhões,Semi-Leve,6,IVECO/DAILY,9,1.12
2025,10,Outubro,Caminhões,Semi-Leve,7,TESLA/CYBERTRUCK,0,1.07
2025,10,Outubro,Caminhões,Semi-Leve,8,IVECO/DAILY 30-160,7,0.89
2025,10,Outubro,Caminhões,Semi-Leve,9,IVECO/DAILY 55-180,3,0.7
2025,10,Outubro,Caminhões,Semi-Leve,10,IVECO/DAILY 45-180,4,0.56
2025,10,Outubro,Caminhões,Semi-Leve,11,M.BENZ/ACCELO 1017,168,40.6
2025,10,Outubro,Caminhões,Semi-Leve,12,VW TRUCK E BUS/9.180,133,22.86
2025,10,Outubro,Caminhões,Semi-Leve,13,M.BENZ/ACCELO 817,124,12.6
2025,10,Outubro,Caminhões,Semi-Leve,14,IVECO/TECTOR 9-190,47,4.97
2025,10,Outubro,Caminhões,Semi-Leve,15,M.BENZ/ACCELO 917,85,4.69
2025,10,Outubro,Caminhões,Semi-Leve,16,IVECO/DAILY 65-170,17,3.69
2025,10,Outubro,Caminhões,Semi-Leve,17,FOTON/AUMARK S 715,15,2.4
2025,10,Outubro,Caminhões,Semi-Leve,18,VW TRUCK E BUS/6.170,16,1.54
2025,10,Outubro,Caminhões,Semi-Leve,19,FOTON/AUMARK S 916,1,1.2
2025,10,Outubro,Caminhões,Semi-Leve,20,JAC/IEV1200T,3,0.98
2025,10,Outubro,Caminhões,Semi-Leve,21,VW TRUCK E BUS/11.180,643,52.81
2025,10,Outubro,Caminhões,Semi-Leve,22,M.BENZ/ACCELO 1117,303,14.77
2025,10,Outubro,Caminhões,Semi-Leve,23,VW TRUCK E BUS/13.180,103,7.59
2025,10,Outubro,Caminhões,Semi-Leve,24,IVECO/TECTOR 11-190,96,6.38
2025,10,Outubro,Caminhões,Semi-Leve,25,M.BENZ/ATEGO 1419,30,4.94
2025,10,Outubro,Caminhões,Semi-Leve,26,M.BENZ/ACCELO 1317,45,3.59
2025,10,Outubro,Caminhões,Semi-Leve,27,FOTON/AUMARK S 1217A,73,3.37
2025,10,Outubro,Caminhões,Semi-Leve,28,VW TRUCK E BUS/14.210,12,2.15
2025,10,Outubro,Caminhões,Semi-Leve,29,M.BENZ/ACCELO 1417,45,2.05
2025,10,Outubro,Caminhões,Semi-Leve,30,VW TRUCK E BUS/E DELIVERY 1,1,0.62
2025,10,Outubro,Caminhões,Semi-Pesado,1,VOLVO/VM 290,391,12.12
2025,10,Outubro,Caminhões,Semi-Pesado,2,M.BENZ/ATEGO 1719,359,8.9
2025,10,Outubro,Caminhões,Semi-Pesado,3,M.BENZ/ATEGO 2429,374,8.3
2025,10,Outubro,Caminhões,Semi-Pesado,4,VW TRUCK E BUS/17.210,269,8.12
2025,10,Outubro,Caminhões,Semi-Pesado,5,VW TRUCK E BUS/26.260,258,8.06
2025,10,Outubro,Caminhões,Semi-Pesado,6,VW TRUCK E BUS/31.320,173,5.87
2025,10,Outubro,Caminhões,Semi-Pesado,7,VW TRUCK E BUS/26.320,154,4.9
2025,10,Outubro,Caminhões,Semi-Pesado,8,VW TRUCK E BUS/18.260,173,4.51
2025,10,Outubro,Caminhões,Semi-Pesado,9,M.BENZ/ATEGO 3033,156,4.34
2025,10,Outubro,Caminhões,Semi-Pesado,10,VW TRUCK E BUS/27.260,169,3.97
2025,10,Outubro,Caminhões,Semi-Pesado,11,VOLVO/FH 540,635,11.06
2025,10,Outubro,Caminhões,Semi-Pesado,12,VOLVO/FH 460,428,7.41
2025,10,Outubro,Caminhões,Semi-Pesado,13,DAF/XF 530,260,7.11
2025,10,Outubro,Caminhões,Semi-Pesado,14,VOLVO/VM 360,326,6.64
2025,10,Outubro,Caminhões,Semi-Pesado,15,SCANIA/R 460,219,5.44
2025,10,Outubro,Caminhões,Semi-Pesado,16,DAF/XF 480,177,4.73
2025,10,Outubro,Caminhões,Semi-Pesado,17,VOLVO/FH 500,288,4.34
2025,10,Outubro,Caminhões,Semi-Pesado,18,IVECO/S-WAY 480,136,3.71
2025,10,Outubro,Caminhões,Semi-Pesado,19,VW TRUCK E BUS/28.480,144,3.13
2025,10,Outubro,Caminhões,Semi-Pesado,20,M.BENZ/ACTROS 2548,190,3.1
2025,10,Outubro,Motos,City,1,HONDA/CG 160,44390,55.74
2025,10,Outubro,Motos,City,2,MOTTU/SPORT 110I,11368,11.9
2025,10,Outubro,Motos,City,3,YAMAHA/YBR 150,6872,8.39
2025,10,Outubro,Motos,City,4,HONDA/CB 300F,5922,7.64
2025,10,Outubro,Motos,City,5,YAMAHA/FAZER 250,4602,5.38
2025,10,Outubro,Motos,City,6,YAMAHA/FAZER 150,3602,4.75
2025,10,Outubro,Motos,City,7,SHINERAY/XY 150,786,2.02
2025,10,Outubro,Motos,City,8,HAOJUE/DK160,840,0.75
2025,10,Outubro,Motos,City,9,HAOJUE/DR160,519,0.59
2025,10,Outubro,Motos,City,10,HAOJUE/MASTER RIDE 150,211,0.31
2025,10,Outubro,Motos,City,11,ROYAL ENFIELD/HUNTER 350,651,23.22
2025,10,Outubro,Motos,City,12,ROYAL ENFIELD/SUPER METEOR 650,512,19.12
2025,10,Outubro,Motos,City,13,ROYAL ENFIELD/METEOR,399,15.46
2025,10,Outubro,Motos,City,14,ROYAL ENFIELD/SHOTGUN 650,215,9.9
2025,10,Outubro,Motos,City,15,TRIUMPH/SCRAMBLER 400,269,8.19
2025,10,Outubro,Motos,City,16,ROYAL ENFIELD/CLASSIC 350,160,7.48
2025,10,Outubro,Motos,City,17,KAWASAKI/ELIMINATOR 500,8,3.07
2025,10,Outubro,Motos,City,18,KAWASAKI/VULCAN S,59,2.34
2025,10,Outubro,Motos,City,19,ZONTES/S350,67,1.76
2025,10,Outubro,Motos,City,20,TRIUMPH/SCRAMBLER 1200,43,1.01
2025,10,Outubro,Motos,City,21,HONDA/NXR160,19757,46.54
2025,10,Outubro,Motos,City,22,HONDA/XRE 300,4237,10.17
2025,10,Outubro,Motos,City,23,YAMAHA/XTZ 250,3833,10.12
2025,10,Outubro,Motos,City,24,HONDA/XRE 190,4738,9.68
2025,10,Outubro,Motos,City,25,SHINERAY/SHI 175,3141,7.4
2025,10,Outubro,Motos,City,26,YAMAHA/CROSSER 150,2347,7.25
2025,10,Outubro,Motos,City,27,HONDA/XR 300L,1471,3.1
2025,10,Outubro,Motos,City,28,AVELLOZ/AZ160,969,1.56
2025,10,Outubro,Motos,City,29,BMW/G310 GS,448,0.66
2025,10,Outubro,Motos,City,30,HAOJUE/NK 150,287,0.61
2025,10,Outubro,Motos,Maxtrail,1,ROYAL ENFIELD/HIMALAYAN,763,19.0
2025,10,Outubro,Motos,Maxtrail,2,TRIUMPH/TIGER 900,236,10.36
2025,10,Outubro,Motos,Maxtrail,3,HONDA/NC 750X,167,10.32
2025,10,Outubro,Motos,Maxtrail,4,BMW/R1300GS,311,9.55
2025,10,Outubro,Motos,Maxtrail,5,HONDA/NX 500,768,8.03
2025,10,Outubro,Motos,Maxtrail,6,BMW/R1300GSA,361,7.78
2025,10,Outubro,Motos,Maxtrail,7,BMW/F900 GS,186,6.73
2025,10,Outubro,Motos,Maxtrail,8,TRIUMPH/TIGER 1200,120,4.99
2025,10,Outubro,Motos,Maxtrail,9,HONDA/CB 500X,2,3.91
2025,10,Outubro,Motos,Maxtrail,10,KAWASAKI/VERSYS 650,111,3.05
2025,10,Outubro,Motos,Maxtrail,11,BAJAJ/DOMINAR D400,880,21.68
2025,10,Outubro,Motos,Maxtrail,12,YAMAHA/MT03,912,17.84
2025,10,Outubro,Motos,Maxtrail,13,SHINERAY/XY 250,443,8.7
2025,10,Outubro,Motos,Maxtrail,14,BAJAJ/DOMINAR D250,388,7.33
2025,10,Outubro,Motos,Maxtrail,15,BAJAJ/DOMINAR NS160,499,5.79
2025,10,Outubro,Motos,Maxtrail,16,HONDA/CB 500,403,5.28
2025,10,Outubro,Motos,Maxtrail,17,BAJAJ/DOMINAR NS200,406,4.59
2025,10,Outubro,Motos,Maxtrail,18,KAWASAKI/Z900,223,4.13
2025,10,Outubro,Motos,Maxtrail,19,TRIUMPH/SPEED 400,225,3.7
2025,10,Outubro,Motos,Maxtrail,20,HONDA/CB 650R,247,2.73
2025,10,Outubro,Motos,Maxtrail,21,HONDA/BIZ,23807,34.81
2025,10,Outubro,Motos,Maxtrail,22,HONDA/POP 110I,23075,30.4
2025,10,Outubro,Motos,Maxtrail,23,HONDA/PCX 160,5005,7.11
2025,10,Outubro,Motos,Maxtrail,24,SHINERAY/XY 125,3833,5.66
2025,10,Outubro,Motos,Maxtrail,25,HONDA/ELITE 125,3071,4.3
2025,10,Outubro,Motos,Maxtrail,26,YAMAHA/NMAX,2175,3.21
2025,10,Outubro,Motos,Maxtrail,27,SHINERAY/XY 50,1577,2.58
2025,10,Outubro,Motos,Maxtrail,28,AVELLOZ/AZ1,1549,2.4
2025,10,Outubro,Motos,Maxtrail,29,HONDA/ADV 160,1751,2.2
2025,10,Outubro,Motos,Maxtrail,30,YAMAHA/FLUO 125,1299,1.97
2025,10,Outubro,Motos,Sport,1,YAMAHA/YZF R15,1102,56.85
2025,10,Outubro,Motos,Sport,2,YAMAHA/YZF R3,183,10.43
2025,10,Outubro,Motos,Sport,3,BMW/S1000 R,109,7.21
2025,10,Outubro,Motos,Sport,4,KAWASAKI/NINJA 500,120,6.92
2025,10,Outubro,Motos,Sport,5,KAWASAKI/NINJA ZX-6R,98,3.99
2025,10,Outubro,Motos,Sport,6,KAWASAKI/NINJA ZX-4R,7,3.56
2025,10,Outubro,Motos,Sport,7,KAWASAKI/NINJA 300,58,2.8
2025,10,Outubro,Motos,Sport,8,TRIUMPH/DAYTONA 660,31,2.06
2025,10,Outubro,Motos,Sport,9,HONDA/CBR 650R,1,1.18
2025,10,Outubro,Motos,Sport,10,SUZUKI/GSX S1000 GT,14,0.97
2025,10,Outubro,Motos,Sport,11,H.DAVIDSON/STREET GLIDE,62,50.54
2025,10,Outubro,Motos,Sport,12,H.DAVIDSON/ROAD GLIDE,26,30.48
2025,10,Outubro,Motos,Sport,13,HONDA/GOLDWING,1,9.02
2025,10,Outubro,Motos,Sport,14,H.DAVIDSON/ULTRA LIMITED,0,3.58
2025,10,Outubro,Motos,Sport,15,BMW/R1250 RT,0,2.64
2025,10,Outubro,Motos,Sport,16,H.DAVIDSON/ROAD KING,0,1.87
2025,10,Outubro,Motos,Sport,17,BMW/K 1600,0,1.71
2025,10,Outubro,Motos,Sport,18,H.DAVIDSON/H.DAVIDSON FLHPI,0,0.16
2025,11,Novembro,Autos,Veículos de Entrada,1,FIAT/MOBI,7188,55.38
2025,11,Novembro,Autos,Veículos de Entrada,2,RENAULT/KWID,7302,44.24
2025,11,Novembro,Autos,Veículos de Entrada,3,RENAULT/E-KWID,296,0.34
2025,11,Novembro,Autos,Veículos de Entrada,4,VW/GOL,2,0.01
2025,11,Novembro,Autos,Veículos de Entrada,5,OMODA JAECOO/OMODA 7,4,0.01
2025,11,Novembro,Autos,Veículos de Entrada,6,FIAT/UNO,0,0.01
2025,11,Novembro,Autos,Veículos de Entrada,7,GM/CELTA,0,0
2025,11,Novembro,Autos,Veículos de Entrada,8,FIAT/PALIO,1,0
2025,11,Novembro,Autos,Veículos de Entrada,9,GM/CHEVETTE,0,0
2025,11,Novembro,Autos,Veículos de Entrada,10,VW/POLO,9381,25.64
2025,11,Novembro,Autos,Veículos de Entrada,11,FIAT/ARGO,8386,21.1
2025,11,Novembro,Autos,Veículos de Entrada,12,HYUNDAI/HB20,7640,17.39
2025,11,Novembro,Autos,Veículos de Entrada,13,GM/ONIX,9524,16.42
2025,11,Novembro,Autos,Veículos de Entrada,14,BYD/DOLPHIN MINI,2881,6.53
2025,11,Novembro,Autos,Veículos de Entrada,15,HONDA/CITY HATCH,1269,3.26
2025,11,Novembro,Autos,Veículos de Entrada,16,BYD/DOLPHIN,802,2.94
2025,11,Novembro,Autos,Veículos de Entrada,17,CITROEN/C3,1368,2.73
2025,11,Novembro,Autos,Veículos de Entrada,18,PEUGEOT/208,674,1.88
2025,11,Novembro,Autos,Veículos de Entrada,19,TOYOTA/YARIS HB,0,0.82
2025,11,Novembro,Autos,Veículos de Entrada,20,GWM/ORA 03,214,0.65
2025,11,Novembro,Autos,Veículos de Entrada,21,GEELY/EX2,835,0.2
2025,11,Novembro,Autos,Veículos de Entrada,22,AUDI/A3,28,47.73
2025,11,Novembro,Autos,Veículos de Entrada,23,HONDA/CIVIC TYPE-R,4,25.0
2025,11,Novembro,Autos,Veículos de Entrada,24,TOYOTA/COROLLA GR,0,15.5
2025,11,Novembro,Autos,Veículos de Entrada,25,M.BENZ/A45 AMG,5,4.13
2025,11,Novembro,Autos,Veículos de Entrada,26,BMW/118I,0,1.45
2025,11,Novembro,Autos,Veículos de Entrada,27,VW/GOLF,0,1.45
2025,11,Novembro,Autos,Sedans Pequenos,1,HYUNDAI/HB20S,4425,58.68
2025,11,Novembro,Autos,Sedans Pequenos,2,FIAT/CRONOS,2375,41.28
2025,11,Novembro,Autos,Sedans Pequenos,3,FIAT/SIENA,1,0.01
2025,11,Novembro,Autos,Sedans Pequenos,4,RENAULT/LOGAN,0,0.01
2025,11,Novembro,Autos,Sedans Pequenos,5,VW/VOYAGE,0,0.01
2025,11,Novembro,Autos,Sedans Pequenos,6,GM/PRISMA,1,0.01
2025,11,Novembro,Autos,Sedans Pequenos,7,GM/CLASSIC,1,0
2025,11,Novembro,Autos,Sedans Pequenos,8,TOYOTA/ETIOS SEDAN,1,0
2025,11,Novembro,Autos,Sedans Pequenos,9,FORD/KA SEDAN,1,0
2025,11,Novembro,Autos,Sedans Pequenos,10,GM/CORSA SEDAN,1,0
2025,11,Novembro,Autos,Sedans Pequenos,11,GM/ONIX PLUS,5995,42.28
2025,11,Novembro,Autos,Sedans Pequenos,12,VW/VIRTUS,3285,31.54
2025,11,Novembro,Autos,Sedans Pequenos,13,HONDA/CITY,1292,14.76
2025,11,Novembro,Autos,Sedans Pequenos,14,NISSAN/VERSA,454,7.8
2025,11,Novembro,Autos,Sedans Pequenos,15,TOYOTA/YARIS SEDAN,2,3.61
2025,11,Novembro,Autos,Sedans Pequenos,16,GM/COBALT,0,0.01
2025,11,Novembro,Autos,Sedans médios,1,TOYOTA/COROLLA,1034,55.24
2025,11,Novembro,Autos,Sedans médios,2,BYD/KING,857,20.47
2025,11,Novembro,Autos,Sedans médios,3,NISSAN/SENTRA,341,8.45
2025,11,Novembro,Autos,Sedans médios,4,BYD/SEAL,327,5.13
2025,11,Novembro,Autos,Sedans médios,5,CAOA CHERY/ARRIZO 6,53,2.48
2025,11,Novembro,Autos,Sedans médios,6,HONDA/CIVIC,17,1.99
2025,11,Novembro,Autos,Sedans médios,7,VW/JETTA,393,1.59
2025,11,Novembro,Autos,Sedans médios,8,AUDI/A5,147,1.55
2025,11,Novembro,Autos,Sedans médios,9,M.BENZ/CLA200,72,1.25
2025,11,Novembro,Autos,Sedans médios,10,AUDI/A3 SEDAN,48,0.9
2025,11,Novembro,Autos,Sedans médios,11,BMW/420I,1,0.23
2025,11,Novembro,Autos,Sedans médios,12,BMW/220,2,0.19
2025,11,Novembro,Autos,Sedans médios,13,M.BENZ/CLA35,5,0.1
2025,11,Novembro,Autos,Sedans médios,14,BMW/M235I,13,0.1
2025,11,Novembro,Autos,Sedans médios,15,M.BENZ/AMG C63S,1,0.1
2025,11,Novembro,Autos,Sedans médios,16,AUDI/RS3,30,0.08
2025,11,Novembro,Autos,Sedans médios,17,M.BENZ/CLA45,3,0.05
2025,11,Novembro,Autos,Sedans médios,18,GAC/AION ES,2,0.05
2025,11,Novembro,Autos,Sedans médios,19,BMW/218I,0,0.01
2025,11,Novembro,Autos,Sedans médios,20,GM/CRUZE SEDAN,0,0.01
2025,11,Novembro,Autos,Sedans médios,21,M.BENZ/CLASSE C,0,0.01
2025,11,Novembro,Autos,Sedans médios,22,BMW/320I,346,53.47
2025,11,Novembro,Autos,Sedans médios,23,M.BENZ/CLASSE C,101,19.45
2025,11,Novembro,Autos,Sedans médios,24,PORSCHE/PANAMERA,18,5.48
2025,11,Novembro,Autos,Sedans médios,25,BMW/330E,13,5.08
2025,11,Novembro,Autos,Sedans médios,26,HONDA/ACCORD,10,3.02
2025,11,Novembro,Autos,Sedans médios,27,BMW/530E,7,2.26
2025,11,Novembro,Autos,Sedans médios,28,LEXUS/ES300,3,1.61
2025,11,Novembro,Autos,Sedans médios,29,ZEEKR/001,6,1.57
2025,11,Novembro,Autos,Sedans médios,30,AUDI/A4,3,1.54
2025,11,Novembro,Autos,Sedans médios,31,M.BENZ/CLASSE E,6,1.44
2025,11,Novembro,Autos,Sedans médios,32,M.BENZ/AMG GT63S,7,1.19
2025,11,Novembro,Autos,Sedans médios,33,BMW/I4,5,0.9
2025,11,Novembro,Autos,Sw Grandes,1,AUDI/RS6 AVANT,7,98.1
2025,11,Novembro,Autos,Sw Grandes,2,VW/QUANTUM,0,1.9
2025,11,Novembro,Autos,Sw Grandes,3,GM/BOLT,2,70.0
2025,11,Novembro,Autos,Sw Grandes,4,FIAT/DOBLO,0,20.0
2025,11,Novembro,Autos,Sw Grandes,5,HONDA/FIT,1,10.0
2025,11,Novembro,Autos,Grandcab,1,GM/SPIN,2317,98.59
2025,11,Novembro,Autos,Grandcab,2,KIA/CARNIVAL,10,1.19
2025,11,Novembro,Autos,Grandcab,3,VW/ID.BUZZ,1,0.15
2025,11,Novembro,Autos,Grandcab,4,TOYOTA/SIENNA,0,0.03
2025,11,Novembro,Autos,Grandcab,5,PORSCHE/911,7,30.08
2025,11,Novembro,Autos,Grandcab,6,FORD/MUSTANG,45,27.1
2025,11,Novembro,Autos,Grandcab,7,PORSCHE/BOXSTER,17,11.91
2025,11,Novembro,Autos,Grandcab,8,BMW/M2,20,8.47
2025,11,Novembro,Autos,Grandcab,9,BMW/M3,16,4.8
2025,11,Novembro,Autos,Grandcab,10,PORSCHE/CAYMAN,6,4.8
2025,11,Novembro,Autos,Grandcab,11,GM/CORVETTE,12,2.51
2025,11,Novembro,Autos,Grandcab,12,DODGE/CHALLENGER,0,2.25
2025,11,Novembro,Autos,Grandcab,13,M.BENZ/SL63S,3,1.62
2025,11,Novembro,Autos,Suv's,1,VW/T CROSS,9016,8.44
2025,11,Novembro,Autos,Suv's,2,HYUNDAI/CRETA,7689,6.99
2025,11,Novembro,Autos,Suv's,3,TOYOTA/COROLLA CROSS,1465,5.86
2025,11,Novembro,Autos,Suv's,4,HONDA/HR-V,4963,5.84
2025,11,Novembro,Autos,Suv's,5,GM/TRACKER,4528,5.61
2025,11,Novembro,Autos,Suv's,6,JEEP/COMPASS,5889,5.61
2025,11,Novembro,Autos,Suv's,7,NISSAN/KICKS,5646,5.34
2025,11,Novembro,Autos,Suv's,8,FIAT/FASTBACK,4381,5.32
2025,11,Novembro,Autos,Suv's,9,VW/NIVUS,3124,4.57
2025,11,Novembro,Autos,Suv's,10,JEEP/RENEGADE,4230,4.18
2025,11,Novembro,Autos,Suv's,11,FIAT/PULSE,3213,4.14
2025,11,Novembro,Autos,Suv's,12,VW/TERA,9772,3.87
2025,11,Novembro,Autos,Suv's,13,BYD/SONG,4380,3.57
2025,11,Novembro,Autos,Suv's,14,CAOA CHERY/TIGGO 7,4060,3.44
2025,11,Novembro,Autos,Suv's,15,GWM/HAVAL H6,3215,2.94
2025,11,Novembro,Autos,Suv's,16,RENAULT/KARDIAN,1097,1.87
2025,11,Novembro,Autos,Suv's,17,CITROEN/BASALT,1404,1.73
2025,11,Novembro,Autos,Suv's,18,RENAULT/DUSTER,1789,1.73
2025,11,Novembro,Autos,Suv's,19,CAOA CHERY/TIGGO 8,1501,1.67
2025,11,Novembro,Autos,Suv's,20,JEEP/COMMANDER,1830,1.57
2025,11,Novembro,Autos,Suv's,21,TOYOTA/HILUX SW4,1432,1.56
2025,11,Novembro,Autos,Suv's,22,CAOA CHERY/TIGGO 5X,1437,1.35
2025,11,Novembro,Autos,Suv's,23,VW/TAOS,462,1.26
2025,11,Novembro,Autos,Suv's,24,PEUGEOT/2008,654,1.06
2025,11,Novembro,Autos,Suv's,25,MITSUBISHI/ECLIPSE CROSS,899,0.94
2025,11,Novembro,Autos,Suv's,26,FORD/TERRITORY,1058,0.8
2025,11,Novembro,Autos,Suv's,27,BYD/YUAN,455,0.57
2025,11,Novembro,Autos,Suv's,28,BMW/X1,414,0.5
2025,11,Novembro,Autos,Suv's,29,CITROEN/C3 AIRCROSS,84,0.46
2025,11,Novembro,Autos,Suv's,30,OMODA JAECOO/JAECOO 7,564,0.4
2025,11,Novembro,Autos,Suv's,31,VOLVO/EX30,180,0.32
2025,11,Novembro,Autos,Suv's,32,GWM/TANK 300,419,0.32
2025,11,Novembro,Autos,Suv's,33,VOLVO/XC60,283,0.32
2025,11,Novembro,Autos,Suv's,34,TOYOTA/RAV4,45,0.25
2025,11,Novembro,Autos,Suv's,35,FORD/BRONCO,113,0.24
2025,11,Novembro,Autos,Suv's,36,GM/EQUINOX,202,0.22
2025,11,Novembro,Autos,Suv's,37,VW/TIGUAN,298,0.22
2025,11,Novembro,Autos,Suv's,38,GM/TRAILBLAZER,162,0.2
2025,11,Novembro,Autos,Suv's,39,M.BENZ/GLC,183,0.19
2025,11,Novembro,Autos,Suv's,40,HONDA/ZR-V,31,0.18
2025,11,Novembro,Com. Leves,Pick-up's Pequenas,1,FIAT/STRADA,13019,68.29
2025,11,Novembro,Com. Leves,Pick-up's Pequenas,2,VW/SAVEIRO,4796,31.7
2025,11,Novembro,Com. Leves,Pick-up's Pequenas,3,GM/MONTANA,0,0
2025,11,Novembro,Com. Leves,Pick-up's Pequenas,4,GM/CHEVY,0,0
2025,11,Novembro,Com. Leves,Pick-up's Pequenas,5,FIAT/TORO,4268,19.06
2025,11,Novembro,Com. Leves,Pick-up's Pequenas,6,TOYOTA/HILUX,4047,18.87
2025,11,Novembro,Com. Leves,Pick-up's Pequenas,7,FORD/RANGER,2676,12.8
2025,11,Novembro,Com. Leves,Pick-up's Pequenas,8,GM/S10,2998,11.58
2025,11,Novembro,Com. Leves,Pick-up's Pequenas,9,RAM/RAMPAGE,2423,9.59
2025,11,Novembro,Com. Leves,Pick-up's Pequenas,10,GM/MONTANA,1375,7.83
2025,11,Novembro,Com. Leves,Pick-up's Pequenas,11,MITSUBISHI/TRITON,1045,4.36
2025,11,Novembro,Com. Leves,Pick-up's Pequenas,12,RENAULT/OROCH,961,4.32
2025,11,Novembro,Com. Leves,Pick-up's Pequenas,13,FIAT/TITANO,378,2.4
2025,11,Novembro,Com. Leves,Pick-up's Pequenas,14,NISSAN/FRONTIER,74,2.09
2025,11,Novembro,Com. Leves,Pick-up's Pequenas,15,MITSUBISHI/L200,21,1.47
2025,11,Novembro,Com. Leves,Pick-up's Pequenas,16,RENAULT/MASTER,1137,32.76
2025,11,Novembro,Com. Leves,Pick-up's Pequenas,17,FIAT/SCUDO,325,7.46
2025,11,Novembro,Com. Leves,Pick-up's Pequenas,18,FIAT/DUCATO,167,7.11
2025,11,Novembro,Com. Leves,Pick-up's Pequenas,19,HYUNDAI/HR,78,6.69
2025,11,Novembro,Com. Leves,Pick-up's Pequenas,20,IVECO/DAILY,205,6.05
2025,11,Novembro,Com. Leves,Pick-up's Pequenas,21,FORD/TRANSIT,175,5.67
2025,11,Novembro,Com. Leves,Pick-up's Pequenas,22,VW TRUCK E BUS/EXPRESS,217,4.98
2025,11,Novembro,Com. Leves,Furgões Pequenos,1,FIAT/FIORINO,1399,80.55
2025,11,Novembro,Com. Leves,Furgões Pequenos,2,RENAULT/KANGOO,491,16.96
2025,11,Novembro,Com. Leves,Furgões Pequenos,3,PEUGEOT/PARTNER,43,2.04
2025,11,Novembro,Com. Leves,Furgões Pequenos,4,RENAULT/KWID,1,0.23
2025,11,Novembro,Caminhões,Semi-Leve,1,M.BENZ/SPRINTER 517,9,41.81
2025,11,Novembro,Caminhões,Semi-Leve,2,M.BENZ/SPRINTER 417,72,32.22
2025,11,Novembro,Caminhões,Semi-Leve,3,IVECO/DAILY 45-170,13,11.59
2025,11,Novembro,Caminhões,Semi-Leve,4,IVECO/DAILY 55C17,12,6.15
2025,11,Novembro,Caminhões,Semi-Leve,5,IVECO/DAILY 55-170,0,1.32
2025,11,Novembro,Caminhões,Semi-Leve,6,IVECO/DAILY,4,1.19
2025,11,Novembro,Caminhões,Semi-Leve,7,IVECO/DAILY 30-160,6,1.06
2025,11,Novembro,Caminhões,Semi-Leve,8,TESLA/CYBERTRUCK,0,0.98
2025,11,Novembro,Caminhões,Semi-Leve,9,IVECO/DAILY 45-180,6,0.76
2025,11,Novembro,Caminhões,Semi-Leve,10,IVECO/DAILY 55-180,0,0.64
2025,11,Novembro,Caminhões,Semi-Leve,11,M.BENZ/ACCELO 1017,73,38.68
2025,11,Novembro,Caminhões,Semi-Leve,12,VW TRUCK E BUS/9.180,137,22.97
2025,11,Novembro,Caminhões,Semi-Leve,13,M.BENZ/ACCELO 817,100,12.96
2025,11,Novembro,Caminhões,Semi-Leve,14,M.BENZ/ACCELO 917,98,5.58
2025,11,Novembro,Caminhões,Semi-Leve,15,IVECO/TECTOR 9-190,59,5.36
2025,11,Novembro,Caminhões,Semi-Leve,16,IVECO/DAILY 65-170,15,3.62
2025,11,Novembro,Caminhões,Semi-Leve,17,FOTON/AUMARK S 715,1,2.37
2025,11,Novembro,Caminhões,Semi-Leve,18,VW TRUCK E BUS/6.170,14,1.6
2025,11,Novembro,Caminhões,Semi-Leve,19,FOTON/AUMARK S 916,18,1.34
2025,11,Novembro,Caminhões,Semi-Leve,20,JAC/IEV1200T,7,0.99
2025,11,Novembro,Caminhões,Semi-Leve,21,VW TRUCK E BUS/11.180,494,51.68
2025,11,Novembro,Caminhões,Semi-Leve,22,M.BENZ/ACCELO 1117,289,15.73
2025,11,Novembro,Caminhões,Semi-Leve,23,VW TRUCK E BUS/13.180,72,7.44
2025,11,Novembro,Caminhões,Semi-Leve,24,IVECO/TECTOR 11-190,98,6.57
2025,11,Novembro,Caminhões,Semi-Leve,25,M.BENZ/ATEGO 1419,32,4.71
2025,11,Novembro,Caminhões,Semi-Leve,26,M.BENZ/ACCELO 1317,91,4.0
2025,11,Novembro,Caminhões,Semi-Leve,27,FOTON/AUMARK S 1217A,40,3.37
2025,11,Novembro,Caminhões,Semi-Leve,28,VW TRUCK E BUS/14.210,24,2.14
2025,11,Novembro,Caminhões,Semi-Leve,29,M.BENZ/ACCELO 1417,25,2.05
2025,11,Novembro,Caminhões,Semi-Leve,30,VW TRUCK E BUS/E DELIVERY 1,0,0.56
2025,11,Novembro,Caminhões,Semi-Pesado,1,VOLVO/VM 290,304,11.94
2025,11,Novembro,Caminhões,Semi-Pesado,2,M.BENZ/ATEGO 1719,335,9.09
2025,11,Novembro,Caminhões,Semi-Pesado,3,M.BENZ/ATEGO 2429,327,8.53
2025,11,Novembro,Caminhões,Semi-Pesado,4,VW TRUCK E BUS/17.210,232,8.08
2025,11,Novembro,Caminhões,Semi-Pesado,5,VW TRUCK E BUS/26.260,250,8.08
2025,11,Novembro,Caminhões,Semi-Pesado,6,VW TRUCK E BUS/31.320,157,5.81
2025,11,Novembro,Caminhões,Semi-Pesado,7,VW TRUCK E BUS/26.320,148,4.9
2025,11,Novembro,Caminhões,Semi-Pesado,8,VW TRUCK E BUS/18.260,76,4.33
2025,11,Novembro,Caminhões,Semi-Pesado,9,M.BENZ/ATEGO 3033,110,4.28
2025,11,Novembro,Caminhões,Semi-Pesado,10,VW TRUCK E BUS/27.260,134,4.01
2025,11,Novembro,Caminhões,Semi-Pesado,11,VOLVO/FH 540,382,10.98
2025,11,Novembro,Caminhões,Semi-Pesado,12,VOLVO/FH 460,230,7.3
2025,11,Novembro,Caminhões,Semi-Pesado,13,DAF/XF 530,269,7.11
2025,11,Novembro,Caminhões,Semi-Pesado,14,VOLVO/VM 360,238,6.61
2025,11,Novembro,Caminhões,Semi-Pesado,15,SCANIA/R 460,131,5.27
2025,11,Novembro,Caminhões,Semi-Pesado,16,DAF/XF 480,163,4.69
2025,11,Novembro,Caminhões,Semi-Pesado,17,VOLVO/FH 500,196,4.41
2025,11,Novembro,Caminhões,Semi-Pesado,18,IVECO/S-WAY 480,152,3.73
2025,11,Novembro,Caminhões,Semi-Pesado,19,VW TRUCK E BUS/28.480,233,3.39
2025,11,Novembro,Caminhões,Semi-Pesado,20,M.BENZ/ACTROS 2548,160,3.2
2025,11,Novembro,Motos,City,1,HONDA/CG 160,38406,55.7
2025,11,Novembro,Motos,City,2,MOTTU/SPORT 110I,9202,12.02
2025,11,Novembro,Motos,City,3,YAMAHA/YBR 150,5558,8.36
2025,11,Novembro,Motos,City,4,HONDA/CB 300F,5490,7.66
2025,11,Novembro,Motos,City,5,YAMAHA/FAZER 250,3712,5.38
2025,11,Novembro,Motos,City,6,YAMAHA/FAZER 150,2938,4.7
2025,11,Novembro,Motos,City,7,SHINERAY/XY 150,610,1.92
2025,11,Novembro,Motos,City,8,HAOJUE/DK160,820,0.79
2025,11,Novembro,Motos,City,9,HAOJUE/DR160,475,0.6
2025,11,Novembro,Motos,City,10,SHINERAY/SHI 150,1037,0.37
2025,11,Novembro,Motos,City,11,ROYAL ENFIELD/HUNTER 350,624,23.52
2025,11,Novembro,Motos,City,12,ROYAL ENFIELD/SUPER METEOR 650,427,19.06
2025,11,Novembro,Motos,City,13,ROYAL ENFIELD/METEOR,417,15.67
2025,11,Novembro,Motos,City,14,ROYAL ENFIELD/SHOTGUN 650,176,9.71
2025,11,Novembro,Motos,City,15,TRIUMPH/SCRAMBLER 400,213,8.27
2025,11,Novembro,Motos,City,16,ROYAL ENFIELD/CLASSIC 350,139,7.36
2025,11,Novembro,Motos,City,17,KAWASAKI/ELIMINATOR 500,73,3.07
2025,11,Novembro,Motos,City,18,KAWASAKI/VULCAN S,59,2.36
2025,11,Novembro,Motos,City,19,ZONTES/S350,54,1.81
2025,11,Novembro,Motos,City,20,TRIUMPH/SCRAMBLER 1200,18,0.99
2025,11,Novembro,Motos,City,21,HONDA/NXR160,16303,46.33
2025,11,Novembro,Motos,City,22,HONDA/XRE 300,3659,10.15
2025,11,Novembro,Motos,City,23,YAMAHA/XTZ 250,3256,10.0
2025,11,Novembro,Motos,City,24,HONDA/XRE 190,4532,9.93
2025,11,Novembro,Motos,City,25,SHINERAY/SHI 175,2566,7.36
2025,11,Novembro,Motos,City,26,YAMAHA/CROSSER 150,1914,7.06
2025,11,Novembro,Motos,City,27,HONDA/XR 300L,1268,3.13
2025,11,Novembro,Motos,City,28,AVELLOZ/AZ160,944,1.66
2025,11,Novembro,Motos,City,29,BMW/G310 GS,476,0.72
2025,11,Novembro,Motos,City,30,HAOJUE/NK 150,251,0.62
2025,11,Novembro,Motos,Maxtrail,1,ROYAL ENFIELD/HIMALAYAN,743,19.31
2025,11,Novembro,Motos,Maxtrail,2,TRIUMPH/TIGER 900,229,9.96
2025,11,Novembro,Motos,Maxtrail,3,HONDA/NC 750X,229,9.93
2025,11,Novembro,Motos,Maxtrail,4,BMW/R1300GS,220,9.21
2025,11,Novembro,Motos,Maxtrail,5,HONDA/NX 500,587,9.04
2025,11,Novembro,Motos,Maxtrail,6,BMW/R1300GSA,270,7.79
2025,11,Novembro,Motos,Maxtrail,7,BMW/F900 GS,138,6.44
2025,11,Novembro,Motos,Maxtrail,8,TRIUMPH/TIGER 1200,195,5.07
2025,11,Novembro,Motos,Maxtrail,9,HONDA/CB 500X,3,3.49
2025,11,Novembro,Motos,Maxtrail,10,KAWASAKI/VERSYS 650,69,2.94
2025,11,Novembro,Motos,Maxtrail,11,BAJAJ/DOMINAR D400,638,20.49
2025,11,Novembro,Motos,Maxtrail,12,YAMAHA/MT03,860,17.55
2025,11,Novembro,Motos,Maxtrail,13,SHINERAY/XY 250,321,8.36
2025,11,Novembro,Motos,Maxtrail,14,BAJAJ/DOMINAR D250,278,7.05
2025,11,Novembro,Motos,Maxtrail,15,BAJAJ/DOMINAR NS160,434,6.01
2025,11,Novembro,Motos,Maxtrail,16,HONDA/CB 500,338,5.36
2025,11,Novembro,Motos,Maxtrail,17,BAJAJ/DOMINAR NS200,372,4.82
2025,11,Novembro,Motos,Maxtrail,18,KAWASAKI/Z900,213,4.1
2025,11,Novembro,Motos,Maxtrail,19,TRIUMPH/SPEED 400,273,3.83
2025,11,Novembro,Motos,Maxtrail,20,HONDA/CB 650R,222,2.87
2025,11,Novembro,Motos,Maxtrail,21,HONDA/BIZ,20547,34.7
2025,11,Novembro,Motos,Maxtrail,22,HONDA/POP 110I,20782,30.71
2025,11,Novembro,Motos,Maxtrail,23,HONDA/PCX 160,3847,7.04
2025,11,Novembro,Motos,Maxtrail,24,SHINERAY/XY 125,2273,5.49
2025,11,Novembro,Motos,Maxtrail,25,HONDA/ELITE 125,2560,4.29
2025,11,Novembro,Motos,Maxtrail,26,YAMAHA/NMAX,1865,3.2
2025,11,Novembro,Motos,Maxtrail,27,SHINERAY/XY 50,979,2.49
2025,11,Novembro,Motos,Maxtrail,28,AVELLOZ/AZ1,1333,2.38
2025,11,Novembro,Motos,Maxtrail,29,HONDA/ADV 160,1260,2.19
2025,11,Novembro,Motos,Maxtrail,30,YAMAHA/FLUO 125,983,1.94
2025,11,Novembro,Motos,Sport,1,YAMAHA/YZF R15,943,57.45
2025,11,Novembro,Motos,Sport,2,YAMAHA/YZF R3,149,10.38
2025,11,Novembro,Motos,Sport,3,BMW/S1000 R,67,6.95
2025,11,Novembro,Motos,Sport,4,KAWASAKI/NINJA 500,92,6.85
2025,11,Novembro,Motos,Sport,5,KAWASAKI/NINJA ZX-6R,34,3.83
2025,11,Novembro,Motos,Sport,6,KAWASAKI/NINJA ZX-4R,65,3.64
2025,11,Novembro,Motos,Sport,7,KAWASAKI/NINJA 300,56,2.89
2025,11,Novembro,Motos,Sport,8,TRIUMPH/DAYTONA 660,18,1.98
2025,11,Novembro,Motos,Sport,9,HONDA/CBR 650R,0,1.07
2025,11,Novembro,Motos,Sport,10,SUZUKI/GSX-8 R,19,0.95
2025,11,Novembro,Motos,Sport,11,H.DAVIDSON/STREET GLIDE,46,49.53
2025,11,Novembro,Motos,Sport,12,H.DAVIDSON/ROAD GLIDE,24,29.37
2025,11,Novembro,Motos,Sport,13,HONDA/GOLDWING,2,8.01
2025,11,Novembro,Motos,Sport,14,BMW/R 1300 RT,34,4.54
2025,11,Novembro,Motos,Sport,15,H.DAVIDSON/ULTRA LIMITED,0,3.07
2025,11,Novembro,Motos,Sport,16,BMW/R1250 RT,0,2.27
2025,11,Novembro,Motos,Sport,17,H.DAVIDSON/ROAD KING,0,1.6
2025,11,Novembro,Motos,Sport,18,BMW/K 1600,0,1.47
2025,12,Dezembro,Autos,Veículos de Entrada,1,FIAT/MOBI,6432,55.04
2025,12,Dezembro,Autos,Veículos de Entrada,2,RENAULT/KWID,5784,44.46
2025,12,Dezembro,Autos,Veículos de Entrada,3,RENAULT/E-KWID,193,0.45
2025,12,Dezembro,Autos,Veículos de Entrada,4,OMODA JAECOO/OMODA 7,1,0.02
2025,12,Dezembro,Autos,Veículos de Entrada,5,VW/GOL,0,0.01
2025,12,Dezembro,Autos,Veículos de Entrada,6,FIAT/UNO,2,0.01
2025,12,Dezembro,Autos,Veículos de Entrada,7,GM/CELTA,0,0
2025,12,Dezembro,Autos,Veículos de Entrada,8,FIAT/PALIO,0,0
2025,12,Dezembro,Autos,Veículos de Entrada,9,GM/CHEVETTE,0,0
2025,12,Dezembro,Autos,Veículos de Entrada,10,VW/POLO,10434,25.13
2025,12,Dezembro,Autos,Veículos de Entrada,11,FIAT/ARGO,10256,21.03
2025,12,Dezembro,Autos,Veículos de Entrada,12,HYUNDAI/HB20,8928,17.42
2025,12,Dezembro,Autos,Veículos de Entrada,13,GM/ONIX,7995,16.37
2025,12,Dezembro,Autos,Veículos de Entrada,14,BYD/DOLPHIN MINI,3889,6.65
2025,12,Dezembro,Autos,Veículos de Entrada,15,HONDA/CITY HATCH,1493,3.23
2025,12,Dezembro,Autos,Veículos de Entrada,16,BYD/DOLPHIN,2347,3.12
2025,12,Dezembro,Autos,Veículos de Entrada,17,CITROEN/C3,1344,2.73
2025,12,Dezembro,Autos,Veículos de Entrada,18,PEUGEOT/208,1600,2.01
2025,12,Dezembro,Autos,Veículos de Entrada,19,TOYOTA/YARIS HB,1,0.74
2025,12,Dezembro,Autos,Veículos de Entrada,20,GWM/ORA 03,372,0.66
2025,12,Dezembro,Autos,Veículos de Entrada,21,GEELY/EX2,1557,0.5
2025,12,Dezembro,Autos,Veículos de Entrada,22,AUDI/A3,37,51.05
2025,12,Dezembro,Autos,Veículos de Entrada,23,HONDA/CIVIC TYPE-R,2,23.43
2025,12,Dezembro,Autos,Veículos de Entrada,24,TOYOTA/COROLLA GR,0,14.29
2025,12,Dezembro,Autos,Veículos de Entrada,25,M.BENZ/A45 AMG,0,3.81
2025,12,Dezembro,Autos,Veículos de Entrada,26,VW/GOLF,1,1.52
2025,12,Dezembro,Autos,Veículos de Entrada,27,BMW/118I,0,1.33
2025,12,Dezembro,Autos,Sedans Pequenos,1,HYUNDAI/HB20S,3303,58.16
2025,12,Dezembro,Autos,Sedans Pequenos,2,FIAT/CRONOS,2883,41.79
2025,12,Dezembro,Autos,Sedans Pequenos,3,FIAT/SIENA,1,0.01
2025,12,Dezembro,Autos,Sedans Pequenos,4,RENAULT/LOGAN,0,0.01
2025,12,Dezembro,Autos,Sedans Pequenos,5,VW/VOYAGE,0,0.01
2025,12,Dezembro,Autos,Sedans Pequenos,6,GM/PRISMA,1,0.01
2025,12,Dezembro,Autos,Sedans Pequenos,7,GM/CLASSIC,0,0
2025,12,Dezembro,Autos,Sedans Pequenos,8,TOYOTA/ETIOS SEDAN,0,0
2025,12,Dezembro,Autos,Sedans Pequenos,9,FORD/KA SEDAN,0,0
2025,12,Dezembro,Autos,Sedans Pequenos,10,GM/CORSA SEDAN,0,0
2025,12,Dezembro,Autos,Sedans Pequenos,11,GM/ONIX PLUS,6642,43.79
2025,12,Dezembro,Autos,Sedans Pequenos,12,VW/VIRTUS,2425,30.57
2025,12,Dezembro,Autos,Sedans Pequenos,13,HONDA/CITY,1618,14.7
2025,12,Dezembro,Autos,Sedans Pequenos,14,NISSAN/VERSA,715,7.66
2025,12,Dezembro,Autos,Sedans Pequenos,15,TOYOTA/YARIS SEDAN,0,3.27
2025,12,Dezembro,Autos,Sedans Pequenos,16,GM/COBALT,1,0.01
2025,12,Dezembro,Autos,Sedans médios,1,TOYOTA/COROLLA,2272,54.99
2025,12,Dezembro,Autos,Sedans médios,2,BYD/KING,956,20.56
2025,12,Dezembro,Autos,Sedans médios,3,NISSAN/SENTRA,200,8.17
2025,12,Dezembro,Autos,Sedans médios,4,BYD/SEAL,350,5.34
2025,12,Dezembro,Autos,Sedans médios,5,CAOA CHERY/ARRIZO 6,50,2.38
2025,12,Dezembro,Autos,Sedans médios,6,VW/JETTA,240,1.87
2025,12,Dezembro,Autos,Sedans médios,7,HONDA/CIVIC,13,1.86
2025,12,Dezembro,Autos,Sedans médios,8,AUDI/A5,110,1.62
2025,12,Dezembro,Autos,Sedans médios,9,M.BENZ/CLA200,4,1.24
2025,12,Dezembro,Autos,Sedans médios,10,AUDI/A3 SEDAN,57,0.93
2025,12,Dezembro,Autos,Sedans médios,11,BMW/420I,14,0.24
2025,12,Dezembro,Autos,Sedans médios,12,BMW/220,17,0.21
2025,12,Dezembro,Autos,Sedans médios,13,BMW/M235I,19,0.12
2025,12,Dezembro,Autos,Sedans médios,14,M.BENZ/CLA35,8,0.11
2025,12,Dezembro,Autos,Sedans médios,15,AUDI/RS3,18,0.1
2025,12,Dezembro,Autos,Sedans médios,16,M.BENZ/AMG C63S,0,0.09
2025,12,Dezembro,Autos,Sedans médios,17,GAC/AION ES,1,0.06
2025,12,Dezembro,Autos,Sedans médios,18,M.BENZ/CLA45,7,0.06
2025,12,Dezembro,Autos,Sedans médios,19,BMW/218I,0,0.01
2025,12,Dezembro,Autos,Sedans médios,20,GM/CRUZE SEDAN,0,0.01
2025,12,Dezembro,Autos,Sedans médios,21,M.BENZ/CLASSE C,0,0
2025,12,Dezembro,Autos,Sedans médios,22,BMW/320I,360,54.32
2025,12,Dezembro,Autos,Sedans médios,23,M.BENZ/CLASSE C,87,19.17
2025,12,Dezembro,Autos,Sedans médios,24,PORSCHE/PANAMERA,26,5.42
2025,12,Dezembro,Autos,Sedans médios,25,BMW/330E,15,4.9
2025,12,Dezembro,Autos,Sedans médios,26,HONDA/ACCORD,6,2.87
2025,12,Dezembro,Autos,Sedans médios,27,BMW/530E,7,2.19
2025,12,Dezembro,Autos,Sedans médios,28,ZEEKR/001,1,1.6
2025,12,Dezembro,Autos,Sedans médios,29,LEXUS/ES300,2,1.52
2025,12,Dezembro,Autos,Sedans médios,30,M.BENZ/CLASSE E,12,1.49
2025,12,Dezembro,Autos,Sedans médios,31,AUDI/A4,1,1.44
2025,12,Dezembro,Autos,Sedans médios,32,M.BENZ/AMG GT63S,6,1.18
2025,12,Dezembro,Autos,Sedans médios,33,BMW/I4,7,0.93
2025,12,Dezembro,Autos,Sw Médios,1,FIAT/PALIO WEEKEND,1,100.0
2025,12,Dezembro,Autos,Sw Médios,2,AUDI/RS6 AVANT,4,98.17
2025,12,Dezembro,Autos,Sw Médios,3,VW/QUANTUM,0,1.83
2025,12,Dezembro,Autos,Sw Médios,4,GM/BOLT,0,58.33
2025,12,Dezembro,Autos,Sw Médios,5,HONDA/FIT,2,25.0
2025,12,Dezembro,Autos,Sw Médios,6,FIAT/DOBLO,0,16.67
2025,12,Dezembro,Autos,Grandcab,1,GM/SPIN,2331,98.61
2025,12,Dezembro,Autos,Grandcab,2,KIA/CARNIVAL,25,1.18
2025,12,Dezembro,Autos,Grandcab,3,VW/ID.BUZZ,4,0.16
2025,12,Dezembro,Autos,Grandcab,4,TOYOTA/SIENNA,0,0.03
2025,12,Dezembro,Autos,Grandcab,5,PORSCHE/911,183,32.06
2025,12,Dezembro,Autos,Grandcab,6,FORD/MUSTANG,39,25.19
2025,12,Dezembro,Autos,Grandcab,7,PORSCHE/BOXSTER,18,11.1
2025,12,Dezembro,Autos,Grandcab,8,BMW/M2,38,8.63
2025,12,Dezembro,Autos,Grandcab,9,BMW/M3,23,4.93
2025,12,Dezembro,Autos,Grandcab,10,PORSCHE/CAYMAN,16,4.73
2025,12,Dezembro,Autos,Grandcab,11,GM/CORVETTE,15,2.67
2025,12,Dezembro,Autos,Grandcab,12,DODGE/CHALLENGER,8,2.23
2025,12,Dezembro,Autos,Grandcab,13,M.BENZ/SL63S,3,1.53
2025,12,Dezembro,Autos,Suv's,1,VW/T CROSS,10721,8.47
2025,12,Dezembro,Autos,Suv's,2,HYUNDAI/CRETA,8160,6.95
2025,12,Dezembro,Autos,Suv's,3,JEEP/COMPASS,6640,5.59
2025,12,Dezembro,Autos,Suv's,4,HONDA/HR-V,4401,5.59
2025,12,Dezembro,Autos,Suv's,5,GM/TRACKER,6242,5.56
2025,12,Dezembro,Autos,Suv's,6,TOYOTA/COROLLA CROSS,2628,5.45
2025,12,Dezembro,Autos,Suv's,7,NISSAN/KICKS,6433,5.33
2025,12,Dezembro,Autos,Suv's,8,FIAT/FASTBACK,5506,5.23
2025,12,Dezembro,Autos,Suv's,9,VW/NIVUS,4213,4.44
2025,12,Dezembro,Autos,Suv's,10,VW/TERA,10448,4.39
2025,12,Dezembro,Autos,Suv's,11,JEEP/RENEGADE,4152,4.09
2025,12,Dezembro,Autos,Suv's,12,FIAT/PULSE,4114,4.05
2025,12,Dezembro,Autos,Suv's,13,BYD/SONG,7475,3.85
2025,12,Dezembro,Autos,Suv's,14,CAOA CHERY/TIGGO 7,4944,3.51
2025,12,Dezembro,Autos,Suv's,15,GWM/HAVAL H6,3381,2.92
2025,12,Dezembro,Autos,Suv's,16,CITROEN/BASALT,2980,1.81
2025,12,Dezembro,Autos,Suv's,17,RENAULT/KARDIAN,1161,1.77
2025,12,Dezembro,Autos,Suv's,18,RENAULT/DUSTER,1647,1.68
2025,12,Dezembro,Autos,Suv's,19,CAOA CHERY/TIGGO 8,1651,1.63
2025,12,Dezembro,Autos,Suv's,20,JEEP/COMMANDER,2555,1.62
2025,12,Dezembro,Autos,Suv's,21,TOYOTA/HILUX SW4,1913,1.56
2025,12,Dezembro,Autos,Suv's,22,CAOA CHERY/TIGGO 5X,563,1.25
2025,12,Dezembro,Autos,Suv's,23,VW/TAOS,662,1.18
2025,12,Dezembro,Autos,Suv's,24,PEUGEOT/2008,1029,1.03
2025,12,Dezembro,Autos,Suv's,25,MITSUBISHI/ECLIPSE CROSS,836,0.92
2025,12,Dezembro,Autos,Suv's,26,FORD/TERRITORY,1115,0.81
2025,12,Dezembro,Autos,Suv's,27,BYD/YUAN,465,0.55
2025,12,Dezembro,Autos,Suv's,28,BMW/X1,523,0.49
2025,12,Dezembro,Autos,Suv's,29,OMODA JAECOO/JAECOO 7,997,0.45
2025,12,Dezembro,Autos,Suv's,30,HONDA/WR-V,3229,0.42
2025,12,Dezembro,Autos,Suv's,31,CITROEN/C3 AIRCROSS,117,0.42
2025,12,Dezembro,Autos,Suv's,32,VOLVO/XC60,444,0.32
2025,12,Dezembro,Autos,Suv's,33,GWM/TANK 300,408,0.32
2025,12,Dezembro,Autos,Suv's,34,VOLVO/EX30,386,0.32
2025,12,Dezembro,Autos,Suv's,35,TOYOTA/RAV4,559,0.27
2025,12,Dezembro,Autos,Suv's,36,FORD/BRONCO,261,0.24
2025,12,Dezembro,Autos,Suv's,37,GM/EQUINOX,167,0.21
2025,12,Dezembro,Autos,Suv's,38,VW/TIGUAN,94,0.2
2025,12,Dezembro,Autos,Suv's,39,GWM/HAVAL H9,774,0.2
2025,12,Dezembro,Autos,Suv's,40,RENAULT/BOREAL,1384,0.2
2025,12,Dezembro,Com. Leves,Pick-up's Pequenas,1,FIAT/STRADA,14536,67.83
2025,12,Dezembro,Com. Leves,Pick-up's Pequenas,2,VW/SAVEIRO,8165,32.16
2025,12,Dezembro,Com. Leves,Pick-up's Pequenas,3,GM/MONTANA,3,0
2025,12,Dezembro,Com. Leves,Pick-up's Pequenas,4,GM/CHEVY,0,0
2025,12,Dezembro,Com. Leves,Pick-up's Pequenas,5,FIAT/TORO,6275,19.46
2025,12,Dezembro,Com. Leves,Pick-up's Pequenas,6,TOYOTA/HILUX,4319,18.56
2025,12,Dezembro,Com. Leves,Pick-up's Pequenas,7,FORD/RANGER,3255,12.71
2025,12,Dezembro,Com. Leves,Pick-up's Pequenas,8,GM/S10,3583,11.74
2025,12,Dezembro,Com. Leves,Pick-up's Pequenas,9,RAM/RAMPAGE,3055,9.76
2025,12,Dezembro,Com. Leves,Pick-up's Pequenas,10,GM/MONTANA,1535,7.61
2025,12,Dezembro,Com. Leves,Pick-up's Pequenas,11,MITSUBISHI/TRITON,1222,4.38
2025,12,Dezembro,Com. Leves,Pick-up's Pequenas,12,RENAULT/OROCH,1229,4.34
2025,12,Dezembro,Com. Leves,Pick-up's Pequenas,13,FIAT/TITANO,674,2.4
2025,12,Dezembro,Com. Leves,Pick-up's Pequenas,14,NISSAN/FRONTIER,70,1.9
2025,12,Dezembro,Com. Leves,Pick-up's Pequenas,15,FORD/MAVERICK,738,1.51
2025,12,Dezembro,Com. Leves,Pick-up's Pequenas,16,RENAULT/MASTER,1315,32.88
2025,12,Dezembro,Com. Leves,Pick-up's Pequenas,17,FIAT/SCUDO,313,7.51
2025,12,Dezembro,Com. Leves,Pick-up's Pequenas,18,FIAT/DUCATO,240,7.04
2025,12,Dezembro,Com. Leves,Pick-up's Pequenas,19,HYUNDAI/HR,47,6.25
2025,12,Dezembro,Com. Leves,Pick-up's Pequenas,20,IVECO/DAILY,161,5.9
2025,12,Dezembro,Com. Leves,Pick-up's Pequenas,21,FORD/TRANSIT,144,5.52
2025,12,Dezembro,Com. Leves,Pick-up's Pequenas,22,VW TRUCK E BUS/EXPRESS,195,4.99
2025,12,Dezembro,Com. Leves,Furgões Pequenos,1,FIAT/FIORINO,2106,80.8
2025,12,Dezembro,Com. Leves,Furgões Pequenos,2,RENAULT/KANGOO,384,16.79
2025,12,Dezembro,Com. Leves,Furgões Pequenos,3,PEUGEOT/PARTNER,40,1.99
2025,12,Dezembro,Com. Leves,Furgões Pequenos,4,RENAULT/KWID,4,0.22
2025,12,Dezembro,Caminhões,Semi-Leve,1,M.BENZ/SPRINTER 517,73,41.36
2025,12,Dezembro,Caminhões,Semi-Leve,2,M.BENZ/SPRINTER 417,69,32.37
2025,12,Dezembro,Caminhões,Semi-Leve,3,IVECO/DAILY 45-170,37,12.12
2025,12,Dezembro,Caminhões,Semi-Leve,4,IVECO/DAILY 55C17,12,6.14
2025,12,Dezembro,Caminhões,Semi-Leve,5,IVECO/DAILY 55-170,3,1.33
2025,12,Dezembro,Caminhões,Semi-Leve,6,IVECO/DAILY,0,1.09
2025,12,Dezembro,Caminhões,Semi-Leve,7,IVECO/DAILY 30-160,0,0.98
2025,12,Dezembro,Caminhões,Semi-Leve,8,TESLA/CYBERTRUCK,0,0.9
2025,12,Dezembro,Caminhões,Semi-Leve,9,IVECO/DAILY 45-180,2,0.78
2025,12,Dezembro,Caminhões,Semi-Leve,10,IVECO/DAILY 55-180,3,0.7
2025,12,Dezembro,Caminhões,Semi-Leve,11,M.BENZ/ACCELO 1017,98,37.1
2025,12,Dezembro,Caminhões,Semi-Leve,12,VW TRUCK E BUS/9.180,124,22.79
2025,12,Dezembro,Caminhões,Semi-Leve,13,M.BENZ/ACCELO 817,119,13.43
2025,12,Dezembro,Caminhões,Semi-Leve,14,M.BENZ/ACCELO 917,84,6.16
2025,12,Dezembro,Caminhões,Semi-Leve,15,IVECO/TECTOR 9-190,34,5.37
2025,12,Dezembro,Caminhões,Semi-Leve,16,IVECO/DAILY 65-170,12,3.5
2025,12,Dezembro,Caminhões,Semi-Leve,17,FOTON/AUMARK S 715,37,2.63
2025,12,Dezembro,Caminhões,Semi-Leve,18,VW TRUCK E BUS/6.170,13,1.64
2025,12,Dezembro,Caminhões,Semi-Leve,19,FOTON/AUMARK S 916,1,1.38
2025,12,Dezembro,Caminhões,Semi-Leve,20,JAC/IEV1200T,20,1.16
2025,12,Dezembro,Caminhões,Semi-Leve,21,VW TRUCK E BUS/11.180,455,50.35
2025,12,Dezembro,Caminhões,Semi-Leve,22,M.BENZ/ACCELO 1117,302,16.58
2025,12,Dezembro,Caminhões,Semi-Leve,23,VW TRUCK E BUS/13.180,135,7.78
2025,12,Dezembro,Caminhões,Semi-Leve,24,IVECO/TECTOR 11-190,93,6.67
2025,12,Dezembro,Caminhões,Semi-Leve,25,M.BENZ/ATEGO 1419,62,4.75
2025,12,Dezembro,Caminhões,Semi-Leve,26,M.BENZ/ACCELO 1317,42,3.95
2025,12,Dezembro,Caminhões,Semi-Leve,27,FOTON/AUMARK S 1217A,52,3.45
2025,12,Dezembro,Caminhões,Semi-Leve,28,M.BENZ/ACCELO 1417,39,2.16
2025,12,Dezembro,Caminhões,Semi-Leve,29,VW TRUCK E BUS/14.210,8,2.0
2025,12,Dezembro,Caminhões,Semi-Leve,30,VW TRUCK E BUS/E DELIVERY 1,1,0.52
2025,12,Dezembro,Caminhões,Semi-Pesado,1,VOLVO/VM 290,288,11.65
2025,12,Dezembro,Caminhões,Semi-Pesado,2,M.BENZ/ATEGO 1719,259,8.98
2025,12,Dezembro,Caminhões,Semi-Pesado,3,M.BENZ/ATEGO 2429,295,8.56
2025,12,Dezembro,Caminhões,Semi-Pesado,4,VW TRUCK E BUS/17.210,305,8.19
2025,12,Dezembro,Caminhões,Semi-Pesado,5,VW TRUCK E BUS/26.260,244,8.02
2025,12,Dezembro,Caminhões,Semi-Pesado,6,VW TRUCK E BUS/31.320,184,5.79
2025,12,Dezembro,Caminhões,Semi-Pesado,7,VW TRUCK E BUS/26.320,121,4.79
2025,12,Dezembro,Caminhões,Semi-Pesado,8,M.BENZ/ATEGO 3033,162,4.33
2025,12,Dezembro,Caminhões,Semi-Pesado,9,VW TRUCK E BUS/18.260,126,4.28
2025,12,Dezembro,Caminhões,Semi-Pesado,10,VW TRUCK E BUS/27.260,159,4.08
2025,12,Dezembro,Caminhões,Semi-Pesado,11,VOLVO/FH 540,456,10.92
2025,12,Dezembro,Caminhões,Semi-Pesado,12,VOLVO/FH 460,325,7.3
2025,12,Dezembro,Caminhões,Semi-Pesado,13,DAF/XF 530,276,7.03
2025,12,Dezembro,Caminhões,Semi-Pesado,14,VOLVO/VM 360,276,6.58
2025,12,Dezembro,Caminhões,Semi-Pesado,15,SCANIA/R 460,224,5.25
2025,12,Dezembro,Caminhões,Semi-Pesado,16,DAF/XF 480,181,4.64
2025,12,Dezembro,Caminhões,Semi-Pesado,17,VOLVO/FH 500,235,4.49
2025,12,Dezembro,Caminhões,Semi-Pesado,18,VW TRUCK E BUS/28.480,411,3.91
2025,12,Dezembro,Caminhões,Semi-Pesado,19,IVECO/S-WAY 480,179,3.76
2025,12,Dezembro,Caminhões,Semi-Pesado,20,M.BENZ/ACTROS 2548,83,3.08
2025,12,Dezembro,Motos,City,1,HONDA/CG 160,41343,55.9
2025,12,Dezembro,Motos,City,2,MOTTU/SPORT 110I,5134,11.62
2025,12,Dezembro,Motos,City,3,YAMAHA/YBR 150,6273,8.4
2025,12,Dezembro,Motos,City,4,HONDA/CB 300F,6345,7.77
2025,12,Dezembro,Motos,City,5,YAMAHA/FAZER 250,3983,5.4
2025,12,Dezembro,Motos,City,6,YAMAHA/FAZER 150,3536,4.73
2025,12,Dezembro,Motos,City,7,SHINERAY/XY 150,657,1.83
2025,12,Dezembro,Motos,City,8,HAOJUE/DK160,920,0.83
2025,12,Dezembro,Motos,City,9,HAOJUE/DR160,552,0.62
2025,12,Dezembro,Motos,City,10,SHINERAY/SHI 150,1272,0.49
2025,12,Dezembro,Motos,City,11,ROYAL ENFIELD/HUNTER 350,681,23.73
2025,12,Dezembro,Motos,City,12,ROYAL ENFIELD/SUPER METEOR 650,475,18.98
2025,12,Dezembro,Motos,City,13,ROYAL ENFIELD/METEOR,451,15.8
2025,12,Dezembro,Motos,City,14,ROYAL ENFIELD/SHOTGUN 650,173,9.45
2025,12,Dezembro,Motos,City,15,TRIUMPH/SCRAMBLER 400,242,8.36
2025,12,Dezembro,Motos,City,16,ROYAL ENFIELD/CLASSIC 350,176,7.3
2025,12,Dezembro,Motos,City,17,KAWASAKI/ELIMINATOR 500,70,3.04
2025,12,Dezembro,Motos,City,18,KAWASAKI/VULCAN S,47,2.31
2025,12,Dezembro,Motos,City,19,ZONTES/S350,49,1.81
2025,12,Dezembro,Motos,City,20,TRIUMPH/SCRAMBLER 1200,19,0.97
2025,12,Dezembro,Motos,City,21,HONDA/NXR160,17380,46.04
2025,12,Dezembro,Motos,City,22,HONDA/XRE 190,4830,10.12
2025,12,Dezembro,Motos,City,23,HONDA/XRE 300,3888,10.1
2025,12,Dezembro,Motos,City,24,YAMAHA/XTZ 250,3636,9.91
2025,12,Dezembro,Motos,City,25,SHINERAY/SHI 175,3026,7.38
2025,12,Dezembro,Motos,City,26,YAMAHA/CROSSER 150,2225,6.91
2025,12,Dezembro,Motos,City,27,HONDA/XR 300L,1325,3.15
2025,12,Dezembro,Motos,City,28,AVELLOZ/AZ160,1098,1.76
2025,12,Dezembro,Motos,City,29,BMW/G310 GS,418,0.75
2025,12,Dezembro,Motos,City,30,HAOJUE/NK 150,271,0.63
2025,12,Dezembro,Motos,Maxtrail,1,ROYAL ENFIELD/HIMALAYAN,758,19.55
2025,12,Dezembro,Motos,Maxtrail,2,HONDA/NC 750X,280,9.73
2025,12,Dezembro,Motos,Maxtrail,3,TRIUMPH/TIGER 900,258,9.69
2025,12,Dezembro,Motos,Maxtrail,4,HONDA/NX 500,378,9.22
2025,12,Dezembro,Motos,Maxtrail,5,BMW/R1300GS,256,9.02
2025,12,Dezembro,Motos,Maxtrail,6,BMW/R1300GSA,205,7.6
2025,12,Dezembro,Motos,Maxtrail,7,BMW/F900 GS,177,6.3
2025,12,Dezembro,Motos,Maxtrail,8,TRIUMPH/TIGER 1200,233,5.23
2025,12,Dezembro,Motos,Maxtrail,9,HONDA/CB 500X,2,3.14
2025,12,Dezembro,Motos,Maxtrail,10,KAWASAKI/VERSYS 650,120,2.99
2025,12,Dezembro,Motos,Maxtrail,11,BAJAJ/DOMINAR D400,733,19.53
2025,12,Dezembro,Motos,Maxtrail,12,YAMAHA/MT03,977,17.36
2025,12,Dezembro,Motos,Maxtrail,13,SHINERAY/XY 250,267,7.91
2025,12,Dezembro,Motos,Maxtrail,14,BAJAJ/DOMINAR D250,297,6.8
2025,12,Dezembro,Motos,Maxtrail,15,BAJAJ/DOMINAR NS160,558,6.36
2025,12,Dezembro,Motos,Maxtrail,16,HONDA/CB 500,431,5.55
2025,12,Dezembro,Motos,Maxtrail,17,BAJAJ/DOMINAR NS200,398,5.01
2025,12,Dezembro,Motos,Maxtrail,18,KAWASAKI/Z900,242,4.08
2025,12,Dezembro,Motos,Maxtrail,19,TRIUMPH/SPEED 400,171,3.72
2025,12,Dezembro,Motos,Maxtrail,20,BAJAJ/NS400 Z,689,2.94
2025,12,Dezembro,Motos,Maxtrail,21,HONDA/BIZ,23649,34.73
2025,12,Dezembro,Motos,Maxtrail,22,HONDA/POP 110I,21121,30.76
2025,12,Dezembro,Motos,Maxtrail,23,HONDA/PCX 160,4349,6.99
2025,12,Dezembro,Motos,Maxtrail,24,SHINERAY/XY 125,1993,5.27
2025,12,Dezembro,Motos,Maxtrail,25,HONDA/ELITE 125,2725,4.27
2025,12,Dezembro,Motos,Maxtrail,26,YAMAHA/NMAX,2006,3.18
2025,12,Dezembro,Motos,Maxtrail,27,SHINERAY/XY 50,1028,2.41
2025,12,Dezembro,Motos,Maxtrail,28,AVELLOZ/AZ1,1457,2.36
2025,12,Dezembro,Motos,Maxtrail,29,HONDA/ADV 160,1672,2.21
2025,12,Dezembro,Motos,Maxtrail,30,YAMAHA/FLUO 125,1070,1.91
2025,12,Dezembro,Motos,Sport,1,YAMAHA/YZF R15,1050,57.91
2025,12,Dezembro,Motos,Sport,2,YAMAHA/YZF R3,154,10.26
2025,12,Dezembro,Motos,Sport,3,KAWASAKI/NINJA 500,124,6.9
2025,12,Dezembro,Motos,Sport,4,BMW/S1000 R,106,6.88
2025,12,Dezembro,Motos,Sport,5,KAWASAKI/NINJA ZX-4R,73,3.71
2025,12,Dezembro,Motos,Sport,6,KAWASAKI/NINJA ZX-6R,15,3.54
2025,12,Dezembro,Motos,Sport,7,KAWASAKI/NINJA 300,6,2.99
2025,12,Dezembro,Motos,Sport,8,TRIUMPH/DAYTONA 660,12,1.85
2025,12,Dezembro,Motos,Sport,9,SUZUKI/GSX-8 R,24,1.0
2025,12,Dezembro,Motos,Sport,10,HONDA/CBR 650R,0,0.97
2025,12,Dezembro,Motos,Sport,11,H.DAVIDSON/STREET GLIDE,5,46.56
2025,12,Dezembro,Motos,Sport,12,H.DAVIDSON/ROAD GLIDE,48,29.29
2025,12,Dezembro,Motos,Sport,13,BMW/R 1300 RT,61,10.38
2025,12,Dezembro,Motos,Sport,14,HONDA/GOLDWING,2,6.78
2025,12,Dezembro,Motos,Sport,15,H.DAVIDSON/ULTRA LIMITED,0,2.51
2025,12,Dezembro,Motos,Sport,16,BMW/R1250 RT,0,1.86
2025,12,Dezembro,Motos,Sport,17,H.DAVIDSON/ROAD KING,0,1.31
2025,12,Dezembro,Motos,Sport,18,BMW/K 1600,0,1.2
2026,1,Janeiro,Autos,Veículos de Entrada,1,FIAT/MOBI,3530,56.62
2026,1,Janeiro,Autos,Veículos de Entrada,2,RENAULT/KWID,2613,41.92
2026,1,Janeiro,Autos,Veículos de Entrada,3,RENAULT/E-KWID,87,1.4
2026,1,Janeiro,Autos,Veículos de Entrada,4,FIAT/PALIO,1,0.02
2026,1,Janeiro,Autos,Veículos de Entrada,5,FIAT/UNO,1,0.02
2026,1,Janeiro,Autos,Veículos de Entrada,6,GM/CELTA,1,0.02
2026,1,Janeiro,Autos,Veículos de Entrada,7,VW/BRASILIA,1,0.02
2026,1,Janeiro,Autos,Hatch Pequenos,1,VW/POLO,5699,20.06
2026,1,Janeiro,Autos,Hatch Pequenos,2,FIAT/ARGO,5177,18.22
2026,1,Janeiro,Autos,Hatch Pequenos,3,GM/ONIX,4948,17.41
2026,1,Janeiro,Autos,Hatch Pequenos,4,HYUNDAI/HB20,4065,14.31
2026,1,Janeiro,Autos,Hatch Pequenos,5,BYD/DOLPHIN MINI,2840,10.0
2026,1,Janeiro,Autos,Hatch Pequenos,6,BYD/DOLPHIN,1511,5.32
2026,1,Janeiro,Autos,Hatch Pequenos,7,GEELY/EX2,1124,3.96
2026,1,Janeiro,Autos,Hatch Pequenos,8,HONDA/CITY HATCH,1071,3.77
2026,1,Janeiro,Autos,Hatch Pequenos,9,CITROEN/C3,1027,3.61
2026,1,Janeiro,Autos,Hatch Pequenos,10,PEUGEOT/208,568,2.0
2026,1,Janeiro,Autos,Hatch Pequenos,11,GWM/ORA 03,193,0.68
2026,1,Janeiro,Autos,Hatch Pequenos,12,MG/MG4,64,0.23
2026,1,Janeiro,Autos,Hatch Médios,1,AUDI/A3,10,55.56
2026,1,Janeiro,Autos,Hatch Médios,2,VW/GOLF,3,16.67
2026,1,Janeiro,Autos,Hatch Médios,3,HONDA/CIVIC TYPE-R,2,11.11
2026,1,Janeiro,Autos,Hatch Médios,4,BMW/M135I,1,5.56
2026,1,Janeiro,Autos,Hatch Médios,5,CITROEN/C4,1,5.56
2026,1,Janeiro,Autos,Hatch Médios,6,HYUNDAI/I30,1,5.56
2026,1,Janeiro,Autos,Sedans Pequenos,1,HYUNDAI/HB20S,1580,53.7
2026,1,Janeiro,Autos,Sedans Pequenos,2,FIAT/CRONOS,1360,46.23
2026,1,Janeiro,Autos,Sedans Pequenos,3,FORD/KA SEDAN,2,0.07
2026,1,Janeiro,Autos,Sedans Pequenos,4,FIAT/SIENA,0,0
2026,1,Janeiro,Autos,Sedans Pequenos,5,GM/PRISMA,0,0
2026,1,Janeiro,Autos,Sedans Compactos,1,GM/ONIX PLUS,1869,36.26
2026,1,Janeiro,Autos,Sedans Compactos,2,VW/VIRTUS,1645,31.91
2026,1,Janeiro,Autos,Sedans Compactos,3,HONDA/CITY,987,19.15
2026,1,Janeiro,Autos,Sedans Compactos,4,NISSAN/VERSA,653,12.67
2026,1,Janeiro,Autos,Sedans Compactos,5,TOYOTA/YARIS SEDAN,1,0.02
2026,1,Janeiro,Autos,Sedans Compactos,6,GM/COBALT,0,0
2026,1,Janeiro,Autos,Sedans médios,1,TOYOTA/COROLLA,1399,48.22
2026,1,Janeiro,Autos,Sedans médios,2,BYD/KING,840,28.96
2026,1,Janeiro,Autos,Sedans médios,3,BYD/SEAL,214,7.38
2026,1,Janeiro,Autos,Sedans médios,4,VW/JETTA,154,5.31
2026,1,Janeiro,Autos,Sedans médios,5,NISSAN/SENTRA,105,3.62
2026,1,Janeiro,Autos,Sedans médios,6,AUDI/A5,56,1.93
2026,1,Janeiro,Autos,Sedans médios,7,CAOA CHERY/ARRIZO 6,35,1.21
2026,1,Janeiro,Autos,Sedans médios,8,AUDI/A3 SEDAN,24,0.83
2026,1,Janeiro,Autos,Sedans médios,9,M.BENZ/CLA200,20,0.69
2026,1,Janeiro,Autos,Sedans médios,10,BMW/M235I,13,0.45
2026,1,Janeiro,Autos,Sedans médios,11,GAC/AION ES,9,0.31
2026,1,Janeiro,Autos,Sedans médios,12,AUDI/RS3,8,0.28
2026,1,Janeiro,Autos,Sedans médios,13,BMW/420I,8,0.28
2026,1,Janeiro,Autos,Sedans médios,14,HONDA/CIVIC,4,0.14
2026,1,Janeiro,Autos,Sedans médios,15,M.BENZ/CLA45,4,0.14
2026,1,Janeiro,Autos,Sedans médios,16,BMW/220,3,0.1
2026,1,Janeiro,Autos,Sedans médios,17,M.BENZ/CLA35,3,0.1
2026,1,Janeiro,Autos,Sedans médios,18,M.BENZ/AMG C63S,1,0.03
2026,1,Janeiro,Autos,Sedans médios,19,TESLA/MODEL 3,1,0.03
2026,1,Janeiro,Autos,Sedans Grandes,1,BMW/320I,240,61.22
2026,1,Janeiro,Autos,Sedans Grandes,2,M.BENZ/CLASSE C,69,17.6
2026,1,Janeiro,Autos,Sedans Grandes,3,PORSCHE/PANAMERA,17,4.34
2026,1,Janeiro,Autos,Sedans Grandes,4,BMW/330E,10,2.55
2026,1,Janeiro,Autos,Sedans Grandes,5,M.BENZ/CLASSE E,10,2.55
2026,1,Janeiro,Autos,Sedans Grandes,6,AUDI/A6,7,1.79
2026,1,Janeiro,Autos,Sedans Grandes,7,BMW/I4,6,1.53
2026,1,Janeiro,Autos,Sedans Grandes,8,BMW/I7,6,1.53
2026,1,Janeiro,Autos,Sedans Grandes,9,HONDA/ACCORD,6,1.53
2026,1,Janeiro,Autos,Sedans Grandes,10,ZEEKR/001,5,1.28
2026,1,Janeiro,Autos,Sedans Grandes,11,M.BENZ/AMG GT63S,4,1.02
2026,1,Janeiro,Autos,Sedans Grandes,12,AUDI/E TRON GT,3,0.77
2026,1,Janeiro,Autos,Sw Médios,1,VW/PARATI,1,100.0
2026,1,Janeiro,Autos,Sw Médios,2,FIAT/PALIO WEEKEND,0,0
2026,1,Janeiro,Autos,Sw Grandes,1,AUDI/RS6 AVANT,6,100.0
2026,1,Janeiro,Autos,Monocab,1,FIAT/DOBLO,1,50.0
2026,1,Janeiro,Autos,Monocab,2,HONDA/FIT,1,50.0
2026,1,Janeiro,Autos,Grandcab,1,GM/SPIN,1235,99.52
2026,1,Janeiro,Autos,Grandcab,2,KIA/CARNIVAL,5,0.4
2026,1,Janeiro,Autos,Grandcab,3,CHRYSLER/PACIFICA,1,0.08
2026,1,Janeiro,Autos,Grandcab,4,VW/ID.BUZZ,0,0
2026,1,Janeiro,Autos,Sports,1,PORSCHE/911,137,49.46
2026,1,Janeiro,Autos,Sports,2,FORD/MUSTANG,39,14.08
2026,1,Janeiro,Autos,Sports,3,BMW/M2,27,9.75
2026,1,Janeiro,Autos,Sports,4,GM/CORVETTE,15,5.42
2026,1,Janeiro,Autos,Sports,5,BMW/M3,13,4.69
2026,1,Janeiro,Autos,Sports,6,MG/CYBERSTER,12,4.33
2026,1,Janeiro,Autos,Sports,7,PORSCHE/BOXSTER,10,3.61
2026,1,Janeiro,Autos,Sports,8,DODGE/CHALLENGER,5,1.81
2026,1,Janeiro,Autos,Sports,9,M.BENZ/SL63S,3,1.08
2026,1,Janeiro,Autos,Suv's,1,VW/T CROSS,5741,7.41
2026,1,Janeiro,Autos,Suv's,2,VW/TERA,4992,6.44
2026,1,Janeiro,Autos,Suv's,3,GM/TRACKER,4532,5.85
2026,1,Janeiro,Autos,Suv's,4,JEEP/COMPASS,4503,5.81
2026,1,Janeiro,Autos,Suv's,5,HYUNDAI/CRETA,4429,5.72
2026,1,Janeiro,Autos,Suv's,6,FIAT/FASTBACK,3927,5.07
2026,1,Janeiro,Autos,Suv's,7,BYD/SONG,3802,4.91
2026,1,Janeiro,Autos,Suv's,8,FIAT/PULSE,3193,4.12
2026,1,Janeiro,Autos,Suv's,9,VW/NIVUS,3167,4.09
2026,1,Janeiro,Autos,Suv's,10,NISSAN/KICKS,3058,3.95
2026,1,Janeiro,Autos,Suv's,11,JEEP/RENEGADE,3052,3.94
2026,1,Janeiro,Autos,Suv's,12,HONDA/HR-V,2773,3.58
2026,1,Janeiro,Autos,Suv's,13,GWM/HAVAL H6,2628,3.39
2026,1,Janeiro,Autos,Suv's,14,TOYOTA/COROLLA CROSS,2176,2.81
2026,1,Janeiro,Autos,Suv's,15,CAOA CHERY/TIGGO 7,1937,2.5
2026,1,Janeiro,Autos,Suv's,16,HONDA/WR-V,1812,2.34
2026,1,Janeiro,Autos,Suv's,17,JEEP/COMMANDER,1330,1.72
2026,1,Janeiro,Autos,Suv's,18,CAOA CHERY/TIGGO 8,1271,1.64
2026,1,Janeiro,Autos,Suv's,19,TOYOTA/HILUX SW4,1231,1.59
2026,1,Janeiro,Autos,Suv's,20,VW/TAOS,1225,1.58
2026,1,Janeiro,Autos,Suv's,21,RENAULT/KARDIAN,1210,1.56
2026,1,Janeiro,Autos,Suv's,22,OMODA JAECOO/OMODA 5,1067,1.38
2026,1,Janeiro,Autos,Suv's,23,CITROEN/BASALT,1027,1.33
2026,1,Janeiro,Autos,Suv's,24,RENAULT/DUSTER,936,1.21
2026,1,Janeiro,Autos,Suv's,25,GWM/HAVAL H9,882,1.14
2026,1,Janeiro,Autos,Suv's,26,FORD/TERRITORY,851,1.1
2026,1,Janeiro,Autos,Suv's,27,PEUGEOT/2008,774,1.0
2026,1,Janeiro,Autos,Suv's,28,NISSAN/KAIT,644,0.83
2026,1,Janeiro,Autos,Suv's,29,RENAULT/BOREAL,641,0.83
2026,1,Janeiro,Autos,Suv's,30,MITSUBISHI/ECLIPSE CROSS,560,0.72
2026,1,Janeiro,Autos,Suv's,31,BYD/YUAN,525,0.68
2026,1,Janeiro,Autos,Suv's,32,TOYOTA/RAV4,488,0.63
2026,1,Janeiro,Autos,Suv's,33,GAC/GS4,488,0.63
2026,1,Janeiro,Autos,Suv's,34,OMODA JAECOO/JAECOO 7,476,0.61
2026,1,Janeiro,Autos,Suv's,35,LEAPMOTOR/C10,442,0.57
2026,1,Janeiro,Autos,Suv's,36,GWM/TANK 300,363,0.47
2026,1,Janeiro,Autos,Suv's,37,CAOA CHERY/TIGGO 5X,305,0.39
2026,1,Janeiro,Autos,Suv's,38,CITROEN/AIRCROSS,290,0.37
2026,1,Janeiro,Autos,Suv's,39,VOLVO/EX30,285,0.37
2026,1,Janeiro,Autos,Suv's,40,BMW/X1,276,0.36
2026,1,Janeiro,Com. Leves,Pick-up's Pequenas,1,FIAT/STRADA,10540,78.64
2026,1,Janeiro,Com. Leves,Pick-up's Pequenas,2,VW/SAVEIRO,2863,21.36
2026,1,Janeiro,Com. Leves,Pick-up's Pequenas,3,GM/MONTANA,0,0
2026,1,Janeiro,Com. Leves,Pick-up's Grandes,1,TOYOTA/HILUX,4137,21.64
2026,1,Janeiro,Com. Leves,Pick-up's Grandes,2,FIAT/TORO,4094,21.42
2026,1,Janeiro,Com. Leves,Pick-up's Grandes,3,FORD/RANGER,2345,12.27
2026,1,Janeiro,Com. Leves,Pick-up's Grandes,4,RAM/RAMPAGE,2144,11.22
2026,1,Janeiro,Com. Leves,Pick-up's Grandes,5,GM/S10,1854,9.7
2026,1,Janeiro,Com. Leves,Pick-up's Grandes,6,RENAULT/OROCH,1065,5.57
2026,1,Janeiro,Com. Leves,Pick-up's Grandes,7,GM/MONTANA,955,5.0
2026,1,Janeiro,Com. Leves,Pick-up's Grandes,8,MITSUBISHI/TRITON,644,3.37
2026,1,Janeiro,Com. Leves,Pick-up's Grandes,9,FIAT/TITANO,500,2.62
2026,1,Janeiro,Com. Leves,Pick-up's Grandes,10,FORD/MAVERICK,345,1.8
2026,1,Janeiro,Com. Leves,Pick-up's Grandes,11,GWM/POER,245,1.28
2026,1,Janeiro,Com. Leves,Furgões,1,RENAULT/MASTER,967,30.54
2026,1,Janeiro,Com. Leves,Furgões,2,FIAT/SCUDO,336,10.61
2026,1,Janeiro,Com. Leves,Furgões,3,FIAT/DUCATO,238,7.52
2026,1,Janeiro,Com. Leves,Furgões,4,KIA/K2500,238,7.52
2026,1,Janeiro,Com. Leves,Furgões,5,EFFA/V21,232,7.33
2026,1,Janeiro,Com. Leves,Furgões,6,VW TRUCK E BUS/EXPRESS,140,4.42
2026,1,Janeiro,Com. Leves,Furgões,7,PEUGEOT/EXPERT,138,4.36
2026,1,Janeiro,Com. Leves,Furgões Pequenos,1,FIAT/FIORINO,1359,82.11
2026,1,Janeiro,Com. Leves,Furgões Pequenos,2,RENAULT/KANGOO,264,15.95
2026,1,Janeiro,Com. Leves,Furgões Pequenos,3,PEUGEOT/PARTNER,32,1.93
2026,1,Janeiro,Com. Leves,Furgões Pequenos,4,RENAULT/KWID,0,0
2026,1,Janeiro,Caminhões,Semi-Leve,1,M.BENZ/SPRINTER 417,74,45.68
2026,1,Janeiro,Caminhões,Semi-Leve,2,M.BENZ/SPRINTER 517,54,33.33
2026,1,Janeiro,Caminhões,Semi-Leve,3,IVECO/DAILY 55C17,10,6.17
2026,1,Janeiro,Caminhões,Semi-Leve,4,IVECO/DAILY 45-170,9,5.56
2026,1,Janeiro,Caminhões,Semi-Leve,5,IVECO/DAILY 55-170,5,3.09
2026,1,Janeiro,Caminhões,Semi-Leve,6,IVECO/DAILY 30-160,4,2.47
2026,1,Janeiro,Caminhões,Semi-Leve,7,IVECO/DAILY 45-180,2,1.23
2026,1,Janeiro,Caminhões,Semi-Leve,8,IVECO/DAILY 55-180,2,1.23
2026,1,Janeiro,Caminhões,Semi-Leve,9,FORD/F350,1,0.62
2026,1,Janeiro,Caminhões,Semi-Leve,10,M.BENZ/SPRINTER 416,1,0.62
2026,1,Janeiro,Caminhões,Leve,1,VW TRUCK E BUS/9.180,140,30.7
2026,1,Janeiro,Caminhões,Leve,2,M.BENZ/ACCELO 817,119,26.1
2026,1,Janeiro,Caminhões,Leve,3,M.BENZ/ACCELO 917,61,13.38
2026,1,Janeiro,Caminhões,Leve,4,IVECO/TECTOR 9-190,38,8.33
2026,1,Janeiro,Caminhões,Leve,5,M.BENZ/ACCELO 1017,23,5.04
2026,1,Janeiro,Caminhões,Leve,6,VW TRUCK E BUS/6.170,15,3.29
2026,1,Janeiro,Caminhões,Leve,7,IVECO/DAILY 65-170,13,2.85
2026,1,Janeiro,Caminhões,Leve,8,FOTON/AUMARK S 715,12,2.63
2026,1,Janeiro,Caminhões,Leve,9,JAC/EJT9.5,1,2.41
2026,1,Janeiro,Caminhões,Leve,10,FOTON/AUMARK S 916,5,1.1
2026,1,Janeiro,Caminhões,Médio,1,VW TRUCK E BUS/11.180,357,43.33
2026,1,Janeiro,Caminhões,Médio,2,M.BENZ/ACCELO 1117,207,25.12
2026,1,Janeiro,Caminhões,Médio,3,IVECO/TECTOR 11-190,79,9.59
2026,1,Janeiro,Caminhões,Médio,4,FOTON/AUMARK S 1217A,48,5.83
2026,1,Janeiro,Caminhões,Médio,5,VW TRUCK E BUS/13.180,48,5.83
2026,1,Janeiro,Caminhões,Médio,6,M.BENZ/ATEGO 1419,27,3.28
2026,1,Janeiro,Caminhões,Médio,7,M.BENZ/ACCELO 1317,20,2.43
2026,1,Janeiro,Caminhões,Médio,8,M.BENZ/ACCELO 1417,18,2.18
2026,1,Janeiro,Caminhões,Médio,9,VW TRUCK E BUS/14.210,10,1.21
2026,1,Janeiro,Caminhões,Médio,10,M.BENZ/1418,4,0.49
2026,1,Janeiro,Caminhões,Semi-Pesado,1,VOLVO/VM 290,252,11.34
2026,1,Janeiro,Caminhões,Semi-Pesado,2,M.BENZ/ATEGO 2429,242,10.89
2026,1,Janeiro,Caminhões,Semi-Pesado,3,M.BENZ/ATEGO 1719,203,9.14
2026,1,Janeiro,Caminhões,Semi-Pesado,4,VW TRUCK E BUS/26.260,203,9.14
2026,1,Janeiro,Caminhões,Semi-Pesado,5,VW TRUCK E BUS/17.210,152,6.84
2026,1,Janeiro,Caminhões,Semi-Pesado,6,VW TRUCK E BUS/31.320,116,5.22
2026,1,Janeiro,Caminhões,Semi-Pesado,7,M.BENZ/ATEGO 3033,108,4.86
2026,1,Janeiro,Caminhões,Semi-Pesado,8,VW TRUCK E BUS/27.260,95,4.28
2026,1,Janeiro,Caminhões,Semi-Pesado,9,VW TRUCK E BUS/30.320,79,3.56
2026,1,Janeiro,Caminhões,Semi-Pesado,10,VW TRUCK E BUS/26.320,78,3.51
2026,1,Janeiro,Caminhões,Pesado,1,VOLVO/FH 540,262,9.69
2026,1,Janeiro,Caminhões,Pesado,2,DAF/XF 530,240,8.88
2026,1,Janeiro,Caminhões,Pesado,3,VOLVO/FH 460,169,6.25
2026,1,Janeiro,Caminhões,Pesado,4,DAF/XF 480,167,6.18
2026,1,Janeiro,Caminhões,Pesado,5,VOLVO/VM 360,167,6.18
2026,1,Janeiro,Caminhões,Pesado,6,VOLVO/FH 500,153,5.66
2026,1,Janeiro,Caminhões,Pesado,7,IVECO/S-WAY 480,118,4.37
2026,1,Janeiro,Caminhões,Pesado,8,SCANIA/R500,118,4.37
2026,1,Janeiro,Caminhões,Pesado,9,M.BENZ/ATEGO 2730,106,3.92
2026,1,Janeiro,Caminhões,Pesado,10,SCANIA/R 460,101,3.74
2026,1,Janeiro,Motos,City,1,HONDA/CG 160,37671,55.64
2026,1,Janeiro,Motos,City,2,YAMAHA/YBR 150,6738,9.95
2026,1,Janeiro,Motos,City,3,MOTTU/SPORT 110I,6067,8.96
2026,1,Janeiro,Motos,City,4,HONDA/CB 300F,5785,8.54
2026,1,Janeiro,Motos,City,5,YAMAHA/FAZER 150,3463,5.11
2026,1,Janeiro,Motos,City,6,YAMAHA/FAZER 250,3451,5.1
2026,1,Janeiro,Motos,City,7,SHINERAY/SHI 150,1279,1.89
2026,1,Janeiro,Motos,City,8,HAOJUE/DK160,915,1.35
2026,1,Janeiro,Motos,City,9,BAJAJ/PULSAR N150,564,0.83
2026,1,Janeiro,Motos,City,10,SHINERAY/XY 150,555,0.82
2026,1,Janeiro,Motos,Custom,1,ROYAL ENFIELD/HUNTER 350,676,26.32
2026,1,Janeiro,Motos,Custom,2,ROYAL ENFIELD/SUPER METEOR 650,498,19.39
2026,1,Janeiro,Motos,Custom,3,ROYAL ENFIELD/METEOR,414,16.12
2026,1,Janeiro,Motos,Custom,4,TRIUMPH/SCRAMBLER 400,326,12.69
2026,1,Janeiro,Motos,Custom,5,ROYAL ENFIELD/SHOTGUN 650,156,6.07
2026,1,Janeiro,Motos,Custom,6,ROYAL ENFIELD/CLASSIC 350,153,5.96
2026,1,Janeiro,Motos,Custom,7,KAWASAKI/ELIMINATOR 500,84,3.27
2026,1,Janeiro,Motos,Custom,8,KAWASAKI/VULCAN S,43,1.67
2026,1,Janeiro,Motos,Custom,9,ZONTES/S350,39,1.52
2026,1,Janeiro,Motos,Custom,10,TRIUMPH/BONNEVILLE,26,1.01
2026,1,Janeiro,Motos,Trail/Fun,1,HONDA/NXR160,15101,42.68
2026,1,Janeiro,Motos,Trail/Fun,2,HONDA/XRE 190,4114,11.63
2026,1,Janeiro,Motos,Trail/Fun,3,YAMAHA/XTZ 250,3255,9.2
2026,1,Janeiro,Motos,Trail/Fun,4,HONDA/XRE 300,2997,8.47
2026,1,Janeiro,Motos,Trail/Fun,5,SHINERAY/SHI 175,2912,8.23
2026,1,Janeiro,Motos,Trail/Fun,6,YAMAHA/CROSSER 150,2170,6.13
2026,1,Janeiro,Motos,Trail/Fun,7,HONDA/XR 300L,1318,3.73
2026,1,Janeiro,Motos,Trail/Fun,8,AVELLOZ/AZ160,1008,2.85
2026,1,Janeiro,Motos,Trail/Fun,9,SHINERAY/SHI 250,671,1.9
2026,1,Janeiro,Motos,Trail/Fun,10,HAOJUE/DL 160,332,0.94
2026,1,Janeiro,Motos,Maxtrail,1,ROYAL ENFIELD/HIMALAYAN,624,22.58
2026,1,Janeiro,Motos,Maxtrail,2,HONDA/NX 500,318,11.51
2026,1,Janeiro,Motos,Maxtrail,3,BMW/R1300GSA,230,8.32
2026,1,Janeiro,Motos,Maxtrail,4,TRIUMPH/TIGER 900,184,6.66
2026,1,Janeiro,Motos,Maxtrail,5,BMW/R1300GS,179,6.48
2026,1,Janeiro,Motos,Maxtrail,6,HONDA/NC 750X,168,6.08
2026,1,Janeiro,Motos,Maxtrail,7,YAMAHA/XTZ 690,141,5.1
2026,1,Janeiro,Motos,Maxtrail,8,BMW/F900 GS,121,4.38
2026,1,Janeiro,Motos,Maxtrail,9,HONDA/XL 750,108,3.91
2026,1,Janeiro,Motos,Maxtrail,10,TRIUMPH/TIGER 1200,106,3.84
2026,1,Janeiro,Motos,Naked/Roadster,1,YAMAHA/MT03,681,13.3
2026,1,Janeiro,Motos,Naked/Roadster,2,BAJAJ/DOMINAR D400,650,12.7
2026,1,Janeiro,Motos,Naked/Roadster,3,BAJAJ/DOMINAR NS160,536,10.47
2026,1,Janeiro,Motos,Naked/Roadster,4,BAJAJ/NS400 Z,528,10.31
2026,1,Janeiro,Motos,Naked/Roadster,5,BAJAJ/DOMINAR NS200,363,7.09
2026,1,Janeiro,Motos,Naked/Roadster,6,BAJAJ/DOMINAR D250,362,7.07
2026,1,Janeiro,Motos,Naked/Roadster,7,HONDA/CB 500,279,5.45
2026,1,Janeiro,Motos,Naked/Roadster,8,ROYAL ENFIELD/GUERRILLA 450,259,5.06
2026,1,Janeiro,Motos,Naked/Roadster,9,KAWASAKI/Z900,208,4.06
2026,1,Janeiro,Motos,Naked/Roadster,10,SHINERAY/XY 250,181,3.54
2026,1,Janeiro,Motos,Scooter/Cub,1,HONDA/BIZ,21024,33.33
2026,1,Janeiro,Motos,Scooter/Cub,2,HONDA/POP 110I,18101,28.7
2026,1,Janeiro,Motos,Scooter/Cub,3,HONDA/PCX 160,4753,7.54
2026,1,Janeiro,Motos,Scooter/Cub,4,HONDA/ELITE 125,2687,4.26
2026,1,Janeiro,Motos,Scooter/Cub,5,SHINERAY/SHI 125,2623,4.16
2026,1,Janeiro,Motos,Scooter/Cub,6,YAMAHA/NMAX,1930,3.06
2026,1,Janeiro,Motos,Scooter/Cub,7,HONDA/ADV 160,1697,2.69
2026,1,Janeiro,Motos,Scooter/Cub,8,AVELLOZ/AZ1,1564,2.48
2026,1,Janeiro,Motos,Scooter/Cub,9,SHINERAY/XY 125,1535,2.43
2026,1,Janeiro,Motos,Scooter/Cub,10,SHINERAY/XY 50,1368,2.17
2026,1,Janeiro,Motos,Sport,1,YAMAHA/YZF R15,1090,65.15
2026,1,Janeiro,Motos,Sport,2,YAMAHA/YZF R3,135,8.07
2026,1,Janeiro,Motos,Sport,3,KAWASAKI/NINJA 500,112,6.69
2026,1,Janeiro,Motos,Sport,4,KAWASAKI/NINJA ZX-6R,90,5.38
2026,1,Janeiro,Motos,Sport,5,BMW/S1000 R,79,4.72
2026,1,Janeiro,Motos,Sport,6,KAWASAKI/NINJA ZX-4R,54,3.23
2026,1,Janeiro,Motos,Sport,7,KAWASAKI/NINJA 300,47,2.81
2026,1,Janeiro,Motos,Sport,8,SUZUKI/GSX-8 R,13,0.78
2026,1,Janeiro,Motos,Sport,9,TRIUMPH/DAYTONA 660,13,0.78
2026,1,Janeiro,Motos,Sport,10,KAWASAKI/NINJA 650,10,0.6
2026,1,Janeiro,Motos,Touring,1,BMW/R 1300 RT,30,36.14
2026,1,Janeiro,Motos,Touring,2,H.DAVIDSON/ROAD GLIDE,27,32.53
2026,1,Janeiro,Motos,Touring,3,H.DAVIDSON/STREET GLIDE,23,27.71
2026,1,Janeiro,Motos,Touring,4,BMW/K 1600,2,2.41
2026,1,Janeiro,Motos,Touring,5,HONDA/GOLDWING,1,1.2
2026,2,Fevereiro,Autos,Veículos de Entrada,1,FIAT/MOBI,6560,55.93
2026,2,Fevereiro,Autos,Veículos de Entrada,2,RENAULT/KWID,5194,43.27
2026,2,Fevereiro,Autos,Veículos de Entrada,3,RENAULT/E-KWID,47,0.74
2026,2,Fevereiro,Autos,Veículos de Entrada,4,FIAT/UNO,3,0.02
2026,2,Fevereiro,Autos,Veículos de Entrada,5,VW/GOL,2,0.01
2026,2,Fevereiro,Autos,Veículos de Entrada,6,FIAT/PALIO,0,0.01
2026,2,Fevereiro,Autos,Veículos de Entrada,7,GM/CELTA,0,0.01
2026,2,Fevereiro,Autos,Veículos de Entrada,8,VW/BRASILIA,0,0.01
2026,2,Fevereiro,Autos,Veículos de Entrada,9,CAOA CHERY/QQ,1,0.01
2026,2,Fevereiro,Autos,Veículos de Entrada,10,VW/POLO,7517,21.06
2026,2,Fevereiro,Autos,Veículos de Entrada,11,FIAT/ARGO,6478,18.57
2026,2,Fevereiro,Autos,Veículos de Entrada,12,GM/ONIX,6450,18.16
2026,2,Fevereiro,Autos,Veículos de Entrada,13,HYUNDAI/HB20,5124,14.64
2026,2,Fevereiro,Autos,Veículos de Entrada,14,BYD/DOLPHIN MINI,4874,12.29
2026,2,Fevereiro,Autos,Veículos de Entrada,15,BYD/DOLPHIN,1193,4.31
2026,2,Fevereiro,Autos,Veículos de Entrada,16,HONDA/CITY HATCH,873,3.1
2026,2,Fevereiro,Autos,Veículos de Entrada,17,CITROEN/C3,779,2.88
2026,2,Fevereiro,Autos,Veículos de Entrada,18,GEELY/EX2,193,2.1
2026,2,Fevereiro,Autos,Veículos de Entrada,19,PEUGEOT/208,442,1.61
2026,2,Fevereiro,Autos,Veículos de Entrada,20,GWM/ORA 03,226,0.67
2026,2,Fevereiro,Autos,Veículos de Entrada,21,MG/MG4,69,0.21
2026,2,Fevereiro,Autos,Veículos de Entrada,22,AUDI/A3,12,45.83
2026,2,Fevereiro,Autos,Veículos de Entrada,23,BMW/M135I,6,14.58
2026,2,Fevereiro,Autos,Veículos de Entrada,24,HONDA/CIVIC TYPE-R,4,12.5
2026,2,Fevereiro,Autos,Veículos de Entrada,25,VW/GOLF,3,12.5
2026,2,Fevereiro,Autos,Veículos de Entrada,26,HYUNDAI/I30,1,4.17
2026,2,Fevereiro,Autos,Veículos de Entrada,27,M.BENZ/A45 AMG,2,4.17
2026,2,Fevereiro,Autos,Sedans Pequenos,1,HYUNDAI/HB20S,1855,51.58
2026,2,Fevereiro,Autos,Sedans Pequenos,2,FIAT/CRONOS,1856,48.3
2026,2,Fevereiro,Autos,Sedans Pequenos,3,FORD/KA SEDAN,2,0.06
2026,2,Fevereiro,Autos,Sedans Pequenos,4,FIAT/SIENA,1,0.02
2026,2,Fevereiro,Autos,Sedans Pequenos,5,GM/PRISMA,1,0.02
2026,2,Fevereiro,Autos,Sedans Pequenos,6,RENAULT/LOGAN,1,0.02
2026,2,Fevereiro,Autos,Sedans Pequenos,7,TOYOTA/ETIOS SEDAN,1,0.02
2026,2,Fevereiro,Autos,Sedans Pequenos,8,VW/VIRTUS,2489,36.51
2026,2,Fevereiro,Autos,Sedans Pequenos,9,GM/ONIX PLUS,1994,34.12
2026,2,Fevereiro,Autos,Sedans Pequenos,10,HONDA/CITY,1058,18.06
2026,2,Fevereiro,Autos,Sedans Pequenos,11,NISSAN/VERSA,625,11.29
2026,2,Fevereiro,Autos,Sedans Pequenos,12,FORD/CORCEL,1,0.01
2026,2,Fevereiro,Autos,Sedans Pequenos,13,GM/COBALT,1,0.01
2026,2,Fevereiro,Autos,Sedans médios,1,TOYOTA/COROLLA,2149,54.78
2026,2,Fevereiro,Autos,Sedans médios,2,BYD/KING,907,26.97
2026,2,Fevereiro,Autos,Sedans médios,3,BYD/SEAL,126,5.25
2026,2,Fevereiro,Autos,Sedans médios,4,VW/JETTA,121,4.25
2026,2,Fevereiro,Autos,Sedans médios,5,NISSAN/SENTRA,7,2.81
2026,2,Fevereiro,Autos,Sedans médios,6,AUDI/A5,56,1.73
2026,2,Fevereiro,Autos,Sedans médios,7,BMW/M235I,39,0.8
2026,2,Fevereiro,Autos,Sedans médios,8,CAOA CHERY/ARRIZO 6,15,0.77
2026,2,Fevereiro,Autos,Sedans médios,9,M.BENZ/CLA200,16,0.56
2026,2,Fevereiro,Autos,Sedans médios,10,AUDI/A3 SEDAN,9,0.51
2026,2,Fevereiro,Autos,Sedans médios,11,GAC/AION ES,14,0.36
2026,2,Fevereiro,Autos,Sedans médios,12,BMW/420I,10,0.28
2026,2,Fevereiro,Autos,Sedans médios,13,AUDI/RS3,7,0.23
2026,2,Fevereiro,Autos,Sedans médios,14,BMW/220,12,0.23
2026,2,Fevereiro,Autos,Sedans médios,15,M.BENZ/CLA45,8,0.19
2026,2,Fevereiro,Autos,Sedans médios,16,M.BENZ/CLA35,5,0.12
2026,2,Fevereiro,Autos,Sedans médios,17,HONDA/CIVIC,1,0.08
2026,2,Fevereiro,Autos,Sedans médios,18,GM/CRUZE SEDAN,2,0.03
2026,2,Fevereiro,Autos,Sedans médios,19,M.BENZ/AMG C63S,1,0.03
2026,2,Fevereiro,Autos,Sedans médios,20,TESLA/MODEL 3,0,0.02
2026,2,Fevereiro,Autos,Sedans médios,21,JMEV/GSE,1,0.02
2026,2,Fevereiro,Autos,Sedans médios,22,BMW/320I,278,63.56
2026,2,Fevereiro,Autos,Sedans médios,23,M.BENZ/CLASSE C,79,18.16
2026,2,Fevereiro,Autos,Sedans médios,24,PORSCHE/PANAMERA,18,4.29
2026,2,Fevereiro,Autos,Sedans médios,25,BMW/330E,14,2.94
2026,2,Fevereiro,Autos,Sedans médios,26,M.BENZ/CLASSE E,9,2.33
2026,2,Fevereiro,Autos,Sedans médios,27,M.BENZ/AMG GT63S,5,1.1
2026,2,Fevereiro,Autos,Sedans médios,28,BMW/I4,2,0.98
2026,2,Fevereiro,Autos,Sedans médios,29,BMW/I7,2,0.98
2026,2,Fevereiro,Autos,Sedans médios,30,HONDA/ACCORD,2,0.98
2026,2,Fevereiro,Autos,Sedans médios,31,AUDI/A6,0,0.86
2026,2,Fevereiro,Autos,Sedans médios,32,ZEEKR/001,2,0.86
2026,2,Fevereiro,Autos,Sedans médios,33,BMW/530E,4,0.61
2026,2,Fevereiro,Autos,Sw Médios,1,VW/PARATI,1,100.0
2026,2,Fevereiro,Autos,Sw Médios,2,AUDI/RS6 AVANT,1,100.0
2026,2,Fevereiro,Autos,Sw Médios,3,FIAT/DOBLO,1,50.0
2026,2,Fevereiro,Autos,Sw Médios,4,HONDA/FIT,1,50.0
2026,2,Fevereiro,Autos,Grandcab,1,GM/SPIN,1024,98.78
2026,2,Fevereiro,Autos,Grandcab,2,KIA/CARNIVAL,20,1.09
2026,2,Fevereiro,Autos,Grandcab,3,CHRYSLER/PACIFICA,0,0.04
2026,2,Fevereiro,Autos,Grandcab,4,HYUNDAI/STARIA,1,0.04
2026,2,Fevereiro,Autos,Grandcab,5,PORSCHE/911,111,50.92
2026,2,Fevereiro,Autos,Grandcab,6,FORD/MUSTANG,23,12.73
2026,2,Fevereiro,Autos,Grandcab,7,BMW/M2,17,9.03
2026,2,Fevereiro,Autos,Grandcab,8,BMW/M3,26,8.01
2026,2,Fevereiro,Autos,Grandcab,9,GM/CORVETTE,13,5.75
2026,2,Fevereiro,Autos,Grandcab,10,MG/CYBERSTER,3,3.08
2026,2,Fevereiro,Autos,Grandcab,11,PORSCHE/BOXSTER,1,2.26
2026,2,Fevereiro,Autos,Grandcab,12,DODGE/CHALLENGER,3,1.64
2026,2,Fevereiro,Autos,Grandcab,13,M.BENZ/SL63S,3,1.23
2026,2,Fevereiro,Autos,Suv's,1,VW/T CROSS,5667,7.28
2026,2,Fevereiro,Autos,Suv's,2,VW/TERA,5358,6.61
2026,2,Fevereiro,Autos,Suv's,3,HYUNDAI/CRETA,5045,6.05
2026,2,Fevereiro,Autos,Suv's,4,JEEP/COMPASS,4169,5.54
2026,2,Fevereiro,Autos,Suv's,5,GM/TRACKER,4003,5.45
2026,2,Fevereiro,Autos,Suv's,6,FIAT/FASTBACK,3833,4.95
2026,2,Fevereiro,Autos,Suv's,7,BYD/SONG,3702,4.79
2026,2,Fevereiro,Autos,Suv's,8,VW/NIVUS,3851,4.48
2026,2,Fevereiro,Autos,Suv's,9,FIAT/PULSE,3057,3.99
2026,2,Fevereiro,Autos,Suv's,10,NISSAN/KICKS,2875,3.79
2026,2,Fevereiro,Autos,Suv's,11,GWM/HAVAL H6,3237,3.74
2026,2,Fevereiro,Autos,Suv's,12,JEEP/RENEGADE,2686,3.66
2026,2,Fevereiro,Autos,Suv's,13,HONDA/HR-V,2948,3.65
2026,2,Fevereiro,Autos,Suv's,14,TOYOTA/COROLLA CROSS,2899,3.24
2026,2,Fevereiro,Autos,Suv's,15,HONDA/WR-V,2630,2.84
2026,2,Fevereiro,Autos,Suv's,16,CAOA CHERY/TIGGO 7,2205,2.64
2026,2,Fevereiro,Autos,Suv's,17,JEEP/COMMANDER,1371,1.72
2026,2,Fevereiro,Autos,Suv's,18,RENAULT/KARDIAN,1122,1.49
2026,2,Fevereiro,Autos,Suv's,19,TOYOTA/HILUX SW4,1031,1.44
2026,2,Fevereiro,Autos,Suv's,20,VW/TAOS,1022,1.43
2026,2,Fevereiro,Autos,Suv's,21,OMODA JAECOO/OMODA 5,1179,1.43
2026,2,Fevereiro,Autos,Suv's,22,CAOA CHERY/TIGGO 8,973,1.43
2026,2,Fevereiro,Autos,Suv's,23,CITROEN/BASALT,971,1.28
2026,2,Fevereiro,Autos,Suv's,24,NISSAN/KAIT,1294,1.24
2026,2,Fevereiro,Autos,Suv's,25,RENAULT/DUSTER,951,1.2
2026,2,Fevereiro,Autos,Suv's,26,GWM/HAVAL H9,672,0.99
2026,2,Fevereiro,Autos,Suv's,27,FORD/TERRITORY,682,0.98
2026,2,Fevereiro,Autos,Suv's,28,PEUGEOT/2008,551,0.85
2026,2,Fevereiro,Autos,Suv's,29,RENAULT/BOREAL,611,0.8
2026,2,Fevereiro,Autos,Suv's,30,MITSUBISHI/ECLIPSE CROSS,555,0.71
2026,2,Fevereiro,Autos,Suv's,31,BYD/YUAN,545,0.68
2026,2,Fevereiro,Autos,Suv's,32,OMODA JAECOO/JAECOO 7,458,0.6
2026,2,Fevereiro,Autos,Suv's,33,GAC/GS4,309,0.51
2026,2,Fevereiro,Autos,Suv's,34,TOYOTA/RAV4,299,0.5
2026,2,Fevereiro,Autos,Suv's,35,GWM/TANK 300,423,0.5
2026,2,Fevereiro,Autos,Suv's,36,LEAPMOTOR/C10,304,0.48
2026,2,Fevereiro,Autos,Suv's,37,TOYOTA/YARIS CROSS,593,0.39
2026,2,Fevereiro,Autos,Suv's,38,CITROEN/AIRCROSS,316,0.39
2026,2,Fevereiro,Autos,Suv's,39,BMW/X1,319,0.38
2026,2,Fevereiro,Autos,Suv's,40,CAOA CHERY/TIGGO 5X,207,0.33
2026,2,Fevereiro,Com. Leves,Pick-up's Pequenas,1,FIAT/STRADA,11191,79.24
2026,2,Fevereiro,Com. Leves,Pick-up's Pequenas,2,VW/SAVEIRO,2827,20.75
2026,2,Fevereiro,Com. Leves,Pick-up's Pequenas,3,GM/MONTANA,2,0.01
2026,2,Fevereiro,Com. Leves,Pick-up's Pequenas,4,FIAT/TORO,3941,22.23
2026,2,Fevereiro,Com. Leves,Pick-up's Pequenas,5,TOYOTA/HILUX,3304,20.59
2026,2,Fevereiro,Com. Leves,Pick-up's Pequenas,6,FORD/RANGER,2048,12.15
2026,2,Fevereiro,Com. Leves,Pick-up's Pequenas,7,RAM/RAMPAGE,1889,11.16
2026,2,Fevereiro,Com. Leves,Pick-up's Pequenas,8,GM/S10,1578,9.49
2026,2,Fevereiro,Com. Leves,Pick-up's Pequenas,9,GM/MONTANA,1064,5.59
2026,2,Fevereiro,Com. Leves,Pick-up's Pequenas,10,RENAULT/OROCH,808,5.18
2026,2,Fevereiro,Com. Leves,Pick-up's Pequenas,11,MITSUBISHI/TRITON,710,3.75
2026,2,Fevereiro,Com. Leves,Pick-up's Pequenas,12,FIAT/TITANO,367,2.4
2026,2,Fevereiro,Com. Leves,Pick-up's Pequenas,13,FORD/MAVERICK,297,1.78
2026,2,Fevereiro,Com. Leves,Pick-up's Pequenas,14,GWM/POER,258,1.39
2026,2,Fevereiro,Com. Leves,Pick-up's Pequenas,15,RENAULT/MASTER,654,25.62
2026,2,Fevereiro,Com. Leves,Pick-up's Pequenas,16,FIAT/SCUDO,364,11.07
2026,2,Fevereiro,Com. Leves,Pick-up's Pequenas,17,KIA/K2500,324,8.89
2026,2,Fevereiro,Com. Leves,Pick-up's Pequenas,18,FIAT/DUCATO,197,6.88
2026,2,Fevereiro,Com. Leves,Pick-up's Pequenas,19,EFFA/V21,185,6.59
2026,2,Fevereiro,Com. Leves,Pick-up's Pequenas,20,VW TRUCK E BUS/EXPRESS,204,5.44
2026,2,Fevereiro,Com. Leves,Pick-up's Pequenas,21,IVECO/DAILY,177,4.71
2026,2,Fevereiro,Com. Leves,Furgões Pequenos,1,FIAT/FIORINO,1821,86.27
2026,2,Fevereiro,Com. Leves,Furgões Pequenos,2,RENAULT/KANGOO,175,11.91
2026,2,Fevereiro,Com. Leves,Furgões Pequenos,3,PEUGEOT/PARTNER,34,1.79
2026,2,Fevereiro,Com. Leves,Furgões Pequenos,4,RENAULT/KWID,1,0.03
2026,2,Fevereiro,Caminhões,Semi-Leve,1,M.BENZ/SPRINTER 417,76,42.61
2026,2,Fevereiro,Caminhões,Semi-Leve,2,M.BENZ/SPRINTER 517,63,33.24
2026,2,Fevereiro,Caminhões,Semi-Leve,3,IVECO/DAILY 45-170,24,9.38
2026,2,Fevereiro,Caminhões,Semi-Leve,4,IVECO/DAILY 55C17,19,8.24
2026,2,Fevereiro,Caminhões,Semi-Leve,5,IVECO/DAILY 55-170,2,1.99
2026,2,Fevereiro,Caminhões,Semi-Leve,6,IVECO/DAILY 30-160,0,1.14
2026,2,Fevereiro,Caminhões,Semi-Leve,7,IVECO/DAILY 55-180,2,1.14
2026,2,Fevereiro,Caminhões,Semi-Leve,8,IVECO/DAILY 45-180,1,0.85
2026,2,Fevereiro,Caminhões,Semi-Leve,9,FORD/F350,1,0.57
2026,2,Fevereiro,Caminhões,Semi-Leve,10,M.BENZ/SPRINTER 416,0,0.28
2026,2,Fevereiro,Caminhões,Semi-Leve,11,VW TRUCK E BUS/9.180,119,29.07
2026,2,Fevereiro,Caminhões,Semi-Leve,12,M.BENZ/ACCELO 817,9,24.47
2026,2,Fevereiro,Caminhões,Semi-Leve,13,M.BENZ/ACCELO 917,45,11.9
2026,2,Fevereiro,Caminhões,Semi-Leve,14,IVECO/TECTOR 9-190,35,8.19
2026,2,Fevereiro,Caminhões,Semi-Leve,15,FOTON/AUMARK S 715,36,5.39
2026,2,Fevereiro,Caminhões,Semi-Leve,16,M.BENZ/ACCELO 1017,2,5.05
2026,2,Fevereiro,Caminhões,Semi-Leve,17,JAC/EJT9.5,13,2.69
2026,2,Fevereiro,Caminhões,Semi-Leve,18,IVECO/DAILY 65-170,10,2.58
2026,2,Fevereiro,Caminhões,Semi-Leve,19,VW TRUCK E BUS/6.170,8,2.58
2026,2,Fevereiro,Caminhões,Semi-Leve,20,IVECO/DAILY 65-180,18,2.24
2026,2,Fevereiro,Caminhões,Semi-Leve,21,VW TRUCK E BUS/11.180,364,42.39
2026,2,Fevereiro,Caminhões,Semi-Leve,22,M.BENZ/ACCELO 1117,204,24.16
2026,2,Fevereiro,Caminhões,Semi-Leve,23,IVECO/TECTOR 11-190,74,8.99
2026,2,Fevereiro,Caminhões,Semi-Leve,24,VW TRUCK E BUS/13.180,59,6.29
2026,2,Fevereiro,Caminhões,Semi-Leve,25,M.BENZ/ATEGO 1419,62,5.23
2026,2,Fevereiro,Caminhões,Semi-Leve,26,FOTON/AUMARK S 1217A,32,4.7
2026,2,Fevereiro,Caminhões,Semi-Leve,27,M.BENZ/ACCELO 1417,18,2.12
2026,2,Fevereiro,Caminhões,Semi-Leve,28,M.BENZ/ACCELO 1317,13,1.94
2026,2,Fevereiro,Caminhões,Semi-Leve,29,VW TRUCK E BUS/14.210,15,1.47
2026,2,Fevereiro,Caminhões,Semi-Leve,30,M.BENZ/1418,9,0.76
2026,2,Fevereiro,Caminhões,Semi-Pesado,1,VOLVO/VM 290,221,10.39
2026,2,Fevereiro,Caminhões,Semi-Pesado,2,M.BENZ/ATEGO 1719,234,9.6
2026,2,Fevereiro,Caminhões,Semi-Pesado,3,M.BENZ/ATEGO 2429,181,9.29
2026,2,Fevereiro,Caminhões,Semi-Pesado,4,VW TRUCK E BUS/26.260,216,9.21
2026,2,Fevereiro,Caminhões,Semi-Pesado,5,VW TRUCK E BUS/17.210,142,6.46
2026,2,Fevereiro,Caminhões,Semi-Pesado,6,VW TRUCK E BUS/31.320,111,4.99
2026,2,Fevereiro,Caminhões,Semi-Pesado,7,M.BENZ/ATEGO 3033,108,4.75
2026,2,Fevereiro,Caminhões,Semi-Pesado,8,VW TRUCK E BUS/26.320,98,3.87
2026,2,Fevereiro,Caminhões,Semi-Pesado,9,VW TRUCK E BUS/18.260,98,3.63
2026,2,Fevereiro,Caminhões,Semi-Pesado,10,VW TRUCK E BUS/27.260,69,3.6
2026,2,Fevereiro,Caminhões,Semi-Pesado,11,VOLVO/FH 540,316,10.55
2026,2,Fevereiro,Caminhões,Semi-Pesado,12,DAF/XF 530,238,8.72
2026,2,Fevereiro,Caminhões,Semi-Pesado,13,VOLVO/FH 460,261,7.85
2026,2,Fevereiro,Caminhões,Semi-Pesado,14,VOLVO/VM 360,204,6.77
2026,2,Fevereiro,Caminhões,Semi-Pesado,15,DAF/XF 480,133,5.47
2026,2,Fevereiro,Caminhões,Semi-Pesado,16,VOLVO/FH 500,121,5.0
2026,2,Fevereiro,Caminhões,Semi-Pesado,17,SCANIA/R500,117,4.29
2026,2,Fevereiro,Caminhões,Semi-Pesado,18,IVECO/S-WAY 480,85,3.7
2026,2,Fevereiro,Caminhões,Semi-Pesado,19,M.BENZ/ATEGO 2730,96,3.69
2026,2,Fevereiro,Caminhões,Semi-Pesado,20,M.BENZ/AXOR 2545S,129,3.47
2026,2,Fevereiro,Motos,City,1,HONDA/CG 160,36155,54.81
2026,2,Fevereiro,Motos,City,2,MOTTU/SPORT 110I,9880,11.84
2026,2,Fevereiro,Motos,City,3,YAMAHA/YBR 150,5901,9.38
2026,2,Fevereiro,Motos,City,4,HONDA/CB 300F,5082,8.07
2026,2,Fevereiro,Motos,City,5,YAMAHA/FAZER 250,2940,4.74
2026,2,Fevereiro,Motos,City,6,YAMAHA/FAZER 150,2798,4.65
2026,2,Fevereiro,Motos,City,7,SHINERAY/SHI 150,1311,1.92
2026,2,Fevereiro,Motos,City,8,HAOJUE/DK160,908,1.35
2026,2,Fevereiro,Motos,City,9,BAJAJ/PULSAR N150,609,0.87
2026,2,Fevereiro,Motos,City,10,HAOJUE/DR160,549,0.79
2026,2,Fevereiro,Motos,City,11,ROYAL ENFIELD/HUNTER 350,634,27.38
2026,2,Fevereiro,Motos,City,12,ROYAL ENFIELD/SUPER METEOR 650,416,19.1
2026,2,Fevereiro,Motos,City,13,ROYAL ENFIELD/METEOR,357,16.11
2026,2,Fevereiro,Motos,City,14,TRIUMPH/SCRAMBLER 400,211,11.22
2026,2,Fevereiro,Motos,City,15,ROYAL ENFIELD/CLASSIC 350,136,6.04
2026,2,Fevereiro,Motos,City,16,ROYAL ENFIELD/SHOTGUN 650,118,5.73
2026,2,Fevereiro,Motos,City,17,KAWASAKI/ELIMINATOR 500,68,3.18
2026,2,Fevereiro,Motos,City,18,ZONTES/S350,43,1.71
2026,2,Fevereiro,Motos,City,19,KAWASAKI/VULCAN S,31,1.55
2026,2,Fevereiro,Motos,City,20,ROYAL ENFIELD/BEAR 650,49,1.04
2026,2,Fevereiro,Motos,City,21,HONDA/NXR160,13453,42.07
2026,2,Fevereiro,Motos,City,22,HONDA/XRE 190,4082,12.07
2026,2,Fevereiro,Motos,City,23,HONDA/XRE 300,3117,9.01
2026,2,Fevereiro,Motos,City,24,YAMAHA/XTZ 250,2842,8.98
2026,2,Fevereiro,Motos,City,25,SHINERAY/SHI 175,2617,8.15
2026,2,Fevereiro,Motos,City,26,YAMAHA/CROSSER 150,1913,6.02
2026,2,Fevereiro,Motos,City,27,HONDA/XR 300L,1211,3.73
2026,2,Fevereiro,Motos,City,28,AVELLOZ/AZ160,957,2.9
2026,2,Fevereiro,Motos,City,29,SHINERAY/SHI 250,565,1.82
2026,2,Fevereiro,Motos,City,30,HAOJUE/DL 160,266,0.88
2026,2,Fevereiro,Motos,Maxtrail,1,ROYAL ENFIELD/HIMALAYAN,487,20.7
2026,2,Fevereiro,Motos,Maxtrail,2,HONDA/NX 500,387,13.13
2026,2,Fevereiro,Motos,Maxtrail,3,BMW/R1300GSA,222,8.42
2026,2,Fevereiro,Motos,Maxtrail,4,TRIUMPH/TIGER 900,193,7.02
2026,2,Fevereiro,Motos,Maxtrail,5,HONDA/NC 750X,203,6.91
2026,2,Fevereiro,Motos,Maxtrail,6,BMW/R1300GS,144,6.02
2026,2,Fevereiro,Motos,Maxtrail,7,YAMAHA/XTZ 690,133,5.1
2026,2,Fevereiro,Motos,Maxtrail,8,BMW/F900 GS,90,3.93
2026,2,Fevereiro,Motos,Maxtrail,9,TRIUMPH/TIGER 1200,92,3.69
2026,2,Fevereiro,Motos,Maxtrail,10,HONDA/XL 750,73,3.37
2026,2,Fevereiro,Motos,Maxtrail,11,YAMAHA/MT03,699,14.46
2026,2,Fevereiro,Motos,Maxtrail,12,BAJAJ/DOMINAR D400,557,12.65
2026,2,Fevereiro,Motos,Maxtrail,13,BAJAJ/DOMINAR NS160,413,9.95
2026,2,Fevereiro,Motos,Maxtrail,14,BAJAJ/NS400 Z,385,9.57
2026,2,Fevereiro,Motos,Maxtrail,15,BAJAJ/DOMINAR NS200,332,7.27
2026,2,Fevereiro,Motos,Maxtrail,16,BAJAJ/DOMINAR D250,261,6.53
2026,2,Fevereiro,Motos,Maxtrail,17,HONDA/CB 500,243,5.47
2026,2,Fevereiro,Motos,Maxtrail,18,ROYAL ENFIELD/GUERRILLA 450,203,4.84
2026,2,Fevereiro,Motos,Maxtrail,19,KAWASAKI/Z900,215,4.43
2026,2,Fevereiro,Motos,Maxtrail,20,SHINERAY/XY 250,147,3.44
2026,2,Fevereiro,Motos,Maxtrail,21,HONDA/BIZ,20491,33.45
2026,2,Fevereiro,Motos,Maxtrail,22,HONDA/POP 110I,18620,29.58
2026,2,Fevereiro,Motos,Maxtrail,23,HONDA/PCX 160,4060,7.1
2026,2,Fevereiro,Motos,Maxtrail,24,SHINERAY/SHI 125,2909,4.46
2026,2,Fevereiro,Motos,Maxtrail,25,HONDA/ELITE 125,2714,4.35
2026,2,Fevereiro,Motos,Maxtrail,26,YAMAHA/NMAX,1458,2.73
2026,2,Fevereiro,Motos,Maxtrail,27,HONDA/ADV 160,1543,2.61
2026,2,Fevereiro,Motos,Maxtrail,28,AVELLOZ/AZ1,1262,2.28
2026,2,Fevereiro,Motos,Maxtrail,29,SHINERAY/XY 125,1285,2.27
2026,2,Fevereiro,Motos,Maxtrail,30,SHINERAY/XY 50,761,1.72
2026,2,Fevereiro,Motos,Sport,1,YAMAHA/YZF R15,941,63.63
2026,2,Fevereiro,Motos,Sport,2,YAMAHA/YZF R3,142,8.68
2026,2,Fevereiro,Motos,Sport,3,KAWASAKI/NINJA 500,112,7.02
2026,2,Fevereiro,Motos,Sport,4,KAWASAKI/NINJA ZX-6R,101,5.98
2026,2,Fevereiro,Motos,Sport,5,BMW/S1000 R,65,4.51
2026,2,Fevereiro,Motos,Sport,6,KAWASAKI/NINJA ZX-4R,57,3.48
2026,2,Fevereiro,Motos,Sport,7,KAWASAKI/NINJA 300,17,2.01
2026,2,Fevereiro,Motos,Sport,8,KAWASAKI/NINJA 650,21,0.97
2026,2,Fevereiro,Motos,Sport,9,SUZUKI/GSX-8 R,18,0.97
2026,2,Fevereiro,Motos,Sport,10,TRIUMPH/DAYTONA 660,16,0.91
2026,2,Fevereiro,Motos,Sport,11,H.DAVIDSON/ROAD GLIDE,28,37.93
2026,2,Fevereiro,Motos,Sport,12,BMW/R 1300 RT,13,29.66
2026,2,Fevereiro,Motos,Sport,13,H.DAVIDSON/STREET GLIDE,19,28.97
2026,2,Fevereiro,Motos,Sport,14,BMW/K 1600,2,2.76
2026,2,Fevereiro,Motos,Sport,15,HONDA/GOLDWING,0,0.69
2026,3,Março,Autos,Veículos de Entrada,1,FIAT/MOBI,7241,54.48
2026,3,Março,Autos,Veículos de Entrada,2,RENAULT/KWID,6454,44.83
2026,3,Março,Autos,Veículos de Entrada,3,RENAULT/E-KWID,67,0.63
2026,3,Março,Autos,Veículos de Entrada,4,VW/GOL,4,0.02
2026,3,Março,Autos,Veículos de Entrada,5,FIAT/UNO,1,0.02
2026,3,Março,Autos,Veículos de Entrada,6,FIAT/PALIO,1,0.01
2026,3,Março,Autos,Veículos de Entrada,7,GM/CELTA,1,0.01
2026,3,Março,Autos,Veículos de Entrada,8,GM/CHEVETTE,2,0.01
2026,3,Março,Autos,Veículos de Entrada,9,PEUGEOT/207,1,0
2026,3,Março,Autos,Veículos de Entrada,10,VW/POLO,11051,21.34
2026,3,Março,Autos,Veículos de Entrada,11,GM/ONIX,10182,18.97
2026,3,Março,Autos,Veículos de Entrada,12,FIAT/ARGO,8281,17.53
2026,3,Março,Autos,Veículos de Entrada,13,HYUNDAI/HB20,7713,14.86
2026,3,Março,Autos,Veículos de Entrada,14,BYD/DOLPHIN MINI,7053,12.98
2026,3,Março,Autos,Veículos de Entrada,15,BYD/DOLPHIN,1852,4.01
2026,3,Março,Autos,Veículos de Entrada,16,CITROEN/C3,1334,2.76
2026,3,Março,Autos,Veículos de Entrada,17,HONDA/CITY HATCH,1161,2.73
2026,3,Março,Autos,Veículos de Entrada,18,GEELY/EX2,1157,2.18
2026,3,Março,Autos,Veículos de Entrada,19,PEUGEOT/208,633,1.44
2026,3,Março,Autos,Veículos de Entrada,20,GWM/ORA 03,313,0.64
2026,3,Março,Autos,Veículos de Entrada,21,MG/MG4,128,0.23
2026,3,Março,Autos,Veículos de Entrada,22,AUDI/A3,30,46.43
2026,3,Março,Autos,Veículos de Entrada,23,BMW/M135I,28,31.25
2026,3,Março,Autos,Veículos de Entrada,24,HONDA/CIVIC TYPE-R,2,7.14
2026,3,Março,Autos,Veículos de Entrada,25,VW/GOLF,0,5.36
2026,3,Março,Autos,Veículos de Entrada,26,M.BENZ/A45 AMG,2,3.57
2026,3,Março,Autos,Veículos de Entrada,27,HYUNDAI/I30,0,1.79
2026,3,Março,Autos,Sedans Pequenos,1,HYUNDAI/HB20S,4655,60.18
2026,3,Março,Autos,Sedans Pequenos,2,FIAT/CRONOS,2126,39.74
2026,3,Março,Autos,Sedans Pequenos,3,FORD/KA SEDAN,0,0.03
2026,3,Março,Autos,Sedans Pequenos,4,FIAT/SIENA,1,0.01
2026,3,Março,Autos,Sedans Pequenos,5,GM/PRISMA,0,0.01
2026,3,Março,Autos,Sedans Pequenos,6,NISSAN/VERSA,1,0.01
2026,3,Março,Autos,Sedans Pequenos,7,RENAULT/LOGAN,0,0.01
2026,3,Março,Autos,Sedans Pequenos,8,TOYOTA/ETIOS SEDAN,0,0.01
2026,3,Março,Autos,Sedans Pequenos,9,GM/ONIX PLUS,4921,40.41
2026,3,Março,Autos,Sedans Pequenos,10,VW/VIRTUS,3410,34.71
2026,3,Março,Autos,Sedans Pequenos,11,HONDA/CITY,1159,14.74
2026,3,Março,Autos,Sedans Pequenos,12,NISSAN/VERSA,923,10.13
2026,3,Março,Autos,Sedans Pequenos,13,FORD/CORCEL,0,0
2026,3,Março,Autos,Sedans Pequenos,14,GM/COBALT,0,0
2026,3,Março,Autos,Sedans médios,1,TOYOTA/COROLLA,2900,57.34
2026,3,Março,Autos,Sedans médios,2,BYD/KING,1274,26.86
2026,3,Março,Autos,Sedans médios,3,VW/JETTA,167,3.93
2026,3,Março,Autos,Sedans médios,4,BYD/SEAL,101,3.9
2026,3,Março,Autos,Sedans médios,5,NISSAN/SENTRA,68,2.22
2026,3,Março,Autos,Sedans médios,6,AUDI/A5,127,2.13
2026,3,Março,Autos,Sedans médios,7,BMW/M235I,2,0.66
2026,3,Março,Autos,Sedans médios,8,CAOA CHERY/ARRIZO 6,8,0.52
2026,3,Março,Autos,Sedans médios,9,AUDI/A3 SEDAN,2,0.49
2026,3,Março,Autos,Sedans médios,10,GAC/AION ES,2,0.4
2026,3,Março,Autos,Sedans médios,11,M.BENZ/CLA200,6,0.37
2026,3,Março,Autos,Sedans médios,12,AUDI/RS3,17,0.28
2026,3,Março,Autos,Sedans médios,13,BMW/220,17,0.28
2026,3,Março,Autos,Sedans médios,14,BMW/420I,10,0.25
2026,3,Março,Autos,Sedans médios,15,M.BENZ/CLA45,3,0.13
2026,3,Março,Autos,Sedans médios,16,M.BENZ/CLA35,3,0.1
2026,3,Março,Autos,Sedans médios,17,HONDA/CIVIC,2,0.06
2026,3,Março,Autos,Sedans médios,18,GM/CRUZE SEDAN,1,0.03
2026,3,Março,Autos,Sedans médios,19,M.BENZ/AMG C63S,0,0.02
2026,3,Março,Autos,Sedans médios,20,VW/SANTANA,1,0.01
2026,3,Março,Autos,Sedans médios,21,TESLA/MODEL 3,0,0.01
2026,3,Março,Autos,Sedans médios,22,BMW/320I,362,62.28
2026,3,Março,Autos,Sedans médios,23,M.BENZ/CLASSE C,125,19.32
2026,3,Março,Autos,Sedans médios,24,PORSCHE/PANAMERA,40,5.31
2026,3,Março,Autos,Sedans médios,25,BMW/330E,13,2.62
2026,3,Março,Autos,Sedans médios,26,M.BENZ/CLASSE E,13,2.26
2026,3,Março,Autos,Sedans médios,27,HONDA/ACCORD,7,1.06
2026,3,Março,Autos,Sedans médios,28,ZEEKR/001,8,1.06
2026,3,Março,Autos,Sedans médios,29,BMW/I7,6,0.99
2026,3,Março,Autos,Sedans médios,30,M.BENZ/AMG GT63S,5,0.99
2026,3,Março,Autos,Sedans médios,31,BMW/I4,5,0.92
2026,3,Março,Autos,Sedans médios,32,BMW/530E,7,0.85
2026,3,Março,Autos,Sedans médios,33,AUDI/A6,0,0.5
2026,3,Março,Autos,Sw Médios,1,VW/PARATI,0,66.67
2026,3,Março,Autos,Sw Médios,2,GM/KADETT,1,33.33
2026,3,Março,Autos,Sw Médios,3,AUDI/RS6 AVANT,6,100.0
2026,3,Março,Autos,Sw Médios,4,FIAT/DOBLO,0,50.0
2026,3,Março,Autos,Sw Médios,5,HONDA/FIT,0,50.0
2026,3,Março,Autos,Grandcab,1,GM/SPIN,1658,98.47
2026,3,Março,Autos,Grandcab,2,KIA/CARNIVAL,31,1.41
2026,3,Março,Autos,Grandcab,3,VW/ID.BUZZ,1,0.05
2026,3,Março,Autos,Grandcab,4,CHRYSLER/PACIFICA,0,0.03
2026,3,Março,Autos,Grandcab,5,PORSCHE/911,139,49.3
2026,3,Março,Autos,Grandcab,6,FORD/MUSTANG,37,12.61
2026,3,Março,Autos,Grandcab,7,BMW/M3,31,8.92
2026,3,Março,Autos,Grandcab,8,BMW/M2,18,7.9
2026,3,Março,Autos,Grandcab,9,GM/CORVETTE,20,6.11
2026,3,Março,Autos,Grandcab,10,PORSCHE/BOXSTER,12,2.93
2026,3,Março,Autos,Grandcab,11,DODGE/CHALLENGER,10,2.29
2026,3,Março,Autos,Grandcab,12,MG/CYBERSTER,3,2.29
2026,3,Março,Autos,Grandcab,13,PORSCHE/TAYCAN,5,1.4
2026,3,Março,Autos,Suv's,1,VW/T CROSS,7622,6.96
2026,3,Março,Autos,Suv's,2,VW/TERA,7977,6.7
2026,3,Março,Autos,Suv's,3,HYUNDAI/CRETA,6674,5.9
2026,3,Março,Autos,Suv's,4,GM/TRACKER,5795,5.24
2026,3,Março,Autos,Suv's,5,JEEP/COMPASS,5434,5.16
2026,3,Março,Autos,Suv's,6,VW/NIVUS,5795,4.68
2026,3,Março,Autos,Suv's,7,BYD/SONG,5054,4.59
2026,3,Março,Autos,Suv's,8,FIAT/FASTBACK,4444,4.46
2026,3,Março,Autos,Suv's,9,FIAT/PULSE,5167,4.17
2026,3,Março,Autos,Suv's,10,HONDA/HR-V,3995,3.55
2026,3,Março,Autos,Suv's,11,GWM/HAVAL H6,3318,3.36
2026,3,Março,Autos,Suv's,12,JEEP/RENEGADE,3319,3.31
2026,3,Março,Autos,Suv's,13,NISSAN/KICKS,3028,3.28
2026,3,Março,Autos,Suv's,14,TOYOTA/COROLLA CROSS,3747,3.22
2026,3,Março,Autos,Suv's,15,HONDA/WR-V,3540,2.92
2026,3,Março,Autos,Suv's,16,CAOA CHERY/TIGGO 7,2665,2.49
2026,3,Março,Autos,Suv's,17,NISSAN/KAIT,4462,2.34
2026,3,Março,Autos,Suv's,18,CAOA CHERY/TIGGO 5X,5007,2.02
2026,3,Março,Autos,Suv's,19,TOYOTA/YARIS CROSS,3864,1.63
2026,3,Março,Autos,Suv's,20,JEEP/COMMANDER,1355,1.48
2026,3,Março,Autos,Suv's,21,OMODA JAECOO/OMODA 5,1580,1.4
2026,3,Março,Autos,Suv's,22,RENAULT/KARDIAN,1389,1.36
2026,3,Março,Autos,Suv's,23,VW/TAOS,1143,1.24
2026,3,Março,Autos,Suv's,24,TOYOTA/HILUX SW4,1117,1.23
2026,3,Março,Autos,Suv's,25,CAOA CHERY/TIGGO 8,1090,1.22
2026,3,Março,Autos,Suv's,26,CITROEN/BASALT,1015,1.1
2026,3,Março,Autos,Suv's,27,RENAULT/DUSTER,1125,1.1
2026,3,Março,Autos,Suv's,28,GWM/HAVAL H9,1170,1.0
2026,3,Março,Autos,Suv's,29,FORD/TERRITORY,995,0.92
2026,3,Março,Autos,Suv's,30,RENAULT/BOREAL,1272,0.92
2026,3,Março,Autos,Suv's,31,PEUGEOT/2008,972,0.84
2026,3,Março,Autos,Suv's,32,BYD/YUAN,881,0.71
2026,3,Março,Autos,Suv's,33,MITSUBISHI/ECLIPSE CROSS,633,0.64
2026,3,Março,Autos,Suv's,34,GWM/TANK 300,906,0.62
2026,3,Março,Autos,Suv's,35,OMODA JAECOO/JAECOO 7,659,0.58
2026,3,Março,Autos,Suv's,36,GAC/GS4,444,0.45
2026,3,Março,Autos,Suv's,37,LEAPMOTOR/C10,472,0.44
2026,3,Março,Autos,Suv's,38,BMW/X1,443,0.38
2026,3,Março,Autos,Suv's,39,GM/SPARK,628,0.36
2026,3,Março,Autos,Suv's,40,CITROEN/AIRCROSS,305,0.33
2026,3,Março,Com. Leves,Pick-up's Pequenas,1,FIAT/STRADA,16705,78.44
2026,3,Março,Com. Leves,Pick-up's Pequenas,2,VW/SAVEIRO,4876,21.56
2026,3,Março,Com. Leves,Pick-up's Pequenas,3,GM/MONTANA,0,0
2026,3,Março,Com. Leves,Pick-up's Pequenas,4,FIAT/TORO,5091,22.1
2026,3,Março,Com. Leves,Pick-up's Pequenas,5,TOYOTA/HILUX,3979,19.22
2026,3,Março,Com. Leves,Pick-up's Pequenas,6,FORD/RANGER,2998,12.44
2026,3,Março,Com. Leves,Pick-up's Pequenas,7,RAM/RAMPAGE,2198,10.49
2026,3,Março,Com. Leves,Pick-up's Pequenas,8,GM/S10,2625,10.2
2026,3,Março,Com. Leves,Pick-up's Pequenas,9,GM/MONTANA,1576,6.05
2026,3,Março,Com. Leves,Pick-up's Pequenas,10,RENAULT/OROCH,915,4.69
2026,3,Março,Com. Leves,Pick-up's Pequenas,11,MITSUBISHI/TRITON,964,3.9
2026,3,Março,Com. Leves,Pick-up's Pequenas,12,FIAT/TITANO,581,2.44
2026,3,Março,Com. Leves,Pick-up's Pequenas,13,GWM/POER,677,1.99
2026,3,Março,Com. Leves,Pick-up's Pequenas,14,FORD/MAVERICK,433,1.81
2026,3,Março,Com. Leves,Pick-up's Pequenas,15,RENAULT/MASTER,1106,25.48
2026,3,Março,Com. Leves,Pick-up's Pequenas,16,KIA/K2500,448,9.44
2026,3,Março,Com. Leves,Pick-up's Pequenas,17,FIAT/SCUDO,280,9.16
2026,3,Março,Com. Leves,Pick-up's Pequenas,18,FIAT/DUCATO,346,7.3
2026,3,Março,Com. Leves,Pick-up's Pequenas,19,EFFA/V21,220,5.95
2026,3,Março,Com. Leves,Pick-up's Pequenas,20,TOYOTA/HIACE,299,5.54
2026,3,Março,Com. Leves,Pick-up's Pequenas,21,FORD/TRANSIT,271,5.3
2026,3,Março,Com. Leves,Furgões Pequenos,1,FIAT/FIORINO,2412,88.68
2026,3,Março,Com. Leves,Furgões Pequenos,2,RENAULT/KANGOO,148,9.31
2026,3,Março,Com. Leves,Furgões Pequenos,3,PEUGEOT/PARTNER,56,1.93
2026,3,Março,Com. Leves,Furgões Pequenos,4,RENAULT/KWID,4,0.08
2026,3,Março,Caminhões,Semi-Leve,1,M.BENZ/SPRINTER 417,75,39.47
2026,3,Março,Caminhões,Semi-Leve,2,M.BENZ/SPRINTER 517,7,34.04
2026,3,Março,Caminhões,Semi-Leve,3,IVECO/DAILY 45-170,25,10.18
2026,3,Março,Caminhões,Semi-Leve,4,IVECO/DAILY 55C17,20,8.6
2026,3,Março,Caminhões,Semi-Leve,5,IVECO/DAILY 45-180,8,1.93
2026,3,Março,Caminhões,Semi-Leve,6,IVECO/DAILY 55-170,1,1.4
2026,3,Março,Caminhões,Semi-Leve,7,IVECO/DAILY,7,1.23
2026,3,Março,Caminhões,Semi-Leve,8,IVECO/DAILY 55-180,3,1.23
2026,3,Março,Caminhões,Semi-Leve,9,IVECO/DAILY 30-160,0,0.7
2026,3,Março,Caminhões,Semi-Leve,10,FORD/F350,0,0.35
2026,3,Março,Caminhões,Semi-Leve,11,VW TRUCK E BUS/9.180,96,25.36
2026,3,Março,Caminhões,Semi-Leve,12,M.BENZ/ACCELO 817,121,24.21
2026,3,Março,Caminhões,Semi-Leve,13,M.BENZ/ACCELO 917,97,14.5
2026,3,Março,Caminhões,Semi-Leve,14,IVECO/TECTOR 9-190,49,8.71
2026,3,Março,Caminhões,Semi-Leve,15,M.BENZ/ACCELO 1017,41,6.14
2026,3,Março,Caminhões,Semi-Leve,16,FOTON/AUMARK S 715,30,5.57
2026,3,Março,Caminhões,Semi-Leve,17,IVECO/DAILY 65-170,9,2.29
2026,3,Março,Caminhões,Semi-Leve,18,JAC/EJT9.5,8,2.29
2026,3,Março,Caminhões,Semi-Leve,19,IVECO/DAILY 65-180,7,1.93
2026,3,Março,Caminhões,Semi-Leve,20,VW TRUCK E BUS/6.170,4,1.93
2026,3,Março,Caminhões,Semi-Leve,21,VW TRUCK E BUS/11.180,501,42.83
2026,3,Março,Caminhões,Semi-Leve,22,M.BENZ/ACCELO 1117,329,25.94
2026,3,Março,Caminhões,Semi-Leve,23,IVECO/TECTOR 11-190,67,7.71
2026,3,Março,Caminhões,Semi-Leve,24,VW TRUCK E BUS/13.180,45,5.33
2026,3,Março,Caminhões,Semi-Leve,25,M.BENZ/ATEGO 1419,48,4.8
2026,3,Março,Caminhões,Semi-Leve,26,FOTON/AUMARK S 1217A,45,4.38
2026,3,Março,Caminhões,Semi-Leve,27,M.BENZ/ACCELO 1417,29,2.28
2026,3,Março,Caminhões,Semi-Leve,28,M.BENZ/ACCELO 1317,15,1.68
2026,3,Março,Caminhões,Semi-Leve,29,VW TRUCK E BUS/14.210,14,1.37
2026,3,Março,Caminhões,Semi-Leve,30,VW TRUCK E BUS/14.180,29,1.26
2026,3,Março,Caminhões,Semi-Pesado,1,VOLVO/VM 290,277,10.28
2026,3,Março,Caminhões,Semi-Pesado,2,VW TRUCK E BUS/26.260,280,9.58
2026,3,Março,Caminhões,Semi-Pesado,3,M.BENZ/ATEGO 1719,242,9.31
2026,3,Março,Caminhões,Semi-Pesado,4,M.BENZ/ATEGO 2429,231,8.97
2026,3,Março,Caminhões,Semi-Pesado,5,VW TRUCK E BUS/17.210,208,6.88
2026,3,Março,Caminhões,Semi-Pesado,6,M.BENZ/ATEGO 3033,130,4.74
2026,3,Março,Caminhões,Semi-Pesado,7,VW TRUCK E BUS/31.320,91,4.36
2026,3,Março,Caminhões,Semi-Pesado,8,VW TRUCK E BUS/26.320,131,4.21
2026,3,Março,Caminhões,Semi-Pesado,9,VW TRUCK E BUS/18.260,141,4.2
2026,3,Março,Caminhões,Semi-Pesado,10,VW TRUCK E BUS/30.320,107,3.67
2026,3,Março,Caminhões,Semi-Pesado,11,VOLVO/FH 540,578,12.02
2026,3,Março,Caminhões,Semi-Pesado,12,DAF/XF 530,326,8.36
2026,3,Março,Caminhões,Semi-Pesado,13,VOLVO/FH 460,178,6.32
2026,3,Março,Caminhões,Semi-Pesado,14,VOLVO/VM 360,213,6.07
2026,3,Março,Caminhões,Semi-Pesado,15,VOLVO/FH 500,278,5.74
2026,3,Março,Caminhões,Semi-Pesado,16,DAF/XF 480,173,4.92
2026,3,Março,Caminhões,Semi-Pesado,17,SCANIA/G560,271,4.74
2026,3,Março,Caminhões,Semi-Pesado,18,M.BENZ/AXOR 2545S,203,4.09
2026,3,Março,Caminhões,Semi-Pesado,19,SCANIA/R500,127,3.76
2026,3,Março,Caminhões,Semi-Pesado,20,M.BENZ/ATEGO 2730,135,3.5
2026,3,Março,Motos,City,1,HONDA/CG 160,47965,55.36
2026,3,Março,Motos,City,2,MOTTU/SPORT 110I,10185,11.88
2026,3,Março,Motos,City,3,YAMAHA/YBR 150,7092,8.97
2026,3,Março,Motos,City,4,HONDA/CB 300F,6498,7.89
2026,3,Março,Motos,City,5,YAMAHA/FAZER 250,4232,4.83
2026,3,Março,Motos,City,6,YAMAHA/FAZER 150,3850,4.6
2026,3,Março,Motos,City,7,SHINERAY/SHI 150,1643,1.92
2026,3,Março,Motos,City,8,HAOJUE/DK160,1117,1.34
2026,3,Março,Motos,City,9,BAJAJ/PULSAR N150,774,0.89
2026,3,Março,Motos,City,10,HAOJUE/DR160,647,0.78
2026,3,Março,Motos,City,11,ROYAL ENFIELD/HUNTER 350,728,26.33
2026,3,Março,Motos,City,12,ROYAL ENFIELD/SUPER METEOR 650,455,17.69
2026,3,Março,Motos,City,13,ROYAL ENFIELD/METEOR,458,15.88
2026,3,Março,Motos,City,14,TRIUMPH/SCRAMBLER 400,329,11.19
2026,3,Março,Motos,City,15,ROYAL ENFIELD/CLASSIC 350,164,5.85
2026,3,Março,Motos,City,16,ROYAL ENFIELD/SHOTGUN 650,161,5.62
2026,3,Março,Motos,City,17,KAWASAKI/ELIMINATOR 500,7,2.96
2026,3,Março,Motos,City,18,ROYAL ENFIELD/BEAR 650,146,2.53
2026,3,Março,Motos,City,19,ZONTES/S350,52,1.73
2026,3,Março,Motos,City,20,KAWASAKI/VULCAN S,46,1.55
2026,3,Março,Motos,City,21,HONDA/NXR160,17611,41.9
2026,3,Março,Motos,City,22,HONDA/XRE 190,5457,12.39
2026,3,Março,Motos,City,23,HONDA/XRE 300,4013,9.19
2026,3,Março,Motos,City,24,YAMAHA/XTZ 250,3918,9.09
2026,3,Março,Motos,City,25,SHINERAY/SHI 175,2899,7.65
2026,3,Março,Motos,City,26,YAMAHA/CROSSER 150,2726,6.18
2026,3,Março,Motos,City,27,HONDA/XR 300L,1552,3.7
2026,3,Março,Motos,City,28,AVELLOZ/AZ160,1223,2.89
2026,3,Março,Motos,City,29,SHINERAY/SHI 250,654,1.72
2026,3,Março,Motos,City,30,HAOJUE/DL 160,330,0.84
2026,3,Março,Motos,Maxtrail,1,ROYAL ENFIELD/HIMALAYAN,648,19.49
2026,3,Março,Motos,Maxtrail,2,HONDA/NX 500,631,14.8
2026,3,Março,Motos,Maxtrail,3,BMW/R1300GSA,290,8.22
2026,3,Março,Motos,Maxtrail,4,HONDA/NC 750X,342,7.9
2026,3,Março,Motos,Maxtrail,5,TRIUMPH/TIGER 900,307,7.58
2026,3,Março,Motos,Maxtrail,6,BMW/R1300GS,190,5.68
2026,3,Março,Motos,Maxtrail,7,YAMAHA/XTZ 690,154,4.74
2026,3,Março,Motos,Maxtrail,8,BMW/F900 GS,131,3.79
2026,3,Março,Motos,Maxtrail,9,TRIUMPH/TIGER 1200,134,3.68
2026,3,Março,Motos,Maxtrail,10,HONDA/CRF 1100L,147,3.61
2026,3,Março,Motos,Maxtrail,11,YAMAHA/MT03,876,14.66
2026,3,Março,Motos,Maxtrail,12,BAJAJ/DOMINAR D400,777,12.89
2026,3,Março,Motos,Maxtrail,13,BAJAJ/NS400 Z,553,9.52
2026,3,Março,Motos,Maxtrail,14,BAJAJ/DOMINAR NS160,466,9.19
2026,3,Março,Motos,Maxtrail,15,BAJAJ/DOMINAR NS200,409,7.16
2026,3,Março,Motos,Maxtrail,16,BAJAJ/DOMINAR D250,367,6.43
2026,3,Março,Motos,Maxtrail,17,HONDA/CB 500,370,5.79
2026,3,Março,Motos,Maxtrail,18,ROYAL ENFIELD/GUERRILLA 450,243,4.58
2026,3,Março,Motos,Maxtrail,19,KAWASAKI/Z900,244,4.33
2026,3,Março,Motos,Maxtrail,20,SHINERAY/XY 250,113,2.86
2026,3,Março,Motos,Maxtrail,21,HONDA/BIZ,25946,33.19
2026,3,Março,Motos,Maxtrail,22,HONDA/POP 110I,24639,30.19
2026,3,Março,Motos,Maxtrail,23,HONDA/PCX 160,4970,6.78
2026,3,Março,Motos,Maxtrail,24,SHINERAY/SHI 125,3958,4.67
2026,3,Março,Motos,Maxtrail,25,HONDA/ELITE 125,3166,4.21
2026,3,Março,Motos,Maxtrail,26,YAMAHA/NMAX,1949,2.63
2026,3,Março,Motos,Maxtrail,27,HONDA/ADV 160,1918,2.54
2026,3,Março,Motos,Maxtrail,28,AVELLOZ/AZ1,1370,2.06
2026,3,Março,Motos,Maxtrail,29,SHINERAY/XY 125,1170,1.96
2026,3,Março,Motos,Maxtrail,30,YAMAHA/AEROX 160,2284,1.6
2026,3,Março,Motos,Sport,1,YAMAHA/YZF R15,1265,62.97
2026,3,Março,Motos,Sport,2,YAMAHA/YZF R3,134,7.85
2026,3,Março,Motos,Sport,3,KAWASAKI/NINJA 500,112,6.42
2026,3,Março,Motos,Sport,4,KAWASAKI/NINJA ZX-6R,123,6.0
2026,3,Março,Motos,Sport,5,BMW/S1000 R,118,5.01
2026,3,Março,Motos,Sport,6,KAWASAKI/NINJA ZX-4R,5,3.17
2026,3,Março,Motos,Sport,7,KAWASAKI/NINJA 300,96,3.06
2026,3,Março,Motos,Sport,8,TRIUMPH/DAYTONA 660,52,1.55
2026,3,Março,Motos,Sport,9,SUZUKI/GSX-8 R,31,1.18
2026,3,Março,Motos,Sport,10,KAWASAKI/NINJA 650,13,0.84
2026,3,Março,Motos,Sport,11,H.DAVIDSON/ROAD GLIDE,81,47.89
2026,3,Março,Motos,Sport,12,H.DAVIDSON/STREET GLIDE,32,26.06
2026,3,Março,Motos,Sport,13,BMW/R 1300 RT,25,23.94
2026,3,Março,Motos,Sport,14,BMW/K 1600,0,1.41
2026,3,Março,Motos,Sport,15,HONDA/GOLDWING,1,0.7
2026,4,Abril,Autos,Veículos de Entrada,1,FIAT/MOBI,5361,51.99
2026,4,Abril,Autos,Veículos de Entrada,2,RENAULT/KWID,6451,47.46
2026,4,Abril,Autos,Veículos de Entrada,3,RENAULT/E-KWID,14,0.49
2026,4,Abril,Autos,Veículos de Entrada,4,FIAT/UNO,3,0.02
2026,4,Abril,Autos,Veículos de Entrada,5,VW/GOL,1,0.02
2026,4,Abril,Autos,Veículos de Entrada,6,FIAT/PALIO,0,0
2026,4,Abril,Autos,Veículos de Entrada,7,GM/CELTA,0,0
2026,4,Abril,Autos,Veículos de Entrada,8,GM/CHEVETTE,0,0
2026,4,Abril,Autos,Veículos de Entrada,9,PEUGEOT/207,0,0
2026,4,Abril,Autos,Veículos de Entrada,10,VW/POLO,8367,20.23
2026,4,Abril,Autos,Veículos de Entrada,11,GM/ONIX,7847,18.24
2026,4,Abril,Autos,Veículos de Entrada,12,FIAT/ARGO,7991,17.31
2026,4,Abril,Autos,Veículos de Entrada,13,HYUNDAI/HB20,6764,14.67
2026,4,Abril,Autos,Veículos de Entrada,14,BYD/DOLPHIN MINI,6880,13.42
2026,4,Abril,Autos,Veículos de Entrada,15,BYD/DOLPHIN,3022,4.7
2026,4,Abril,Autos,Veículos de Entrada,16,GEELY/EX2,3602,3.77
2026,4,Abril,Autos,Veículos de Entrada,17,CITROEN/C3,1227,2.71
2026,4,Abril,Autos,Veículos de Entrada,18,HONDA/CITY HATCH,826,2.44
2026,4,Abril,Autos,Veículos de Entrada,19,PEUGEOT/208,467,1.31
2026,4,Abril,Autos,Veículos de Entrada,20,GWM/ORA 03,365,0.68
2026,4,Abril,Autos,Veículos de Entrada,21,MG/MG4,143,0.25
2026,4,Abril,Autos,Veículos de Entrada,22,AUDI/A3,14,37.29
2026,4,Abril,Autos,Veículos de Entrada,23,BMW/M135I,15,28.25
2026,4,Abril,Autos,Veículos de Entrada,24,VW/GOLF,19,14.12
2026,4,Abril,Autos,Veículos de Entrada,25,TOYOTA/GR YARIS,14,7.91
2026,4,Abril,Autos,Veículos de Entrada,26,HONDA/CIVIC TYPE-R,1,5.08
2026,4,Abril,Autos,Veículos de Entrada,27,M.BENZ/A45 AMG,1,2.82
2026,4,Abril,Autos,Sedans Pequenos,1,HYUNDAI/HB20S,4054,63.62
2026,4,Abril,Autos,Sedans Pequenos,2,FIAT/CRONOS,1589,36.31
2026,4,Abril,Autos,Sedans Pequenos,3,FORD/KA SEDAN,1,0.03
2026,4,Abril,Autos,Sedans Pequenos,4,FIAT/SIENA,0,0.01
2026,4,Abril,Autos,Sedans Pequenos,5,FORD/FIESTA SEDAN,1,0.01
2026,4,Abril,Autos,Sedans Pequenos,6,GM/PRISMA,0,0.01
2026,4,Abril,Autos,Sedans Pequenos,7,NISSAN/VERSA,0,0.01
2026,4,Abril,Autos,Sedans Pequenos,8,RENAULT/LOGAN,0,0.01
2026,4,Abril,Autos,Sedans Pequenos,9,TOYOTA/ETIOS SEDAN,0,0.01
2026,4,Abril,Autos,Sedans Pequenos,10,GM/ONIX PLUS,3856,41.94
2026,4,Abril,Autos,Sedans Pequenos,11,VW/VIRTUS,2768,34.21
2026,4,Abril,Autos,Sedans Pequenos,12,HONDA/CITY,1226,14.7
2026,4,Abril,Autos,Sedans Pequenos,13,NISSAN/VERSA,553,9.14
2026,4,Abril,Autos,Sedans Pequenos,14,TOYOTA/YARIS SEDAN,1,0.01
2026,4,Abril,Autos,Sedans Pequenos,15,FORD/CORCEL,0,0
2026,4,Abril,Autos,Sedans médios,1,TOYOTA/COROLLA,2410,56.38
2026,4,Abril,Autos,Sedans médios,2,BYD/KING,1645,29.68
2026,4,Abril,Autos,Sedans médios,3,VW/JETTA,126,3.62
2026,4,Abril,Autos,Sedans médios,4,BYD/SEAL,74,3.27
2026,4,Abril,Autos,Sedans médios,5,NISSAN/SENTRA,54,1.94
2026,4,Abril,Autos,Sedans médios,6,AUDI/A5,64,1.93
2026,4,Abril,Autos,Sedans médios,7,BMW/M235I,15,0.57
2026,4,Abril,Autos,Sedans médios,8,AUDI/A3 SEDAN,16,0.45
2026,4,Abril,Autos,Sedans médios,9,CAOA CHERY/ARRIZO 6,4,0.39
2026,4,Abril,Autos,Sedans médios,10,GAC/AION ES,9,0.34
2026,4,Abril,Autos,Sedans médios,11,M.BENZ/CLA200,9,0.32
2026,4,Abril,Autos,Sedans médios,12,BMW/420I,16,0.28
2026,4,Abril,Autos,Sedans médios,13,AUDI/RS3,10,0.27
2026,4,Abril,Autos,Sedans médios,14,BMW/220,9,0.26
2026,4,Abril,Autos,Sedans médios,15,M.BENZ/CLA45,3,0.11
2026,4,Abril,Autos,Sedans médios,16,M.BENZ/CLA35,5,0.1
2026,4,Abril,Autos,Sedans médios,17,HONDA/CIVIC,0,0.04
2026,4,Abril,Autos,Sedans médios,18,GM/CRUZE SEDAN,0,0.02
2026,4,Abril,Autos,Sedans médios,19,M.BENZ/AMG C63S,0,0.01
2026,4,Abril,Autos,Sedans médios,20,VW/SANTANA,0,0.01
2026,4,Abril,Autos,Sedans médios,21,TESLA/MODEL 3,0,0.01
2026,4,Abril,Autos,Sedans médios,22,BMW/320I,277,60.14
2026,4,Abril,Autos,Sedans médios,23,M.BENZ/CLASSE C,122,20.53
2026,4,Abril,Autos,Sedans médios,24,PORSCHE/PANAMERA,29,5.41
2026,4,Abril,Autos,Sedans médios,25,BMW/330E,20,2.96
2026,4,Abril,Autos,Sedans médios,26,M.BENZ/CLASSE E,12,2.29
2026,4,Abril,Autos,Sedans médios,27,BMW/530E,12,1.25
2026,4,Abril,Autos,Sedans médios,28,BMW/I4,8,1.09
2026,4,Abril,Autos,Sedans médios,29,M.BENZ/AMG GT63S,6,1.04
2026,4,Abril,Autos,Sedans médios,30,ZEEKR/001,5,1.04
2026,4,Abril,Autos,Sedans médios,31,BMW/I7,5,0.99
2026,4,Abril,Autos,Sedans médios,32,HONDA/ACCORD,2,0.88
2026,4,Abril,Autos,Sedans médios,33,AUDI/A6,0,0.36
2026,4,Abril,Autos,Sw Médios,1,VW/PARATI,0,50.0
2026,4,Abril,Autos,Sw Médios,2,FIAT/PALIO WEEKEND,1,25.0
2026,4,Abril,Autos,Sw Médios,3,GM/KADETT,0,25.0
2026,4,Abril,Autos,Sw Médios,4,AUDI/RS6 AVANT,7,100.0
2026,4,Abril,Autos,Sw Médios,5,FIAT/DOBLO,1,60.0
2026,4,Abril,Autos,Sw Médios,6,HONDA/FIT,0,40.0
2026,4,Abril,Autos,Grandcab,1,GM/SPIN,1851,98.53
2026,4,Abril,Autos,Grandcab,2,KIA/CARNIVAL,19,1.28
2026,4,Abril,Autos,Grandcab,3,VW/ID.BUZZ,3,0.09
2026,4,Abril,Autos,Grandcab,4,TOYOTA/SIENNA,2,0.05
2026,4,Abril,Autos,Grandcab,5,PORSCHE/911,78,44.33
2026,4,Abril,Autos,Grandcab,6,FORD/MUSTANG,51,14.3
2026,4,Abril,Autos,Grandcab,7,BMW/M3,29,9.44
2026,4,Abril,Autos,Grandcab,8,BMW/M2,17,7.53
2026,4,Abril,Autos,Grandcab,9,GM/CORVETTE,18,6.29
2026,4,Abril,Autos,Grandcab,10,PORSCHE/BOXSTER,14,3.53
2026,4,Abril,Autos,Grandcab,11,MG/CYBERSTER,18,3.43
2026,4,Abril,Autos,Grandcab,12,DODGE/CHALLENGER,5,2.19
2026,4,Abril,Autos,Grandcab,13,PORSCHE/TAYCAN,1,2.1
2026,4,Abril,Autos,Suv's,1,VW/T CROSS,7810,7.06
2026,4,Abril,Autos,Suv's,2,VW/TERA,6231,6.46
2026,4,Abril,Autos,Suv's,3,HYUNDAI/CRETA,7649,6.26
2026,4,Abril,Autos,Suv's,4,GM/TRACKER,5305,5.17
2026,4,Abril,Autos,Suv's,5,BYD/SONG,6041,4.89
2026,4,Abril,Autos,Suv's,6,JEEP/COMPASS,4219,4.82
2026,4,Abril,Autos,Suv's,7,VW/NIVUS,5346,4.78
2026,4,Abril,Autos,Suv's,8,FIAT/FASTBACK,4305,4.34
2026,4,Abril,Autos,Suv's,9,FIAT/PULSE,4387,4.16
2026,4,Abril,Autos,Suv's,10,HONDA/HR-V,4078,3.63
2026,4,Abril,Autos,Suv's,11,JEEP/RENEGADE,3144,3.21
2026,4,Abril,Autos,Suv's,12,TOYOTA/COROLLA CROSS,3176,3.16
2026,4,Abril,Autos,Suv's,13,GWM/HAVAL H6,2688,3.12
2026,4,Abril,Autos,Suv's,14,NISSAN/KICKS,2170,2.93
2026,4,Abril,Autos,Suv's,15,HONDA/WR-V,2857,2.85
2026,4,Abril,Autos,Suv's,16,CAOA CHERY/TIGGO 5X,3924,2.48
2026,4,Abril,Autos,Suv's,17,CAOA CHERY/TIGGO 7,2402,2.42
2026,4,Abril,Autos,Suv's,18,NISSAN/KAIT,2503,2.34
2026,4,Abril,Autos,Suv's,19,TOYOTA/YARIS CROSS,3628,2.13
2026,4,Abril,Autos,Suv's,20,OMODA JAECOO/OMODA 5,1872,1.5
2026,4,Abril,Autos,Suv's,21,JEEP/COMMANDER,1160,1.37
2026,4,Abril,Autos,Suv's,22,RENAULT/KARDIAN,1285,1.32
2026,4,Abril,Autos,Suv's,23,VW/TAOS,1131,1.19
2026,4,Abril,Autos,Suv's,24,CAOA CHERY/TIGGO 8,1150,1.18
2026,4,Abril,Autos,Suv's,25,TOYOTA/HILUX SW4,1091,1.18
2026,4,Abril,Autos,Suv's,26,RENAULT/DUSTER,1004,1.06
2026,4,Abril,Autos,Suv's,27,CITROEN/BASALT,930,1.04
2026,4,Abril,Autos,Suv's,28,GWM/HAVAL H9,922,0.96
2026,4,Abril,Autos,Suv's,29,RENAULT/BOREAL,1008,0.93
2026,4,Abril,Autos,Suv's,30,FORD/TERRITORY,868,0.89
2026,4,Abril,Autos,Suv's,31,PEUGEOT/2008,528,0.74
2026,4,Abril,Autos,Suv's,32,BYD/YUAN,438,0.63
2026,4,Abril,Autos,Suv's,33,MITSUBISHI/ECLIPSE CROSS,581,0.61
2026,4,Abril,Autos,Suv's,34,OMODA JAECOO/JAECOO 7,710,0.61
2026,4,Abril,Autos,Suv's,35,GWM/TANK 300,358,0.54
2026,4,Abril,Autos,Suv's,36,GM/SPARK,1047,0.53
2026,4,Abril,Autos,Suv's,37,LEAPMOTOR/C10,486,0.45
2026,4,Abril,Autos,Suv's,38,GAC/GS4,369,0.42
2026,4,Abril,Autos,Suv's,39,BMW/X1,326,0.36
2026,4,Abril,Autos,Suv's,40,CITROEN/AIRCROSS,339,0.33
2026,4,Abril,Com. Leves,Pick-up's Pequenas,1,FIAT/STRADA,14904,75.8
2026,4,Abril,Com. Leves,Pick-up's Pequenas,2,VW/SAVEIRO,6457,24.19
2026,4,Abril,Com. Leves,Pick-up's Pequenas,3,GM/MONTANA,5,0.01
2026,4,Abril,Com. Leves,Pick-up's Pequenas,4,FORD/RANCHERO,1,0
2026,4,Abril,Com. Leves,Pick-up's Pequenas,5,GM/CHEVY,1,0
2026,4,Abril,Com. Leves,Pick-up's Pequenas,6,FIAT/TORO,4169,21.16
2026,4,Abril,Com. Leves,Pick-up's Pequenas,7,TOYOTA/HILUX,4078,18.96
2026,4,Abril,Com. Leves,Pick-up's Pequenas,8,FORD/RANGER,3103,12.84
2026,4,Abril,Com. Leves,Pick-up's Pequenas,9,GM/S10,2731,10.75
2026,4,Abril,Com. Leves,Pick-up's Pequenas,10,RAM/RAMPAGE,1928,9.98
2026,4,Abril,Com. Leves,Pick-up's Pequenas,11,GM/MONTANA,1622,6.38
2026,4,Abril,Com. Leves,Pick-up's Pequenas,12,RENAULT/OROCH,986,4.62
2026,4,Abril,Com. Leves,Pick-up's Pequenas,13,MITSUBISHI/TRITON,929,3.97
2026,4,Abril,Com. Leves,Pick-up's Pequenas,14,FIAT/TITANO,421,2.29
2026,4,Abril,Com. Leves,Pick-up's Pequenas,15,GWM/POER,564,2.13
2026,4,Abril,Com. Leves,Pick-up's Pequenas,16,FORD/MAVERICK,285,1.66
2026,4,Abril,Com. Leves,Pick-up's Pequenas,17,RENAULT/MASTER,910,25.26
2026,4,Abril,Com. Leves,Pick-up's Pequenas,18,KIA/K2500,333,9.33
2026,4,Abril,Com. Leves,Pick-up's Pequenas,19,FIAT/SCUDO,195,8.16
2026,4,Abril,Com. Leves,Pick-up's Pequenas,20,FIAT/DUCATO,203,6.83
2026,4,Abril,Com. Leves,Pick-up's Pequenas,21,EFFA/V21,232,6.04
2026,4,Abril,Com. Leves,Pick-up's Pequenas,22,VW TRUCK E BUS/EXPRESS,210,5.38
2026,4,Abril,Com. Leves,Pick-up's Pequenas,23,TOYOTA/HIACE,171,5.31
2026,4,Abril,Com. Leves,Furgões Pequenos,1,FIAT/FIORINO,2096,87.04
2026,4,Abril,Com. Leves,Furgões Pequenos,2,RENAULT/KANGOO,371,10.83
2026,4,Abril,Com. Leves,Furgões Pequenos,3,PEUGEOT/PARTNER,56,2.02
2026,4,Abril,Com. Leves,Furgões Pequenos,4,RENAULT/KWID,2,0.08
2026,4,Abril,Caminhões,Semi-Leve,1,M.BENZ/SPRINTER 417,102,41.08
2026,4,Abril,Caminhões,Semi-Leve,2,M.BENZ/SPRINTER 517,91,35.8
2026,4,Abril,Caminhões,Semi-Leve,3,IVECO/DAILY 45-170,14,9.05
2026,4,Abril,Caminhões,Semi-Leve,4,IVECO/DAILY 55C17,7,7.04
2026,4,Abril,Caminhões,Semi-Leve,5,IVECO/DAILY 45-180,4,1.88
2026,4,Abril,Caminhões,Semi-Leve,6,IVECO/DAILY 55-170,1,1.13
2026,4,Abril,Caminhões,Semi-Leve,7,IVECO/DAILY,0,0.88
2026,4,Abril,Caminhões,Semi-Leve,8,IVECO/DAILY 30-160,3,0.88
2026,4,Abril,Caminhões,Semi-Leve,9,IVECO/DAILY 55-180,0,0.88
2026,4,Abril,Caminhões,Semi-Leve,10,TESLA/CYBERTRUCK,1,0.38
2026,4,Abril,Caminhões,Semi-Leve,11,VW TRUCK E BUS/9.180,195,27.76
2026,4,Abril,Caminhões,Semi-Leve,12,M.BENZ/ACCELO 817,116,22.97
2026,4,Abril,Caminhões,Semi-Leve,13,M.BENZ/ACCELO 917,98,15.19
2026,4,Abril,Caminhões,Semi-Leve,14,IVECO/TECTOR 9-190,40,8.18
2026,4,Abril,Caminhões,Semi-Leve,15,M.BENZ/ACCELO 1017,28,5.75
2026,4,Abril,Caminhões,Semi-Leve,16,FOTON/AUMARK S 715,18,4.85
2026,4,Abril,Caminhões,Semi-Leve,17,IVECO/DAILY 65-170,21,2.68
2026,4,Abril,Caminhões,Semi-Leve,18,JAC/EJT9.5,13,2.27
2026,4,Abril,Caminhões,Semi-Leve,19,VW TRUCK E BUS/6.170,16,2.17
2026,4,Abril,Caminhões,Semi-Leve,20,JAC/IEV1200T,9,1.46
2026,4,Abril,Caminhões,Semi-Leve,21,VW TRUCK E BUS/11.180,597,44.17
2026,4,Abril,Caminhões,Semi-Leve,22,M.BENZ/ACCELO 1117,351,26.49
2026,4,Abril,Caminhões,Semi-Leve,23,IVECO/TECTOR 11-190,53,6.63
2026,4,Abril,Caminhões,Semi-Leve,24,M.BENZ/ATEGO 1419,57,4.71
2026,4,Abril,Caminhões,Semi-Leve,25,VW TRUCK E BUS/13.180,29,4.4
2026,4,Abril,Caminhões,Semi-Leve,26,FOTON/AUMARK S 1217A,47,4.18
2026,4,Abril,Caminhões,Semi-Leve,27,VW TRUCK E BUS/14.180,69,2.55
2026,4,Abril,Caminhões,Semi-Leve,28,M.BENZ/ACCELO 1417,29,2.28
2026,4,Abril,Caminhões,Semi-Leve,29,M.BENZ/ACCELO 1317,12,1.46
2026,4,Abril,Caminhões,Semi-Leve,30,VW TRUCK E BUS/14.210,6,1.09
2026,4,Abril,Caminhões,Semi-Pesado,1,VOLVO/VM 290,364,10.83
2026,4,Abril,Caminhões,Semi-Pesado,2,VW TRUCK E BUS/26.260,272,9.44
2026,4,Abril,Caminhões,Semi-Pesado,3,M.BENZ/ATEGO 2429,275,9.03
2026,4,Abril,Caminhões,Semi-Pesado,4,M.BENZ/ATEGO 1719,239,8.92
2026,4,Abril,Caminhões,Semi-Pesado,5,VW TRUCK E BUS/17.210,268,7.49
2026,4,Abril,Caminhões,Semi-Pesado,6,M.BENZ/ATEGO 3033,126,4.59
2026,4,Abril,Caminhões,Semi-Pesado,7,VW TRUCK E BUS/26.320,140,4.35
2026,4,Abril,Caminhões,Semi-Pesado,8,VW TRUCK E BUS/31.320,128,4.34
2026,4,Abril,Caminhões,Semi-Pesado,9,VW TRUCK E BUS/18.260,122,4.16
2026,4,Abril,Caminhões,Semi-Pesado,10,VW TRUCK E BUS/30.320,129,3.86
2026,4,Abril,Caminhões,Semi-Pesado,11,VOLVO/FH 540,441,12.09
2026,4,Abril,Caminhões,Semi-Pesado,12,DAF/XF 530,273,8.15
2026,4,Abril,Caminhões,Semi-Pesado,13,VOLVO/VM 360,266,6.44
2026,4,Abril,Caminhões,Semi-Pesado,14,VOLVO/FH 500,272,6.24
2026,4,Abril,Caminhões,Semi-Pesado,15,VOLVO/FH 460,89,5.28
2026,4,Abril,Caminhões,Semi-Pesado,16,DAF/XF 480,138,4.63
2026,4,Abril,Caminhões,Semi-Pesado,17,SCANIA/G560,104,4.24
2026,4,Abril,Caminhões,Semi-Pesado,18,M.BENZ/AXOR 2545S,156,4.16
2026,4,Abril,Caminhões,Semi-Pesado,19,SCANIA/R500,158,3.94
2026,4,Abril,Caminhões,Semi-Pesado,20,M.BENZ/ATEGO 2730,161,3.77
2026,4,Abril,Motos,City,1,HONDA/CG 160,46949,55.93
2026,4,Abril,Motos,City,2,MOTTU/SPORT 110I,9764,11.9
2026,4,Abril,Motos,City,3,YAMAHA/YBR 150,6758,8.78
2026,4,Abril,Motos,City,4,HONDA/CB 300F,5913,7.72
2026,4,Abril,Motos,City,5,YAMAHA/FAZER 250,3967,4.84
2026,4,Abril,Motos,City,6,YAMAHA/FAZER 150,3376,4.47
2026,4,Abril,Motos,City,7,SHINERAY/SHI 150,1431,1.88
2026,4,Abril,Motos,City,8,HAOJUE/DK160,1106,1.34
2026,4,Abril,Motos,City,9,BAJAJ/PULSAR N150,743,0.89
2026,4,Abril,Motos,City,10,HAOJUE/DR160,489,0.73
2026,4,Abril,Motos,City,11,ROYAL ENFIELD/HUNTER 350,695,25.52
2026,4,Abril,Motos,City,12,ROYAL ENFIELD/SUPER METEOR 650,423,16.73
2026,4,Abril,Motos,City,13,ROYAL ENFIELD/METEOR,508,16.22
2026,4,Abril,Motos,City,14,TRIUMPH/SCRAMBLER 400,340,11.26
2026,4,Abril,Motos,City,15,ROYAL ENFIELD/CLASSIC 350,156,5.69
2026,4,Abril,Motos,City,16,ROYAL ENFIELD/SHOTGUN 650,166,5.61
2026,4,Abril,Motos,City,17,ROYAL ENFIELD/BEAR 650,118,2.93
2026,4,Abril,Motos,City,18,KAWASAKI/ELIMINATOR 500,68,2.77
2026,4,Abril,Motos,City,19,ZONTES/S350,40,1.62
2026,4,Abril,Motos,City,20,KAWASAKI/VULCAN S,49,1.58
2026,4,Abril,Motos,City,21,HONDA/NXR160,17429,42.18
2026,4,Abril,Motos,City,22,HONDA/XRE 190,5064,12.41
2026,4,Abril,Motos,City,23,HONDA/XRE 300,3883,9.29
2026,4,Abril,Motos,City,24,YAMAHA/XTZ 250,3900,9.23
2026,4,Abril,Motos,City,25,SHINERAY/SHI 175,2556,7.29
2026,4,Abril,Motos,City,26,YAMAHA/CROSSER 150,2439,6.13
2026,4,Abril,Motos,City,27,HONDA/XR 300L,1376,3.62
2026,4,Abril,Motos,City,28,AVELLOZ/AZ160,1010,2.78
2026,4,Abril,Motos,City,29,SHINERAY/SHI 250,775,1.77
2026,4,Abril,Motos,City,30,SHINERAY/STORM 200,436,0.87
2026,4,Abril,Motos,Maxtrail,1,ROYAL ENFIELD/HIMALAYAN,624,18.69
2026,4,Abril,Motos,Maxtrail,2,HONDA/NX 500,680,15.81
2026,4,Abril,Motos,Maxtrail,3,BMW/R1300GSA,273,7.96
2026,4,Abril,Motos,Maxtrail,4,HONDA/NC 750X,288,7.85
2026,4,Abril,Motos,Maxtrail,5,TRIUMPH/TIGER 900,310,7.79
2026,4,Abril,Motos,Maxtrail,6,BMW/R1300GS,187,5.49
2026,4,Abril,Motos,Maxtrail,7,YAMAHA/XTZ 690,249,5.31
2026,4,Abril,Motos,Maxtrail,8,HONDA/CRF 1100L,160,3.81
2026,4,Abril,Motos,Maxtrail,9,TRIUMPH/TIGER 1200,140,3.7
2026,4,Abril,Motos,Maxtrail,10,BMW/F900 GS,121,3.63
2026,4,Abril,Motos,Maxtrail,11,YAMAHA/MT03,890,14.98
2026,4,Abril,Motos,Maxtrail,12,BAJAJ/DOMINAR D400,784,13.18
2026,4,Abril,Motos,Maxtrail,13,BAJAJ/NS400 Z,530,9.5
2026,4,Abril,Motos,Maxtrail,14,BAJAJ/DOMINAR NS160,441,8.84
2026,4,Abril,Motos,Maxtrail,15,BAJAJ/DOMINAR NS200,389,7.1
2026,4,Abril,Motos,Maxtrail,16,BAJAJ/DOMINAR D250,296,6.12
2026,4,Abril,Motos,Maxtrail,17,HONDA/CB 500,363,5.98
2026,4,Abril,Motos,Maxtrail,18,ROYAL ENFIELD/GUERRILLA 450,210,4.36
2026,4,Abril,Motos,Maxtrail,19,KAWASAKI/Z900,245,4.34
2026,4,Abril,Motos,Maxtrail,20,HONDA/CB 650R,198,2.95
2026,4,Abril,Motos,Maxtrail,21,HONDA/BIZ,23449,32.82
2026,4,Abril,Motos,Maxtrail,22,HONDA/POP 110I,23372,30.58
2026,4,Abril,Motos,Maxtrail,23,HONDA/PCX 160,4814,6.71
2026,4,Abril,Motos,Maxtrail,24,SHINERAY/SHI 125,3864,4.82
2026,4,Abril,Motos,Maxtrail,25,HONDA/ELITE 125,2664,4.05
2026,4,Abril,Motos,Maxtrail,26,YAMAHA/NMAX,1944,2.63
2026,4,Abril,Motos,Maxtrail,27,HONDA/ADV 160,1764,2.5
2026,4,Abril,Motos,Maxtrail,28,YAMAHA/AEROX 160,2243,1.98
2026,4,Abril,Motos,Maxtrail,29,AVELLOZ/AZ1,1152,1.93
2026,4,Abril,Motos,Maxtrail,30,SHINERAY/XY 125,798,1.73
2026,4,Abril,Motos,Sport,1,YAMAHA/YZF R15,1164,62.61
2026,4,Abril,Motos,Sport,2,YAMAHA/YZF R3,149,7.86
2026,4,Abril,Motos,Sport,3,KAWASAKI/NINJA 500,123,6.44
2026,4,Abril,Motos,Sport,4,KAWASAKI/NINJA ZX-6R,90,5.67
2026,4,Abril,Motos,Sport,5,BMW/S1000 R,134,5.56
2026,4,Abril,Motos,Sport,6,KAWASAKI/NINJA ZX-4R,87,3.55
2026,4,Abril,Motos,Sport,7,KAWASAKI/NINJA 300,62,3.12
2026,4,Abril,Motos,Sport,8,TRIUMPH/DAYTONA 660,25,1.49
2026,4,Abril,Motos,Sport,9,SUZUKI/GSX-8 R,13,1.05
2026,4,Abril,Motos,Sport,10,KAWASAKI/NINJA 650,8,0.73
2026,4,Abril,Motos,Sport,11,H.DAVIDSON/ROAD GLIDE,6,49.03
2026,4,Abril,Motos,Sport,12,BMW/R 1300 RT,36,25.24
2026,4,Abril,Motos,Sport,13,H.DAVIDSON/STREET GLIDE,25,24.03
2026,4,Abril,Motos,Sport,14,BMW/K 1600,1,1.21
2026,4,Abril,Motos,Sport,15,HONDA/GOLDWING,0,0.49
2026,5,Maio,Autos,Veículos de Entrada,1,FIAT/MOBI,5728,52.04
2026,5,Maio,Autos,Veículos de Entrada,2,RENAULT/KWID,5237,47.51
2026,5,Maio,Autos,Veículos de Entrada,3,RENAULT/E-KWID,2,0.4
2026,5,Maio,Autos,Veículos de Entrada,4,FIAT/UNO,2,0.02
2026,5,Maio,Autos,Veículos de Entrada,5,VW/GOL,0,0.01
2026,5,Maio,Autos,Veículos de Entrada,6,GM/CHEVETTE,1,0.01
2026,5,Maio,Autos,Veículos de Entrada,7,FIAT/PALIO,0,0
2026,5,Maio,Autos,Veículos de Entrada,8,FORD/KA,2,0
2026,5,Maio,Autos,Veículos de Entrada,9,GM/CELTA,0,0
2026,5,Maio,Autos,Veículos de Entrada,10,VW/POLO,10523,19.93
2026,5,Maio,Autos,Veículos de Entrada,11,GM/ONIX,7713,17.15
2026,5,Maio,Autos,Veículos de Entrada,12,FIAT/ARGO,8274,16.72
2026,5,Maio,Autos,Veículos de Entrada,13,HYUNDAI/HB20,8357,14.79
2026,5,Maio,Autos,Veículos de Entrada,14,BYD/DOLPHIN MINI,7577,13.49
2026,5,Maio,Autos,Veículos de Entrada,15,BYD/DOLPHIN,4963,5.79
2026,5,Maio,Autos,Veículos de Entrada,16,GEELY/EX2,4321,4.8
2026,5,Maio,Autos,Veículos de Entrada,17,CITROEN/C3,1267,2.6
2026,5,Maio,Autos,Veículos de Entrada,18,HONDA/CITY HATCH,964,2.26
2026,5,Maio,Autos,Veículos de Entrada,19,PEUGEOT/208,508,1.21
2026,5,Maio,Autos,Veículos de Entrada,20,GWM/ORA 03,490,0.73
2026,5,Maio,Autos,Veículos de Entrada,21,MG/MG4,157,0.26
2026,5,Maio,Autos,Veículos de Entrada,22,VW/GOLF,195,47.21
2026,5,Maio,Autos,Veículos de Entrada,23,TOYOTA/GR YARIS,71,18.24
2026,5,Maio,Autos,Veículos de Entrada,24,AUDI/A3,9,16.09
2026,5,Maio,Autos,Veículos de Entrada,25,BMW/M135I,1,13.09
2026,5,Maio,Autos,Veículos de Entrada,26,HONDA/CIVIC TYPE-R,1,2.15
2026,5,Maio,Autos,Veículos de Entrada,27,M.BENZ/A45 AMG,0,1.07
2026,5,Maio,Autos,Sedans Pequenos,1,HYUNDAI/HB20S,5205,64.19
2026,5,Maio,Autos,Sedans Pequenos,2,FIAT/CRONOS,2734,35.76
2026,5,Maio,Autos,Sedans Pequenos,3,FORD/KA SEDAN,0,0.02
2026,5,Maio,Autos,Sedans Pequenos,4,FIAT/SIENA,0,0.01
2026,5,Maio,Autos,Sedans Pequenos,5,FORD/FIESTA SEDAN,0,0
2026,5,Maio,Autos,Sedans Pequenos,6,GM/PRISMA,0,0
2026,5,Maio,Autos,Sedans Pequenos,7,NISSAN/VERSA,0,0
2026,5,Maio,Autos,Sedans Pequenos,8,RENAULT/LOGAN,0,0
2026,5,Maio,Autos,Sedans Pequenos,9,TOYOTA/ETIOS SEDAN,0,0
2026,5,Maio,Autos,Sedans Pequenos,10,GM/ONIX PLUS,3806,42.46
2026,5,Maio,Autos,Sedans Pequenos,11,VW/VIRTUS,2931,34.19
2026,5,Maio,Autos,Sedans Pequenos,12,HONDA/CITY,1502,15.31
2026,5,Maio,Autos,Sedans Pequenos,13,NISSAN/VERSA,357,8.03
2026,5,Maio,Autos,Sedans Pequenos,14,TOYOTA/YARIS SEDAN,0,0.01
2026,5,Maio,Autos,Sedans Pequenos,15,FORD/CORCEL,0,0
2026,5,Maio,Autos,Sedans médios,1,TOYOTA/COROLLA,2217,54.66
2026,5,Maio,Autos,Sedans médios,2,BYD/KING,1896,32.36
2026,5,Maio,Autos,Sedans médios,3,VW/JETTA,148,3.53
2026,5,Maio,Autos,Sedans médios,4,BYD/SEAL,121,3.13
2026,5,Maio,Autos,Sedans médios,5,AUDI/A5,51,1.75
2026,5,Maio,Autos,Sedans médios,6,NISSAN/SENTRA,28,1.64
2026,5,Maio,Autos,Sedans médios,7,BMW/M235I,14,0.51
2026,5,Maio,Autos,Sedans médios,8,AUDI/A3 SEDAN,23,0.46
2026,5,Maio,Autos,Sedans médios,9,CAOA CHERY/ARRIZO 6,5,0.33
2026,5,Maio,Autos,Sedans médios,10,AUDI/RS3,23,0.32
2026,5,Maio,Autos,Sedans médios,11,GAC/AION ES,4,0.29
2026,5,Maio,Autos,Sedans médios,12,BMW/420I,10,0.27
2026,5,Maio,Autos,Sedans médios,13,M.BENZ/CLA200,2,0.26
2026,5,Maio,Autos,Sedans médios,14,BMW/220,5,0.23
2026,5,Maio,Autos,Sedans médios,15,M.BENZ/CLA45,2,0.1
2026,5,Maio,Autos,Sedans médios,16,M.BENZ/CLA35,1,0.08
2026,5,Maio,Autos,Sedans médios,17,HONDA/CIVIC,0,0.03
2026,5,Maio,Autos,Sedans médios,18,GM/CRUZE SEDAN,1,0.02
2026,5,Maio,Autos,Sedans médios,19,M.BENZ/AMG C63S,0,0.01
2026,5,Maio,Autos,Sedans médios,20,FORD/DEL REY,1,0
2026,5,Maio,Autos,Sedans médios,21,VW/SANTANA,0,0
2026,5,Maio,Autos,Sedans médios,22,BMW/320I,290,61.12
2026,5,Maio,Autos,Sedans médios,23,M.BENZ/CLASSE C,84,20.25
2026,5,Maio,Autos,Sedans médios,24,PORSCHE/PANAMERA,24,5.41
2026,5,Maio,Autos,Sedans médios,25,BMW/330E,18,3.17
2026,5,Maio,Autos,Sedans médios,26,M.BENZ/CLASSE E,6,2.11
2026,5,Maio,Autos,Sedans médios,27,BMW/530E,2,1.1
2026,5,Maio,Autos,Sedans médios,28,BMW/I4,2,0.97
2026,5,Maio,Autos,Sedans médios,29,BMW/I7,4,0.97
2026,5,Maio,Autos,Sedans médios,30,ZEEKR/001,3,0.97
2026,5,Maio,Autos,Sedans médios,31,M.BENZ/AMG GT63S,1,0.89
2026,5,Maio,Autos,Sedans médios,32,HONDA/ACCORD,2,0.8
2026,5,Maio,Autos,Sedans médios,33,M.BENZ/S63,2,0.38
2026,5,Maio,Autos,Sw Médios,1,VW/PARATI,0,50.0
2026,5,Maio,Autos,Sw Médios,2,FIAT/PALIO WEEKEND,0,25.0
2026,5,Maio,Autos,Sw Médios,3,GM/KADETT,0,25.0
2026,5,Maio,Autos,Sw Médios,4,AUDI/RS6 AVANT,5,100.0
2026,5,Maio,Autos,Sw Médios,5,FIAT/DOBLO,0,42.86
2026,5,Maio,Autos,Sw Médios,6,HONDA/FIT,1,42.86
2026,5,Maio,Autos,Sw Médios,7,FIAT/IDEA,1,14.29
2026,5,Maio,Autos,Grandcab,1,GM/SPIN,2254,98.42
2026,5,Maio,Autos,Grandcab,2,KIA/CARNIVAL,34,1.34
2026,5,Maio,Autos,Grandcab,3,VW/ID.BUZZ,7,0.15
2026,5,Maio,Autos,Grandcab,4,TOYOTA/SIENNA,0,0.04
2026,5,Maio,Autos,Grandcab,5,PORSCHE/911,111,42.89
2026,5,Maio,Autos,Grandcab,6,FORD/MUSTANG,45,14.52
2026,5,Maio,Autos,Grandcab,7,BMW/M3,17,8.64
2026,5,Maio,Autos,Grandcab,8,BMW/M2,13,6.85
2026,5,Maio,Autos,Grandcab,9,GM/CORVETTE,26,6.85
2026,5,Maio,Autos,Grandcab,10,MG/CYBERSTER,18,4.02
2026,5,Maio,Autos,Grandcab,11,PORSCHE/BOXSTER,12,3.65
2026,5,Maio,Autos,Grandcab,12,DODGE/CHALLENGER,14,2.76
2026,5,Maio,Autos,Grandcab,13,PORSCHE/CAYMAN,6,2.01
2026,5,Maio,Autos,Suv's,1,VW/T CROSS,9455,7.21
2026,5,Maio,Autos,Suv's,2,VW/TERA,7574,6.38
2026,5,Maio,Autos,Suv's,3,HYUNDAI/CRETA,6599,6.03
2026,5,Maio,Autos,Suv's,4,BYD/SONG,6307,4.94
2026,5,Maio,Autos,Suv's,5,GM/TRACKER,5099,4.91
2026,5,Maio,Autos,Suv's,6,VW/NIVUS,5806,4.76
2026,5,Maio,Autos,Suv's,7,JEEP/COMPASS,4584,4.55
2026,5,Maio,Autos,Suv's,8,FIAT/FASTBACK,4121,4.09
2026,5,Maio,Autos,Suv's,9,FIAT/PULSE,4763,4.08
2026,5,Maio,Autos,Suv's,10,HONDA/HR-V,4549,3.64
2026,5,Maio,Autos,Suv's,11,JEEP/RENEGADE,4323,3.28
2026,5,Maio,Autos,Suv's,12,GWM/HAVAL H6,4328,3.22
2026,5,Maio,Autos,Suv's,13,TOYOTA/COROLLA CROSS,3495,3.08
2026,5,Maio,Autos,Suv's,14,NISSAN/KICKS,3197,2.84
2026,5,Maio,Autos,Suv's,15,HONDA/WR-V,3254,2.8
2026,5,Maio,Autos,Suv's,16,NISSAN/KAIT,3352,2.43
2026,5,Maio,Autos,Suv's,17,CAOA CHERY/TIGGO 7,2883,2.4
2026,5,Maio,Autos,Suv's,18,CAOA CHERY/TIGGO 5X,2482,2.37
2026,5,Maio,Autos,Suv's,19,TOYOTA/YARIS CROSS,3641,2.33
2026,5,Maio,Autos,Suv's,20,OMODA JAECOO/OMODA 5,1562,1.44
2026,5,Maio,Autos,Suv's,21,CITROEN/BASALT,2744,1.33
2026,5,Maio,Autos,Suv's,22,JEEP/COMMANDER,1456,1.32
2026,5,Maio,Autos,Suv's,23,RENAULT/KARDIAN,1266,1.24
2026,5,Maio,Autos,Suv's,24,VW/TAOS,1670,1.23
2026,5,Maio,Autos,Suv's,25,CAOA CHERY/TIGGO 8,1289,1.15
2026,5,Maio,Autos,Suv's,26,TOYOTA/HILUX SW4,1187,1.12
2026,5,Maio,Autos,Suv's,27,RENAULT/DUSTER,1225,1.04
2026,5,Maio,Autos,Suv's,28,GWM/HAVAL H9,1220,0.97
2026,5,Maio,Autos,Suv's,29,RENAULT/BOREAL,1244,0.95
2026,5,Maio,Autos,Suv's,30,FORD/TERRITORY,700,0.81
2026,5,Maio,Autos,Suv's,31,PEUGEOT/2008,948,0.75
2026,5,Maio,Autos,Suv's,32,OMODA JAECOO/JAECOO 7,1391,0.73
2026,5,Maio,Autos,Suv's,33,GM/SPARK,1054,0.61
2026,5,Maio,Autos,Suv's,34,BYD/YUAN,573,0.59
2026,5,Maio,Autos,Suv's,35,MITSUBISHI/ECLIPSE CROSS,526,0.57
2026,5,Maio,Autos,Suv's,36,GM/SONIC,2778,0.55
2026,5,Maio,Autos,Suv's,37,GWM/TANK 300,365,0.48
2026,5,Maio,Autos,Suv's,38,LEAPMOTOR/C10,630,0.46
2026,5,Maio,Autos,Suv's,39,GAC/GS4,370,0.39
2026,5,Maio,Autos,Suv's,40,GEELY/EX5,852,0.38
2026,5,Maio,Com. Leves,Pick-up's Pequenas,1,FIAT/STRADA,15395,77.35
2026,5,Maio,Com. Leves,Pick-up's Pequenas,2,VW/SAVEIRO,3098,22.64
2026,5,Maio,Com. Leves,Pick-up's Pequenas,3,GM/MONTANA,0,0.01
2026,5,Maio,Com. Leves,Pick-up's Pequenas,4,FORD/RANCHERO,0,0
2026,5,Maio,Com. Leves,Pick-up's Pequenas,5,GM/CHEVY,0,0
2026,5,Maio,Com. Leves,Pick-up's Pequenas,6,FIAT/TORO,4405,20.66
2026,5,Maio,Com. Leves,Pick-up's Pequenas,7,TOYOTA/HILUX,3982,18.55
2026,5,Maio,Com. Leves,Pick-up's Pequenas,8,FORD/RANGER,3530,13.35
2026,5,Maio,Com. Leves,Pick-up's Pequenas,9,GM/S10,3008,11.23
2026,5,Maio,Com. Leves,Pick-up's Pequenas,10,RAM/RAMPAGE,1858,9.54
2026,5,Maio,Com. Leves,Pick-up's Pequenas,11,GM/MONTANA,1542,6.44
2026,5,Maio,Com. Leves,Pick-up's Pequenas,12,RENAULT/OROCH,825,4.38
2026,5,Maio,Com. Leves,Pick-up's Pequenas,13,MITSUBISHI/TRITON,971,4.02
2026,5,Maio,Com. Leves,Pick-up's Pequenas,14,GWM/POER,753,2.38
2026,5,Maio,Com. Leves,Pick-up's Pequenas,15,FIAT/TITANO,467,2.22
2026,5,Maio,Com. Leves,Pick-up's Pequenas,16,FORD/MAVERICK,438,1.71
2026,5,Maio,Com. Leves,Pick-up's Pequenas,17,RENAULT/MASTER,839,23.77
2026,5,Maio,Com. Leves,Pick-up's Pequenas,18,KIA/K2500,368,9.09
2026,5,Maio,Com. Leves,Pick-up's Pequenas,19,FIAT/SCUDO,275,7.7
2026,5,Maio,Com. Leves,Pick-up's Pequenas,20,FIAT/DUCATO,374,7.21
2026,5,Maio,Com. Leves,Pick-up's Pequenas,21,VW TRUCK E BUS/EXPRESS,337,5.9
2026,5,Maio,Com. Leves,Pick-up's Pequenas,22,EFFA/V21,241,5.9
2026,5,Maio,Com. Leves,Pick-up's Pequenas,23,IVECO/DAILY,400,5.81
2026,5,Maio,Com. Leves,Furgões Pequenos,1,FIAT/FIORINO,3105,87.36
2026,5,Maio,Com. Leves,Furgões Pequenos,2,RENAULT/KANGOO,371,10.75
2026,5,Maio,Com. Leves,Furgões Pequenos,3,PEUGEOT/PARTNER,4,1.8
2026,5,Maio,Com. Leves,Furgões Pequenos,4,RENAULT/KWID,1,0.06
2026,5,Maio,Caminhões,Semi-Leve,1,M.BENZ/SPRINTER 417,79,41.13
2026,5,Maio,Caminhões,Semi-Leve,2,M.BENZ/SPRINTER 517,82,37.18
2026,5,Maio,Caminhões,Semi-Leve,3,IVECO/DAILY 45-170,18,9.12
2026,5,Maio,Caminhões,Semi-Leve,4,IVECO/DAILY 55C17,7,6.38
2026,5,Maio,Caminhões,Semi-Leve,5,IVECO/DAILY 45-180,0,1.52
2026,5,Maio,Caminhões,Semi-Leve,6,IVECO/DAILY 55-170,0,0.91
2026,5,Maio,Caminhões,Semi-Leve,7,IVECO/DAILY 30-160,1,0.81
2026,5,Maio,Caminhões,Semi-Leve,8,IVECO/DAILY 55-180,1,0.81
2026,5,Maio,Caminhões,Semi-Leve,9,IVECO/DAILY,0,0.71
2026,5,Maio,Caminhões,Semi-Leve,10,TESLA/CYBERTRUCK,0,0.3
2026,5,Maio,Caminhões,Semi-Leve,11,VW TRUCK E BUS/9.180,144,28.56
2026,5,Maio,Caminhões,Semi-Leve,12,M.BENZ/ACCELO 817,86,22.26
2026,5,Maio,Caminhões,Semi-Leve,13,M.BENZ/ACCELO 917,105,16.71
2026,5,Maio,Caminhões,Semi-Leve,14,IVECO/TECTOR 9-190,16,7.33
2026,5,Maio,Caminhões,Semi-Leve,15,M.BENZ/ACCELO 1017,7,4.98
2026,5,Maio,Caminhões,Semi-Leve,16,FOTON/AUMARK S 715,16,4.61
2026,5,Maio,Caminhões,Semi-Leve,17,IVECO/DAILY 65-170,4,2.35
2026,5,Maio,Caminhões,Semi-Leve,18,JAC/EJT9.5,6,2.1
2026,5,Maio,Caminhões,Semi-Leve,19,VW TRUCK E BUS/6.170,8,2.1
2026,5,Maio,Caminhões,Semi-Leve,20,FOTON/AUMARK S 916,21,2.02
2026,5,Maio,Caminhões,Semi-Leve,21,VW TRUCK E BUS/11.180,581,44.5
2026,5,Maio,Caminhões,Semi-Leve,22,M.BENZ/ACCELO 1117,342,26.57
2026,5,Maio,Caminhões,Semi-Leve,23,IVECO/TECTOR 11-190,72,6.4
2026,5,Maio,Caminhões,Semi-Leve,24,M.BENZ/ATEGO 1419,60,4.71
2026,5,Maio,Caminhões,Semi-Leve,25,FOTON/AUMARK S 1217A,58,4.26
2026,5,Maio,Caminhões,Semi-Leve,26,VW TRUCK E BUS/13.180,14,3.62
2026,5,Maio,Caminhões,Semi-Leve,27,VW TRUCK E BUS/14.180,72,3.28
2026,5,Maio,Caminhões,Semi-Leve,28,M.BENZ/ACCELO 1417,20,2.11
2026,5,Maio,Caminhões,Semi-Leve,29,M.BENZ/ACCELO 1317,2,1.52
2026,5,Maio,Caminhões,Semi-Leve,30,VW TRUCK E BUS/14.210,13,1.08
2026,5,Maio,Caminhões,Semi-Pesado,1,VOLVO/VM 290,293,10.33
2026,5,Maio,Caminhões,Semi-Pesado,2,VW TRUCK E BUS/26.260,366,9.82
2026,5,Maio,Caminhões,Semi-Pesado,3,M.BENZ/ATEGO 2429,274,8.83
2026,5,Maio,Caminhões,Semi-Pesado,4,M.BENZ/ATEGO 1719,250,8.58
2026,5,Maio,Caminhões,Semi-Pesado,5,VW TRUCK E BUS/17.210,381,8.45
2026,5,Maio,Caminhões,Semi-Pesado,6,VW TRUCK E BUS/26.320,183,4.63
2026,5,Maio,Caminhões,Semi-Pesado,7,VW TRUCK E BUS/18.260,193,4.56
2026,5,Maio,Caminhões,Semi-Pesado,8,VW TRUCK E BUS/31.320,155,4.41
2026,5,Maio,Caminhões,Semi-Pesado,9,M.BENZ/ATEGO 3033,117,4.33
2026,5,Maio,Caminhões,Semi-Pesado,10,VW TRUCK E BUS/30.320,133,3.89
2026,5,Maio,Caminhões,Semi-Pesado,11,VOLVO/FH 540,469,12.79
2026,5,Maio,Caminhões,Semi-Pesado,12,DAF/XF 530,119,7.41
2026,5,Maio,Caminhões,Semi-Pesado,13,VOLVO/FH 500,225,6.49
2026,5,Maio,Caminhões,Semi-Pesado,14,VOLVO/VM 360,176,6.35
2026,5,Maio,Caminhões,Semi-Pesado,15,VOLVO/FH 460,65,4.72
2026,5,Maio,Caminhões,Semi-Pesado,16,DAF/XF 480,103,4.42
2026,5,Maio,Caminhões,Semi-Pesado,17,M.BENZ/AXOR 2545S,76,3.87
2026,5,Maio,Caminhões,Semi-Pesado,18,SCANIA/G560,54,3.8
2026,5,Maio,Caminhões,Semi-Pesado,19,M.BENZ/ATEGO 2730,115,3.8
2026,5,Maio,Caminhões,Semi-Pesado,20,SCANIA/R500,7,3.7
2026,5,Maio,Motos,City,1,HONDA/CG 160,45363,56.43
2026,5,Maio,Motos,City,2,MOTTU/SPORT 110I,8649,11.74
2026,5,Maio,Motos,City,3,YAMAHA/YBR 150,6714,8.75
2026,5,Maio,Motos,City,4,HONDA/CB 300F,5504,7.59
2026,5,Maio,Motos,City,5,YAMAHA/FAZER 250,3582,4.79
2026,5,Maio,Motos,City,6,YAMAHA/FAZER 150,3150,4.38
2026,5,Maio,Motos,City,7,SHINERAY/SHI 150,1301,1.84
2026,5,Maio,Motos,City,8,HAOJUE/DK160,1079,1.35
2026,5,Maio,Motos,City,9,BAJAJ/PULSAR N150,742,0.9
2026,5,Maio,Motos,City,10,SHINERAY/XY 150,583,0.71
2026,5,Maio,Motos,City,11,ROYAL ENFIELD/HUNTER 350,632,24.64
2026,5,Maio,Motos,City,12,ROYAL ENFIELD/SUPER METEOR 650,468,16.55
2026,5,Maio,Motos,City,13,ROYAL ENFIELD/METEOR,459,16.08
2026,5,Maio,Motos,City,14,TRIUMPH/SCRAMBLER 400,380,11.61
2026,5,Maio,Motos,City,15,ROYAL ENFIELD/CLASSIC 350,185,5.81
2026,5,Maio,Motos,City,16,ROYAL ENFIELD/SHOTGUN 650,148,5.49
2026,5,Maio,Motos,City,17,ROYAL ENFIELD/BEAR 650,109,3.1
2026,5,Maio,Motos,City,18,KAWASAKI/ELIMINATOR 500,43,2.49
2026,5,Maio,Motos,City,19,ROYAL ENFIELD/CLASSIC 650,109,1.85
2026,5,Maio,Motos,City,20,ZONTES/S350,51,1.65
2026,5,Maio,Motos,City,21,HONDA/NXR160,17387,42.72
2026,5,Maio,Motos,City,22,HONDA/XRE 190,4365,12.17
2026,5,Maio,Motos,City,23,HONDA/XRE 300,3510,9.24
2026,5,Maio,Motos,City,24,YAMAHA/XTZ 250,3560,9.22
2026,5,Maio,Motos,City,25,SHINERAY/SHI 175,2556,7.14
2026,5,Maio,Motos,City,26,YAMAHA/CROSSER 150,2305,6.09
2026,5,Maio,Motos,City,27,HONDA/XR 300L,1229,3.53
2026,5,Maio,Motos,City,28,AVELLOZ/AZ160,1107,2.8
2026,5,Maio,Motos,City,29,SHINERAY/SHI 250,935,1.9
2026,5,Maio,Motos,City,30,SHINERAY/STORM 200,357,0.88
2026,5,Maio,Motos,Maxtrail,1,ROYAL ENFIELD/HIMALAYAN,663,18.68
2026,5,Maio,Motos,Maxtrail,2,HONDA/NX 500,638,16.28
2026,5,Maio,Motos,Maxtrail,3,BMW/R1300GSA,326,8.22
2026,5,Maio,Motos,Maxtrail,4,HONDA/NC 750X,254,7.7
2026,5,Maio,Motos,Maxtrail,5,TRIUMPH/TIGER 900,205,7.35
2026,5,Maio,Motos,Maxtrail,6,YAMAHA/XTZ 690,209,5.43
2026,5,Maio,Motos,Maxtrail,7,BMW/R1300GS,126,5.07
2026,5,Maio,Motos,Maxtrail,8,HONDA/CRF 1100L,146,3.88
2026,5,Maio,Motos,Maxtrail,9,BMW/F900 GS,159,3.81
2026,5,Maio,Motos,Maxtrail,10,TRIUMPH/TIGER 1200,143,3.77
2026,5,Maio,Motos,Maxtrail,11,YAMAHA/MT03,765,14.99
2026,5,Maio,Motos,Maxtrail,12,BAJAJ/DOMINAR D400,787,13.62
2026,5,Maio,Motos,Maxtrail,13,BAJAJ/NS400 Z,462,9.42
2026,5,Maio,Motos,Maxtrail,14,BAJAJ/DOMINAR NS160,368,8.52
2026,5,Maio,Motos,Maxtrail,15,BAJAJ/DOMINAR NS200,335,7.0
2026,5,Maio,Motos,Maxtrail,16,HONDA/CB 500,306,5.98
2026,5,Maio,Motos,Maxtrail,17,BAJAJ/DOMINAR D250,263,5.94
2026,5,Maio,Motos,Maxtrail,18,KAWASAKI/Z900,225,4.36
2026,5,Maio,Motos,Maxtrail,19,ROYAL ENFIELD/GUERRILLA 450,183,4.21
2026,5,Maio,Motos,Maxtrail,20,HONDA/CB 650R,236,3.28
2026,5,Maio,Motos,Maxtrail,21,HONDA/BIZ,23654,33.24
2026,5,Maio,Motos,Maxtrail,22,HONDA/POP 110I,19656,30.28
2026,5,Maio,Motos,Maxtrail,23,HONDA/PCX 160,4518,6.71
2026,5,Maio,Motos,Maxtrail,24,SHINERAY/SHI 125,3484,4.89
2026,5,Maio,Motos,Maxtrail,25,HONDA/ELITE 125,2821,4.08
2026,5,Maio,Motos,Maxtrail,26,YAMAHA/NMAX,1532,2.56
2026,5,Maio,Motos,Maxtrail,27,HONDA/ADV 160,1819,2.54
2026,5,Maio,Motos,Maxtrail,28,YAMAHA/AEROX 160,1829,2.13
2026,5,Maio,Motos,Maxtrail,29,AVELLOZ/AZ1,1130,1.88
2026,5,Maio,Motos,Maxtrail,30,SHINERAY/XY 125,628,1.57
2026,5,Maio,Motos,Sport,1,YAMAHA/YZF R15,988,62.43
2026,5,Maio,Motos,Sport,2,YAMAHA/YZF R3,118,7.77
2026,5,Maio,Motos,Sport,3,KAWASAKI/NINJA 500,109,6.51
2026,5,Maio,Motos,Sport,4,KAWASAKI/NINJA ZX-6R,71,5.44
2026,5,Maio,Motos,Sport,5,BMW/S1000 R,64,5.27
2026,5,Maio,Motos,Sport,6,KAWASAKI/NINJA 300,101,3.7
2026,5,Maio,Motos,Sport,7,KAWASAKI/NINJA ZX-4R,69,3.69
2026,5,Maio,Motos,Sport,8,TRIUMPH/DAYTONA 660,25,1.5
2026,5,Maio,Motos,Sport,9,SUZUKI/GSX-8 R,14,1.02
2026,5,Maio,Motos,Sport,10,KAWASAKI/NINJA 650,1,0.72
2026,5,Maio,Motos,Sport,11,H.DAVIDSON/ROAD GLIDE,50,49.22
2026,5,Maio,Motos,Sport,12,BMW/R 1300 RT,31,26.37
2026,5,Maio,Motos,Sport,13,H.DAVIDSON/STREET GLIDE,15,22.27
2026,5,Maio,Motos,Sport,14,BMW/K 1600,1,1.17
2026,5,Maio,Motos,Sport,15,HONDA/GOLDWING,2,0.78
2026,5,Maio,Motos,Sport,16,BMW/R1250 RT,1,0.2
2026,6,Junho,Autos,Veículos de Entrada,1,FIAT/MOBI,5073,52.06
2026,6,Junho,Autos,Veículos de Entrada,2,RENAULT/KWID,4616,47.51
2026,6,Junho,Autos,Veículos de Entrada,3,RENAULT/E-KWID,17,0.36
2026,6,Junho,Autos,Veículos de Entrada,4,FIAT/UNO,1,0.02
2026,6,Junho,Autos,Veículos de Entrada,5,VW/GOL,1,0.01
2026,6,Junho,Autos,Veículos de Entrada,6,GM/CELTA,1,0
2026,6,Junho,Autos,Veículos de Entrada,7,GM/CHEVETTE,0,0
2026,6,Junho,Autos,Veículos de Entrada,8,CAOA CHERY/QQ,1,0
2026,6,Junho,Autos,Veículos de Entrada,9,FIAT/PALIO,0,0
2026,6,Junho,Autos,Veículos de Entrada,10,VW/POLO,10939,19.87
2026,6,Junho,Autos,Veículos de Entrada,11,FIAT/ARGO,9831,16.91
2026,6,Junho,Autos,Veículos de Entrada,12,GM/ONIX,7972,16.57
2026,6,Junho,Autos,Veículos de Entrada,13,HYUNDAI/HB20,6914,14.3
2026,6,Junho,Autos,Veículos de Entrada,14,BYD/DOLPHIN MINI,6457,13.1
2026,6,Junho,Autos,Veículos de Entrada,15,BYD/DOLPHIN,5512,6.63
2026,6,Junho,Autos,Veículos de Entrada,16,GEELY/EX2,4383,5.43
2026,6,Junho,Autos,Veículos de Entrada,17,CITROEN/C3,1109,2.48
2026,6,Junho,Autos,Veículos de Entrada,18,HONDA/CITY HATCH,1120,2.21
2026,6,Junho,Autos,Veículos de Entrada,19,PEUGEOT/208,342,1.09
2026,6,Junho,Autos,Veículos de Entrada,20,GWM/ORA 03,250,0.67
2026,6,Junho,Autos,Veículos de Entrada,21,MG/MG4,175,0.27
2026,6,Junho,Autos,Veículos de Entrada,22,VW/GOLF,68,49.66
2026,6,Junho,Autos,Veículos de Entrada,23,TOYOTA/GR YARIS,15,17.24
2026,6,Junho,Autos,Veículos de Entrada,24,AUDI/A3,17,15.86
2026,6,Junho,Autos,Veículos de Entrada,25,BMW/M135I,12,12.59
2026,6,Junho,Autos,Veículos de Entrada,26,HONDA/CIVIC TYPE-R,1,1.9
2026,6,Junho,Autos,Veículos de Entrada,27,M.BENZ/A45 AMG,1,1.03
2026,6,Junho,Autos,Sedans Pequenos,1,HYUNDAI/HB20S,3239,62.48
2026,6,Junho,Autos,Sedans Pequenos,2,FIAT/CRONOS,2686,37.48
2026,6,Junho,Autos,Sedans Pequenos,3,FORD/KA SEDAN,0,0.02
2026,6,Junho,Autos,Sedans Pequenos,4,FIAT/SIENA,0,0.01
2026,6,Junho,Autos,Sedans Pequenos,5,FORD/FIESTA SEDAN,0,0
2026,6,Junho,Autos,Sedans Pequenos,6,GM/PRISMA,0,0
2026,6,Junho,Autos,Sedans Pequenos,7,NISSAN/VERSA,0,0
2026,6,Junho,Autos,Sedans Pequenos,8,RENAULT/LOGAN,0,0
2026,6,Junho,Autos,Sedans Pequenos,9,TOYOTA/ETIOS SEDAN,0,0
2026,6,Junho,Autos,Sedans Pequenos,10,GM/ONIX PLUS,3587,41.94
2026,6,Junho,Autos,Sedans Pequenos,11,VW/VIRTUS,3206,34.44
2026,6,Junho,Autos,Sedans Pequenos,12,HONDA/CITY,1596,15.76
2026,6,Junho,Autos,Sedans Pequenos,13,NISSAN/VERSA,635,7.84
2026,6,Junho,Autos,Sedans Pequenos,14,TOYOTA/YARIS SEDAN,1,0.01
2026,6,Junho,Autos,Sedans Pequenos,15,GM/MONZA,1,0
2026,6,Junho,Autos,Sedans médios,1,TOYOTA/COROLLA,1947,53.6
2026,6,Junho,Autos,Sedans médios,2,BYD/KING,1643,33.74
2026,6,Junho,Autos,Sedans médios,3,VW/JETTA,110,3.4
2026,6,Junho,Autos,Sedans médios,4,BYD/SEAL,87,2.97
2026,6,Junho,Autos,Sedans médios,5,AUDI/A5,57,1.69
2026,6,Junho,Autos,Sedans médios,6,NISSAN/SENTRA,9,1.4
2026,6,Junho,Autos,Sedans médios,7,GAC/AION ES,104,0.67
2026,6,Junho,Autos,Sedans médios,8,AUDI/A3 SEDAN,26,0.49
2026,6,Junho,Autos,Sedans médios,9,BMW/M235I,6,0.45
2026,6,Junho,Autos,Sedans médios,10,AUDI/RS3,13,0.32
2026,6,Junho,Autos,Sedans médios,11,CAOA CHERY/ARRIZO 6,4,0.29
2026,6,Junho,Autos,Sedans médios,12,BMW/420I,9,0.26
2026,6,Junho,Autos,Sedans médios,13,M.BENZ/CLA200,2,0.23
2026,6,Junho,Autos,Sedans médios,14,BMW/220,7,0.22
2026,6,Junho,Autos,Sedans médios,15,M.BENZ/CLA45,5,0.1
2026,6,Junho,Autos,Sedans médios,16,M.BENZ/CLA35,3,0.08
2026,6,Junho,Autos,Sedans médios,17,HONDA/CIVIC,3,0.04
2026,6,Junho,Autos,Sedans médios,18,GM/CRUZE SEDAN,1,0.02
2026,6,Junho,Autos,Sedans médios,19,M.BENZ/AMG C63S,0,0.01
2026,6,Junho,Autos,Sedans médios,20,FORD/DEL REY,0,0
2026,6,Junho,Autos,Sedans médios,21,GM/IMPALA,1,0
2026,6,Junho,Autos,Sedans médios,22,BMW/320I,278,61.79
2026,6,Junho,Autos,Sedans médios,23,M.BENZ/CLASSE C,80,20.04
2026,6,Junho,Autos,Sedans médios,24,PORSCHE/PANAMERA,1,4.98
2026,6,Junho,Autos,Sedans médios,25,BMW/330E,17,3.3
2026,6,Junho,Autos,Sedans médios,26,M.BENZ/CLASSE E,13,2.26
2026,6,Junho,Autos,Sedans médios,27,BMW/530E,6,1.15
2026,6,Junho,Autos,Sedans médios,28,BMW/I4,1,0.86
2026,6,Junho,Autos,Sedans médios,29,ZEEKR/001,1,0.86
2026,6,Junho,Autos,Sedans médios,30,BMW/I7,0,0.82
2026,6,Junho,Autos,Sedans médios,31,M.BENZ/AMG GT63S,2,0.82
2026,6,Junho,Autos,Sedans médios,32,HONDA/ACCORD,1,0.72
2026,6,Junho,Autos,Sedans médios,33,M.BENZ/S63,3,0.43
2026,6,Junho,Autos,Sw Médios,1,FIAT/PALIO WEEKEND,2,42.86
2026,6,Junho,Autos,Sw Médios,2,VW/PARATI,0,28.57
2026,6,Junho,Autos,Sw Médios,3,FORD/BELINA,1,14.29
2026,6,Junho,Autos,Sw Médios,4,GM/KADETT,0,14.29
2026,6,Junho,Autos,Sw Médios,5,AUDI/RS6 AVANT,2,96.43
2026,6,Junho,Autos,Sw Médios,6,GM/CARAVAN,1,3.57
2026,6,Junho,Autos,Sw Médios,7,FIAT/DOBLO,0,42.86
2026,6,Junho,Autos,Sw Médios,8,HONDA/FIT,0,42.86
2026,6,Junho,Autos,Sw Médios,9,FIAT/IDEA,0,14.29
2026,6,Junho,Autos,Grandcab,1,GM/SPIN,1803,98.5
2026,6,Junho,Autos,Grandcab,2,KIA/CARNIVAL,18,1.27
2026,6,Junho,Autos,Grandcab,3,VW/ID.BUZZ,2,0.14
2026,6,Junho,Autos,Grandcab,4,TOYOTA/SIENNA,1,0.04
2026,6,Junho,Autos,Grandcab,5,PORSCHE/911,101,42.18
2026,6,Junho,Autos,Grandcab,6,FORD/MUSTANG,27,13.83
2026,6,Junho,Autos,Grandcab,7,BMW/M3,12,7.98
2026,6,Junho,Autos,Grandcab,8,BMW/M2,29,7.54
2026,6,Junho,Autos,Grandcab,9,GM/CORVETTE,2,7.1
2026,6,Junho,Autos,Grandcab,10,MG/CYBERSTER,10,3.99
2026,6,Junho,Autos,Grandcab,11,PORSCHE/BOXSTER,15,3.99
2026,6,Junho,Autos,Grandcab,12,DODGE/CHALLENGER,8,2.8
2026,6,Junho,Autos,Grandcab,13,PORSCHE/CAYMAN,9,2.24
2026,6,Junho,Autos,Suv's,1,VW/T CROSS,11753,7.63
2026,6,Junho,Autos,Suv's,2,VW/TERA,9289,6.58
2026,6,Junho,Autos,Suv's,3,HYUNDAI/CRETA,5533,5.71
2026,6,Junho,Autos,Suv's,4,BYD/SONG,6632,5.01
2026,6,Junho,Autos,Suv's,5,GM/TRACKER,4490,4.64
2026,6,Junho,Autos,Suv's,6,VW/NIVUS,4545,4.53
2026,6,Junho,Autos,Suv's,7,JEEP/COMPASS,4132,4.3
2026,6,Junho,Autos,Suv's,8,FIAT/PULSE,5349,4.12
2026,6,Junho,Autos,Suv's,9,FIAT/FASTBACK,4278,3.96
2026,6,Junho,Autos,Suv's,10,HONDA/HR-V,4166,3.58
2026,6,Junho,Autos,Suv's,11,JEEP/RENEGADE,4533,3.34
2026,6,Junho,Autos,Suv's,12,GWM/HAVAL H6,3943,3.2
2026,6,Junho,Autos,Suv's,13,TOYOTA/COROLLA CROSS,3130,2.96
2026,6,Junho,Autos,Suv's,14,HONDA/WR-V,3137,2.74
2026,6,Junho,Autos,Suv's,15,NISSAN/KICKS,2294,2.64
2026,6,Junho,Autos,Suv's,16,CAOA CHERY/TIGGO 5X,3831,2.5
2026,6,Junho,Autos,Suv's,17,TOYOTA/YARIS CROSS,3896,2.48
2026,6,Junho,Autos,Suv's,18,NISSAN/KAIT,2941,2.41
2026,6,Junho,Autos,Suv's,19,CAOA CHERY/TIGGO 7,2330,2.29
2026,6,Junho,Autos,Suv's,20,OMODA JAECOO/OMODA 5,1928,1.46
2026,6,Junho,Autos,Suv's,21,JEEP/COMMANDER,1552,1.31
2026,6,Junho,Autos,Suv's,22,VW/TAOS,1485,1.22
2026,6,Junho,Autos,Suv's,23,CITROEN/BASALT,934,1.21
2026,6,Junho,Autos,Suv's,24,RENAULT/KARDIAN,1233,1.19
2026,6,Junho,Autos,Suv's,25,TOYOTA/HILUX SW4,1125,1.08
2026,6,Junho,Autos,Suv's,26,CAOA CHERY/TIGGO 8,986,1.07
2026,6,Junho,Autos,Suv's,27,RENAULT/DUSTER,1370,1.05
2026,6,Junho,Autos,Suv's,28,OMODA JAECOO/JAECOO 7,2731,1.02
2026,6,Junho,Autos,Suv's,29,RENAULT/BOREAL,1547,1.0
2026,6,Junho,Autos,Suv's,30,GWM/HAVAL H9,1076,0.94
2026,6,Junho,Autos,Suv's,31,GM/SONIC,2532,0.84
2026,6,Junho,Autos,Suv's,32,FORD/TERRITORY,753,0.77
2026,6,Junho,Autos,Suv's,33,PEUGEOT/2008,432,0.67
2026,6,Junho,Autos,Suv's,34,GM/SPARK,762,0.61
2026,6,Junho,Autos,Suv's,35,MITSUBISHI/ECLIPSE CROSS,748,0.57
2026,6,Junho,Autos,Suv's,36,BYD/YUAN,528,0.55
2026,6,Junho,Autos,Suv's,37,GEELY/EX5,1450,0.53
2026,6,Junho,Autos,Suv's,38,LEAPMOTOR/C10,758,0.49
2026,6,Junho,Autos,Suv's,39,GWM/TANK 300,455,0.46
2026,6,Junho,Autos,Suv's,40,CAOA CHANGAN/UNIT-T,1003,0.39
2026,6,Junho,Com. Leves,Pick-up's Pequenas,1,FIAT/STRADA,14303,78.11
2026,6,Junho,Com. Leves,Pick-up's Pequenas,2,VW/SAVEIRO,3142,21.88
2026,6,Junho,Com. Leves,Pick-up's Pequenas,3,GM/MONTANA,0,0.01
2026,6,Junho,Com. Leves,Pick-up's Pequenas,4,FORD/RANCHERO,0,0
2026,6,Junho,Com. Leves,Pick-up's Pequenas,5,GM/CHEVY,0,0
2026,6,Junho,Com. Leves,Pick-up's Pequenas,6,FIAT/TORO,4202,20.2
2026,6,Junho,Com. Leves,Pick-up's Pequenas,7,TOYOTA/HILUX,3888,18.22
2026,6,Junho,Com. Leves,Pick-up's Pequenas,8,FORD/RANGER,2949,13.23
2026,6,Junho,Com. Leves,Pick-up's Pequenas,9,GM/S10,2964,11.51
2026,6,Junho,Com. Leves,Pick-up's Pequenas,10,RAM/RAMPAGE,1996,9.37
2026,6,Junho,Com. Leves,Pick-up's Pequenas,11,GM/MONTANA,1680,6.58
2026,6,Junho,Com. Leves,Pick-up's Pequenas,12,MITSUBISHI/TRITON,1500,4.46
2026,6,Junho,Com. Leves,Pick-up's Pequenas,13,RENAULT/OROCH,910,4.3
2026,6,Junho,Com. Leves,Pick-up's Pequenas,14,GWM/POER,623,2.43
2026,6,Junho,Com. Leves,Pick-up's Pequenas,15,FIAT/TITANO,410,2.14
2026,6,Junho,Com. Leves,Pick-up's Pequenas,16,FORD/MAVERICK,429,1.74
2026,6,Junho,Com. Leves,Pick-up's Pequenas,17,RENAULT/MASTER,783,22.52
2026,6,Junho,Com. Leves,Pick-up's Pequenas,18,FIAT/DUCATO,747,9.02
2026,6,Junho,Com. Leves,Pick-up's Pequenas,19,KIA/K2500,333,8.76
2026,6,Junho,Com. Leves,Pick-up's Pequenas,20,FIAT/SCUDO,172,6.95
2026,6,Junho,Com. Leves,Pick-up's Pequenas,21,EFFA/V21,278,5.95
2026,6,Junho,Com. Leves,Pick-up's Pequenas,22,VW TRUCK E BUS/EXPRESS,231,5.75
2026,6,Junho,Com. Leves,Pick-up's Pequenas,23,IVECO/DAILY,208,5.58
2026,6,Junho,Com. Leves,Furgões Pequenos,1,FIAT/FIORINO,2014,86.95
2026,6,Junho,Com. Leves,Furgões Pequenos,2,RENAULT/KANGOO,324,11.22
2026,6,Junho,Com. Leves,Furgões Pequenos,3,PEUGEOT/PARTNER,32,1.72
2026,6,Junho,Com. Leves,Furgões Pequenos,4,RENAULT/KWID,5,0.09
2026,6,Junho,Caminhões,Semi-Leve,1,M.BENZ/SPRINTER 417,92,41.6
2026,6,Junho,Caminhões,Semi-Leve,2,M.BENZ/SPRINTER 517,76,37.01
2026,6,Junho,Caminhões,Semi-Leve,3,IVECO/DAILY 45-170,1,8.44
2026,6,Junho,Caminhões,Semi-Leve,4,IVECO/DAILY 55C17,12,6.27
2026,6,Junho,Caminhões,Semi-Leve,5,IVECO/DAILY 45-180,0,1.25
2026,6,Junho,Caminhões,Semi-Leve,6,IVECO/DAILY 30-160,5,1.09
2026,6,Junho,Caminhões,Semi-Leve,7,IVECO/DAILY 55-180,3,0.92
2026,6,Junho,Caminhões,Semi-Leve,8,AGRALE/MARRUA,9,0.75
2026,6,Junho,Caminhões,Semi-Leve,9,IVECO/DAILY 55-170,0,0.75
2026,6,Junho,Caminhões,Semi-Leve,10,IVECO/DAILY,0,0.58
2026,6,Junho,Caminhões,Semi-Leve,11,VW TRUCK E BUS/9.180,168,29.51
2026,6,Junho,Caminhões,Semi-Leve,12,M.BENZ/ACCELO 817,115,22.46
2026,6,Junho,Caminhões,Semi-Leve,13,M.BENZ/ACCELO 917,56,15.82
2026,6,Junho,Caminhões,Semi-Leve,14,IVECO/TECTOR 9-190,58,8.08
2026,6,Junho,Caminhões,Semi-Leve,15,FOTON/AUMARK S 715,35,5.03
2026,6,Junho,Caminhões,Semi-Leve,16,M.BENZ/ACCELO 1017,3,4.25
2026,6,Junho,Caminhões,Semi-Leve,17,IVECO/DAILY 65-170,10,2.29
2026,6,Junho,Caminhões,Semi-Leve,18,FOTON/AUMARK S 916,12,2.09
2026,6,Junho,Caminhões,Semi-Leve,19,VW TRUCK E BUS/6.170,4,1.88
2026,6,Junho,Caminhões,Semi-Leve,20,JAC/EJT9.5,2,1.81
2026,6,Junho,Caminhões,Semi-Leve,21,VW TRUCK E BUS/11.180,576,44.72
2026,6,Junho,Caminhões,Semi-Leve,22,M.BENZ/ACCELO 1117,378,27.21
2026,6,Junho,Caminhões,Semi-Leve,23,IVECO/TECTOR 11-190,6,6.18
2026,6,Junho,Caminhões,Semi-Leve,24,M.BENZ/ATEGO 1419,38,4.39
2026,6,Junho,Caminhões,Semi-Leve,25,FOTON/AUMARK S 1217A,59,4.34
2026,6,Junho,Caminhões,Semi-Leve,26,VW TRUCK E BUS/14.180,62,3.59
2026,6,Junho,Caminhões,Semi-Leve,27,VW TRUCK E BUS/13.180,6,3.02
2026,6,Junho,Caminhões,Semi-Leve,28,M.BENZ/ACCELO 1417,38,2.28
2026,6,Junho,Caminhões,Semi-Leve,29,M.BENZ/ACCELO 1317,2,1.26
2026,6,Junho,Caminhões,Semi-Leve,30,VW TRUCK E BUS/14.210,9,1.01
2026,6,Junho,Caminhões,Semi-Pesado,1,VOLVO/VM 290,250,9.99
2026,6,Junho,Caminhões,Semi-Pesado,2,VW TRUCK E BUS/26.260,282,9.76
2026,6,Junho,Caminhões,Semi-Pesado,3,M.BENZ/ATEGO 2429,287,8.98
2026,6,Junho,Caminhões,Semi-Pesado,4,VW TRUCK E BUS/17.210,297,8.73
2026,6,Junho,Caminhões,Semi-Pesado,5,M.BENZ/ATEGO 1719,223,8.39
2026,6,Junho,Caminhões,Semi-Pesado,6,VW TRUCK E BUS/18.260,169,4.76
2026,6,Junho,Caminhões,Semi-Pesado,7,VW TRUCK E BUS/26.320,129,4.58
2026,6,Junho,Caminhões,Semi-Pesado,8,VW TRUCK E BUS/31.320,131,4.41
2026,6,Junho,Caminhões,Semi-Pesado,9,M.BENZ/ATEGO 3033,136,4.37
2026,6,Junho,Caminhões,Semi-Pesado,10,VW TRUCK E BUS/30.320,92,3.75
2026,6,Junho,Caminhões,Semi-Pesado,11,VOLVO/FH 540,503,12.45
2026,6,Junho,Caminhões,Semi-Pesado,12,VOLVO/FH 500,384,6.94
2026,6,Junho,Caminhões,Semi-Pesado,13,DAF/XF 530,231,6.92
2026,6,Junho,Caminhões,Semi-Pesado,14,VOLVO/VM 360,221,6.04
2026,6,Junho,Caminhões,Semi-Pesado,15,VOLVO/FH 460,141,4.38
2026,6,Junho,Caminhões,Semi-Pesado,16,M.BENZ/AXOR 2545S,264,4.31
2026,6,Junho,Caminhões,Semi-Pesado,17,DAF/XF 480,172,4.29
2026,6,Junho,Caminhões,Semi-Pesado,18,SCANIA/R 460,280,3.85
2026,6,Junho,Caminhões,Semi-Pesado,19,SCANIA/R500,125,3.5
2026,6,Junho,Caminhões,Semi-Pesado,20,M.BENZ/ATEGO 2730,105,3.48
2026,6,Junho,Motos,City,1,HONDA/CG 160,46148,56.71
2026,6,Junho,Motos,City,2,MOTTU/SPORT 110I,11045,12.11
2026,6,Junho,Motos,City,3,YAMAHA/YBR 150,5758,8.49
2026,6,Junho,Motos,City,4,HONDA/CB 300F,5136,7.39
2026,6,Junho,Motos,City,5,YAMAHA/FAZER 250,3335,4.69
2026,6,Junho,Motos,City,6,YAMAHA/FAZER 150,3063,4.29
2026,6,Junho,Motos,City,7,SHINERAY/SHI 150,1294,1.8
2026,6,Junho,Motos,City,8,HAOJUE/DK160,1136,1.36
2026,6,Junho,Motos,City,9,BAJAJ/PULSAR N150,816,0.93
2026,6,Junho,Motos,City,10,SHINERAY/XY 150,399,0.68
2026,6,Junho,Motos,City,11,ROYAL ENFIELD/HUNTER 350,774,25.07
2026,6,Junho,Motos,City,12,ROYAL ENFIELD/SUPER METEOR 650,502,16.73
2026,6,Junho,Motos,City,13,ROYAL ENFIELD/METEOR,431,15.91
2026,6,Junho,Motos,City,14,TRIUMPH/SCRAMBLER 400,228,10.99
2026,6,Junho,Motos,City,15,ROYAL ENFIELD/CLASSIC 350,190,5.96
2026,6,Junho,Motos,City,16,ROYAL ENFIELD/SHOTGUN 650,117,5.25
2026,6,Junho,Motos,City,17,ROYAL ENFIELD/BEAR 650,104,3.19
2026,6,Junho,Motos,City,18,KAWASAKI/ELIMINATOR 500,41,2.31
2026,6,Junho,Motos,City,19,ROYAL ENFIELD/CLASSIC 650,91,2.08
2026,6,Junho,Motos,City,20,KAWASAKI/VULCAN S,37,1.57
2026,6,Junho,Motos,City,21,HONDA/NXR160,17763,43.35
2026,6,Junho,Motos,City,22,HONDA/XRE 190,4302,12.02
2026,6,Junho,Motos,City,23,HONDA/XRE 300,3593,9.27
2026,6,Junho,Motos,City,24,YAMAHA/XTZ 250,3422,9.17
2026,6,Junho,Motos,City,25,SHINERAY/SHI 175,2261,6.94
2026,6,Junho,Motos,City,26,YAMAHA/CROSSER 150,2191,6.03
2026,6,Junho,Motos,City,27,HONDA/XR 300L,1037,3.39
2026,6,Junho,Motos,City,28,AVELLOZ/AZ160,985,2.76
2026,6,Junho,Motos,City,29,SHINERAY/SHI 250,1078,2.05
2026,6,Junho,Motos,City,30,SHINERAY/STORM 200,290,0.86
2026,6,Junho,Motos,Maxtrail,1,ROYAL ENFIELD/HIMALAYAN,564,17.74
2026,6,Junho,Motos,Maxtrail,2,HONDA/NX 500,572,15.85
2026,6,Junho,Motos,Maxtrail,3,BMW/R1300GSA,262,7.88
2026,6,Junho,Motos,Maxtrail,4,HONDA/NC 750X,236,7.33
2026,6,Junho,Motos,Maxtrail,5,TRIUMPH/TIGER 900,279,7.26
2026,6,Junho,Motos,Maxtrail,6,YAMAHA/XTZ 690,181,5.24
2026,6,Junho,Motos,Maxtrail,7,BMW/R1300GS,123,4.66
2026,6,Junho,Motos,Maxtrail,8,TRIUMPH/TIGER 1200,187,3.94
2026,6,Junho,Motos,Maxtrail,9,BMW/F900 GS,167,3.88
2026,6,Junho,Motos,Maxtrail,10,HONDA/CRF 1100L,131,3.75
2026,6,Junho,Motos,Maxtrail,11,YAMAHA/MT03,734,15.02
2026,6,Junho,Motos,Maxtrail,12,BAJAJ/DOMINAR D400,699,13.75
2026,6,Junho,Motos,Maxtrail,13,BAJAJ/NS400 Z,418,9.3
2026,6,Junho,Motos,Maxtrail,14,BAJAJ/DOMINAR NS160,380,8.42
2026,6,Junho,Motos,Maxtrail,15,BAJAJ/DOMINAR NS200,323,6.95
2026,6,Junho,Motos,Maxtrail,16,HONDA/CB 500,325,6.1
2026,6,Junho,Motos,Maxtrail,17,BAJAJ/DOMINAR D250,219,5.72
2026,6,Junho,Motos,Maxtrail,18,KAWASAKI/Z900,190,4.29
2026,6,Junho,Motos,Maxtrail,19,ROYAL ENFIELD/GUERRILLA 450,174,4.11
2026,6,Junho,Motos,Maxtrail,20,HONDA/CB 650R,217,3.47
2026,6,Junho,Motos,Maxtrail,21,HONDA/BIZ,22218,33.55
2026,6,Junho,Motos,Maxtrail,22,HONDA/POP 110I,17170,29.82
2026,6,Junho,Motos,Maxtrail,23,HONDA/PCX 160,4152,6.69
2026,6,Junho,Motos,Maxtrail,24,SHINERAY/SHI 125,3211,4.92
2026,6,Junho,Motos,Maxtrail,25,HONDA/ELITE 125,2541,4.07
2026,6,Junho,Motos,Maxtrail,26,HONDA/ADV 160,1596,2.54
2026,6,Junho,Motos,Maxtrail,27,YAMAHA/NMAX,1458,2.52
2026,6,Junho,Motos,Maxtrail,28,YAMAHA/AEROX 160,1275,2.11
2026,6,Junho,Motos,Maxtrail,29,AVELLOZ/AZ1,1148,1.87
2026,6,Junho,Motos,Maxtrail,30,SHINERAY/SHI 50,1005,1.52
2026,6,Junho,Motos,Sport,1,YAMAHA/YZF R15,900,61.84
2026,6,Junho,Motos,Sport,2,YAMAHA/YZF R3,127,7.84
2026,6,Junho,Motos,Sport,3,KAWASAKI/NINJA 500,95,6.46
2026,6,Junho,Motos,Sport,4,KAWASAKI/NINJA ZX-6R,112,5.72
2026,6,Junho,Motos,Sport,5,BMW/S1000 R,64,5.1
2026,6,Junho,Motos,Sport,6,KAWASAKI/NINJA 300,101,4.13
2026,6,Junho,Motos,Sport,7,KAWASAKI/NINJA ZX-4R,74,3.86
2026,6,Junho,Motos,Sport,8,TRIUMPH/DAYTONA 660,29,1.56
2026,6,Junho,Motos,Sport,9,SUZUKI/GSX-8 R,7,0.94
2026,6,Junho,Motos,Sport,10,KAWASAKI/NINJA 650,4,0.65
2026,6,Junho,Motos,Sport,11,H.DAVIDSON/ROAD GLIDE,25,45.86
2026,6,Junho,Motos,Sport,12,BMW/R 1300 RT,58,31.95
2026,6,Junho,Motos,Sport,13,H.DAVIDSON/STREET GLIDE,7,20.03
2026,6,Junho,Motos,Sport,14,BMW/K 1600,1,1.16
2026,6,Junho,Motos,Sport,15,HONDA/GOLDWING,1,0.83
2026,6,Junho,Motos,Sport,16,BMW/R1250 RT,0,0.17
2026,7,Julho,Autos,Veículos de Entrada,1,FIAT/MOBI,5193,52.34
2026,7,Julho,Autos,Veículos de Entrada,2,RENAULT/KWID,4382,47.28
2026,7,Julho,Autos,Veículos de Entrada,3,RENAULT/E-KWID,0,0.32
2026,7,Julho,Autos,Veículos de Entrada,4,FIAT/UNO,0,0.01
2026,7,Julho,Autos,Veículos de Entrada,5,VW/GOL,2,0.01
2026,7,Julho,Autos,Veículos de Entrada,6,CAOA CHERY/QQ,1,0.01
2026,7,Julho,Autos,Veículos de Entrada,7,FORD/KA,1,0
2026,7,Julho,Autos,Veículos de Entrada,8,GM/CELTA,0,0
2026,7,Julho,Autos,Veículos de Entrada,9,GM/CHEVETTE,0,0
2026,7,Julho,Autos,Veículos de Entrada,10,VW/POLO,10340,19.47
2026,7,Julho,Autos,Veículos de Entrada,11,FIAT/ARGO,8612,16.51
2026,7,Julho,Autos,Veículos de Entrada,12,GM/ONIX,9313,16.44
2026,7,Julho,Autos,Veículos de Entrada,13,BYD/DOLPHIN MINI,7265,12.97
2026,7,Julho,Autos,Veículos de Entrada,14,HYUNDAI/HB20,3037,12.68
2026,7,Julho,Autos,Veículos de Entrada,15,BYD/DOLPHIN,6492,7.41
2026,7,Julho,Autos,Veículos de Entrada,16,GEELY/EX2,5898,6.25
2026,7,Julho,Autos,Veículos de Entrada,17,CITROEN/C3,1205,2.4
2026,7,Julho,Autos,Veículos de Entrada,18,HONDA/CITY HATCH,1065,2.14
2026,7,Julho,Autos,Veículos de Entrada,19,HYUNDAI/I20,2668,1.01
2026,7,Julho,Autos,Veículos de Entrada,20,PEUGEOT/208,340,1.0
2026,7,Julho,Autos,Veículos de Entrada,21,GWM/ORA 03,310,0.65
2026,7,Julho,Autos,Veículos de Entrada,22,VW/GOLF,18,48.26
2026,7,Julho,Autos,Veículos de Entrada,23,AUDI/A3,14,16.72
2026,7,Julho,Autos,Veículos de Entrada,24,TOYOTA/GR YARIS,2,16.09
2026,7,Julho,Autos,Veículos de Entrada,25,BMW/M135I,15,13.88
2026,7,Julho,Autos,Veículos de Entrada,26,HONDA/CIVIC TYPE-R,0,1.74
2026,7,Julho,Autos,Veículos de Entrada,27,M.BENZ/A45 AMG,1,1.1
2026,7,Julho,Autos,Sedans Pequenos,1,HYUNDAI/HB20S,1626,60.34
2026,7,Julho,Autos,Sedans Pequenos,2,FIAT/CRONOS,2237,39.62
2026,7,Julho,Autos,Sedans Pequenos,3,FORD/KA SEDAN,0,0.01
2026,7,Julho,Autos,Sedans Pequenos,4,FIAT/SIENA,0,0.01
2026,7,Julho,Autos,Sedans Pequenos,5,GM/PRISMA,1,0.01
2026,7,Julho,Autos,Sedans Pequenos,6,FORD/FIESTA SEDAN,0,0
2026,7,Julho,Autos,Sedans Pequenos,7,NISSAN/VERSA,0,0
2026,7,Julho,Autos,Sedans Pequenos,8,RENAULT/LOGAN,0,0
2026,7,Julho,Autos,Sedans Pequenos,9,TOYOTA/ETIOS SEDAN,0,0
2026,7,Julho,Autos,Sedans Pequenos,10,VW/VOYAGE,1,0
2026,7,Julho,Autos,Sedans Pequenos,11,GM/ONIX PLUS,3888,42.38
2026,7,Julho,Autos,Sedans Pequenos,12,VW/VIRTUS,2922,34.32
2026,7,Julho,Autos,Sedans Pequenos,13,HONDA/CITY,1375,15.77
2026,7,Julho,Autos,Sedans Pequenos,14,NISSAN/VERSA,496,7.51
2026,7,Julho,Autos,Sedans Pequenos,15,TOYOTA/YARIS SEDAN,2,0.01
2026,7,Julho,Autos,Sedans Pequenos,16,GM/MONZA,0,0
2026,7,Julho,Autos,Sedans médios,1,TOYOTA/COROLLA,1665,52.48
2026,7,Julho,Autos,Sedans médios,2,BYD/KING,1605,35.03
2026,7,Julho,Autos,Sedans médios,3,VW/JETTA,179,3.59
2026,7,Julho,Autos,Sedans médios,4,BYD/SEAL,84,2.87
2026,7,Julho,Autos,Sedans médios,5,AUDI/A5,56,1.67
2026,7,Julho,Autos,Sedans médios,6,NISSAN/SENTRA,14,1.27
2026,7,Julho,Autos,Sedans médios,7,GAC/AION ES,7,0.6
2026,7,Julho,Autos,Sedans médios,8,AUDI/A3 SEDAN,10,0.46
2026,7,Julho,Autos,Sedans médios,9,BMW/M235I,10,0.43
2026,7,Julho,Autos,Sedans médios,10,AUDI/RS3,10,0.31
2026,7,Julho,Autos,Sedans médios,11,BMW/420I,9,0.26
2026,7,Julho,Autos,Sedans médios,12,CAOA CHERY/ARRIZO 6,1,0.26
2026,7,Julho,Autos,Sedans médios,13,BMW/220,7,0.21
2026,7,Julho,Autos,Sedans médios,14,M.BENZ/CLA200,2,0.2
2026,7,Julho,Autos,Sedans médios,15,HONDA/CIVIC,24,0.12
2026,7,Julho,Autos,Sedans médios,16,M.BENZ/CLA45,1,0.09
2026,7,Julho,Autos,Sedans médios,17,M.BENZ/CLA35,0,0.07
2026,7,Julho,Autos,Sedans médios,18,GM/CRUZE SEDAN,0,0.02
2026,7,Julho,Autos,Sedans médios,19,M.BENZ/AMG C63S,2,0.01
2026,7,Julho,Autos,Sedans médios,20,ALFA ROMEO/MONTREAL,1,0
2026,7,Julho,Autos,Sedans médios,21,FORD/DEL REY,0,0
2026,7,Julho,Autos,Sedans médios,22,BMW/320I,192,60.86
2026,7,Julho,Autos,Sedans médios,23,M.BENZ/CLASSE C,87,20.52
2026,7,Julho,Autos,Sedans médios,24,PORSCHE/PANAMERA,14,4.86
2026,7,Julho,Autos,Sedans médios,25,BMW/330E,14,3.37
2026,7,Julho,Autos,Sedans médios,26,M.BENZ/CLASSE E,18,2.57
2026,7,Julho,Autos,Sedans médios,27,BMW/530E,3,1.11
2026,7,Julho,Autos,Sedans médios,28,M.BENZ/AMG GT63S,8,0.98
2026,7,Julho,Autos,Sedans médios,29,BMW/I4,3,0.86
2026,7,Julho,Autos,Sedans médios,30,ZEEKR/001,2,0.83
2026,7,Julho,Autos,Sedans médios,31,BMW/I7,0,0.73
2026,7,Julho,Autos,Sedans médios,32,HONDA/ACCORD,3,0.73
2026,7,Julho,Autos,Sedans médios,33,M.BENZ/S63,1,0.41
2026,7,Julho,Autos,Sw Médios,1,FIAT/PALIO WEEKEND,0,37.5
2026,7,Julho,Autos,Sw Médios,2,VW/PARATI,0,25.0
2026,7,Julho,Autos,Sw Médios,3,FIAT/WEEKEND,1,12.5
2026,7,Julho,Autos,Sw Médios,4,FORD/BELINA,0,12.5
2026,7,Julho,Autos,Sw Médios,5,AUDI/RS6 AVANT,2,93.55
2026,7,Julho,Autos,Sw Médios,6,BMW/ALPINA,1,3.23
2026,7,Julho,Autos,Sw Médios,7,GM/CARAVAN,0,3.23
2026,7,Julho,Autos,Sw Médios,8,FIAT/DOBLO,0,42.86
2026,7,Julho,Autos,Sw Médios,9,HONDA/FIT,0,42.86
2026,7,Julho,Autos,Sw Médios,10,FIAT/IDEA,0,14.29
2026,7,Julho,Autos,Grandcab,1,GM/SPIN,1854,98.48
2026,7,Julho,Autos,Grandcab,2,KIA/CARNIVAL,2,1.26
2026,7,Julho,Autos,Grandcab,3,VW/ID.BUZZ,6,0.17
2026,7,Julho,Autos,Grandcab,4,TOYOTA/SIENNA,0,0.03
2026,7,Julho,Autos,Grandcab,5,PORSCHE/911,7,40.6
2026,7,Julho,Autos,Grandcab,6,FORD/MUSTANG,29,13.52
2026,7,Julho,Autos,Grandcab,7,BMW/M2,29,8.08
2026,7,Julho,Autos,Grandcab,8,GM/CORVETTE,32,7.86
2026,7,Julho,Autos,Grandcab,9,BMW/M3,5,7.16
2026,7,Julho,Autos,Grandcab,10,PORSCHE/BOXSTER,19,4.47
2026,7,Julho,Autos,Grandcab,11,MG/CYBERSTER,9,3.93
2026,7,Julho,Autos,Grandcab,12,DODGE/CHALLENGER,6,2.75
2026,7,Julho,Autos,Grandcab,13,PORSCHE/CAYMAN,9,2.42
2026,7,Julho,Autos,Suv's,1,VW/T CROSS,7070,7.3
2026,7,Julho,Autos,Suv's,2,VW/TERA,10165,6.83
2026,7,Julho,Autos,Suv's,3,HYUNDAI/CRETA,5880,5.54
2026,7,Julho,Autos,Suv's,4,BYD/SONG,6834,5.08
2026,7,Julho,Autos,Suv's,5,GM/TRACKER,5582,4.61
2026,7,Julho,Autos,Suv's,6,VW/NIVUS,3728,4.27
2026,7,Julho,Autos,Suv's,7,JEEP/COMPASS,4848,4.22
2026,7,Julho,Autos,Suv's,8,FIAT/PULSE,4242,3.99
2026,7,Julho,Autos,Suv's,9,FIAT/FASTBACK,4849,3.94
2026,7,Julho,Autos,Suv's,10,HONDA/HR-V,3858,3.49
2026,7,Julho,Autos,Suv's,11,GWM/HAVAL H6,5673,3.42
2026,7,Julho,Autos,Suv's,12,JEEP/RENEGADE,2934,3.18
2026,7,Julho,Autos,Suv's,13,TOYOTA/COROLLA CROSS,3678,2.95
2026,7,Julho,Autos,Suv's,14,HONDA/WR-V,3477,2.74
2026,7,Julho,Autos,Suv's,15,TOYOTA/YARIS CROSS,5036,2.74
2026,7,Julho,Autos,Suv's,16,NISSAN/KICKS,3175,2.62
2026,7,Julho,Autos,Suv's,17,CAOA CHERY/TIGGO 5X,3879,2.6
2026,7,Julho,Autos,Suv's,18,NISSAN/KAIT,2902,2.4
2026,7,Julho,Autos,Suv's,19,CAOA CHERY/TIGGO 7,2218,2.2
2026,7,Julho,Autos,Suv's,20,OMODA JAECOO/OMODA 5,2552,1.55
2026,7,Julho,Autos,Suv's,21,JEEP/COMMANDER,1278,1.26
2026,7,Julho,Autos,Suv's,22,OMODA JAECOO/JAECOO 7,3061,1.26
2026,7,Julho,Autos,Suv's,23,VW/TAOS,1210,1.18
2026,7,Julho,Autos,Suv's,24,RENAULT/KARDIAN,1139,1.14
2026,7,Julho,Autos,Suv's,25,CITROEN/BASALT,807,1.12
2026,7,Julho,Autos,Suv's,26,GM/SONIC,2927,1.09
2026,7,Julho,Autos,Suv's,27,RENAULT/DUSTER,1611,1.09
2026,7,Julho,Autos,Suv's,28,CAOA CHERY/TIGGO 8,1255,1.06
2026,7,Julho,Autos,Suv's,29,TOYOTA/HILUX SW4,957,1.02
2026,7,Julho,Autos,Suv's,30,GWM/HAVAL H9,1183,0.94
2026,7,Julho,Autos,Suv's,31,RENAULT/BOREAL,687,0.93
2026,7,Julho,Autos,Suv's,32,FORD/TERRITORY,818,0.75
2026,7,Julho,Autos,Suv's,33,PEUGEOT/2008,507,0.62
2026,7,Julho,Autos,Suv's,34,MITSUBISHI/ECLIPSE CROSS,779,0.58
2026,7,Julho,Autos,Suv's,35,GM/SPARK,330,0.55
2026,7,Julho,Autos,Suv's,36,BYD/YUAN,589,0.54
2026,7,Julho,Autos,Suv's,37,LEAPMOTOR/C10,810,0.52
2026,7,Julho,Autos,Suv's,38,CAOA CHANGAN/UNIT-T,1063,0.47
2026,7,Julho,Autos,Suv's,39,GEELY/EX5 EM-I,1236,0.43
2026,7,Julho,Autos,Suv's,40,GWM/TANK 300,340,0.43
2026,7,Julho,Com. Leves,Pick-up's Pequenas,1,FIAT/STRADA,14912,77.4
2026,7,Julho,Com. Leves,Pick-up's Pequenas,2,VW/SAVEIRO,5328,22.59
2026,7,Julho,Com. Leves,Pick-up's Pequenas,3,GM/MONTANA,0,0.01
2026,7,Julho,Com. Leves,Pick-up's Pequenas,4,FORD/RANCHERO,0,0
2026,7,Julho,Com. Leves,Pick-up's Pequenas,5,GM/CHEVY,0,0
2026,7,Julho,Com. Leves,Pick-up's Pequenas,6,FIAT/TORO,5798,20.64
2026,7,Julho,Com. Leves,Pick-up's Pequenas,7,TOYOTA/HILUX,3369,17.41
2026,7,Julho,Com. Leves,Pick-up's Pequenas,8,FORD/RANGER,3402,13.26
2026,7,Julho,Com. Leves,Pick-up's Pequenas,9,GM/S10,2810,11.44
2026,7,Julho,Com. Leves,Pick-up's Pequenas,10,RAM/RAMPAGE,2338,9.34
2026,7,Julho,Com. Leves,Pick-up's Pequenas,11,GM/MONTANA,1769,6.65
2026,7,Julho,Com. Leves,Pick-up's Pequenas,12,MITSUBISHI/TRITON,1526,4.72
2026,7,Julho,Com. Leves,Pick-up's Pequenas,13,RENAULT/OROCH,943,4.2
2026,7,Julho,Com. Leves,Pick-up's Pequenas,14,GWM/POER,801,2.55
2026,7,Julho,Com. Leves,Pick-up's Pequenas,15,FIAT/TITANO,476,2.1
2026,7,Julho,Com. Leves,Pick-up's Pequenas,16,FORD/MAVERICK,381,1.7
2026,7,Julho,Com. Leves,Pick-up's Pequenas,17,RENAULT/MASTER,1476,23.96
2026,7,Julho,Com. Leves,Pick-up's Pequenas,18,FIAT/DUCATO,307,8.58
2026,7,Julho,Com. Leves,Pick-up's Pequenas,19,KIA/K2500,313,8.39
2026,7,Julho,Com. Leves,Pick-up's Pequenas,20,FIAT/SCUDO,117,6.19
2026,7,Julho,Com. Leves,Pick-up's Pequenas,21,VW TRUCK E BUS/EXPRESS,382,6.14
2026,7,Julho,Com. Leves,Pick-up's Pequenas,22,EFFA/V21,298,6.0
2026,7,Julho,Com. Leves,Pick-up's Pequenas,23,IVECO/DAILY,220,5.42
2026,7,Julho,Com. Leves,Furgões Pequenos,1,FIAT/FIORINO,2280,86.73
2026,7,Julho,Com. Leves,Furgões Pequenos,2,RENAULT/KANGOO,339,11.45
2026,7,Julho,Com. Leves,Furgões Pequenos,3,PEUGEOT/PARTNER,42,1.7
2026,7,Julho,Com. Leves,Furgões Pequenos,4,RENAULT/KWID,1,0.08
2026,7,Julho,Caminhões,Semi-Leve,1,M.BENZ/SPRINTER 417,108,41.17
2026,7,Julho,Caminhões,Semi-Leve,2,M.BENZ/SPRINTER 517,109,37.5
2026,7,Julho,Caminhões,Semi-Leve,3,IVECO/DAILY 45-170,23,8.42
2026,7,Julho,Caminhões,Semi-Leve,4,IVECO/DAILY 55C17,16,6.18
2026,7,Julho,Caminhões,Semi-Leve,5,IVECO/DAILY 45-180,7,1.49
2026,7,Julho,Caminhões,Semi-Leve,6,IVECO/DAILY 30-160,3,1.09
2026,7,Julho,Caminhões,Semi-Leve,7,IVECO/DAILY 55-180,2,0.88
2026,7,Julho,Caminhões,Semi-Leve,8,IVECO/DAILY 55-170,2,0.75
2026,7,Julho,Caminhões,Semi-Leve,9,AGRALE/MARRUA,1,0.68
2026,7,Julho,Caminhões,Semi-Leve,10,IVECO/DAILY,2,0.61
2026,7,Julho,Caminhões,Semi-Leve,11,VW TRUCK E BUS/9.180,172,29.63
2026,7,Julho,Caminhões,Semi-Leve,12,M.BENZ/ACCELO 817,172,23.72
2026,7,Julho,Caminhões,Semi-Leve,13,M.BENZ/ACCELO 917,82,15.59
2026,7,Julho,Caminhões,Semi-Leve,14,IVECO/TECTOR 9-190,27,7.54
2026,7,Julho,Caminhões,Semi-Leve,15,FOTON/AUMARK S 715,29,5.04
2026,7,Julho,Caminhões,Semi-Leve,16,M.BENZ/ACCELO 1017,15,3.98
2026,7,Julho,Caminhões,Semi-Leve,17,IVECO/DAILY 65-170,23,2.58
2026,7,Julho,Caminhões,Semi-Leve,18,FOTON/AUMARK S 916,1,2.06
2026,7,Julho,Caminhões,Semi-Leve,19,VW TRUCK E BUS/6.170,10,1.86
2026,7,Julho,Caminhões,Semi-Leve,20,JAC/EJT9.5,0,1.52
2026,7,Julho,Caminhões,Semi-Leve,21,VW TRUCK E BUS/11.180,731,45.38
2026,7,Julho,Caminhões,Semi-Leve,22,M.BENZ/ACCELO 1117,393,26.98
2026,7,Julho,Caminhões,Semi-Leve,23,IVECO/TECTOR 11-190,76,5.96
2026,7,Julho,Caminhões,Semi-Leve,24,FOTON/AUMARK S 1217A,75,4.46
2026,7,Julho,Caminhões,Semi-Leve,25,M.BENZ/ATEGO 1419,4,4.11
2026,7,Julho,Caminhões,Semi-Leve,26,VW TRUCK E BUS/14.180,90,4.03
2026,7,Julho,Caminhões,Semi-Leve,27,VW TRUCK E BUS/13.180,13,2.62
2026,7,Julho,Caminhões,Semi-Leve,28,M.BENZ/ACCELO 1417,51,2.49
2026,7,Julho,Caminhões,Semi-Leve,29,M.BENZ/ACCELO 1317,2,1.05
2026,7,Julho,Caminhões,Semi-Leve,30,VW TRUCK E BUS/14.210,14,0.99
2026,7,Julho,Caminhões,Semi-Pesado,1,VOLVO/VM 290,292,9.73
2026,7,Julho,Caminhões,Semi-Pesado,2,VW TRUCK E BUS/26.260,314,9.65
2026,7,Julho,Caminhões,Semi-Pesado,3,M.BENZ/ATEGO 2429,330,9.09
2026,7,Julho,Caminhões,Semi-Pesado,4,VW TRUCK E BUS/17.210,296,8.71
2026,7,Julho,Caminhões,Semi-Pesado,5,M.BENZ/ATEGO 1719,227,8.08
2026,7,Julho,Caminhões,Semi-Pesado,6,VW TRUCK E BUS/18.260,165,4.77
2026,7,Julho,Caminhões,Semi-Pesado,7,M.BENZ/ATEGO 3033,221,4.72
2026,7,Julho,Caminhões,Semi-Pesado,8,VW TRUCK E BUS/26.320,134,4.46
2026,7,Julho,Caminhões,Semi-Pesado,9,VW TRUCK E BUS/31.320,151,4.41
2026,7,Julho,Caminhões,Semi-Pesado,10,VW TRUCK E BUS/30.320,133,3.77
2026,7,Julho,Caminhões,Semi-Pesado,11,VOLVO/FH 540,550,11.99
2026,7,Julho,Caminhões,Semi-Pesado,12,DAF/XF 530,387,6.97
2026,7,Julho,Caminhões,Semi-Pesado,13,VOLVO/FH 500,369,6.93
2026,7,Julho,Caminhões,Semi-Pesado,14,VOLVO/VM 360,286,5.89
2026,7,Julho,Caminhões,Semi-Pesado,15,SCANIA/R 460,383,4.52
2026,7,Julho,Caminhões,Semi-Pesado,16,M.BENZ/AXOR 2545S,252,4.39
2026,7,Julho,Caminhões,Semi-Pesado,17,DAF/XF 480,219,4.25
2026,7,Julho,Caminhões,Semi-Pesado,18,VOLVO/FH 460,174,4.14
2026,7,Julho,Caminhões,Semi-Pesado,19,SCANIA/R560,381,4.04
2026,7,Julho,Caminhões,Semi-Pesado,20,VW TRUCK E BUS/28.480,279,3.64
2026,7,Julho,Motos,City,1,HONDA/CG 160,47493,56.9
2026,7,Julho,Motos,City,2,MOTTU/SPORT 110I,11397,12.39
2026,7,Julho,Motos,City,3,YAMAHA/YBR 150,6121,8.34
2026,7,Julho,Motos,City,4,HONDA/CB 300F,4270,7.06
2026,7,Julho,Motos,City,5,YAMAHA/FAZER 250,3815,4.68
2026,7,Julho,Motos,City,6,YAMAHA/FAZER 150,3845,4.35
2026,7,Julho,Motos,City,7,SHINERAY/SHI 150,1007,1.71
2026,7,Julho,Motos,City,8,HAOJUE/DK160,962,1.34
2026,7,Julho,Motos,City,9,BAJAJ/PULSAR N150,985,0.97
2026,7,Julho,Motos,City,10,SHINERAY/XY 150,386,0.65
2026,7,Julho,Motos,City,11,ROYAL ENFIELD/HUNTER 350,764,25.4
2026,7,Julho,Motos,City,12,ROYAL ENFIELD/SUPER METEOR 650,477,16.78
2026,7,Julho,Motos,City,13,ROYAL ENFIELD/METEOR,438,15.87
2026,7,Julho,Motos,City,14,TRIUMPH/SCRAMBLER 400,219,10.53
2026,7,Julho,Motos,City,15,ROYAL ENFIELD/CLASSIC 350,196,6.11
2026,7,Julho,Motos,City,16,ROYAL ENFIELD/SHOTGUN 650,105,5.03
2026,7,Julho,Motos,City,17,ROYAL ENFIELD/BEAR 650,94,3.22
2026,7,Julho,Motos,City,18,KAWASAKI/ELIMINATOR 500,51,2.24
2026,7,Julho,Motos,City,19,ROYAL ENFIELD/CLASSIC 650,83,2.21
2026,7,Julho,Motos,City,20,KAWASAKI/VULCAN S,46,1.58
2026,7,Julho,Motos,City,21,HONDA/NXR160,16512,43.38
2026,7,Julho,Motos,City,22,HONDA/XRE 190,4060,11.83
2026,7,Julho,Motos,City,23,YAMAHA/XTZ 250,3906,9.34
2026,7,Julho,Motos,City,24,HONDA/XRE 300,3279,9.18
2026,7,Julho,Motos,City,25,SHINERAY/SHI 175,2411,6.86
2026,7,Julho,Motos,City,26,YAMAHA/CROSSER 150,2489,6.11
2026,7,Julho,Motos,City,27,HONDA/XR 300L,1149,3.34
2026,7,Julho,Motos,City,28,AVELLOZ/AZ160,1277,2.85
2026,7,Julho,Motos,City,29,SHINERAY/SHI 250,985,2.13
2026,7,Julho,Motos,City,30,SHINERAY/STORM 200,296,0.85
2026,7,Julho,Motos,Maxtrail,1,ROYAL ENFIELD/HIMALAYAN,660,17.46
2026,7,Julho,Motos,Maxtrail,2,HONDA/NX 500,470,15.11
2026,7,Julho,Motos,Maxtrail,3,BMW/R1300GSA,347,7.97
2026,7,Julho,Motos,Maxtrail,4,HONDA/NC 750X,244,7.09
2026,7,Julho,Motos,Maxtrail,5,TRIUMPH/TIGER 900,202,6.87
2026,7,Julho,Motos,Maxtrail,6,YAMAHA/XTZ 690,155,5.0
2026,7,Julho,Motos,Maxtrail,7,BMW/R1300GS,149,4.49
2026,7,Julho,Motos,Maxtrail,8,HONDA/CRF 1100L,240,4.1
2026,7,Julho,Motos,Maxtrail,9,BMW/F900 GS,176,3.95
2026,7,Julho,Motos,Maxtrail,10,TRIUMPH/TIGER 1200,95,3.67
2026,7,Julho,Motos,Maxtrail,11,YAMAHA/MT03,823,15.05
2026,7,Julho,Motos,Maxtrail,12,BAJAJ/DOMINAR D400,798,13.91
2026,7,Julho,Motos,Maxtrail,13,BAJAJ/NS400 Z,547,9.43
2026,7,Julho,Motos,Maxtrail,14,BAJAJ/DOMINAR NS160,429,8.35
2026,7,Julho,Motos,Maxtrail,15,BAJAJ/DOMINAR NS200,336,6.84
2026,7,Julho,Motos,Maxtrail,16,HONDA/CB 500,397,6.29
2026,7,Julho,Motos,Maxtrail,17,BAJAJ/DOMINAR D250,233,5.51
2026,7,Julho,Motos,Maxtrail,18,KAWASAKI/Z900,241,4.32
2026,7,Julho,Motos,Maxtrail,19,ROYAL ENFIELD/GUERRILLA 450,206,4.07
2026,7,Julho,Motos,Maxtrail,20,HONDA/CB 650R,179,3.44
2026,7,Julho,Motos,Maxtrail,21,HONDA/BIZ,21219,33.42
2026,7,Julho,Motos,Maxtrail,22,HONDA/POP 110I,19254,29.79
2026,7,Julho,Motos,Maxtrail,23,HONDA/PCX 160,4232,6.66
2026,7,Julho,Motos,Maxtrail,24,SHINERAY/SHI 125,3560,4.99
2026,7,Julho,Motos,Maxtrail,25,HONDA/ELITE 125,2481,4.03
2026,7,Julho,Motos,Maxtrail,26,HONDA/ADV 160,1563,2.52
2026,7,Julho,Motos,Maxtrail,27,YAMAHA/NMAX,1608,2.51
2026,7,Julho,Motos,Maxtrail,28,YAMAHA/AEROX 160,1270,2.09
2026,7,Julho,Motos,Maxtrail,29,AVELLOZ/AZ1,1123,1.85
2026,7,Julho,Motos,Maxtrail,30,SHINERAY/SHI 50,1146,1.55
2026,7,Julho,Motos,Sport,1,YAMAHA/YZF R15,1029,61.58
2026,7,Julho,Motos,Sport,2,YAMAHA/YZF R3,144,7.92
2026,7,Julho,Motos,Sport,3,KAWASAKI/NINJA 500,106,6.42
2026,7,Julho,Motos,Sport,4,KAWASAKI/NINJA ZX-6R,94,5.68
2026,7,Julho,Motos,Sport,5,BMW/S1000 R,71,4.97
2026,7,Julho,Motos,Sport,6,KAWASAKI/NINJA 300,98,4.36
2026,7,Julho,Motos,Sport,7,KAWASAKI/NINJA ZX-4R,79,3.96
2026,7,Julho,Motos,Sport,8,TRIUMPH/DAYTONA 660,20,1.5
2026,7,Julho,Motos,Sport,9,SUZUKI/GSX-8 R,23,0.99
2026,7,Julho,Motos,Sport,10,KAWASAKI/NINJA 650,14,0.68
2026,7,Julho,Motos,Sport,11,H.DAVIDSON/ROAD GLIDE,5,45.54
2026,7,Julho,Motos,Sport,12,BMW/R 1300 RT,49,33.2
2026,7,Julho,Motos,Sport,13,H.DAVIDSON/STREET GLIDE,15,18.66
2026,7,Julho,Motos,Sport,14,BMW/K 1600,2,1.23
2026,7,Julho,Motos,Sport,15,HONDA/GOLDWING,4,1.23
2026,7,Julho,Motos,Sport,16,BMW/R1250 RT,0,0.14
2026,8,Agosto,Autos,Veículos de Entrada,1,FIAT/MOBI,5587,52.8
2026,8,Agosto,Autos,Veículos de Entrada,2,RENAULT/KWID,4357,46.87
2026,8,Agosto,Autos,Veículos de Entrada,3,RENAULT/E-KWID,1,0.28
2026,8,Agosto,Autos,Veículos de Entrada,4,FIAT/UNO,0,0.01
2026,8,Agosto,Autos,Veículos de Entrada,5,VW/GOL,0,0.01
2026,8,Agosto,Autos,Veículos de Entrada,6,FORD/KA,1,0
2026,8,Agosto,Autos,Veículos de Entrada,7,CAOA CHERY/QQ,0,0
2026,8,Agosto,Autos,Veículos de Entrada,8,GM/CELTA,0,0
2026,8,Agosto,Autos,Veículos de Entrada,9,GM/CHEVETTE,0,0
2026,8,Agosto,Autos,Veículos de Entrada,10,VW/POLO,10472,19.12
2026,8,Agosto,Autos,Veículos de Entrada,11,FIAT/ARGO,8811,16.19
2026,8,Agosto,Autos,Veículos de Entrada,12,GM/ONIX,7635,15.84
2026,8,Agosto,Autos,Veículos de Entrada,13,BYD/DOLPHIN MINI,8299,13.07
2026,8,Agosto,Autos,Veículos de Entrada,14,HYUNDAI/HB20,5309,12.06
2026,8,Agosto,Autos,Veículos de Entrada,15,BYD/DOLPHIN,6740,7.98
2026,8,Agosto,Autos,Veículos de Entrada,16,GEELY/EX2,5804,6.76
2026,8,Agosto,Autos,Veículos de Entrada,17,CITROEN/C3,981,2.28
2026,8,Agosto,Autos,Veículos de Entrada,18,HONDA/CITY HATCH,1447,2.18
2026,8,Agosto,Autos,Veículos de Entrada,19,HYUNDAI/I20,3042,1.63
2026,8,Agosto,Autos,Veículos de Entrada,20,PEUGEOT/208,332,0.93
2026,8,Agosto,Autos,Veículos de Entrada,21,GAC/AION UT,979,0.7
2026,8,Agosto,Autos,Veículos de Entrada,22,VW/GOLF,12,47.68
2026,8,Agosto,Autos,Veículos de Entrada,23,AUDI/A3,9,17.24
2026,8,Agosto,Autos,Veículos de Entrada,24,TOYOTA/GR YARIS,1,15.44
2026,8,Agosto,Autos,Veículos de Entrada,25,BMW/M135I,10,14.69
2026,8,Agosto,Autos,Veículos de Entrada,26,HONDA/CIVIC TYPE-R,0,1.65
2026,8,Agosto,Autos,Veículos de Entrada,27,M.BENZ/A45 AMG,1,1.2
2026,8,Agosto,Autos,Sedans Pequenos,1,HYUNDAI/HB20S,1216,58.43
2026,8,Agosto,Autos,Sedans Pequenos,2,FIAT/CRONOS,2066,41.53
2026,8,Agosto,Autos,Sedans Pequenos,3,FORD/KA SEDAN,0,0.01
2026,8,Agosto,Autos,Sedans Pequenos,4,GM/PRISMA,1,0.01
2026,8,Agosto,Autos,Sedans Pequenos,5,FIAT/SIENA,0,0
2026,8,Agosto,Autos,Sedans Pequenos,6,FORD/FIESTA SEDAN,0,0
2026,8,Agosto,Autos,Sedans Pequenos,7,GM/CLASSIC,1,0
2026,8,Agosto,Autos,Sedans Pequenos,8,NISSAN/VERSA,0,0
2026,8,Agosto,Autos,Sedans Pequenos,9,RENAULT/LOGAN,0,0
2026,8,Agosto,Autos,Sedans Pequenos,10,TOYOTA/ETIOS SEDAN,0,0
2026,8,Agosto,Autos,Sedans Pequenos,11,GM/ONIX PLUS,4944,43.56
2026,8,Agosto,Autos,Sedans Pequenos,12,VW/VIRTUS,2864,33.55
2026,8,Agosto,Autos,Sedans Pequenos,13,HONDA/CITY,1479,15.67
2026,8,Agosto,Autos,Sedans Pequenos,14,NISSAN/VERSA,533,7.2
2026,8,Agosto,Autos,Sedans Pequenos,15,TOYOTA/YARIS SEDAN,1,0.01
2026,8,Agosto,Autos,Sedans Pequenos,16,GM/MONZA,0,0
2026,8,Agosto,Autos,Sedans médios,1,TOYOTA/COROLLA,855,50.45
2026,8,Agosto,Autos,Sedans médios,2,BYD/KING,1433,36.47
2026,8,Agosto,Autos,Sedans médios,3,VW/JETTA,216,3.96
2026,8,Agosto,Autos,Sedans médios,4,BYD/SEAL,70,2.84
2026,8,Agosto,Autos,Sedans médios,5,AUDI/A5,60,1.71
2026,8,Agosto,Autos,Sedans médios,6,NISSAN/SENTRA,5,1.17
2026,8,Agosto,Autos,Sedans médios,7,GAC/AION ES,105,0.89
2026,8,Agosto,Autos,Sedans médios,8,AUDI/A3 SEDAN,12,0.46
2026,8,Agosto,Autos,Sedans médios,9,BMW/M235I,8,0.41
2026,8,Agosto,Autos,Sedans médios,10,AUDI/RS3,13,0.33
2026,8,Agosto,Autos,Sedans médios,11,BMW/420I,14,0.28
2026,8,Agosto,Autos,Sedans médios,12,CAOA CHERY/ARRIZO 6,2,0.24
2026,8,Agosto,Autos,Sedans médios,13,BMW/220,2,0.2
2026,8,Agosto,Autos,Sedans médios,14,M.BENZ/CLA200,1,0.19
2026,8,Agosto,Autos,Sedans médios,15,HONDA/CIVIC,21,0.18
2026,8,Agosto,Autos,Sedans médios,16,M.BENZ/CLA45,5,0.1
2026,8,Agosto,Autos,Sedans médios,17,M.BENZ/CLA35,0,0.06
2026,8,Agosto,Autos,Sedans médios,18,M.BENZ/AMG C63S,2,0.02
2026,8,Agosto,Autos,Sedans médios,19,GM/CRUZE SEDAN,0,0.02
2026,8,Agosto,Autos,Sedans médios,20,ALFA ROMEO/MONTREAL,0,0
2026,8,Agosto,Autos,Sedans médios,21,FORD/DEL REY,0,0
2026,8,Agosto,Autos,Sedans médios,22,BMW/320I,226,60.9
2026,8,Agosto,Autos,Sedans médios,23,M.BENZ/CLASSE C,63,20.16
2026,8,Agosto,Autos,Sedans médios,24,PORSCHE/PANAMERA,12,4.69
2026,8,Agosto,Autos,Sedans médios,25,BMW/330E,37,4.07
2026,8,Agosto,Autos,Sedans médios,26,M.BENZ/CLASSE E,1,2.62
2026,8,Agosto,Autos,Sedans médios,27,BMW/530E,2,1.05
2026,8,Agosto,Autos,Sedans médios,28,M.BENZ/AMG GT63S,5,1.02
2026,8,Agosto,Autos,Sedans médios,29,BMW/I4,3,0.85
2026,8,Agosto,Autos,Sedans médios,30,ZEEKR/001,1,0.77
2026,8,Agosto,Autos,Sedans médios,31,HONDA/ACCORD,1,0.68
2026,8,Agosto,Autos,Sedans médios,32,BMW/I7,0,0.65
2026,8,Agosto,Autos,Sedans médios,33,M.BENZ/S63,0,0.37
2026,8,Agosto,Autos,Sw Médios,1,FIAT/PALIO WEEKEND,0,37.5
2026,8,Agosto,Autos,Sw Médios,2,VW/PARATI,0,25.0
2026,8,Agosto,Autos,Sw Médios,3,FIAT/WEEKEND,0,12.5
2026,8,Agosto,Autos,Sw Médios,4,FORD/BELINA,0,12.5
2026,8,Agosto,Autos,Sw Médios,5,AUDI/RS6 AVANT,0,93.55
2026,8,Agosto,Autos,Sw Médios,6,BMW/ALPINA,0,3.23
2026,8,Agosto,Autos,Sw Médios,7,GM/CARAVAN,0,3.23
2026,8,Agosto,Autos,Sw Médios,8,HONDA/FIT,1,44.44
2026,8,Agosto,Autos,Sw Médios,9,FIAT/DOBLO,0,33.33
2026,8,Agosto,Autos,Sw Médios,10,FIAT/IDEA,0,11.11
2026,8,Agosto,Autos,Sw Médios,11,GM/BOLT,1,11.11
2026,8,Agosto,Autos,Grandcab,1,GM/SPIN,1636,98.52
2026,8,Agosto,Autos,Grandcab,2,KIA/CARNIVAL,20,1.25
2026,8,Agosto,Autos,Grandcab,3,VW/ID.BUZZ,0,0.15
2026,8,Agosto,Autos,Grandcab,4,TOYOTA/SIENNA,0,0.03
2026,8,Agosto,Autos,Grandcab,5,PORSCHE/911,42,38.79
2026,8,Agosto,Autos,Grandcab,6,FORD/MUSTANG,35,13.94
2026,8,Agosto,Autos,Grandcab,7,GM/CORVETTE,26,8.38
2026,8,Agosto,Autos,Grandcab,8,BMW/M2,20,8.28
2026,8,Agosto,Autos,Grandcab,9,BMW/M3,6,6.77
2026,8,Agosto,Autos,Grandcab,10,PORSCHE/BOXSTER,14,4.73
2026,8,Agosto,Autos,Grandcab,11,MG/CYBERSTER,15,4.29
2026,8,Agosto,Autos,Grandcab,12,DODGE/CHALLENGER,8,2.88
2026,8,Agosto,Autos,Grandcab,13,PORSCHE/CAYMAN,6,2.49
2026,8,Agosto,Autos,Suv's,1,VW/T CROSS,6815,7.05
2026,8,Agosto,Autos,Suv's,2,VW/TERA,10338,7.05
2026,8,Agosto,Autos,Suv's,3,HYUNDAI/CRETA,7354,5.59
2026,8,Agosto,Autos,Suv's,4,BYD/SONG,6724,5.13
2026,8,Agosto,Autos,Suv's,5,GM/TRACKER,5326,4.57
2026,8,Agosto,Autos,Suv's,6,JEEP/COMPASS,4547,4.15
2026,8,Agosto,Autos,Suv's,7,VW/NIVUS,3259,4.04
2026,8,Agosto,Autos,Suv's,8,FIAT/PULSE,4775,3.98
2026,8,Agosto,Autos,Suv's,9,FIAT/FASTBACK,5133,3.97
2026,8,Agosto,Autos,Suv's,10,GWM/HAVAL H6,6433,3.67
2026,8,Agosto,Autos,Suv's,11,HONDA/HR-V,3279,3.37
2026,8,Agosto,Autos,Suv's,12,JEEP/RENEGADE,3039,3.08
2026,8,Agosto,Autos,Suv's,13,TOYOTA/COROLLA CROSS,3265,2.91
2026,8,Agosto,Autos,Suv's,14,TOYOTA/YARIS CROSS,4414,2.85
2026,8,Agosto,Autos,Suv's,15,HONDA/WR-V,3445,2.75
2026,8,Agosto,Autos,Suv's,16,CAOA CHERY/TIGGO 5X,3398,2.62
2026,8,Agosto,Autos,Suv's,17,NISSAN/KICKS,2676,2.56
2026,8,Agosto,Autos,Suv's,18,NISSAN/KAIT,3194,2.42
2026,8,Agosto,Autos,Suv's,19,CAOA CHERY/TIGGO 7,1324,2.04
2026,8,Agosto,Autos,Suv's,20,OMODA JAECOO/OMODA 5,3344,1.72
2026,8,Agosto,Autos,Suv's,21,OMODA JAECOO/JAECOO 7,2287,1.34
2026,8,Agosto,Autos,Suv's,22,GM/SONIC,2651,1.24
2026,8,Agosto,Autos,Suv's,23,JEEP/COMMANDER,1091,1.21
2026,8,Agosto,Autos,Suv's,24,VW/TAOS,1295,1.16
2026,8,Agosto,Autos,Suv's,25,RENAULT/KARDIAN,1414,1.14
2026,8,Agosto,Autos,Suv's,26,RENAULT/DUSTER,1165,1.07
2026,8,Agosto,Autos,Suv's,27,CAOA CHERY/TIGGO 8,1290,1.06
2026,8,Agosto,Autos,Suv's,28,CITROEN/BASALT,785,1.05
2026,8,Agosto,Autos,Suv's,29,TOYOTA/HILUX SW4,1064,1.0
2026,8,Agosto,Autos,Suv's,30,GWM/HAVAL H9,974,0.92
2026,8,Agosto,Autos,Suv's,31,RENAULT/BOREAL,624,0.87
2026,8,Agosto,Autos,Suv's,32,FORD/TERRITORY,775,0.73
2026,8,Agosto,Autos,Suv's,33,PEUGEOT/2008,475,0.59
2026,8,Agosto,Autos,Suv's,34,MITSUBISHI/ECLIPSE CROSS,593,0.57
2026,8,Agosto,Autos,Suv's,35,BYD/YUAN,793,0.55
2026,8,Agosto,Autos,Suv's,36,LEAPMOTOR/C10,891,0.55
2026,8,Agosto,Autos,Suv's,37,GEELY/EX5 EM-I,1346,0.52
2026,8,Agosto,Autos,Suv's,38,GM/SPARK,266,0.51
2026,8,Agosto,Autos,Suv's,39,CAOA CHANGAN/UNIT-T,646,0.47
2026,8,Agosto,Autos,Suv's,40,GWM/TANK 300,262,0.4
2026,8,Agosto,Com. Leves,Pick-up's Pequenas,1,FIAT/STRADA,13798,76.73
2026,8,Agosto,Com. Leves,Pick-up's Pequenas,2,VW/SAVEIRO,5295,23.27
2026,8,Agosto,Com. Leves,Pick-up's Pequenas,3,GM/MONTANA,1,0.01
2026,8,Agosto,Com. Leves,Pick-up's Pequenas,4,FORD/RANCHERO,0,0
2026,8,Agosto,Com. Leves,Pick-up's Pequenas,5,GM/CHEVY,0,0
2026,8,Agosto,Com. Leves,Pick-up's Pequenas,6,FIAT/TORO,5707,21.06
2026,8,Agosto,Com. Leves,Pick-up's Pequenas,7,TOYOTA/HILUX,3471,17.01
2026,8,Agosto,Com. Leves,Pick-up's Pequenas,8,FORD/RANGER,3130,13.23
2026,8,Agosto,Com. Leves,Pick-up's Pequenas,9,GM/S10,2759,11.45
2026,8,Agosto,Com. Leves,Pick-up's Pequenas,10,RAM/RAMPAGE,2303,9.38
2026,8,Agosto,Com. Leves,Pick-up's Pequenas,11,GM/MONTANA,1586,6.64
2026,8,Agosto,Com. Leves,Pick-up's Pequenas,12,MITSUBISHI/TRITON,1225,4.77
2026,8,Agosto,Com. Leves,Pick-up's Pequenas,13,RENAULT/OROCH,850,4.11
2026,8,Agosto,Com. Leves,Pick-up's Pequenas,14,GWM/POER,621,2.56
2026,8,Agosto,Com. Leves,Pick-up's Pequenas,15,FIAT/TITANO,258,1.96
2026,8,Agosto,Com. Leves,Pick-up's Pequenas,16,RAM/DAKOTA,634,1.8
2026,8,Agosto,Com. Leves,Pick-up's Pequenas,17,RENAULT/MASTER,1267,24.26
2026,8,Agosto,Com. Leves,Pick-up's Pequenas,18,FIAT/DUCATO,354,8.39
2026,8,Agosto,Com. Leves,Pick-up's Pequenas,19,KIA/K2500,350,8.21
2026,8,Agosto,Com. Leves,Pick-up's Pequenas,20,VW TRUCK E BUS/EXPRESS,573,6.97
2026,8,Agosto,Com. Leves,Pick-up's Pequenas,21,EFFA/V21,335,6.13
2026,8,Agosto,Com. Leves,Pick-up's Pequenas,22,FIAT/SCUDO,128,5.66
2026,8,Agosto,Com. Leves,Pick-up's Pequenas,23,IVECO/DAILY,279,5.46
2026,8,Agosto,Com. Leves,Furgões Pequenos,1,FIAT/FIORINO,1845,86.56
2026,8,Agosto,Com. Leves,Furgões Pequenos,2,RENAULT/KANGOO,223,11.32
2026,8,Agosto,Com. Leves,Furgões Pequenos,3,PEUGEOT/PARTNER,17,1.6
2026,8,Agosto,Com. Leves,Furgões Pequenos,4,RENAULT/KWID,80,0.48
2026,8,Agosto,Caminhões,Semi-Leve,1,M.BENZ/SPRINTER 417,95,40.73
2026,8,Agosto,Caminhões,Semi-Leve,2,M.BENZ/SPRINTER 517,102,38.0
2026,8,Agosto,Caminhões,Semi-Leve,3,IVECO/DAILY 45-170,20,8.37
2026,8,Agosto,Caminhões,Semi-Leve,4,IVECO/DAILY 55C17,14,6.1
2026,8,Agosto,Caminhões,Semi-Leve,5,IVECO/DAILY 45-180,5,1.57
2026,8,Agosto,Caminhões,Semi-Leve,6,IVECO/DAILY 30-160,2,1.05
2026,8,Agosto,Caminhões,Semi-Leve,7,IVECO/DAILY 55-180,1,0.81
2026,8,Agosto,Caminhões,Semi-Leve,8,AGRALE/MARRUA,1,0.64
2026,8,Agosto,Caminhões,Semi-Leve,9,IVECO/DAILY 55-170,0,0.64
2026,8,Agosto,Caminhões,Semi-Leve,10,IVECO/DAILY,1,0.58
2026,8,Agosto,Caminhões,Semi-Leve,11,VW TRUCK E BUS/9.180,111,28.36
2026,8,Agosto,Caminhões,Semi-Leve,12,M.BENZ/ACCELO 817,174,24.81
2026,8,Agosto,Caminhões,Semi-Leve,13,M.BENZ/ACCELO 917,9,15.92
2026,8,Agosto,Caminhões,Semi-Leve,14,IVECO/TECTOR 9-190,42,7.55
2026,8,Agosto,Caminhões,Semi-Leve,15,FOTON/AUMARK S 715,32,5.15
2026,8,Agosto,Caminhões,Semi-Leve,16,M.BENZ/ACCELO 1017,12,3.74
2026,8,Agosto,Caminhões,Semi-Leve,17,IVECO/DAILY 65-170,18,2.67
2026,8,Agosto,Caminhões,Semi-Leve,18,FOTON/AUMARK S 916,1,2.06
2026,8,Agosto,Caminhões,Semi-Leve,19,VW TRUCK E BUS/6.170,13,1.93
2026,8,Agosto,Caminhões,Semi-Leve,20,JAC/EJT9.5,0,1.31
2026,8,Agosto,Caminhões,Semi-Leve,21,VW TRUCK E BUS/11.180,540,44.88
2026,8,Agosto,Caminhões,Semi-Leve,22,M.BENZ/ACCELO 1117,362,27.11
2026,8,Agosto,Caminhões,Semi-Leve,23,IVECO/TECTOR 11-190,107,6.28
2026,8,Agosto,Caminhões,Semi-Leve,24,FOTON/AUMARK S 1217A,85,4.74
2026,8,Agosto,Caminhões,Semi-Leve,25,VW TRUCK E BUS/14.180,67,4.18
2026,8,Agosto,Caminhões,Semi-Leve,26,M.BENZ/ATEGO 1419,45,4.03
2026,8,Agosto,Caminhões,Semi-Leve,27,M.BENZ/ACCELO 1417,36,2.53
2026,8,Agosto,Caminhões,Semi-Leve,28,VW TRUCK E BUS/13.180,5,2.31
2026,8,Agosto,Caminhões,Semi-Leve,29,VW TRUCK E BUS/14.210,28,1.15
2026,8,Agosto,Caminhões,Semi-Leve,30,M.BENZ/ACCELO 1317,0,0.91
2026,8,Agosto,Caminhões,Semi-Pesado,1,VOLVO/VM 290,306,9.71
2026,8,Agosto,Caminhões,Semi-Pesado,2,M.BENZ/ATEGO 2429,405,9.58
2026,8,Agosto,Caminhões,Semi-Pesado,3,VW TRUCK E BUS/26.260,261,9.45
2026,8,Agosto,Caminhões,Semi-Pesado,4,VW TRUCK E BUS/17.210,306,8.83
2026,8,Agosto,Caminhões,Semi-Pesado,5,M.BENZ/ATEGO 1719,254,8.06
2026,8,Agosto,Caminhões,Semi-Pesado,6,M.BENZ/ATEGO 3033,143,4.69
2026,8,Agosto,Caminhões,Semi-Pesado,7,VW TRUCK E BUS/18.260,9,4.54
2026,8,Agosto,Caminhões,Semi-Pesado,8,VW TRUCK E BUS/26.320,141,4.45
2026,8,Agosto,Caminhões,Semi-Pesado,9,VW TRUCK E BUS/31.320,149,4.44
2026,8,Agosto,Caminhões,Semi-Pesado,10,VW TRUCK E BUS/30.320,113,3.74
2026,8,Agosto,Caminhões,Semi-Pesado,11,VOLVO/FH 540,582,12.21
2026,8,Agosto,Caminhões,Semi-Pesado,12,VOLVO/FH 500,467,7.48
2026,8,Agosto,Caminhões,Semi-Pesado,13,DAF/XF 530,230,6.74
2026,8,Agosto,Caminhões,Semi-Pesado,14,VOLVO/VM 360,271,5.95
2026,8,Agosto,Caminhões,Semi-Pesado,15,SCANIA/R 460,259,4.74
2026,8,Agosto,Caminhões,Semi-Pesado,16,SCANIA/R560,297,4.45
2026,8,Agosto,Caminhões,Semi-Pesado,17,M.BENZ/AXOR 2545S,146,4.24
2026,8,Agosto,Caminhões,Semi-Pesado,18,DAF/XF 480,153,4.15
2026,8,Agosto,Caminhões,Semi-Pesado,19,VOLVO/FH 460,162,4.09
2026,8,Agosto,Caminhões,Semi-Pesado,20,VW TRUCK E BUS/28.480,110,3.48
2026,8,Agosto,Motos,City,1,HONDA/CG 160,48053,57.03
2026,8,Agosto,Motos,City,2,MOTTU/SPORT 110I,11983,12.66
2026,8,Agosto,Motos,City,3,YAMAHA/YBR 150,6992,8.35
2026,8,Agosto,Motos,City,4,HONDA/CB 300F,3222,6.64
2026,8,Agosto,Motos,City,5,YAMAHA/FAZER 250,3608,4.64
2026,8,Agosto,Motos,City,6,YAMAHA/FAZER 150,4295,4.46
2026,8,Agosto,Motos,City,7,SHINERAY/SHI 150,753,1.61
2026,8,Agosto,Motos,City,8,HAOJUE/DK160,894,1.3
2026,8,Agosto,Motos,City,9,BAJAJ/PULSAR N150,1127,1.02
2026,8,Agosto,Motos,City,10,SHINERAY/XY 150,425,0.63
2026,8,Agosto,Motos,City,11,ROYAL ENFIELD/HUNTER 350,781,25.51
2026,8,Agosto,Motos,City,12,ROYAL ENFIELD/SUPER METEOR 650,464,16.62
2026,8,Agosto,Motos,City,13,ROYAL ENFIELD/METEOR,479,15.9
2026,8,Agosto,Motos,City,14,TRIUMPH/SCRAMBLER 400,294,10.44
2026,8,Agosto,Motos,City,15,ROYAL ENFIELD/CLASSIC 350,158,6.0
2026,8,Agosto,Motos,City,16,ROYAL ENFIELD/SHOTGUN 650,104,4.82
2026,8,Agosto,Motos,City,17,ROYAL ENFIELD/BEAR 650,72,3.11
2026,8,Agosto,Motos,City,18,ROYAL ENFIELD/CLASSIC 650,83,2.28
2026,8,Agosto,Motos,City,19,KAWASAKI/ELIMINATOR 500,45,2.14
2026,8,Agosto,Motos,City,20,KAWASAKI/VULCAN S,37,1.53
2026,8,Agosto,Motos,City,21,HONDA/NXR160,16270,43.17
2026,8,Agosto,Motos,City,22,HONDA/XRE 190,4374,11.75
2026,8,Agosto,Motos,City,23,YAMAHA/XTZ 250,3614,9.33
2026,8,Agosto,Motos,City,24,HONDA/XRE 300,3593,9.18
2026,8,Agosto,Motos,City,25,SHINERAY/SHI 175,2461,6.78
2026,8,Agosto,Motos,City,26,YAMAHA/CROSSER 150,3483,6.47
2026,8,Agosto,Motos,City,27,HONDA/XR 300L,964,3.23
2026,8,Agosto,Motos,City,28,AVELLOZ/AZ160,1318,2.92
2026,8,Agosto,Motos,City,29,SHINERAY/SHI 250,1045,2.2
2026,8,Agosto,Motos,City,30,HAOJUE/DL 160,321,0.82
2026,8,Agosto,Motos,Maxtrail,1,ROYAL ENFIELD/HIMALAYAN,753,17.54
2026,8,Agosto,Motos,Maxtrail,2,HONDA/NX 500,561,14.86
2026,8,Agosto,Motos,Maxtrail,3,BMW/R1300GSA,306,7.88
2026,8,Agosto,Motos,Maxtrail,4,HONDA/NC 750X,251,6.94
2026,8,Agosto,Motos,Maxtrail,5,TRIUMPH/TIGER 900,245,6.72
2026,8,Agosto,Motos,Maxtrail,6,YAMAHA/XTZ 690,124,4.7
2026,8,Agosto,Motos,Maxtrail,7,BMW/R1300GS,130,4.29
2026,8,Agosto,Motos,Maxtrail,8,HONDA/CRF 1100L,172,4.1
2026,8,Agosto,Motos,Maxtrail,9,BMW/F900 GS,141,3.86
2026,8,Agosto,Motos,Maxtrail,10,CFMOTO/IBEX 450,368,3.81
2026,8,Agosto,Motos,Maxtrail,11,YAMAHA/MT03,767,14.99
2026,8,Agosto,Motos,Maxtrail,12,BAJAJ/DOMINAR D400,818,14.12
2026,8,Agosto,Motos,Maxtrail,13,BAJAJ/NS400 Z,554,9.56
2026,8,Agosto,Motos,Maxtrail,14,BAJAJ/DOMINAR NS160,458,8.4
2026,8,Agosto,Motos,Maxtrail,15,BAJAJ/DOMINAR NS200,251,6.58
2026,8,Agosto,Motos,Maxtrail,16,HONDA/CB 500,337,6.3
2026,8,Agosto,Motos,Maxtrail,17,BAJAJ/DOMINAR D250,286,5.5
2026,8,Agosto,Motos,Maxtrail,18,KAWASAKI/Z900,197,4.25
2026,8,Agosto,Motos,Maxtrail,19,ROYAL ENFIELD/GUERRILLA 450,205,4.05
2026,8,Agosto,Motos,Maxtrail,20,HONDA/CB 650R,221,3.54
2026,8,Agosto,Motos,Maxtrail,21,HONDA/BIZ,21245,33.11
2026,8,Agosto,Motos,Maxtrail,22,HONDA/POP 110I,23622,30.38
2026,8,Agosto,Motos,Maxtrail,23,HONDA/PCX 160,4240,6.6
2026,8,Agosto,Motos,Maxtrail,24,SHINERAY/SHI 125,3591,5.02
2026,8,Agosto,Motos,Maxtrail,25,HONDA/ELITE 125,2270,3.94
2026,8,Agosto,Motos,Maxtrail,26,HONDA/ADV 160,1692,2.51
2026,8,Agosto,Motos,Maxtrail,27,YAMAHA/NMAX,1502,2.47
2026,8,Agosto,Motos,Maxtrail,28,YAMAHA/AEROX 160,1233,2.05
2026,8,Agosto,Motos,Maxtrail,29,AVELLOZ/AZ1,1155,1.83
2026,8,Agosto,Motos,Maxtrail,30,SHINERAY/SHI 50,1161,1.57
2026,8,Agosto,Motos,Sport,1,YAMAHA/YZF R15,1067,61.77
2026,8,Agosto,Motos,Sport,2,YAMAHA/YZF R3,150,8.04
2026,8,Agosto,Motos,Sport,3,KAWASAKI/NINJA 500,101,6.36
2026,8,Agosto,Motos,Sport,4,KAWASAKI/NINJA ZX-6R,98,5.7
2026,8,Agosto,Motos,Sport,5,KAWASAKI/NINJA 300,85,4.44
2026,8,Agosto,Motos,Sport,6,BMW/S1000 R,8,4.41
2026,8,Agosto,Motos,Sport,7,KAWASAKI/NINJA ZX-4R,109,4.27
2026,8,Agosto,Motos,Sport,8,TRIUMPH/DAYTONA 660,16,1.43
2026,8,Agosto,Motos,Sport,9,SUZUKI/GSX-8 R,13,0.97
2026,8,Agosto,Motos,Sport,10,KAWASAKI/NINJA 650,9,0.66
2026,8,Agosto,Motos,Sport,11,H.DAVIDSON/ROAD GLIDE,35,44.54
2026,8,Agosto,Motos,Sport,12,BMW/R 1300 RT,30,33.01
2026,8,Agosto,Motos,Sport,13,H.DAVIDSON/STREET GLIDE,19,18.81
2026,8,Agosto,Motos,Sport,14,HONDA/GOLDWING,10,2.31
2026,8,Agosto,Motos,Sport,15,BMW/K 1600,1,1.21
2026,8,Agosto,Motos,Sport,16,BMW/R1250 RT,0,0.12
