ano,mes_num,mes_nome,segmento,tipo_venda,rank,fabricante,quantidade_mes,participacao_pct
2022,1,Janeiro,Com. Leves,Total,1,FIAT,11815,48.44
2022,1,Janeiro,Com. Leves,Total,2,TOYOTA,2914,11.95
2022,1,Janeiro,Com. Leves,Total,3,VW,2134,8.75
2022,1,Janeiro,Com. Leves,Total,4,RENAULT,2070,8.49
2022,1,Janeiro,Com. Leves,Total,5,FORD,1225,5.02
2022,1,Janeiro,Com. Leves,Total,6,NISSAN,950,3.9
2022,1,Janeiro,Com. Leves,Total,7,MITSUBISHI,826,3.39
2022,1,Janeiro,Com. Leves,Total,8,GM,742,3.04
2022,1,Janeiro,Com. Leves,Total,9,PEUGEOT,450,1.85
2022,1,Janeiro,Com. Leves,Total,10,RAM,256,1.05
2022,1,Janeiro,Com. Leves,Total,11,IVECO,225,0.92
2022,1,Janeiro,Com. Leves,Total,12,CITROEN,204,0.84
2022,1,Janeiro,Com. Leves,Total,13,VW/MAN,172,0.71
2022,1,Janeiro,Com. Leves,Total,14,KIA,151,0.62
2022,1,Janeiro,Com. Leves,Total,15,HYUNDAI,112,0.46
2022,1,Janeiro,Com. Leves,Total,16,M.BENZ,89,0.36
2022,1,Janeiro,Com. Leves,Total,17,EFFA,48,0.2
2022,1,Janeiro,Com. Leves,Total,18,FOTON,2,0.01
2022,1,Janeiro,Com. Leves,Total,19,JAC,2,0.01
2022,1,Janeiro,Com. Leves,Total,20,MAHINDRA,1,0
2022,1,Janeiro,Com. Leves,Total,21,OPEL,1,0
2022,1,Janeiro,Caminhões,Total,1,VW/MAN,2345,27.53
2022,1,Janeiro,Ônibus,Total,1,M.BENZ,660,48.25
2022,1,Janeiro,Caminhões,Total,2,M.BENZ,2309,27.11
2022,1,Janeiro,Ônibus,Total,2,MARCOPOLO,344,25.15
2022,1,Janeiro,Caminhões,Total,3,VOLVO,1726,20.27
2022,1,Janeiro,Ônibus,Total,3,VW/MAN,238,17.4
2022,1,Janeiro,Caminhões,Total,4,IVECO,848,9.96
2022,1,Janeiro,Ônibus,Total,4,VOLVO,53,3.87
2022,1,Janeiro,Caminhões,Total,5,SCANIA,683,8.02
2022,1,Janeiro,Ônibus,Total,5,FORD,34,2.49
2022,1,Janeiro,Caminhões,Total,6,DAF,528,6.2
2022,1,Janeiro,Ônibus,Total,6,IVECO,29,2.12
2022,1,Janeiro,Caminhões,Total,7,JAC,38,0.45
2022,1,Janeiro,Ônibus,Total,7,SCANIA,6,0.44
2022,1,Janeiro,Caminhões,Total,8,HYUNDAI,25,0.29
2022,1,Janeiro,Ônibus,Total,8,AGRALE,3,0.22
2022,1,Janeiro,Caminhões,Total,9,AGRALE,5,0.06
2022,1,Janeiro,Ônibus,Total,9,BYD,1,0.07
2022,1,Janeiro,Caminhões,Total,10,FORD,5,0.06
2022,1,Janeiro,Caminhões,Total,11,FOTON,2,0.02
2022,1,Janeiro,Caminhões,Total,12,JBC,1,0.01
2022,1,Janeiro,Caminhões,Total,13,JMC,1,0.01
2022,1,Janeiro,Motos,Total,1,HONDA,67457,75.22
2022,1,Janeiro,Motos,Total,2,YAMAHA,16955,18.91
2022,1,Janeiro,Motos,Total,3,SHINERAY,1340,1.49
2022,1,Janeiro,Motos,Total,4,KAWASAKI,575,0.64
2022,1,Janeiro,Motos,Total,5,BMW,550,0.61
2022,1,Janeiro,Motos,Total,6,ROYAL ENFIELD,474,0.53
2022,1,Janeiro,Motos,Total,7,AVELLOZ,363,0.4
2022,1,Janeiro,Motos,Total,8,TRIUMPH,360,0.4
2022,1,Janeiro,Motos,Total,9,HAOJUE,321,0.36
2022,1,Janeiro,Motos,Total,10,VOLTZ,321,0.36
2022,1,Janeiro,Motos,Total,11,DAFRA,276,0.31
2022,1,Janeiro,Motos,Total,12,H.DAVIDSON,150,0.17
2022,1,Janeiro,Motos,Total,13,DUCATI,72,0.08
2022,1,Janeiro,Motos,Total,14,SUZUKI,59,0.07
2022,1,Janeiro,Motos,Total,15,CFMOTO,50,0.06
2022,1,Janeiro,Motos,Total,16,SOUSA,42,0.05
2022,1,Janeiro,Motos,Total,17,KTM,41,0.05
2022,1,Janeiro,Motos,Total,18,BULL,38,0.04
2022,1,Janeiro,Motos,Total,19,KYMCO,30,0.03
2022,1,Janeiro,Motos,Total,20,WUYANG,29,0.03
2022,1,Janeiro,Motos,Total,21,VESPA,24,0.03
2022,2,Fevereiro,Autos,Total,1,GM,15203,15.58
2022,2,Fevereiro,Com. Leves,Total,1,FIAT,12393,54.83
2022,2,Fevereiro,Autos,Total,2,FIAT,14021,14.37
2022,2,Fevereiro,Com. Leves,Total,2,TOYOTA,2560,11.33
2022,2,Fevereiro,Autos,Total,3,HYUNDAI,13234,13.56
2022,2,Fevereiro,Com. Leves,Total,3,GM,2229,9.86
2022,2,Fevereiro,Autos,Total,4,VW,10743,11.01
2022,2,Fevereiro,Com. Leves,Total,4,RENAULT,1022,4.52
2022,2,Fevereiro,Autos,Total,5,TOYOTA,10730,10.99
2022,2,Fevereiro,Com. Leves,Total,5,FORD,807,3.57
2022,2,Fevereiro,Autos,Total,6,JEEP,8355,8.56
2022,2,Fevereiro,Com. Leves,Total,6,MITSUBISHI,783,3.46
2022,2,Fevereiro,Autos,Total,7,RENAULT,8129,8.33
2022,2,Fevereiro,Com. Leves,Total,7,VW,756,3.34
2022,2,Fevereiro,Autos,Total,8,HONDA,4018,4.12
2022,2,Fevereiro,Com. Leves,Total,8,NISSAN,565,2.5
2022,2,Fevereiro,Autos,Total,9,CAOA CHERY,3241,3.32
2022,2,Fevereiro,Com. Leves,Total,9,PEUGEOT,292,1.29
2022,2,Fevereiro,Autos,Total,10,PEUGEOT,2301,2.36
2022,2,Fevereiro,Com. Leves,Total,10,VW/MAN,268,1.19
2022,2,Fevereiro,Autos,Total,11,NISSAN,2219,2.27
2022,2,Fevereiro,Com. Leves,Total,11,IVECO,242,1.07
2022,2,Fevereiro,Autos,Total,12,CITROEN,1587,1.63
2022,2,Fevereiro,Com. Leves,Total,12,CITROEN,189,0.84
2022,2,Fevereiro,Autos,Total,13,BMW,834,0.85
2022,2,Fevereiro,Com. Leves,Total,13,KIA,155,0.69
2022,2,Fevereiro,Autos,Total,14,MITSUBISHI,639,0.65
2022,2,Fevereiro,Com. Leves,Total,14,HYUNDAI,143,0.63
2022,2,Fevereiro,Autos,Total,15,LAND ROVER,357,0.37
2022,2,Fevereiro,Com. Leves,Total,15,M.BENZ,92,0.41
2022,2,Fevereiro,Autos,Total,16,VOLVO,351,0.36
2022,2,Fevereiro,Com. Leves,Total,16,EFFA,46,0.2
2022,2,Fevereiro,Autos,Total,17,M.BENZ,310,0.32
2022,2,Fevereiro,Com. Leves,Total,17,RAM,46,0.2
2022,2,Fevereiro,Autos,Total,18,AUDI,288,0.3
2022,2,Fevereiro,Com. Leves,Total,18,FOTON,7,0.03
2022,2,Fevereiro,Autos,Total,19,PORSCHE,185,0.19
2022,2,Fevereiro,Com. Leves,Total,19,JAC,3,0.01
2022,2,Fevereiro,Autos,Total,20,FORD,182,0.19
2022,2,Fevereiro,Com. Leves,Total,20,WILLYS,2,0.01
2022,2,Fevereiro,Autos,Total,21,KIA,182,0.19
2022,2,Fevereiro,Com. Leves,Total,21,HAFEI,1,0
2022,2,Fevereiro,Caminhões,Total,1,VW/MAN,2464,30.95
2022,2,Fevereiro,Ônibus,Total,1,M.BENZ,570,50.76
2022,2,Fevereiro,Caminhões,Total,2,M.BENZ,2195,27.57
2022,2,Fevereiro,Ônibus,Total,2,VW/MAN,257,22.89
2022,2,Fevereiro,Caminhões,Total,3,VOLVO,1491,18.73
2022,2,Fevereiro,Ônibus,Total,3,MARCOPOLO,236,21.02
2022,2,Fevereiro,Caminhões,Total,4,IVECO,802,10.07
2022,2,Fevereiro,Ônibus,Total,4,FORD,21,1.87
2022,2,Fevereiro,Caminhões,Total,5,SCANIA,497,6.24
2022,2,Fevereiro,Ônibus,Total,5,IVECO,21,1.87
2022,2,Fevereiro,Caminhões,Total,6,DAF,327,4.11
2022,2,Fevereiro,Ônibus,Total,6,VOLVO,15,1.34
2022,2,Fevereiro,Caminhões,Total,7,JAC,153,1.92
2022,2,Fevereiro,Ônibus,Total,7,SCANIA,3,0.27
2022,2,Fevereiro,Caminhões,Total,8,HYUNDAI,15,0.19
2022,2,Fevereiro,Caminhões,Total,9,FOTON,6,0.08
2022,2,Fevereiro,Caminhões,Total,10,AGRALE,5,0.06
2022,2,Fevereiro,Caminhões,Total,11,FORD,1,0.01
2022,2,Fevereiro,Caminhões,Total,12,INTERNATIONAL,1,0.01
2022,2,Fevereiro,Caminhões,Total,13,SINOTRUK,1,0.01
2022,2,Fevereiro,Motos,Total,1,HONDA,54563,73.67
2022,2,Fevereiro,Motos,Total,2,YAMAHA,13810,18.65
2022,2,Fevereiro,Motos,Total,3,SHINERAY,1247,1.68
2022,2,Fevereiro,Motos,Total,4,BMW,724,0.98
2022,2,Fevereiro,Motos,Total,5,KAWASAKI,647,0.87
2022,2,Fevereiro,Motos,Total,6,ROYAL ENFIELD,528,0.71
2022,2,Fevereiro,Motos,Total,7,VOLTZ,522,0.7
2022,2,Fevereiro,Motos,Total,8,AVELLOZ,465,0.63
2022,2,Fevereiro,Motos,Total,9,HAOJUE,345,0.47
2022,2,Fevereiro,Motos,Total,10,DAFRA,319,0.43
2022,2,Fevereiro,Motos,Total,11,TRIUMPH,302,0.41
2022,2,Fevereiro,Motos,Total,12,H.DAVIDSON,107,0.14
2022,2,Fevereiro,Motos,Total,13,SUZUKI,61,0.08
2022,2,Fevereiro,Motos,Total,14,DUCATI,49,0.07
2022,2,Fevereiro,Motos,Total,15,SOUSA,39,0.05
2022,2,Fevereiro,Motos,Total,16,BULL,38,0.05
2022,2,Fevereiro,Motos,Total,17,KYMCO,35,0.05
2022,2,Fevereiro,Motos,Total,18,JIANSHE,34,0.05
2022,2,Fevereiro,Motos,Total,19,TRAXX,30,0.04
2022,2,Fevereiro,Motos,Total,20,KTM,21,0.03
2022,2,Fevereiro,Motos,Total,21,ATMAN,19,0.03
2022,3,Março,Autos,Total,1,GM,16637,15.37
2022,3,Março,Com. Leves,Total,1,FIAT,14376,53.92
2022,3,Março,Autos,Total,2,FIAT,14605,13.49
2022,3,Março,Com. Leves,Total,2,TOYOTA,3972,14.9
2022,3,Março,Autos,Total,3,HYUNDAI,14080,13.01
2022,3,Março,Com. Leves,Total,3,GM,2571,9.64
2022,3,Março,Autos,Total,4,TOYOTA,13023,12.03
2022,3,Março,Com. Leves,Total,4,MITSUBISHI,1095,4.11
2022,3,Março,Autos,Total,5,VW,12417,11.47
2022,3,Março,Com. Leves,Total,5,FORD,1047,3.93
2022,3,Março,Autos,Total,6,JEEP,10351,9.56
2022,3,Março,Com. Leves,Total,6,RENAULT,880,3.3
2022,3,Março,Autos,Total,7,RENAULT,7501,6.93
2022,3,Março,Com. Leves,Total,7,NISSAN,618,2.32
2022,3,Março,Autos,Total,8,HONDA,4692,4.33
2022,3,Março,Com. Leves,Total,8,VW,341,1.28
2022,3,Março,Autos,Total,9,NISSAN,3418,3.16
2022,3,Março,Com. Leves,Total,9,PEUGEOT,340,1.28
2022,3,Março,Autos,Total,10,CAOA CHERY,3171,2.93
2022,3,Março,Com. Leves,Total,10,CITROEN,294,1.1
2022,3,Março,Autos,Total,11,PEUGEOT,2760,2.55
2022,3,Março,Com. Leves,Total,11,IVECO,281,1.05
2022,3,Março,Autos,Total,12,BMW,1234,1.14
2022,3,Março,Com. Leves,Total,12,VW/MAN,216,0.81
2022,3,Março,Autos,Total,13,CITROEN,883,0.82
2022,3,Março,Com. Leves,Total,13,KIA,182,0.68
2022,3,Março,Autos,Total,14,MITSUBISHI,636,0.59
2022,3,Março,Com. Leves,Total,14,HYUNDAI,146,0.55
2022,3,Março,Autos,Total,15,M.BENZ,459,0.42
2022,3,Março,Com. Leves,Total,15,M.BENZ,118,0.44
2022,3,Março,Autos,Total,16,PORSCHE,380,0.35
2022,3,Março,Com. Leves,Total,16,RAM,87,0.33
2022,3,Março,Autos,Total,17,LAND ROVER,337,0.31
2022,3,Março,Com. Leves,Total,17,EFFA,80,0.3
2022,3,Março,Autos,Total,18,VOLVO,295,0.27
2022,3,Março,Com. Leves,Total,18,FOTON,6,0.02
2022,3,Março,Autos,Total,19,AUDI,278,0.26
2022,3,Março,Com. Leves,Total,19,JAC,6,0.02
2022,3,Março,Autos,Total,20,FORD,251,0.23
2022,3,Março,Com. Leves,Total,20,BYD,3,0.01
2022,3,Março,Autos,Total,21,KIA,235,0.22
2022,3,Março,Com. Leves,Total,21,WILLYS,1,0
2022,3,Março,Caminhões,Total,1,VW/MAN,3165,31.23
2022,3,Março,Ônibus,Total,1,M.BENZ,1063,59.75
2022,3,Março,Caminhões,Total,2,M.BENZ,2852,28.15
2022,3,Março,Ônibus,Total,2,VW/MAN,293,16.47
2022,3,Março,Caminhões,Total,3,VOLVO,1971,19.45
2022,3,Março,Ônibus,Total,3,MARCOPOLO,288,16.19
2022,3,Março,Caminhões,Total,4,IVECO,956,9.43
2022,3,Março,Ônibus,Total,4,IVECO,41,2.3
2022,3,Março,Caminhões,Total,5,SCANIA,648,6.39
2022,3,Março,Ônibus,Total,5,VOLVO,38,2.14
2022,3,Março,Caminhões,Total,6,DAF,473,4.67
2022,3,Março,Ônibus,Total,6,FORD,37,2.08
2022,3,Março,Caminhões,Total,7,JAC,35,0.35
2022,3,Março,Ônibus,Total,7,SCANIA,13,0.73
2022,3,Março,Caminhões,Total,8,HYUNDAI,14,0.14
2022,3,Março,Ônibus,Total,8,AGRALE,5,0.28
2022,3,Março,Caminhões,Total,9,AGRALE,7,0.07
2022,3,Março,Ônibus,Total,9,BYD,1,0.06
2022,3,Março,Caminhões,Total,10,FORD,4,0.04
2022,3,Março,Caminhões,Total,11,FOTON,2,0.02
2022,3,Março,Caminhões,Total,12,BYD,1,0.01
2022,3,Março,Caminhões,Total,13,DODGE,1,0.01
2022,3,Março,Motos,Total,1,HONDA,82554,74.99
2022,3,Março,Motos,Total,2,YAMAHA,19396,17.62
2022,3,Março,Motos,Total,3,SHINERAY,1857,1.69
2022,3,Março,Motos,Total,4,BMW,986,0.9
2022,3,Março,Motos,Total,5,KAWASAKI,797,0.72
2022,3,Março,Motos,Total,6,ROYAL ENFIELD,795,0.72
2022,3,Março,Motos,Total,7,HAOJUE,705,0.64
2022,3,Março,Motos,Total,8,AVELLOZ,673,0.61
2022,3,Março,Motos,Total,9,DAFRA,553,0.5
2022,3,Março,Motos,Total,10,VOLTZ,514,0.47
2022,3,Março,Motos,Total,11,TRIUMPH,371,0.34
2022,3,Março,Motos,Total,12,H.DAVIDSON,180,0.16
2022,3,Março,Motos,Total,13,SUZUKI,149,0.14
2022,3,Março,Motos,Total,14,DUCATI,90,0.08
2022,3,Março,Motos,Total,15,SOUSA,59,0.05
2022,3,Março,Motos,Total,16,BULL,49,0.04
2022,3,Março,Motos,Total,17,KYMCO,39,0.04
2022,3,Março,Motos,Total,18,SUPER SOCO,32,0.03
2022,3,Março,Motos,Total,19,ATMAN,29,0.03
2022,3,Março,Motos,Total,20,TRAXX,28,0.03
2022,3,Março,Motos,Total,21,WUYANG,18,0.02
2022,4,Abril,Autos,Total,1,FIAT,20203,18.42
2022,4,Abril,Com. Leves,Total,1,FIAT,14166,53.14
2022,4,Abril,Autos,Total,2,GM,18492,16.86
2022,4,Abril,Com. Leves,Total,2,TOYOTA,4071,15.27
2022,4,Abril,Autos,Total,3,HYUNDAI,14017,12.78
2022,4,Abril,Com. Leves,Total,3,GM,2739,10.27
2022,4,Abril,Autos,Total,4,TOYOTA,12243,11.16
2022,4,Abril,Com. Leves,Total,4,FORD,1382,5.18
2022,4,Abril,Autos,Total,5,JEEP,10830,9.87
2022,4,Abril,Com. Leves,Total,5,RENAULT,1126,4.22
2022,4,Abril,Autos,Total,6,VW,9357,8.53
2022,4,Abril,Com. Leves,Total,6,MITSUBISHI,1055,3.96
2022,4,Abril,Autos,Total,7,RENAULT,7042,6.42
2022,4,Abril,Com. Leves,Total,7,IVECO,358,1.34
2022,4,Abril,Autos,Total,8,HONDA,4176,3.81
2022,4,Abril,Com. Leves,Total,8,NISSAN,338,1.27
2022,4,Abril,Autos,Total,9,CAOA CHERY,3259,2.97
2022,4,Abril,Com. Leves,Total,9,PEUGEOT,271,1.02
2022,4,Abril,Autos,Total,10,NISSAN,3066,2.8
2022,4,Abril,Com. Leves,Total,10,CITROEN,244,0.92
2022,4,Abril,Autos,Total,11,PEUGEOT,2099,1.91
2022,4,Abril,Com. Leves,Total,11,KIA,206,0.77
2022,4,Abril,Autos,Total,12,BMW,1108,1.01
2022,4,Abril,Com. Leves,Total,12,VW/MAN,176,0.66
2022,4,Abril,Autos,Total,13,MITSUBISHI,601,0.55
2022,4,Abril,Com. Leves,Total,13,VW,144,0.54
2022,4,Abril,Autos,Total,14,CITROEN,575,0.52
2022,4,Abril,Com. Leves,Total,14,M.BENZ,113,0.42
2022,4,Abril,Autos,Total,15,VOLVO,531,0.48
2022,4,Abril,Com. Leves,Total,15,RAM,90,0.34
2022,4,Abril,Autos,Total,16,M.BENZ,342,0.31
2022,4,Abril,Com. Leves,Total,16,HYUNDAI,81,0.3
2022,4,Abril,Autos,Total,17,PORSCHE,291,0.27
2022,4,Abril,Com. Leves,Total,17,EFFA,61,0.23
2022,4,Abril,Autos,Total,18,LAND ROVER,259,0.24
2022,4,Abril,Com. Leves,Total,18,FOTON,13,0.05
2022,4,Abril,Autos,Total,19,FORD,240,0.22
2022,4,Abril,Com. Leves,Total,19,BYD,12,0.05
2022,4,Abril,Autos,Total,20,AUDI,214,0.2
2022,4,Abril,Com. Leves,Total,20,JAC,8,0.03
2022,4,Abril,Autos,Total,21,KIA,204,0.19
2022,4,Abril,Com. Leves,Total,21,WILLYS,2,0.01
2022,4,Abril,Caminhões,Total,1,VW/MAN,2805,29.92
2022,4,Abril,Ônibus,Total,1,M.BENZ,799,52.53
2022,4,Abril,Caminhões,Total,2,M.BENZ,2491,26.57
2022,4,Abril,Ônibus,Total,2,MARCOPOLO,297,19.53
2022,4,Abril,Caminhões,Total,3,VOLVO,1842,19.65
2022,4,Abril,Ônibus,Total,3,VW/MAN,270,17.75
2022,4,Abril,Caminhões,Total,4,SCANIA,803,8.57
2022,4,Abril,Ônibus,Total,4,FORD,86,5.65
2022,4,Abril,Caminhões,Total,5,IVECO,791,8.44
2022,4,Abril,Ônibus,Total,5,IVECO,32,2.1
2022,4,Abril,Caminhões,Total,6,DAF,558,5.95
2022,4,Abril,Ônibus,Total,6,SCANIA,19,1.25
2022,4,Abril,Caminhões,Total,7,HYUNDAI,34,0.36
2022,4,Abril,Ônibus,Total,7,VOLVO,17,1.12
2022,4,Abril,Caminhões,Total,8,JAC,34,0.36
2022,4,Abril,Caminhões,Total,9,FOTON,7,0.07
2022,4,Abril,Caminhões,Total,10,FORD,3,0.03
2022,4,Abril,Caminhões,Total,11,AGRALE,2,0.02
2022,4,Abril,Caminhões,Total,12,BYD,1,0.01
2022,4,Abril,Motos,Total,1,HONDA,83239,77.26
2022,4,Abril,Motos,Total,2,YAMAHA,16687,15.49
2022,4,Abril,Motos,Total,3,SHINERAY,1834,1.7
2022,4,Abril,Motos,Total,4,BMW,903,0.84
2022,4,Abril,Motos,Total,5,AVELLOZ,744,0.69
2022,4,Abril,Motos,Total,6,ROYAL ENFIELD,729,0.68
2022,4,Abril,Motos,Total,7,KAWASAKI,694,0.64
2022,4,Abril,Motos,Total,8,HAOJUE,660,0.61
2022,4,Abril,Motos,Total,9,DAFRA,593,0.55
2022,4,Abril,Motos,Total,10,VOLTZ,471,0.44
2022,4,Abril,Motos,Total,11,TRIUMPH,389,0.36
2022,4,Abril,Motos,Total,12,H.DAVIDSON,195,0.18
2022,4,Abril,Motos,Total,13,DUCATI,110,0.1
2022,4,Abril,Motos,Total,14,SUZUKI,96,0.09
2022,4,Abril,Motos,Total,15,BULL,61,0.06
2022,4,Abril,Motos,Total,16,SOUSA,36,0.03
2022,4,Abril,Motos,Total,17,SUPER SOCO,31,0.03
2022,4,Abril,Motos,Total,18,KYMCO,25,0.02
2022,4,Abril,Motos,Total,19,TRAXX,23,0.02
2022,4,Abril,Motos,Total,20,ATMAN,19,0.02
2022,4,Abril,Motos,Total,21,VESPA,15,0.01
2022,5,Maio,Autos,Total,1,VW,22790,16.34
2022,5,Maio,Com. Leves,Total,1,FIAT,19231,54.41
2022,5,Maio,Autos,Total,2,GM,22640,16.23
2022,5,Maio,Com. Leves,Total,2,TOYOTA,4147,11.73
2022,5,Maio,Autos,Total,3,FIAT,19712,14.13
2022,5,Maio,Com. Leves,Total,3,GM,2720,7.7
2022,5,Maio,Autos,Total,4,HYUNDAI,19233,13.79
2022,5,Maio,Com. Leves,Total,4,MITSUBISHI,1819,5.15
2022,5,Maio,Autos,Total,5,TOYOTA,13218,9.48
2022,5,Maio,Com. Leves,Total,5,RENAULT,1555,4.4
2022,5,Maio,Autos,Total,6,JEEP,12825,9.2
2022,5,Maio,Com. Leves,Total,6,VW,1503,4.25
2022,5,Maio,Autos,Total,7,RENAULT,5727,4.11
2022,5,Maio,Com. Leves,Total,7,FORD,1398,3.96
2022,5,Maio,Autos,Total,8,NISSAN,5461,3.92
2022,5,Maio,Com. Leves,Total,8,NISSAN,721,2.04
2022,5,Maio,Autos,Total,9,HONDA,4244,3.04
2022,5,Maio,Com. Leves,Total,9,PEUGEOT,527,1.49
2022,5,Maio,Autos,Total,10,PEUGEOT,3925,2.81
2022,5,Maio,Com. Leves,Total,10,CITROEN,394,1.11
2022,5,Maio,Autos,Total,11,CAOA CHERY,3046,2.18
2022,5,Maio,Com. Leves,Total,11,IVECO,329,0.93
2022,5,Maio,Autos,Total,12,CITROEN,1592,1.14
2022,5,Maio,Com. Leves,Total,12,KIA,256,0.72
2022,5,Maio,Autos,Total,13,BMW,1293,0.93
2022,5,Maio,Com. Leves,Total,13,RAM,227,0.64
2022,5,Maio,Autos,Total,14,MITSUBISHI,893,0.64
2022,5,Maio,Com. Leves,Total,14,VW/MAN,189,0.53
2022,5,Maio,Autos,Total,15,VOLVO,582,0.42
2022,5,Maio,Com. Leves,Total,15,M.BENZ,116,0.33
2022,5,Maio,Autos,Total,16,M.BENZ,402,0.29
2022,5,Maio,Com. Leves,Total,16,EFFA,113,0.32
2022,5,Maio,Autos,Total,17,AUDI,381,0.27
2022,5,Maio,Com. Leves,Total,17,HYUNDAI,41,0.12
2022,5,Maio,Autos,Total,18,LAND ROVER,296,0.21
2022,5,Maio,Com. Leves,Total,18,FOTON,29,0.08
2022,5,Maio,Autos,Total,19,PORSCHE,262,0.19
2022,5,Maio,Com. Leves,Total,19,JAC,14,0.04
2022,5,Maio,Autos,Total,20,FORD,252,0.18
2022,5,Maio,Com. Leves,Total,20,BYD,8,0.02
2022,5,Maio,Autos,Total,21,KIA,158,0.11
2022,5,Maio,Com. Leves,Total,21,AGRALE,2,0.01
2022,5,Maio,Caminhões,Total,1,VW/MAN,3088,29.93
2022,5,Maio,Ônibus,Total,1,M.BENZ,1012,52.27
2022,5,Maio,Caminhões,Total,2,M.BENZ,2846,27.58
2022,5,Maio,Ônibus,Total,2,VW/MAN,407,21.02
2022,5,Maio,Caminhões,Total,3,VOLVO,1953,18.93
2022,5,Maio,Ônibus,Total,3,MARCOPOLO,255,13.17
2022,5,Maio,Caminhões,Total,4,IVECO,1068,10.35
2022,5,Maio,Ônibus,Total,4,FORD,144,7.44
2022,5,Maio,Caminhões,Total,5,SCANIA,729,7.06
2022,5,Maio,Ônibus,Total,5,VOLVO,60,3.1
2022,5,Maio,Caminhões,Total,6,DAF,563,5.46
2022,5,Maio,Ônibus,Total,6,IVECO,3,1.7
2022,5,Maio,Caminhões,Total,7,HYUNDAI,31,0.3
2022,5,Maio,Ônibus,Total,7,SCANIA,25,1.29
2022,5,Maio,Caminhões,Total,8,JAC,20,0.19
2022,5,Maio,Caminhões,Total,9,FOTON,9,0.09
2022,5,Maio,Caminhões,Total,10,AGRALE,7,0.07
2022,5,Maio,Caminhões,Total,11,FORD,1,0.01
2022,5,Maio,Motos,Total,1,HONDA,103600,77.68
2022,5,Maio,Motos,Total,2,YAMAHA,19753,14.81
2022,5,Maio,Motos,Total,3,SHINERAY,2311,1.73
2022,5,Maio,Motos,Total,4,BMW,1224,0.92
2022,5,Maio,Motos,Total,5,ROYAL ENFIELD,1167,0.87
2022,5,Maio,Motos,Total,6,AVELLOZ,964,0.72
2022,5,Maio,Motos,Total,7,KAWASAKI,818,0.61
2022,5,Maio,Motos,Total,8,HAOJUE,803,0.6
2022,5,Maio,Motos,Total,9,DAFRA,779,0.58
2022,5,Maio,Motos,Total,10,VOLTZ,611,0.46
2022,5,Maio,Motos,Total,11,TRIUMPH,513,0.38
2022,5,Maio,Motos,Total,12,H.DAVIDSON,191,0.14
2022,5,Maio,Motos,Total,13,SUZUKI,133,0.1
2022,5,Maio,Motos,Total,14,DUCATI,7,0.06
2022,5,Maio,Motos,Total,15,BULL,60,0.04
2022,5,Maio,Motos,Total,16,SOUSA,47,0.04
2022,5,Maio,Motos,Total,17,ATMAN,28,0.02
2022,5,Maio,Motos,Total,18,TRAXX,27,0.02
2022,5,Maio,Motos,Total,19,KYMCO,26,0.02
2022,5,Maio,Motos,Total,20,WUYANG,19,0.01
2022,5,Maio,Motos,Total,21,KTM,15,0.01
2022,6,Junho,Autos,Total,1,VW,23968,17.94
2022,6,Junho,Autos,Total,1,FIAT,16036,50.3
2022,6,Junho,Autos,Total,2,FIAT,18820,14.09
2022,6,Junho,Autos,Total,2,TOYOTA,3845,12.06
2022,6,Junho,Autos,Total,3,HYUNDAI,16616,12.44
2022,6,Junho,Autos,Total,3,GM,2970,9.32
2022,6,Junho,Autos,Total,4,GM,16143,12.08
2022,6,Junho,Autos,Total,4,RENAULT,1987,6.23
2022,6,Junho,Autos,Total,5,TOYOTA,12616,9.44
2022,6,Junho,Autos,Total,5,FORD,1690,5.3
2022,6,Junho,Autos,Total,6,JEEP,11655,8.72
2022,6,Junho,Autos,Total,6,MITSUBISHI,1654,5.19
2022,6,Junho,Autos,Total,7,RENAULT,9177,6.87
2022,6,Junho,Autos,Total,7,VW,838,2.63
2022,6,Junho,Autos,Total,8,NISSAN,4716,3.53
2022,6,Junho,Autos,Total,8,NISSAN,793,2.49
2022,6,Junho,Autos,Total,9,PEUGEOT,4570,3.42
2022,6,Junho,Autos,Total,9,PEUGEOT,446,1.4
2022,6,Junho,Autos,Total,10,HONDA,4016,3.01
2022,6,Junho,Autos,Total,10,RAM,353,1.11
2022,6,Junho,Autos,Total,11,CITROEN,3680,2.75
2022,6,Junho,Autos,Total,11,IVECO,314,0.98
2022,6,Junho,Autos,Total,12,CAOA CHERY,2914,2.18
2022,6,Junho,Autos,Total,12,CITROEN,291,0.91
2022,6,Junho,Autos,Total,13,BMW,1568,1.17
2022,6,Junho,Autos,Total,13,KIA,236,0.74
2022,6,Junho,Autos,Total,14,MITSUBISHI,586,0.44
2022,6,Junho,Autos,Total,14,VW/MAN,154,0.48
2022,6,Junho,Autos,Total,15,M.BENZ,491,0.37
2022,6,Junho,Autos,Total,15,M.BENZ,119,0.37
2022,6,Junho,Autos,Total,16,FORD,358,0.27
2022,6,Junho,Autos,Total,16,EFFA,89,0.28
2022,6,Junho,Autos,Total,17,VOLVO,314,0.24
2022,6,Junho,Autos,Total,17,HYUNDAI,36,0.11
2022,6,Junho,Autos,Total,18,AUDI,308,0.23
2022,6,Junho,Autos,Total,18,FOTON,18,0.06
2022,6,Junho,Autos,Total,19,PORSCHE,264,0.2
2022,6,Junho,Autos,Total,19,JAC,12,0.04
2022,6,Junho,Autos,Total,20,LAND ROVER,248,0.19
2022,6,Junho,Autos,Total,20,SOKON,2,0.01
2022,6,Junho,Autos,Total,21,KIA,144,0.11
2022,6,Junho,Caminhões,Total,1,VW/MAN,3099,28.53
2022,6,Junho,Ônibus,Total,1,M.BENZ,1034,59.73
2022,6,Junho,Caminhões,Total,2,M.BENZ,2896,26.66
2022,6,Junho,Ônibus,Total,2,VW/MAN,387,22.36
2022,6,Junho,Caminhões,Total,3,VOLVO,2235,20.58
2022,6,Junho,Ônibus,Total,3,MARCOPOLO,223,12.88
2022,6,Junho,Caminhões,Total,4,SCANIA,1103,10.15
2022,6,Junho,Ônibus,Total,4,VOLVO,36,2.08
2022,6,Junho,Caminhões,Total,5,IVECO,908,8.36
2022,6,Junho,Ônibus,Total,5,IVECO,26,1.5
2022,6,Junho,Caminhões,Total,6,DAF,565,5.2
2022,6,Junho,Ônibus,Total,6,SCANIA,2,1.27
2022,6,Junho,Caminhões,Total,7,HYUNDAI,21,0.19
2022,6,Junho,Ônibus,Total,7,AGRALE,1,0.06
2022,6,Junho,Caminhões,Total,8,AGRALE,13,0.12
2022,6,Junho,Caminhões,Total,9,JAC,1,0.1
2022,6,Junho,Caminhões,Total,10,FOTON,5,0.05
2022,6,Junho,Caminhões,Total,11,FORD,4,0.04
2022,6,Junho,Caminhões,Total,12,BYD,1,0.01
2022,6,Junho,Motos,Total,1,HONDA,94424,78.12
2022,6,Junho,Motos,Total,2,YAMAHA,17679,14.63
2022,6,Junho,Motos,Total,3,SHINERAY,2053,1.7
2022,6,Junho,Motos,Total,4,BMW,1204,1.0
2022,6,Junho,Motos,Total,5,ROYAL ENFIELD,836,0.69
2022,6,Junho,Motos,Total,6,HAOJUE,779,0.64
2022,6,Junho,Motos,Total,7,AVELLOZ,717,0.59
2022,6,Junho,Motos,Total,8,KAWASAKI,678,0.56
2022,6,Junho,Motos,Total,9,DAFRA,575,0.48
2022,6,Junho,Motos,Total,10,TRIUMPH,568,0.47
2022,6,Junho,Motos,Total,11,VOLTZ,300,0.25
2022,6,Junho,Motos,Total,12,H.DAVIDSON,166,0.14
2022,6,Junho,Motos,Total,13,TVS,163,0.13
2022,6,Junho,Motos,Total,14,SUZUKI,117,0.1
2022,6,Junho,Motos,Total,15,BULL,108,0.09
2022,6,Junho,Motos,Total,16,DUCATI,101,0.08
2022,6,Junho,Motos,Total,17,SOUSA,50,0.04
2022,6,Junho,Motos,Total,18,KYMCO,32,0.03
2022,6,Junho,Motos,Total,19,TRAXX,30,0.02
2022,6,Junho,Motos,Total,20,GCX,2,0.02
2022,6,Junho,Motos,Total,21,AMAZON,17,0.01
2022,7,Julho,Autos,Total,1,GM,25703,18.97
2022,7,Julho,Com. Leves,Total,1,FIAT,16872,50.26
2022,7,Julho,Autos,Total,2,VW,25025,18.47
2022,7,Julho,Com. Leves,Total,2,TOYOTA,4125,12.29
2022,7,Julho,Autos,Total,3,FIAT,18808,13.88
2022,7,Julho,Com. Leves,Total,3,VW,2387,7.11
2022,7,Julho,Autos,Total,4,HYUNDAI,14283,10.54
2022,7,Julho,Com. Leves,Total,4,RENAULT,2314,6.89
2022,7,Julho,Autos,Total,5,TOYOTA,12620,9.31
2022,7,Julho,Com. Leves,Total,5,GM,2235,6.66
2022,7,Julho,Autos,Total,6,JEEP,10161,7.5
2022,7,Julho,Com. Leves,Total,6,MITSUBISHI,1794,5.34
2022,7,Julho,Autos,Total,7,RENAULT,8945,6.6
2022,7,Julho,Com. Leves,Total,7,FORD,1001,2.98
2022,7,Julho,Autos,Total,8,NISSAN,5569,4.11
2022,7,Julho,Com. Leves,Total,8,NISSAN,743,2.21
2022,7,Julho,Autos,Total,9,HONDA,3975,2.93
2022,7,Julho,Com. Leves,Total,9,RAM,545,1.62
2022,7,Julho,Autos,Total,10,PEUGEOT,3121,2.3
2022,7,Julho,Com. Leves,Total,10,PEUGEOT,374,1.11
2022,7,Julho,Autos,Total,11,CAOA CHERY,2115,1.56
2022,7,Julho,Com. Leves,Total,11,KIA,258,0.77
2022,7,Julho,Autos,Total,12,BMW,1267,0.93
2022,7,Julho,Com. Leves,Total,12,IVECO,251,0.75
2022,7,Julho,Autos,Total,13,CITROEN,828,0.61
2022,7,Julho,Com. Leves,Total,13,VW/MAN,185,0.55
2022,7,Julho,Autos,Total,14,AUDI,445,0.33
2022,7,Julho,Com. Leves,Total,14,CITROEN,178,0.53
2022,7,Julho,Autos,Total,15,MITSUBISHI,439,0.32
2022,7,Julho,Com. Leves,Total,15,M.BENZ,145,0.43
2022,7,Julho,Autos,Total,16,M.BENZ,345,0.25
2022,7,Julho,Com. Leves,Total,16,EFFA,98,0.29
2022,7,Julho,Autos,Total,17,PORSCHE,288,0.21
2022,7,Julho,Com. Leves,Total,17,HYUNDAI,26,0.08
2022,7,Julho,Autos,Total,18,FORD,276,0.2
2022,7,Julho,Com. Leves,Total,18,FOTON,13,0.04
2022,7,Julho,Autos,Total,19,KIA,275,0.2
2022,7,Julho,Com. Leves,Total,19,JAC,10,0.03
2022,7,Julho,Autos,Total,20,LAND ROVER,261,0.19
2022,7,Julho,Com. Leves,Total,20,JEEP,9,0.03
2022,7,Julho,Autos,Total,21,VOLVO,251,0.19
2022,7,Julho,Com. Leves,Total,21,BYD,6,0.02
2022,7,Julho,Caminhões,Total,1,M.BENZ,3292,29.06
2022,7,Julho,Ônibus,Total,1,M.BENZ,641,41.06
2022,7,Julho,Caminhões,Total,2,VW/MAN,3121,27.55
2022,7,Julho,Ônibus,Total,2,VW/MAN,409,26.2
2022,7,Julho,Caminhões,Total,3,VOLVO,2150,18.98
2022,7,Julho,Ônibus,Total,3,MARCOPOLO,324,20.76
2022,7,Julho,Caminhões,Total,4,SCANIA,1160,10.24
2022,7,Julho,Ônibus,Total,4,IVECO,101,6.47
2022,7,Julho,Caminhões,Total,5,IVECO,880,7.77
2022,7,Julho,Ônibus,Total,5,SCANIA,3,2.11
2022,7,Julho,Caminhões,Total,6,DAF,639,5.64
2022,7,Julho,Ônibus,Total,6,VOLVO,31,1.99
2022,7,Julho,Caminhões,Total,7,JAC,43,0.38
2022,7,Julho,Ônibus,Total,7,BYD,18,1.15
2022,7,Julho,Caminhões,Total,8,HYUNDAI,14,0.12
2022,7,Julho,Ônibus,Total,8,AGRALE,3,0.19
2022,7,Julho,Caminhões,Total,9,FOTON,1,0.1
2022,7,Julho,Caminhões,Total,10,FORD,6,0.05
2022,7,Julho,Caminhões,Total,11,AGRALE,5,0.04
2022,7,Julho,Caminhões,Total,12,BYD,1,0.01
2022,7,Julho,Caminhões,Total,13,GM,1,0.01
2022,7,Julho,Caminhões,Total,14,INTERNATIONAL,1,0.01
2022,7,Julho,Motos,Total,1,HONDA,81287,75.53
2022,7,Julho,Motos,Total,2,YAMAHA,16858,15.66
2022,7,Julho,Motos,Total,3,SHINERAY,2021,1.88
2022,7,Julho,Motos,Total,4,BMW,1144,1.06
2022,7,Julho,Motos,Total,5,ROYAL ENFIELD,901,0.84
2022,7,Julho,Motos,Total,6,TVS,876,0.81
2022,7,Julho,Motos,Total,7,KAWASAKI,802,0.75
2022,7,Julho,Motos,Total,8,HAOJUE,799,0.74
2022,7,Julho,Motos,Total,9,AVELLOZ,634,0.59
2022,7,Julho,Motos,Total,10,DAFRA,568,0.53
2022,7,Julho,Motos,Total,11,TRIUMPH,513,0.48
2022,7,Julho,Motos,Total,12,VOLTZ,233,0.22
2022,7,Julho,Motos,Total,13,H.DAVIDSON,180,0.17
2022,7,Julho,Motos,Total,14,BULL,125,0.12
2022,7,Julho,Motos,Total,15,SUZUKI,120,0.11
2022,7,Julho,Motos,Total,16,DUCATI,104,0.1
2022,7,Julho,Motos,Total,17,SOUSA,46,0.04
2022,7,Julho,Motos,Total,18,SUPER SOCO,4,0.04
2022,7,Julho,Motos,Total,19,GCX,39,0.04
2022,7,Julho,Motos,Total,20,MOTORINO,31,0.03
2022,7,Julho,Motos,Total,21,KYMCO,20,0.02
2022,8,Agosto,Autos,Total,1,VW,29068,18.74
2022,8,Agosto,Com. Leves,Total,1,FIAT,20455,52.39
2022,8,Agosto,Autos,Total,2,GM,28437,18.34
2022,8,Agosto,Com. Leves,Total,2,TOYOTA,3982,10.2
2022,8,Agosto,Autos,Total,3,FIAT,23784,15.34
2022,8,Agosto,Com. Leves,Total,3,VW,3558,9.11
2022,8,Agosto,Autos,Total,4,HYUNDAI,17777,11.46
2022,8,Agosto,Com. Leves,Total,4,RENAULT,2198,5.63
2022,8,Agosto,Autos,Total,5,JEEP,12292,7.93
2022,8,Agosto,Com. Leves,Total,5,GM,2121,5.43
2022,8,Agosto,Autos,Total,6,TOYOTA,11421,7.36
2022,8,Agosto,Com. Leves,Total,6,FORD,1714,4.39
2022,8,Agosto,Autos,Total,7,RENAULT,10735,6.92
2022,8,Agosto,Com. Leves,Total,7,PEUGEOT,1293,3.31
2022,8,Agosto,Autos,Total,8,NISSAN,4555,2.94
2022,8,Agosto,Com. Leves,Total,8,MITSUBISHI,1284,3.29
2022,8,Agosto,Autos,Total,9,HONDA,4081,2.63
2022,8,Agosto,Com. Leves,Total,9,NISSAN,600,1.54
2022,8,Agosto,Autos,Total,10,CAOA CHERY,3147,2.03
2022,8,Agosto,Com. Leves,Total,10,RAM,506,1.3
2022,8,Agosto,Autos,Total,11,PEUGEOT,3042,1.96
2022,8,Agosto,Com. Leves,Total,11,CITROEN,307,0.79
2022,8,Agosto,Autos,Total,12,CITROEN,2085,1.34
2022,8,Agosto,Com. Leves,Total,12,KIA,277,0.71
2022,8,Agosto,Autos,Total,13,BMW,1380,0.89
2022,8,Agosto,Com. Leves,Total,13,IVECO,229,0.59
2022,8,Agosto,Autos,Total,14,AUDI,565,0.36
2022,8,Agosto,Com. Leves,Total,14,VW/MAN,200,0.51
2022,8,Agosto,Autos,Total,15,MITSUBISHI,463,0.3
2022,8,Agosto,Com. Leves,Total,15,M.BENZ,119,0.3
2022,8,Agosto,Autos,Total,16,PORSCHE,314,0.2
2022,8,Agosto,Com. Leves,Total,16,EFFA,98,0.25
2022,8,Agosto,Autos,Total,17,M.BENZ,289,0.19
2022,8,Agosto,Com. Leves,Total,17,JEEP,5,0.14
2022,8,Agosto,Autos,Total,18,LAND ROVER,284,0.18
2022,8,Agosto,Com. Leves,Total,18,JAC,15,0.04
2022,8,Agosto,Autos,Total,19,FORD,268,0.17
2022,8,Agosto,Com. Leves,Total,19,HYUNDAI,14,0.04
2022,8,Agosto,Autos,Total,20,VOLVO,268,0.17
2022,8,Agosto,Com. Leves,Total,20,FOTON,10,0.03
2022,8,Agosto,Autos,Total,21,KIA,248,0.16
2022,8,Agosto,Com. Leves,Total,21,BYD,5,0.01
2022,8,Agosto,Caminhões,Total,1,VW/MAN,3500,28.45
2022,8,Agosto,Ônibus,Total,1,M.BENZ,1067,52.05
2022,8,Agosto,Caminhões,Total,2,M.BENZ,3137,25.5
2022,8,Agosto,Ônibus,Total,2,VW/MAN,529,25.8
2022,8,Agosto,Caminhões,Total,3,VOLVO,2394,19.46
2022,8,Agosto,Ônibus,Total,3,MARCOPOLO,304,14.83
2022,8,Agosto,Caminhões,Total,4,SCANIA,1535,12.48
2022,8,Agosto,Ônibus,Total,4,IVECO,75,3.66
2022,8,Agosto,Caminhões,Total,5,IVECO,1053,8.56
2022,8,Agosto,Ônibus,Total,5,VOLVO,39,1.9
2022,8,Agosto,Caminhões,Total,6,DAF,641,5.21
2022,8,Agosto,Ônibus,Total,6,SCANIA,28,1.37
2022,8,Agosto,Caminhões,Total,7,HYUNDAI,16,0.13
2022,8,Agosto,Ônibus,Total,7,AGRALE,8,0.39
2022,8,Agosto,Caminhões,Total,8,AGRALE,7,0.06
2022,8,Agosto,Caminhões,Total,9,CAMC,4,0.03
2022,8,Agosto,Caminhões,Total,10,FORD,4,0.03
2022,8,Agosto,Caminhões,Total,11,JAC,4,0.03
2022,8,Agosto,Caminhões,Total,12,FOTON,3,0.02
2022,8,Agosto,Motos,Total,1,HONDA,89352,75.37
2022,8,Agosto,Motos,Total,2,YAMAHA,18711,15.78
2022,8,Agosto,Motos,Total,3,SHINERAY,2143,1.81
2022,8,Agosto,Motos,Total,4,TVS,1317,1.11
2022,8,Agosto,Motos,Total,5,BMW,1281,1.08
2022,8,Agosto,Motos,Total,6,ROYAL ENFIELD,1047,0.88
2022,8,Agosto,Motos,Total,7,KAWASAKI,953,0.8
2022,8,Agosto,Motos,Total,8,HAOJUE,934,0.79
2022,8,Agosto,Motos,Total,9,AVELLOZ,676,0.57
2022,8,Agosto,Motos,Total,10,TRIUMPH,439,0.37
2022,8,Agosto,Motos,Total,11,DAFRA,424,0.36
2022,8,Agosto,Motos,Total,12,VOLTZ,261,0.22
2022,8,Agosto,Motos,Total,13,H.DAVIDSON,190,0.16
2022,8,Agosto,Motos,Total,14,SUZUKI,134,0.11
2022,8,Agosto,Motos,Total,15,BULL,108,0.09
2022,8,Agosto,Motos,Total,16,DUCATI,97,0.08
2022,8,Agosto,Motos,Total,17,GCX,52,0.04
2022,8,Agosto,Motos,Total,18,SOUSA,49,0.04
2022,8,Agosto,Motos,Total,19,SUPER SOCO,39,0.03
2022,8,Agosto,Motos,Total,20,MOTORINO,34,0.03
2022,8,Agosto,Motos,Total,21,KYMCO,2,0.02
2022,9,Setembro,Autos,Total,1,GM,26886,18.77
2022,9,Setembro,Com. Leves,Total,1,FIAT,16435,44.16
2022,9,Setembro,Autos,Total,2,FIAT,22487,15.7
2022,9,Setembro,Com. Leves,Total,2,VW,5230,14.05
2022,9,Setembro,Autos,Total,3,VW,20924,14.61
2022,9,Setembro,Com. Leves,Total,3,TOYOTA,4165,11.19
2022,9,Setembro,Autos,Total,4,HYUNDAI,16318,11.39
2022,9,Setembro,Com. Leves,Total,4,RENAULT,2828,7.6
2022,9,Setembro,Autos,Total,5,JEEP,10872,7.59
2022,9,Setembro,Com. Leves,Total,5,GM,2411,6.48
2022,9,Setembro,Autos,Total,6,TOYOTA,10807,7.55
2022,9,Setembro,Com. Leves,Total,6,FORD,1670,4.49
2022,9,Setembro,Autos,Total,7,RENAULT,9906,6.92
2022,9,Setembro,Com. Leves,Total,7,MITSUBISHI,1429,3.84
2022,9,Setembro,Autos,Total,8,HONDA,6153,4.3
2022,9,Setembro,Com. Leves,Total,8,RAM,678,1.82
2022,9,Setembro,Autos,Total,9,CAOA CHERY,3764,2.63
2022,9,Setembro,Com. Leves,Total,9,NISSAN,674,1.81
2022,9,Setembro,Autos,Total,10,NISSAN,3758,2.62
2022,9,Setembro,Com. Leves,Total,10,PEUGEOT,521,1.4
2022,9,Setembro,Autos,Total,11,CITROEN,3722,2.6
2022,9,Setembro,Com. Leves,Total,11,CITROEN,264,0.71
2022,9,Setembro,Autos,Total,12,PEUGEOT,2551,1.78
2022,9,Setembro,Com. Leves,Total,12,KIA,251,0.67
2022,9,Setembro,Autos,Total,13,BMW,1145,0.8
2022,9,Setembro,Com. Leves,Total,13,IVECO,196,0.53
2022,9,Setembro,Autos,Total,14,AUDI,798,0.56
2022,9,Setembro,Com. Leves,Total,14,VW/MAN,178,0.48
2022,9,Setembro,Autos,Total,15,VOLVO,499,0.35
2022,9,Setembro,Com. Leves,Total,15,EFFA,116,0.31
2022,9,Setembro,Autos,Total,16,MITSUBISHI,483,0.34
2022,9,Setembro,Com. Leves,Total,16,M.BENZ,96,0.26
2022,9,Setembro,Autos,Total,17,KIA,410,0.29
2022,9,Setembro,Com. Leves,Total,17,JEEP,35,0.09
2022,9,Setembro,Autos,Total,18,M.BENZ,338,0.24
2022,9,Setembro,Com. Leves,Total,18,HYUNDAI,18,0.05
2022,9,Setembro,Autos,Total,19,LAND ROVER,320,0.22
2022,9,Setembro,Com. Leves,Total,19,FOTON,9,0.02
2022,9,Setembro,Autos,Total,20,PORSCHE,295,0.21
2022,9,Setembro,Com. Leves,Total,20,JAC,8,0.02
2022,9,Setembro,Autos,Total,21,FORD,244,0.17
2022,9,Setembro,Com. Leves,Total,21,BYD,1,0
2022,9,Setembro,Caminhões,Total,1,M.BENZ,2979,26.86
2022,9,Setembro,Ônibus,Total,1,M.BENZ,1044,42.86
2022,9,Setembro,Caminhões,Total,2,VW/MAN,2783,25.09
2022,9,Setembro,Ônibus,Total,2,VW/MAN,541,22.21
2022,9,Setembro,Caminhões,Total,3,VOLVO,2087,18.82
2022,9,Setembro,Ônibus,Total,3,IVECO,465,19.09
2022,9,Setembro,Caminhões,Total,4,SCANIA,1667,15.03
2022,9,Setembro,Ônibus,Total,4,MARCOPOLO,284,11.66
2022,9,Setembro,Caminhões,Total,5,IVECO,901,8.12
2022,9,Setembro,Ônibus,Total,5,VOLVO,53,2.18
2022,9,Setembro,Caminhões,Total,6,DAF,619,5.58
2022,9,Setembro,Ônibus,Total,6,SCANIA,34,1.4
2022,9,Setembro,Caminhões,Total,7,JAC,2,0.2
2022,9,Setembro,Ônibus,Total,7,AGRALE,15,0.62
2022,9,Setembro,Caminhões,Total,8,HYUNDAI,18,0.16
2022,9,Setembro,Caminhões,Total,9,FOTON,5,0.05
2022,9,Setembro,Caminhões,Total,10,AGRALE,3,0.03
2022,9,Setembro,Caminhões,Total,11,FORD,2,0.02
2022,9,Setembro,Caminhões,Total,12,BYD,1,0.01
2022,9,Setembro,Caminhões,Total,13,GM,1,0.01
2022,9,Setembro,Caminhões,Total,14,JMC,1,0.01
2022,9,Setembro,Motos,Total,1,HONDA,95270,77.05
2022,9,Setembro,Motos,Total,2,YAMAHA,18770,15.18
2022,9,Setembro,Motos,Total,3,SHINERAY,1899,1.54
2022,9,Setembro,Motos,Total,4,TVS,1226,0.99
2022,9,Setembro,Motos,Total,5,BMW,1185,0.96
2022,9,Setembro,Motos,Total,6,ROYAL ENFIELD,965,0.78
2022,9,Setembro,Motos,Total,7,KAWASAKI,764,0.62
2022,9,Setembro,Motos,Total,8,HAOJUE,705,0.57
2022,9,Setembro,Motos,Total,9,AVELLOZ,583,0.47
2022,9,Setembro,Motos,Total,10,VOLTZ,431,0.35
2022,9,Setembro,Motos,Total,11,TRIUMPH,415,0.34
2022,9,Setembro,Motos,Total,12,DAFRA,396,0.32
2022,9,Setembro,Motos,Total,13,H.DAVIDSON,236,0.19
2022,9,Setembro,Motos,Total,14,AMAZON,144,0.12
2022,9,Setembro,Motos,Total,15,SUZUKI,129,0.1
2022,9,Setembro,Motos,Total,16,DUCATI,76,0.06
2022,9,Setembro,Motos,Total,17,BULL,70,0.06
2022,9,Setembro,Motos,Total,18,GCX,45,0.04
2022,9,Setembro,Motos,Total,19,SOUSA,42,0.03
2022,9,Setembro,Motos,Total,20,ATMAN,31,0.03
2022,9,Setembro,Motos,Total,21,TRAXX,21,0.02
2022,10,Outubro,Autos,Total,1,GM,26527,19.36
2022,10,Outubro,Com. Leves,Total,1,FIAT,13167,41.84
2022,10,Outubro,Autos,Total,2,FIAT,24260,17.71
2022,10,Outubro,Com. Leves,Total,2,VW,4879,15.5
2022,10,Outubro,Autos,Total,3,VW,18847,13.76
2022,10,Outubro,Com. Leves,Total,3,TOYOTA,4204,13.36
2022,10,Outubro,Autos,Total,4,HYUNDAI,16319,11.91
2022,10,Outubro,Com. Leves,Total,4,RENAULT,2189,6.96
2022,10,Outubro,Autos,Total,5,JEEP,11390,8.31
2022,10,Outubro,Com. Leves,Total,5,GM,1627,5.17
2022,10,Outubro,Autos,Total,6,TOYOTA,11142,8.13
2022,10,Outubro,Com. Leves,Total,6,FORD,1608,5.11
2022,10,Outubro,Autos,Total,7,RENAULT,9294,6.78
2022,10,Outubro,Com. Leves,Total,7,MITSUBISHI,1242,3.95
2022,10,Outubro,Autos,Total,8,HONDA,5065,3.7
2022,10,Outubro,Com. Leves,Total,8,NISSAN,602,1.91
2022,10,Outubro,Autos,Total,9,CITROEN,3791,2.77
2022,10,Outubro,Com. Leves,Total,9,RAM,536,1.7
2022,10,Outubro,Autos,Total,10,NISSAN,2691,1.96
2022,10,Outubro,Com. Leves,Total,10,PEUGEOT,521,1.66
2022,10,Outubro,Autos,Total,11,CAOA CHERY,2006,1.46
2022,10,Outubro,Com. Leves,Total,11,KIA,257,0.82
2022,10,Outubro,Autos,Total,12,PEUGEOT,1521,1.11
2022,10,Outubro,Com. Leves,Total,12,IVECO,139,0.44
2022,10,Outubro,Autos,Total,13,BMW,916,0.67
2022,10,Outubro,Com. Leves,Total,13,CITROEN,132,0.42
2022,10,Outubro,Autos,Total,14,M.BENZ,511,0.37
2022,10,Outubro,Com. Leves,Total,14,VW/MAN,125,0.4
2022,10,Outubro,Autos,Total,15,VOLVO,466,0.34
2022,10,Outubro,Com. Leves,Total,15,EFFA,108,0.34
2022,10,Outubro,Autos,Total,16,AUDI,439,0.32
2022,10,Outubro,Com. Leves,Total,16,M.BENZ,83,0.26
2022,10,Outubro,Autos,Total,17,LAND ROVER,365,0.27
2022,10,Outubro,Com. Leves,Total,17,HYUNDAI,21,0.07
2022,10,Outubro,Autos,Total,18,MITSUBISHI,310,0.23
2022,10,Outubro,Com. Leves,Total,18,JEEP,17,0.05
2022,10,Outubro,Autos,Total,19,FORD,294,0.21
2022,10,Outubro,Com. Leves,Total,19,FOTON,7,0.02
2022,10,Outubro,Autos,Total,20,PORSCHE,258,0.19
2022,10,Outubro,Com. Leves,Total,20,JAC,4,0.01
2022,10,Outubro,Autos,Total,21,KIA,137,0.1
2022,10,Outubro,Com. Leves,Total,21,GMC,1,0
2022,10,Outubro,Caminhões,Total,1,M.BENZ,2910,27.5
2022,10,Outubro,Ônibus,Total,1,M.BENZ,891,48.74
2022,10,Outubro,Caminhões,Total,2,VW/MAN,2827,26.72
2022,10,Outubro,Ônibus,Total,2,VW/MAN,334,18.27
2022,10,Outubro,Caminhões,Total,3,VOLVO,1854,17.52
2022,10,Outubro,Ônibus,Total,3,IVECO,268,14.66
2022,10,Outubro,Caminhões,Total,4,SCANIA,1506,14.23
2022,10,Outubro,Ônibus,Total,4,MARCOPOLO,221,12.09
2022,10,Outubro,Caminhões,Total,5,IVECO,853,8.06
2022,10,Outubro,Ônibus,Total,5,VOLVO,76,4.16
2022,10,Outubro,Caminhões,Total,6,DAF,511,4.83
2022,10,Outubro,Ônibus,Total,6,SCANIA,21,1.15
2022,10,Outubro,Caminhões,Total,7,JAC,75,0.71
2022,10,Outubro,Ônibus,Total,7,AGRALE,14,0.77
2022,10,Outubro,Caminhões,Total,8,HYUNDAI,21,0.2
2022,10,Outubro,Ônibus,Total,8,INDUSCAR,2,0.11
2022,10,Outubro,Caminhões,Total,9,FOTON,10,0.09
2022,10,Outubro,Ônibus,Total,9,BYD,1,0.05
2022,10,Outubro,Caminhões,Total,10,FORD,5,0.05
2022,10,Outubro,Caminhões,Total,11,AGRALE,1,0.01
2022,10,Outubro,Caminhões,Total,12,HINO,1,0.01
2022,10,Outubro,Caminhões,Total,13,JBC,1,0.01
2022,10,Outubro,Motos,Total,1,HONDA,91436,76.04
2022,10,Outubro,Motos,Total,2,YAMAHA,19139,15.92
2022,10,Outubro,Motos,Total,3,SHINERAY,1790,1.49
2022,10,Outubro,Motos,Total,4,TVS,1165,0.97
2022,10,Outubro,Motos,Total,5,BMW,1093,0.91
2022,10,Outubro,Motos,Total,6,ROYAL ENFIELD,1010,0.84
2022,10,Outubro,Motos,Total,7,HAOJUE,863,0.72
2022,10,Outubro,Motos,Total,8,KAWASAKI,770,0.64
2022,10,Outubro,Motos,Total,9,AVELLOZ,683,0.57
2022,10,Outubro,Motos,Total,10,MOTTU,426,0.35
2022,10,Outubro,Motos,Total,11,TRIUMPH,381,0.32
2022,10,Outubro,Motos,Total,12,DAFRA,310,0.26
2022,10,Outubro,Motos,Total,13,VOLTZ,245,0.2
2022,10,Outubro,Motos,Total,14,AMAZON,200,0.17
2022,10,Outubro,Motos,Total,15,H.DAVIDSON,178,0.15
2022,10,Outubro,Motos,Total,16,DUCATI,114,0.09
2022,10,Outubro,Motos,Total,17,SUZUKI,103,0.09
2022,10,Outubro,Motos,Total,18,BULL,51,0.04
2022,10,Outubro,Motos,Total,19,SOUSA,51,0.04
2022,10,Outubro,Motos,Total,20,GCX,26,0.02
2022,10,Outubro,Motos,Total,21,MOTORINO,21,0.02
2022,11,Novembro,Autos,Total,1,FIAT,29927,18.85
2022,11,Novembro,Com. Leves,Total,1,FIAT,15007,45.23
2022,11,Novembro,Autos,Total,2,VW,26008,16.38
2022,11,Novembro,Com. Leves,Total,2,TOYOTA,4817,14.52
2022,11,Novembro,Autos,Total,3,GM,25645,16.15
2022,11,Novembro,Com. Leves,Total,3,VW,3749,11.3
2022,11,Novembro,Autos,Total,4,HYUNDAI,16163,10.18
2022,11,Novembro,Com. Leves,Total,4,RENAULT,2166,6.53
2022,11,Novembro,Autos,Total,5,JEEP,13309,8.38
2022,11,Novembro,Com. Leves,Total,5,FORD,1627,4.9
2022,11,Novembro,Autos,Total,6,TOYOTA,12676,7.98
2022,11,Novembro,Com. Leves,Total,6,GM,1407,4.24
2022,11,Novembro,Autos,Total,7,RENAULT,11023,6.94
2022,11,Novembro,Com. Leves,Total,7,MITSUBISHI,1252,3.77
2022,11,Novembro,Autos,Total,8,HONDA,5435,3.42
2022,11,Novembro,Com. Leves,Total,8,NISSAN,1108,3.34
2022,11,Novembro,Autos,Total,9,PEUGEOT,4288,2.7
2022,11,Novembro,Com. Leves,Total,9,RAM,720,2.17
2022,11,Novembro,Autos,Total,10,CITROEN,4195,2.64
2022,11,Novembro,Com. Leves,Total,10,PEUGEOT,339,1.02
2022,11,Novembro,Autos,Total,11,NISSAN,2801,1.76
2022,11,Novembro,Com. Leves,Total,11,KIA,267,0.8
2022,11,Novembro,Autos,Total,12,CAOA CHERY,2747,1.73
2022,11,Novembro,Com. Leves,Total,12,CITROEN,170,0.51
2022,11,Novembro,Autos,Total,13,BMW,1072,0.68
2022,11,Novembro,Com. Leves,Total,13,IVECO,151,0.46
2022,11,Novembro,Autos,Total,14,MITSUBISHI,663,0.42
2022,11,Novembro,Com. Leves,Total,14,M.BENZ,139,0.42
2022,11,Novembro,Autos,Total,15,VOLVO,480,0.3
2022,11,Novembro,Com. Leves,Total,15,VW/MAN,112,0.34
2022,11,Novembro,Autos,Total,16,M.BENZ,444,0.28
2022,11,Novembro,Com. Leves,Total,16,EFFA,111,0.33
2022,11,Novembro,Autos,Total,17,AUDI,432,0.27
2022,11,Novembro,Com. Leves,Total,17,JAC,13,0.04
2022,11,Novembro,Autos,Total,18,PORSCHE,253,0.16
2022,11,Novembro,Com. Leves,Total,18,FOTON,8,0.02
2022,11,Novembro,Autos,Total,19,LAND ROVER,250,0.16
2022,11,Novembro,Com. Leves,Total,19,JEEP,8,0.02
2022,11,Novembro,Autos,Total,20,FORD,229,0.14
2022,11,Novembro,Com. Leves,Total,20,HYUNDAI,3,0.01
2022,11,Novembro,Autos,Total,21,MINI,193,0.12
2022,11,Novembro,Com. Leves,Total,21,BYD,2,0.01
2022,11,Novembro,Caminhões,Total,1,M.BENZ,2786,28.04
2022,11,Novembro,Ônibus,Total,1,M.BENZ,1067,50.45
2022,11,Novembro,Caminhões,Total,2,VW/MAN,2518,25.34
2022,11,Novembro,Ônibus,Total,2,VW/MAN,528,24.96
2022,11,Novembro,Caminhões,Total,3,VOLVO,1994,20.07
2022,11,Novembro,Ônibus,Total,3,MARCOPOLO,292,13.81
2022,11,Novembro,Caminhões,Total,4,SCANIA,1318,13.27
2022,11,Novembro,Ônibus,Total,4,IVECO,100,4.73
2022,11,Novembro,Caminhões,Total,5,IVECO,710,7.15
2022,11,Novembro,Ônibus,Total,5,VOLVO,69,3.26
2022,11,Novembro,Caminhões,Total,6,DAF,508,5.11
2022,11,Novembro,Ônibus,Total,6,SCANIA,43,2.03
2022,11,Novembro,Caminhões,Total,7,JAC,50,0.5
2022,11,Novembro,Ônibus,Total,7,AGRALE,1,0.52
2022,11,Novembro,Caminhões,Total,8,HYUNDAI,21,0.21
2022,11,Novembro,Ônibus,Total,8,INDUSCAR,3,0.14
2022,11,Novembro,Caminhões,Total,9,FOTON,12,0.12
2022,11,Novembro,Ônibus,Total,9,BYD,2,0.09
2022,11,Novembro,Caminhões,Total,10,AGRALE,10,0.1
2022,11,Novembro,Caminhões,Total,11,FORD,5,0.05
2022,11,Novembro,Motos,Total,1,HONDA,92140,74.79
2022,11,Novembro,Motos,Total,2,YAMAHA,20619,16.74
2022,11,Novembro,Motos,Total,3,MOTTU,2137,1.73
2022,11,Novembro,Motos,Total,4,SHINERAY,1689,1.37
2022,11,Novembro,Motos,Total,5,BMW,1399,1.14
2022,11,Novembro,Motos,Total,6,HAOJUE,992,0.81
2022,11,Novembro,Motos,Total,7,ROYAL ENFIELD,827,0.67
2022,11,Novembro,Motos,Total,8,KAWASAKI,708,0.57
2022,11,Novembro,Motos,Total,9,AVELLOZ,643,0.52
2022,11,Novembro,Motos,Total,10,TRIUMPH,451,0.37
2022,11,Novembro,Motos,Total,11,TVS,394,0.32
2022,11,Novembro,Motos,Total,12,DAFRA,383,0.31
2022,11,Novembro,Motos,Total,13,VOLTZ,141,0.11
2022,11,Novembro,Motos,Total,14,H.DAVIDSON,125,0.1
2022,11,Novembro,Motos,Total,15,DUCATI,102,0.08
2022,11,Novembro,Motos,Total,16,SUZUKI,86,0.07
2022,11,Novembro,Motos,Total,17,BULL,51,0.04
2022,11,Novembro,Motos,Total,18,AMAZON,48,0.04
2022,11,Novembro,Motos,Total,19,GCX,31,0.03
2022,11,Novembro,Motos,Total,20,SOUSA,29,0.02
2022,11,Novembro,Motos,Total,21,MOTORINO,23,0.02
2022,12,Dezembro,Autos,Total,1,VW,29323,17.86
2022,12,Dezembro,Com. Leves,Total,1,FIAT,15731,41.39
2022,12,Dezembro,Autos,Total,2,GM,29171,17.77
2022,12,Dezembro,Com. Leves,Total,2,TOYOTA,5785,15.22
2022,12,Dezembro,Autos,Total,3,FIAT,26042,15.86
2022,12,Dezembro,Com. Leves,Total,3,VW,3913,10.3
2022,12,Dezembro,Autos,Total,4,HYUNDAI,16495,10.05
2022,12,Dezembro,Com. Leves,Total,4,GM,3378,8.89
2022,12,Dezembro,Autos,Total,5,TOYOTA,14950,9.11
2022,12,Dezembro,Com. Leves,Total,5,FORD,2295,6.04
2022,12,Dezembro,Autos,Total,6,JEEP,13797,8.4
2022,12,Dezembro,Com. Leves,Total,6,RENAULT,2087,5.49
2022,12,Dezembro,Autos,Total,7,RENAULT,9707,5.91
2022,12,Dezembro,Com. Leves,Total,7,MITSUBISHI,1589,4.18
2022,12,Dezembro,Autos,Total,8,HONDA,6037,3.68
2022,12,Dezembro,Com. Leves,Total,8,RAM,1006,2.65
2022,12,Dezembro,Autos,Total,9,NISSAN,4155,2.53
2022,12,Dezembro,Com. Leves,Total,9,NISSAN,945,2.49
2022,12,Dezembro,Autos,Total,10,CITROEN,4029,2.45
2022,12,Dezembro,Com. Leves,Total,10,PEUGEOT,419,1.1
2022,12,Dezembro,Autos,Total,11,CAOA CHERY,2435,1.48
2022,12,Dezembro,Com. Leves,Total,11,KIA,228,0.6
2022,12,Dezembro,Autos,Total,12,PEUGEOT,2094,1.28
2022,12,Dezembro,Com. Leves,Total,12,CITROEN,155,0.41
2022,12,Dezembro,Autos,Total,13,BMW,1282,0.78
2022,12,Dezembro,Com. Leves,Total,13,VW/MAN,150,0.39
2022,12,Dezembro,Autos,Total,14,AUDI,861,0.52
2022,12,Dezembro,Com. Leves,Total,14,IVECO,129,0.34
2022,12,Dezembro,Autos,Total,15,VOLVO,784,0.48
2022,12,Dezembro,Com. Leves,Total,15,EFFA,8,0.23
2022,12,Dezembro,Autos,Total,16,MITSUBISHI,641,0.39
2022,12,Dezembro,Com. Leves,Total,16,M.BENZ,81,0.21
2022,12,Dezembro,Autos,Total,17,M.BENZ,609,0.37
2022,12,Dezembro,Com. Leves,Total,17,JAC,8,0.02
2022,12,Dezembro,Autos,Total,18,LAND ROVER,330,0.2
2022,12,Dezembro,Com. Leves,Total,18,FOTON,7,0.02
2022,12,Dezembro,Autos,Total,19,KIA,322,0.2
2022,12,Dezembro,Com. Leves,Total,19,JEEP,6,0.02
2022,12,Dezembro,Autos,Total,20,PORSCHE,298,0.18
2022,12,Dezembro,Com. Leves,Total,20,HYUNDAI,4,0.01
2022,12,Dezembro,Autos,Total,21,FORD,166,0.1
2022,12,Dezembro,Com. Leves,Total,21,GMC,2,0.01
2022,12,Dezembro,Caminhões,Total,1,M.BENZ,3520,29.18
2022,12,Dezembro,Ônibus,Total,1,M.BENZ,1465,54.66
2022,12,Dezembro,Caminhões,Total,2,VW/MAN,2759,22.87
2022,12,Dezembro,Ônibus,Total,2,VW/MAN,474,17.69
2022,12,Dezembro,Caminhões,Total,3,VOLVO,2371,19.65
2022,12,Dezembro,Ônibus,Total,3,MARCOPOLO,393,14.66
2022,12,Dezembro,Caminhões,Total,4,SCANIA,1564,12.96
2022,12,Dezembro,Ônibus,Total,4,VOLVO,172,6.42
2022,12,Dezembro,Caminhões,Total,5,IVECO,897,7.44
2022,12,Dezembro,Ônibus,Total,5,IVECO,120,4.48
2022,12,Dezembro,Caminhões,Total,6,DAF,845,7.0
2022,12,Dezembro,Ônibus,Total,6,SCANIA,41,1.53
2022,12,Dezembro,Caminhões,Total,7,JAC,45,0.37
2022,12,Dezembro,Ônibus,Total,7,AGRALE,1,0.41
2022,12,Dezembro,Caminhões,Total,8,FOTON,26,0.22
2022,12,Dezembro,Ônibus,Total,8,INDUSCAR,4,0.15
2022,12,Dezembro,Caminhões,Total,9,HYUNDAI,16,0.13
2022,12,Dezembro,Caminhões,Total,10,AGRALE,6,0.05
2022,12,Dezembro,Caminhões,Total,11,FORD,6,0.05
2022,12,Dezembro,Caminhões,Total,12,GM,1,0.01
2022,12,Dezembro,Caminhões,Total,13,INTERNATIONAL,1,0.01
2022,12,Dezembro,Motos,Total,1,HONDA,96516,73.05
2022,12,Dezembro,Motos,Total,2,YAMAHA,23857,18.06
2022,12,Dezembro,Motos,Total,3,MOTTU,3503,2.65
2022,12,Dezembro,Motos,Total,4,SHINERAY,1782,1.35
2022,12,Dezembro,Motos,Total,5,HAOJUE,1006,0.76
2022,12,Dezembro,Motos,Total,6,BMW,989,0.75
2022,12,Dezembro,Motos,Total,7,ROYAL ENFIELD,835,0.63
2022,12,Dezembro,Motos,Total,8,KAWASAKI,816,0.62
2022,12,Dezembro,Motos,Total,9,AVELLOZ,609,0.46
2022,12,Dezembro,Motos,Total,10,TRIUMPH,490,0.37
2022,12,Dezembro,Motos,Total,11,VOLTZ,488,0.37
2022,12,Dezembro,Motos,Total,12,DAFRA,435,0.33
2022,12,Dezembro,Motos,Total,13,H.DAVIDSON,133,0.1
2022,12,Dezembro,Motos,Total,14,SUZUKI,119,0.09
2022,12,Dezembro,Motos,Total,15,DUCATI,105,0.08
2022,12,Dezembro,Motos,Total,16,BULL,52,0.04
2022,12,Dezembro,Motos,Total,17,TVS,45,0.03
2022,12,Dezembro,Motos,Total,18,GCX,43,0.03
2022,12,Dezembro,Motos,Total,19,SOUSA,30,0.02
2022,12,Dezembro,Motos,Total,20,ATMAN,27,0.02
2022,12,Dezembro,Motos,Total,21,AMAZON,26,0.02
2023,1,Janeiro,Autos,Total,1,GM,20557,19.79
2023,1,Janeiro,Com. Leves,Total,1,FIAT,11872,44.65
2023,1,Janeiro,Autos,Total,2,VW,16763,16.14
2023,1,Janeiro,Com. Leves,Total,2,TOYOTA,3441,12.94
2023,1,Janeiro,Autos,Total,3,FIAT,16716,16.09
2023,1,Janeiro,Com. Leves,Total,3,VW,3281,12.34
2023,1,Janeiro,Autos,Total,4,HYUNDAI,11519,11.09
2023,1,Janeiro,Com. Leves,Total,4,GM,2131,8.01
2023,1,Janeiro,Autos,Total,5,TOYOTA,8982,8.65
2023,1,Janeiro,Com. Leves,Total,5,RENAULT,1380,5.19
2023,1,Janeiro,Autos,Total,6,JEEP,8506,8.19
2023,1,Janeiro,Com. Leves,Total,6,FORD,1320,4.96
2023,1,Janeiro,Autos,Total,7,RENAULT,5607,5.4
2023,1,Janeiro,Com. Leves,Total,7,MITSUBISHI,783,2.94
2023,1,Janeiro,Autos,Total,8,NISSAN,3383,3.26
2023,1,Janeiro,Com. Leves,Total,8,NISSAN,661,2.49
2023,1,Janeiro,Autos,Total,9,HONDA,3273,3.15
2023,1,Janeiro,Com. Leves,Total,9,RAM,593,2.23
2023,1,Janeiro,Autos,Total,10,CITROEN,1741,1.68
2023,1,Janeiro,Com. Leves,Total,10,PEUGEOT,251,0.94
2023,1,Janeiro,Autos,Total,11,PEUGEOT,1420,1.37
2023,1,Janeiro,Com. Leves,Total,11,KIA,214,0.8
2023,1,Janeiro,Autos,Total,12,CAOA CHERY,1327,1.28
2023,1,Janeiro,Com. Leves,Total,12,CITROEN,174,0.65
2023,1,Janeiro,Autos,Total,13,VOLVO,821,0.79
2023,1,Janeiro,Com. Leves,Total,13,IVECO,145,0.55
2023,1,Janeiro,Autos,Total,14,BMW,780,0.75
2023,1,Janeiro,Com. Leves,Total,14,VW/MAN,125,0.47
2023,1,Janeiro,Autos,Total,15,M.BENZ,440,0.42
2023,1,Janeiro,Com. Leves,Total,15,EFFA,8,0.33
2023,1,Janeiro,Autos,Total,16,AUDI,368,0.35
2023,1,Janeiro,Com. Leves,Total,16,M.BENZ,80,0.3
2023,1,Janeiro,Autos,Total,17,MITSUBISHI,354,0.34
2023,1,Janeiro,Com. Leves,Total,17,JEEP,16,0.06
2023,1,Janeiro,Autos,Total,18,PORSCHE,296,0.28
2023,1,Janeiro,Com. Leves,Total,18,JAC,10,0.04
2023,1,Janeiro,Autos,Total,19,KIA,194,0.19
2023,1,Janeiro,Com. Leves,Total,19,BYD,7,0.03
2023,1,Janeiro,Autos,Total,20,LAND ROVER,169,0.16
2023,1,Janeiro,Com. Leves,Total,20,FOTON,6,0.02
2023,1,Janeiro,Autos,Total,21,BYD,143,0.14
2023,1,Janeiro,Com. Leves,Total,21,GMC,5,0.02
2023,1,Janeiro,Caminhões,Total,1,M.BENZ,3037,29.73
2023,1,Janeiro,Ônibus,Total,1,M.BENZ,989,45.96
2023,1,Janeiro,Caminhões,Total,2,VW/MAN,2246,21.99
2023,1,Janeiro,Ônibus,Total,2,VW/MAN,439,20.4
2023,1,Janeiro,Caminhões,Total,3,VOLVO,2081,20.37
2023,1,Janeiro,Ônibus,Total,3,MARCOPOLO,423,19.66
2023,1,Janeiro,Caminhões,Total,4,SCANIA,1198,11.73
2023,1,Janeiro,Ônibus,Total,4,VOLVO,124,5.76
2023,1,Janeiro,Caminhões,Total,5,DAF,809,7.92
2023,1,Janeiro,Ônibus,Total,5,AGRALE,87,4.04
2023,1,Janeiro,Caminhões,Total,6,IVECO,773,7.57
2023,1,Janeiro,Ônibus,Total,6,IVECO,57,2.65
2023,1,Janeiro,Caminhões,Total,7,HYUNDAI,45,0.44
2023,1,Janeiro,Ônibus,Total,7,SCANIA,31,1.44
2023,1,Janeiro,Caminhões,Total,8,FOTON,14,0.14
2023,1,Janeiro,Ônibus,Total,8,LVTONG,2,0.09
2023,1,Janeiro,Caminhões,Total,9,JAC,10,0.1
2023,1,Janeiro,Caminhões,Total,10,AGRALE,2,0.02
2023,1,Janeiro,Motos,Total,1,HONDA,76923,69.62
2023,1,Janeiro,Motos,Total,2,YAMAHA,21552,19.51
2023,1,Janeiro,Motos,Total,3,MOTTU,4444,4.02
2023,1,Janeiro,Motos,Total,4,SHINERAY,1869,1.69
2023,1,Janeiro,Motos,Total,5,HAOJUE,913,0.83
2023,1,Janeiro,Motos,Total,6,ROYAL ENFIELD,866,0.78
2023,1,Janeiro,Motos,Total,7,BMW,773,0.7
2023,1,Janeiro,Motos,Total,8,AVELLOZ,615,0.56
2023,1,Janeiro,Motos,Total,9,KAWASAKI,572,0.52
2023,1,Janeiro,Motos,Total,10,DAFRA,502,0.45
2023,1,Janeiro,Motos,Total,11,TRIUMPH,403,0.36
2023,1,Janeiro,Motos,Total,12,VOLTZ,311,0.28
2023,1,Janeiro,Motos,Total,13,BAJAJ,149,0.13
2023,1,Janeiro,Motos,Total,14,SUZUKI,105,0.1
2023,1,Janeiro,Motos,Total,15,H.DAVIDSON,69,0.06
2023,1,Janeiro,Motos,Total,16,BULL,6,0.06
2023,1,Janeiro,Motos,Total,17,DUCATI,61,0.06
2023,1,Janeiro,Motos,Total,18,SOUSA,36,0.03
2023,1,Janeiro,Motos,Total,19,TVS,3,0.03
2023,1,Janeiro,Motos,Total,20,NIU,26,0.02
2023,1,Janeiro,Motos,Total,21,GCX,25,0.02
2023,2,Fevereiro,Autos,Total,1,GM,16719,17.45
2023,2,Fevereiro,Autos,Total,1,FIAT,11171,46.65
2023,2,Fevereiro,Autos,Total,2,FIAT,15436,16.11
2023,2,Fevereiro,Autos,Total,2,TOYOTA,2816,11.76
2023,2,Fevereiro,Autos,Total,3,VW,13732,14.33
2023,2,Fevereiro,Autos,Total,3,VW,2547,10.64
2023,2,Fevereiro,Autos,Total,4,TOYOTA,9535,9.95
2023,2,Fevereiro,Autos,Total,4,GM,1864,7.78
2023,2,Fevereiro,Autos,Total,5,JEEP,9046,9.44
2023,2,Fevereiro,Autos,Total,5,FORD,1373,5.73
2023,2,Fevereiro,Autos,Total,6,HYUNDAI,8722,9.1
2023,2,Fevereiro,Autos,Total,6,RENAULT,1200,5.01
2023,2,Fevereiro,Autos,Total,7,RENAULT,6452,6.73
2023,2,Fevereiro,Autos,Total,7,MITSUBISHI,787,3.29
2023,2,Fevereiro,Autos,Total,8,HONDA,4183,4.37
2023,2,Fevereiro,Autos,Total,8,RAM,668,2.79
2023,2,Fevereiro,Autos,Total,9,NISSAN,3872,4.04
2023,2,Fevereiro,Autos,Total,9,NISSAN,429,1.79
2023,2,Fevereiro,Autos,Total,10,CITROEN,1602,1.67
2023,2,Fevereiro,Autos,Total,10,CITROEN,256,1.07
2023,2,Fevereiro,Autos,Total,11,PEUGEOT,1314,1.37
2023,2,Fevereiro,Autos,Total,11,KIA,208,0.87
2023,2,Fevereiro,Autos,Total,12,CAOA CHERY,1297,1.35
2023,2,Fevereiro,Autos,Total,12,PEUGEOT,193,0.81
2023,2,Fevereiro,Autos,Total,13,BMW,749,0.78
2023,2,Fevereiro,Autos,Total,13,IVECO,132,0.55
2023,2,Fevereiro,Autos,Total,14,VOLVO,523,0.55
2023,2,Fevereiro,Autos,Total,14,VW/MAN,112,0.47
2023,2,Fevereiro,Autos,Total,15,AUDI,405,0.42
2023,2,Fevereiro,Autos,Total,15,M.BENZ,95,0.4
2023,2,Fevereiro,Autos,Total,16,M.BENZ,381,0.4
2023,2,Fevereiro,Autos,Total,16,EFFA,75,0.31
2023,2,Fevereiro,Autos,Total,17,MITSUBISHI,359,0.37
2023,2,Fevereiro,Autos,Total,17,BYD,1,0.05
2023,2,Fevereiro,Autos,Total,18,PORSCHE,313,0.33
2023,2,Fevereiro,Autos,Total,18,JEEP,6,0.03
2023,2,Fevereiro,Autos,Total,19,BYD,232,0.24
2023,2,Fevereiro,Autos,Total,19,JAC,2,0.01
2023,2,Fevereiro,Autos,Total,20,LAND ROVER,225,0.23
2023,2,Fevereiro,Autos,Total,20,FOTON,1,0
2023,2,Fevereiro,Autos,Total,21,KIA,158,0.16
2023,2,Fevereiro,Caminhões,Total,1,M.BENZ,2611,33.37
2023,2,Fevereiro,Ônibus,Total,1,M.BENZ,1130,49.39
2023,2,Fevereiro,Caminhões,Total,2,VW/MAN,2155,27.54
2023,2,Fevereiro,Ônibus,Total,2,VW/MAN,593,25.92
2023,2,Fevereiro,Caminhões,Total,3,VOLVO,1207,15.42
2023,2,Fevereiro,Ônibus,Total,3,MARCOPOLO,460,20.1
2023,2,Fevereiro,Caminhões,Total,4,IVECO,786,10.04
2023,2,Fevereiro,Ônibus,Total,4,VOLVO,57,2.49
2023,2,Fevereiro,Caminhões,Total,5,DAF,497,6.35
2023,2,Fevereiro,Ônibus,Total,5,IVECO,36,1.57
2023,2,Fevereiro,Caminhões,Total,6,SCANIA,481,6.15
2023,2,Fevereiro,Ônibus,Total,6,AGRALE,7,0.31
2023,2,Fevereiro,Caminhões,Total,7,JAC,53,0.68
2023,2,Fevereiro,Ônibus,Total,7,SCANIA,5,0.22
2023,2,Fevereiro,Caminhões,Total,8,HYUNDAI,16,0.2
2023,2,Fevereiro,Caminhões,Total,9,FOTON,14,0.18
2023,2,Fevereiro,Caminhões,Total,10,AGRALE,3,0.04
2023,2,Fevereiro,Caminhões,Total,11,FORD,2,0.03
2023,2,Fevereiro,Motos,Total,1,HONDA,70274,69.89
2023,2,Fevereiro,Motos,Total,2,YAMAHA,19471,19.36
2023,2,Fevereiro,Motos,Total,3,MOTTU,3468,3.45
2023,2,Fevereiro,Motos,Total,4,SHINERAY,1688,1.68
2023,2,Fevereiro,Motos,Total,5,HAOJUE,953,0.95
2023,2,Fevereiro,Motos,Total,6,BMW,772,0.77
2023,2,Fevereiro,Motos,Total,7,ROYAL ENFIELD,766,0.76
2023,2,Fevereiro,Motos,Total,8,AVELLOZ,590,0.59
2023,2,Fevereiro,Motos,Total,9,KAWASAKI,488,0.49
2023,2,Fevereiro,Motos,Total,10,DAFRA,486,0.48
2023,2,Fevereiro,Motos,Total,11,TRIUMPH,349,0.35
2023,2,Fevereiro,Motos,Total,12,VOLTZ,199,0.2
2023,2,Fevereiro,Motos,Total,13,BAJAJ,161,0.16
2023,2,Fevereiro,Motos,Total,14,TVS,131,0.13
2023,2,Fevereiro,Motos,Total,15,SUZUKI,93,0.09
2023,2,Fevereiro,Motos,Total,16,H.DAVIDSON,92,0.09
2023,2,Fevereiro,Motos,Total,17,DUCATI,81,0.08
2023,2,Fevereiro,Motos,Total,18,BULL,61,0.06
2023,2,Fevereiro,Motos,Total,19,AMAZON,57,0.06
2023,2,Fevereiro,Motos,Total,20,NIU,51,0.05
2023,2,Fevereiro,Motos,Total,21,GCX,40,0.04
2023,3,Março,Autos,Total,1,FIAT,23893,16.35
2023,3,Março,Com. Leves,Total,1,FIAT,17557,43.45
2023,3,Março,Autos,Total,2,GM,23302,15.94
2023,3,Março,Com. Leves,Total,2,GM,6691,16.56
2023,3,Março,Autos,Total,3,VW,20153,13.79
2023,3,Março,Com. Leves,Total,3,TOYOTA,4365,10.8
2023,3,Março,Autos,Total,4,HYUNDAI,16260,11.12
2023,3,Março,Com. Leves,Total,4,VW,3241,8.02
2023,3,Março,Autos,Total,5,JEEP,14211,9.72
2023,3,Março,Com. Leves,Total,5,FORD,2403,5.95
2023,3,Março,Autos,Total,6,TOYOTA,12925,8.84
2023,3,Março,Com. Leves,Total,6,RENAULT,1997,4.94
2023,3,Março,Autos,Total,7,RENAULT,9677,6.62
2023,3,Março,Com. Leves,Total,7,RAM,1171,2.9
2023,3,Março,Autos,Total,8,HONDA,6729,4.6
2023,3,Março,Com. Leves,Total,8,MITSUBISHI,952,2.36
2023,3,Março,Autos,Total,9,NISSAN,6046,4.14
2023,3,Março,Com. Leves,Total,9,NISSAN,571,1.41
2023,3,Março,Autos,Total,10,CITROEN,2599,1.78
2023,3,Março,Com. Leves,Total,10,KIA,286,0.71
2023,3,Março,Autos,Total,11,PEUGEOT,2331,1.59
2023,3,Março,Com. Leves,Total,11,PEUGEOT,250,0.62
2023,3,Março,Autos,Total,12,CAOA CHERY,1679,1.15
2023,3,Março,Com. Leves,Total,12,CITROEN,236,0.58
2023,3,Março,Autos,Total,13,BMW,1354,0.93
2023,3,Março,Com. Leves,Total,13,VW/MAN,224,0.55
2023,3,Março,Autos,Total,14,VOLVO,768,0.53
2023,3,Março,Com. Leves,Total,14,M.BENZ,171,0.42
2023,3,Março,Autos,Total,15,PORSCHE,613,0.42
2023,3,Março,Com. Leves,Total,15,IVECO,144,0.36
2023,3,Março,Autos,Total,16,AUDI,590,0.4
2023,3,Março,Com. Leves,Total,16,EFFA,124,0.31
2023,3,Março,Autos,Total,17,M.BENZ,574,0.39
2023,3,Março,Com. Leves,Total,17,JEEP,9,0.02
2023,3,Março,Autos,Total,18,LAND ROVER,525,0.36
2023,3,Março,Com. Leves,Total,18,BYD,4,0.01
2023,3,Março,Autos,Total,19,MITSUBISHI,417,0.29
2023,3,Março,Com. Leves,Total,19,FOTON,3,0.01
2023,3,Março,Autos,Total,20,BYD,320,0.22
2023,3,Março,Com. Leves,Total,20,JAC,3,0.01
2023,3,Março,Autos,Total,21,FORD,221,0.15
2023,3,Março,Com. Leves,Total,21,AGRALE,2,0
2023,3,Março,Caminhões,Total,1,VW/MAN,2798,29.8
2023,3,Março,Ônibus,Total,1,M.BENZ,1515,51.58
2023,3,Março,Caminhões,Total,2,M.BENZ,2738,29.16
2023,3,Março,Ônibus,Total,2,VW/MAN,870,29.62
2023,3,Março,Caminhões,Total,3,VOLVO,1393,14.84
2023,3,Março,Ônibus,Total,3,MARCOPOLO,356,12.12
2023,3,Março,Caminhões,Total,4,IVECO,936,9.97
2023,3,Março,Ônibus,Total,4,VOLVO,91,3.1
2023,3,Março,Caminhões,Total,5,SCANIA,881,9.38
2023,3,Março,Ônibus,Total,5,IVECO,61,2.08
2023,3,Março,Caminhões,Total,6,DAF,537,5.72
2023,3,Março,Ônibus,Total,6,SCANIA,25,0.85
2023,3,Março,Caminhões,Total,7,HYUNDAI,40,0.43
2023,3,Março,Ônibus,Total,7,AGRALE,18,0.61
2023,3,Março,Caminhões,Total,8,JAC,31,0.33
2023,3,Março,Ônibus,Total,8,INDUSCAR,1,0.03
2023,3,Março,Caminhões,Total,9,FOTON,17,0.18
2023,3,Março,Caminhões,Total,10,AGRALE,16,0.17
2023,3,Março,Motos,Total,1,HONDA,104949,71.91
2023,3,Março,Motos,Total,2,YAMAHA,27652,18.95
2023,3,Março,Motos,Total,3,MOTTU,3000,2.06
2023,3,Março,Motos,Total,4,SHINERAY,2187,1.5
2023,3,Março,Motos,Total,5,HAOJUE,1437,0.98
2023,3,Março,Motos,Total,6,BMW,1298,0.89
2023,3,Março,Motos,Total,7,ROYAL ENFIELD,1107,0.76
2023,3,Março,Motos,Total,8,KAWASAKI,762,0.52
2023,3,Março,Motos,Total,9,AVELLOZ,713,0.49
2023,3,Março,Motos,Total,10,TRIUMPH,604,0.41
2023,3,Março,Motos,Total,11,DAFRA,516,0.35
2023,3,Março,Motos,Total,12,VOLTZ,290,0.2
2023,3,Março,Motos,Total,13,BAJAJ,196,0.13
2023,3,Março,Motos,Total,14,H.DAVIDSON,161,0.11
2023,3,Março,Motos,Total,15,SUZUKI,150,0.1
2023,3,Março,Motos,Total,16,DUCATI,121,0.08
2023,3,Março,Motos,Total,17,BULL,86,0.06
2023,3,Março,Motos,Total,18,GCX,75,0.05
2023,3,Março,Motos,Total,19,ROTOM,56,0.04
2023,3,Março,Motos,Total,20,SOUSA,47,0.03
2023,3,Março,Motos,Total,21,TVS,4,0.03
2023,4,Abril,Autos,Total,1,FIAT,19841,16.8
2023,4,Abril,Com. Leves,Total,1,FIAT,13572,40.4
2023,4,Abril,Autos,Total,2,GM,18535,15.69
2023,4,Abril,Com. Leves,Total,2,GM,5841,17.39
2023,4,Abril,Autos,Total,3,VW,17635,14.93
2023,4,Abril,Com. Leves,Total,3,VW,3872,11.53
2023,4,Abril,Autos,Total,4,HYUNDAI,13729,11.62
2023,4,Abril,Com. Leves,Total,4,TOYOTA,3200,9.53
2023,4,Abril,Autos,Total,5,TOYOTA,11078,9.38
2023,4,Abril,Com. Leves,Total,5,RENAULT,2046,6.09
2023,4,Abril,Autos,Total,6,JEEP,9968,8.44
2023,4,Abril,Com. Leves,Total,6,FORD,1831,5.45
2023,4,Abril,Autos,Total,7,HONDA,6553,5.55
2023,4,Abril,Com. Leves,Total,7,RAM,842,2.51
2023,4,Abril,Autos,Total,8,RENAULT,6120,5.18
2023,4,Abril,Com. Leves,Total,8,MITSUBISHI,810,2.41
2023,4,Abril,Autos,Total,9,NISSAN,4142,3.51
2023,4,Abril,Com. Leves,Total,9,NISSAN,452,1.35
2023,4,Abril,Autos,Total,10,CITROEN,2311,1.96
2023,4,Abril,Com. Leves,Total,10,KIA,219,0.65
2023,4,Abril,Autos,Total,11,PEUGEOT,2087,1.77
2023,4,Abril,Com. Leves,Total,11,CITROEN,173,0.51
2023,4,Abril,Autos,Total,12,CAOA CHERY,1563,1.32
2023,4,Abril,Com. Leves,Total,12,PEUGEOT,159,0.47
2023,4,Abril,Autos,Total,13,BMW,1058,0.9
2023,4,Abril,Com. Leves,Total,13,VW/MAN,159,0.47
2023,4,Abril,Autos,Total,14,VOLVO,473,0.4
2023,4,Abril,Com. Leves,Total,14,M.BENZ,154,0.46
2023,4,Abril,Autos,Total,15,PORSCHE,471,0.4
2023,4,Abril,Com. Leves,Total,15,IVECO,137,0.41
2023,4,Abril,Autos,Total,16,AUDI,450,0.38
2023,4,Abril,Com. Leves,Total,16,EFFA,91,0.27
2023,4,Abril,Autos,Total,17,LAND ROVER,426,0.36
2023,4,Abril,Com. Leves,Total,17,JEEP,16,0.05
2023,4,Abril,Autos,Total,18,M.BENZ,326,0.28
2023,4,Abril,Com. Leves,Total,18,BYD,8,0.02
2023,4,Abril,Autos,Total,19,MITSUBISHI,315,0.27
2023,4,Abril,Com. Leves,Total,19,JAC,5,0.01
2023,4,Abril,Autos,Total,20,KIA,224,0.19
2023,4,Abril,Com. Leves,Total,20,GMC,2,0.01
2023,4,Abril,Autos,Total,21,FORD,165,0.14
2023,4,Abril,Com. Leves,Total,21,HYUNDAI,2,0.01
2023,4,Abril,Caminhões,Total,1,VW/MAN,2037,27.93
2023,4,Abril,Ônibus,Total,1,M.BENZ,933,55.9
2023,4,Abril,Caminhões,Total,2,M.BENZ,1846,25.31
2023,4,Abril,Ônibus,Total,2,VW/MAN,304,18.21
2023,4,Abril,Caminhões,Total,3,VOLVO,1317,18.06
2023,4,Abril,Ônibus,Total,3,MARCOPOLO,230,13.78
2023,4,Abril,Caminhões,Total,4,SCANIA,797,10.93
2023,4,Abril,Ônibus,Total,4,VOLVO,91,5.45
2023,4,Abril,Caminhões,Total,5,IVECO,719,9.86
2023,4,Abril,Ônibus,Total,5,IVECO,84,5.03
2023,4,Abril,Caminhões,Total,6,DAF,478,6.55
2023,4,Abril,Ônibus,Total,6,SCANIA,21,1.26
2023,4,Abril,Caminhões,Total,7,JAC,35,0.48
2023,4,Abril,Ônibus,Total,7,AGRALE,4,0.24
2023,4,Abril,Caminhões,Total,8,FOTON,21,0.29
2023,4,Abril,Ônibus,Total,8,LVTONG,2,0.12
2023,4,Abril,Caminhões,Total,9,HYUNDAI,20,0.27
2023,4,Abril,Caminhões,Total,10,AGRALE,6,0.08
2023,4,Abril,Caminhões,Total,11,FORD,4,0.05
2023,4,Abril,Caminhões,Total,12,FNM,2,0.03
2023,4,Abril,Caminhões,Total,13,ENGESA,1,0.01
2023,4,Abril,Caminhões,Total,14,GM,1,0.01
2023,4,Abril,Caminhões,Total,15,NANJING,1,0.01
2023,4,Abril,Motos,Total,1,HONDA,86914,71.88
2023,4,Abril,Motos,Total,2,YAMAHA,22528,18.63
2023,4,Abril,Motos,Total,3,MOTTU,2862,2.37
2023,4,Abril,Motos,Total,4,SHINERAY,1834,1.52
2023,4,Abril,Motos,Total,5,HAOJUE,1213,1.0
2023,4,Abril,Motos,Total,6,BMW,1030,0.85
2023,4,Abril,Motos,Total,7,ROYAL ENFIELD,898,0.74
2023,4,Abril,Motos,Total,8,KAWASAKI,643,0.53
2023,4,Abril,Motos,Total,9,AVELLOZ,637,0.53
2023,4,Abril,Motos,Total,10,TRIUMPH,486,0.4
2023,4,Abril,Motos,Total,11,DAFRA,455,0.38
2023,4,Abril,Motos,Total,12,BAJAJ,257,0.21
2023,4,Abril,Motos,Total,13,H.DAVIDSON,164,0.14
2023,4,Abril,Motos,Total,14,SUZUKI,159,0.13
2023,4,Abril,Motos,Total,15,VOLTZ,159,0.13
2023,4,Abril,Motos,Total,16,DUCATI,94,0.08
2023,4,Abril,Motos,Total,17,GCX,76,0.06
2023,4,Abril,Motos,Total,18,BULL,69,0.06
2023,4,Abril,Motos,Total,19,ZONTES,59,0.05
2023,4,Abril,Motos,Total,20,AMAZON,48,0.04
2023,4,Abril,Motos,Total,21,SOUSA,32,0.03
2023,5,Maio,Autos,Total,1,VW,22695,17.8
2023,5,Maio,Com. Leves,Total,1,FIAT,16136,41.5
2023,5,Maio,Autos,Total,2,GM,20250,15.88
2023,5,Maio,Com. Leves,Total,2,GM,5970,15.36
2023,5,Maio,Autos,Total,3,FIAT,18302,14.36
2023,5,Maio,Com. Leves,Total,3,VW,4690,12.06
2023,5,Maio,Autos,Total,4,TOYOTA,12455,9.77
2023,5,Maio,Com. Leves,Total,4,TOYOTA,3988,10.26
2023,5,Maio,Autos,Total,5,JEEP,11806,9.26
2023,5,Maio,Com. Leves,Total,5,RENAULT,2207,5.68
2023,5,Maio,Autos,Total,6,HYUNDAI,10920,8.57
2023,5,Maio,Com. Leves,Total,6,FORD,2119,5.45
2023,5,Maio,Autos,Total,7,HONDA,6709,5.26
2023,5,Maio,Com. Leves,Total,7,MITSUBISHI,937,2.41
2023,5,Maio,Autos,Total,8,RENAULT,5760,4.52
2023,5,Maio,Com. Leves,Total,8,NISSAN,810,2.08
2023,5,Maio,Autos,Total,9,NISSAN,5530,4.34
2023,5,Maio,Com. Leves,Total,9,RAM,738,1.9
2023,5,Maio,Autos,Total,10,PEUGEOT,2653,2.08
2023,5,Maio,Com. Leves,Total,10,PEUGEOT,281,0.72
2023,5,Maio,Autos,Total,11,CAOA CHERY,1964,1.54
2023,5,Maio,Com. Leves,Total,11,IVECO,237,0.61
2023,5,Maio,Autos,Total,12,CITROEN,1845,1.45
2023,5,Maio,Com. Leves,Total,12,KIA,189,0.49
2023,5,Maio,Autos,Total,13,BMW,1312,1.03
2023,5,Maio,Com. Leves,Total,13,VW/MAN,158,0.41
2023,5,Maio,Autos,Total,14,GWM,960,0.75
2023,5,Maio,Com. Leves,Total,14,M.BENZ,139,0.36
2023,5,Maio,Autos,Total,15,VOLVO,758,0.59
2023,5,Maio,Com. Leves,Total,15,CITROEN,135,0.35
2023,5,Maio,Autos,Total,16,PORSCHE,522,0.41
2023,5,Maio,Com. Leves,Total,16,EFFA,111,0.29
2023,5,Maio,Autos,Total,17,AUDI,459,0.36
2023,5,Maio,Com. Leves,Total,17,HYUNDAI,10,0.03
2023,5,Maio,Autos,Total,18,LAND ROVER,449,0.35
2023,5,Maio,Com. Leves,Total,18,JEEP,8,0.02
2023,5,Maio,Autos,Total,19,BYD,390,0.31
2023,5,Maio,Com. Leves,Total,19,WILLYS,4,0.01
2023,5,Maio,Autos,Total,20,FORD,335,0.26
2023,5,Maio,Com. Leves,Total,20,BYD,3,0.01
2023,5,Maio,Autos,Total,21,M.BENZ,334,0.26
2023,5,Maio,Com. Leves,Total,21,JAC,3,0.01
2023,5,Maio,Caminhões,Total,1,VW/MAN,2202,27.9
2023,5,Maio,Ônibus,Total,1,M.BENZ,1335,59.68
2023,5,Maio,Caminhões,Total,2,M.BENZ,1904,24.12
2023,5,Maio,Ônibus,Total,2,VW/MAN,440,19.67
2023,5,Maio,Caminhões,Total,3,VOLVO,1451,18.38
2023,5,Maio,Ônibus,Total,3,MARCOPOLO,213,9.52
2023,5,Maio,Caminhões,Total,4,IVECO,831,10.53
2023,5,Maio,Ônibus,Total,4,IVECO,151,6.75
2023,5,Maio,Caminhões,Total,5,SCANIA,815,10.33
2023,5,Maio,Ônibus,Total,5,VOLVO,74,3.31
2023,5,Maio,Caminhões,Total,6,DAF,605,7.67
2023,5,Maio,Ônibus,Total,6,SCANIA,20,0.89
2023,5,Maio,Caminhões,Total,7,HYUNDAI,29,0.37
2023,5,Maio,Ônibus,Total,7,AGRALE,3,0.13
2023,5,Maio,Caminhões,Total,8,FOTON,23,0.29
2023,5,Maio,Ônibus,Total,8,INDUSCAR,1,0.04
2023,5,Maio,Caminhões,Total,9,JAC,18,0.23
2023,5,Maio,Caminhões,Total,10,AGRALE,6,0.08
2023,5,Maio,Caminhões,Total,11,NANJING,2,0.03
2023,5,Maio,Caminhões,Total,12,FORD,1,0.01
2023,5,Maio,Motos,Total,1,HONDA,114904,71.18
2023,5,Maio,Motos,Total,2,YAMAHA,31222,19.34
2023,5,Maio,Motos,Total,3,MOTTU,3499,2.17
2023,5,Maio,Motos,Total,4,SHINERAY,2598,1.61
2023,5,Maio,Motos,Total,5,BMW,1548,0.96
2023,5,Maio,Motos,Total,6,HAOJUE,1535,0.95
2023,5,Maio,Motos,Total,7,ROYAL ENFIELD,965,0.6
2023,5,Maio,Motos,Total,8,AVELLOZ,867,0.54
2023,5,Maio,Motos,Total,9,KAWASAKI,746,0.46
2023,5,Maio,Motos,Total,10,TRIUMPH,659,0.41
2023,5,Maio,Motos,Total,11,DAFRA,604,0.37
2023,5,Maio,Motos,Total,12,BAJAJ,421,0.26
2023,5,Maio,Motos,Total,13,VOLTZ,295,0.18
2023,5,Maio,Motos,Total,14,ZONTES,222,0.14
2023,5,Maio,Motos,Total,15,H.DAVIDSON,206,0.13
2023,5,Maio,Motos,Total,16,SUZUKI,205,0.13
2023,5,Maio,Motos,Total,17,DUCATI,126,0.08
2023,5,Maio,Motos,Total,18,GCX,84,0.05
2023,5,Maio,Motos,Total,19,BULL,80,0.05
2023,5,Maio,Motos,Total,20,SOUSA,78,0.05
2023,5,Maio,Motos,Total,21,TRAXX,71,0.04
2023,6,Junho,Autos,Total,1,FIAT,26403,18.59
2023,6,Junho,Com. Leves,Total,1,FIAT,15996,42.46
2023,6,Junho,Autos,Total,2,VW,24503,17.25
2023,6,Junho,Com. Leves,Total,2,GM,5397,14.33
2023,6,Junho,Autos,Total,3,GM,21736,15.31
2023,6,Junho,Com. Leves,Total,3,VW,5269,13.99
2023,6,Junho,Autos,Total,4,HYUNDAI,12432,8.75
2023,6,Junho,Com. Leves,Total,4,TOYOTA,3732,9.91
2023,6,Junho,Autos,Total,5,TOYOTA,11659,8.21
2023,6,Junho,Com. Leves,Total,5,FORD,1881,4.99
2023,6,Junho,Autos,Total,6,JEEP,9783,6.89
2023,6,Junho,Com. Leves,Total,6,RENAULT,1665,4.42
2023,6,Junho,Autos,Total,7,RENAULT,8917,6.28
2023,6,Junho,Com. Leves,Total,7,MITSUBISHI,965,2.56
2023,6,Junho,Autos,Total,8,HONDA,6666,4.69
2023,6,Junho,Com. Leves,Total,8,NISSAN,955,2.53
2023,6,Junho,Autos,Total,9,NISSAN,4781,3.37
2023,6,Junho,Com. Leves,Total,9,RAM,621,1.65
2023,6,Junho,Autos,Total,10,CITROEN,3073,2.16
2023,6,Junho,Com. Leves,Total,10,PEUGEOT,289,0.77
2023,6,Junho,Autos,Total,11,PEUGEOT,2927,2.06
2023,6,Junho,Com. Leves,Total,11,IVECO,256,0.68
2023,6,Junho,Autos,Total,12,CAOA CHERY,2779,1.96
2023,6,Junho,Com. Leves,Total,12,VW/MAN,149,0.4
2023,6,Junho,Autos,Total,13,BMW,1112,0.78
2023,6,Junho,Com. Leves,Total,13,M.BENZ,129,0.34
2023,6,Junho,Autos,Total,14,GWM,969,0.68
2023,6,Junho,Com. Leves,Total,14,EFFA,117,0.31
2023,6,Junho,Autos,Total,15,VOLVO,647,0.46
2023,6,Junho,Com. Leves,Total,15,CITROEN,102,0.27
2023,6,Junho,Autos,Total,16,AUDI,601,0.42
2023,6,Junho,Com. Leves,Total,16,KIA,8,0.23
2023,6,Junho,Autos,Total,17,MITSUBISHI,508,0.36
2023,6,Junho,Com. Leves,Total,17,HYUNDAI,32,0.08
2023,6,Junho,Autos,Total,18,LAND ROVER,467,0.33
2023,6,Junho,Com. Leves,Total,18,JEEP,14,0.04
2023,6,Junho,Autos,Total,19,PORSCHE,443,0.31
2023,6,Junho,Com. Leves,Total,19,JAC,6,0.02
2023,6,Junho,Autos,Total,20,BYD,441,0.31
2023,6,Junho,Com. Leves,Total,20,GMC,4,0.01
2023,6,Junho,Autos,Total,21,M.BENZ,274,0.19
2023,6,Junho,Com. Leves,Total,21,FOTON,3,0.01
2023,6,Junho,Caminhões,Total,1,VW/MAN,1972,25.54
2023,6,Junho,Ônibus,Total,1,M.BENZ,1310,61.94
2023,6,Junho,Caminhões,Total,2,M.BENZ,1681,21.77
2023,6,Junho,Ônibus,Total,2,VW/MAN,346,16.36
2023,6,Junho,Caminhões,Total,3,VOLVO,1561,20.21
2023,6,Junho,Ônibus,Total,3,MARCOPOLO,291,13.76
2023,6,Junho,Caminhões,Total,4,IVECO,924,11.97
2023,6,Junho,Ônibus,Total,4,IVECO,74,3.5
2023,6,Junho,Caminhões,Total,5,SCANIA,864,11.19
2023,6,Junho,Ônibus,Total,5,VOLVO,6,3.12
2023,6,Junho,Caminhões,Total,6,DAF,654,8.47
2023,6,Junho,Ônibus,Total,6,SCANIA,24,1.13
2023,6,Junho,Caminhões,Total,7,HYUNDAI,25,0.32
2023,6,Junho,Ônibus,Total,7,AGRALE,1,0.05
2023,6,Junho,Caminhões,Total,8,FOTON,15,0.19
2023,6,Junho,Ônibus,Total,8,INDUSCAR,1,0.05
2023,6,Junho,Caminhões,Total,9,AGRALE,5,0.06
2023,6,Junho,Caminhões,Total,10,JAC,3,0.04
2023,6,Junho,Caminhões,Total,11,FORD,1,0.01
2023,6,Junho,Caminhões,Total,12,GM,1,0.01
2023,6,Junho,Motos,Total,1,HONDA,101067,72.03
2023,6,Junho,Motos,Total,2,YAMAHA,25351,18.07
2023,6,Junho,Motos,Total,3,MOTTU,3525,2.51
2023,6,Junho,Motos,Total,4,SHINERAY,2657,1.89
2023,6,Junho,Motos,Total,5,HAOJUE,1258,0.9
2023,6,Junho,Motos,Total,6,BMW,1210,0.86
2023,6,Junho,Motos,Total,7,ROYAL ENFIELD,859,0.61
2023,6,Junho,Motos,Total,8,AVELLOZ,738,0.53
2023,6,Junho,Motos,Total,9,TRIUMPH,664,0.47
2023,6,Junho,Motos,Total,10,KAWASAKI,617,0.44
2023,6,Junho,Motos,Total,11,DAFRA,511,0.36
2023,6,Junho,Motos,Total,12,BAJAJ,304,0.22
2023,6,Junho,Motos,Total,13,H.DAVIDSON,209,0.15
2023,6,Junho,Motos,Total,14,SUZUKI,190,0.14
2023,6,Junho,Motos,Total,15,VOLTZ,153,0.11
2023,6,Junho,Motos,Total,16,GCX,106,0.08
2023,6,Junho,Motos,Total,17,DUCATI,9,0.07
2023,6,Junho,Motos,Total,18,ZONTES,98,0.07
2023,6,Junho,Motos,Total,19,BULL,6,0.05
2023,6,Junho,Motos,Total,20,SOUSA,58,0.04
2023,6,Junho,Motos,Total,21,TRAXX,49,0.03
2023,7,Julho,Autos,Total,1,VW,35796,20.25
2023,7,Julho,Com. Leves,Total,1,FIAT,15991,41.04
2023,7,Julho,Autos,Total,2,FIAT,28416,16.08
2023,7,Julho,Com. Leves,Total,2,VW,5806,14.9
2023,7,Julho,Autos,Total,3,GM,24849,14.06
2023,7,Julho,Com. Leves,Total,3,GM,4887,12.54
2023,7,Julho,Autos,Total,4,HYUNDAI,22536,12.75
2023,7,Julho,Com. Leves,Total,4,TOYOTA,4355,11.18
2023,7,Julho,Autos,Total,5,TOYOTA,12898,7.3
2023,7,Julho,Com. Leves,Total,5,RENAULT,2256,5.79
2023,7,Julho,Autos,Total,6,RENAULT,11715,6.63
2023,7,Julho,Com. Leves,Total,6,FORD,1792,4.6
2023,7,Julho,Autos,Total,7,JEEP,11686,6.61
2023,7,Julho,Com. Leves,Total,7,MITSUBISHI,964,2.47
2023,7,Julho,Autos,Total,8,HONDA,6733,3.81
2023,7,Julho,Com. Leves,Total,8,NISSAN,748,1.92
2023,7,Julho,Autos,Total,9,NISSAN,6120,3.46
2023,7,Julho,Com. Leves,Total,9,RAM,736,1.89
2023,7,Julho,Autos,Total,10,PEUGEOT,3335,1.89
2023,7,Julho,Com. Leves,Total,10,PEUGEOT,506,1.3
2023,7,Julho,Autos,Total,11,CITROEN,3257,1.84
2023,7,Julho,Com. Leves,Total,11,IVECO,221,0.57
2023,7,Julho,Autos,Total,12,CAOA CHERY,2744,1.55
2023,7,Julho,Com. Leves,Total,12,KIA,203,0.52
2023,7,Julho,Autos,Total,13,BMW,1199,0.68
2023,7,Julho,Com. Leves,Total,13,VW TRUCK E BUS,139,0.36
2023,7,Julho,Autos,Total,14,GWM,953,0.54
2023,7,Julho,Com. Leves,Total,14,M.BENZ,129,0.33
2023,7,Julho,Autos,Total,15,BYD,796,0.45
2023,7,Julho,Com. Leves,Total,15,EFFA,113,0.29
2023,7,Julho,Autos,Total,16,VOLVO,610,0.35
2023,7,Julho,Com. Leves,Total,16,CITROEN,74,0.19
2023,7,Julho,Autos,Total,17,MITSUBISHI,492,0.28
2023,7,Julho,Com. Leves,Total,17,JEEP,2,0.06
2023,7,Julho,Autos,Total,18,AUDI,488,0.28
2023,7,Julho,Com. Leves,Total,18,HYUNDAI,18,0.05
2023,7,Julho,Autos,Total,19,LAND ROVER,461,0.26
2023,7,Julho,Com. Leves,Total,19,BYD,2,0.01
2023,7,Julho,Autos,Total,20,PORSCHE,407,0.23
2023,7,Julho,Com. Leves,Total,20,GMC,2,0.01
2023,7,Julho,Autos,Total,21,M.BENZ,322,0.18
2023,7,Julho,Com. Leves,Total,21,JAC,2,0.01
2023,7,Julho,Caminhões,Total,1,VW TRUCK E BUS,2160,26.64
2023,7,Julho,Ônibus,Total,1,M.BENZ,1236,69.32
2023,7,Julho,Caminhões,Total,2,M.BENZ,1744,21.51
2023,7,Julho,Ônibus,Total,2,VW TRUCK E BUS,216,12.11
2023,7,Julho,Caminhões,Total,3,VOLVO,1608,19.83
2023,7,Julho,Ônibus,Total,3,MARCOPOLO,168,9.42
2023,7,Julho,Caminhões,Total,4,SCANIA,963,11.88
2023,7,Julho,Ônibus,Total,4,IVECO,79,4.43
2023,7,Julho,Caminhões,Total,5,IVECO,839,10.35
2023,7,Julho,Ônibus,Total,5,SCANIA,52,2.92
2023,7,Julho,Caminhões,Total,6,DAF,728,8.98
2023,7,Julho,Ônibus,Total,6,VOLVO,23,1.29
2023,7,Julho,Caminhões,Total,7,HYUNDAI,28,0.35
2023,7,Julho,Ônibus,Total,7,INDUSCAR,7,0.39
2023,7,Julho,Caminhões,Total,8,FOTON,2,0.27
2023,7,Julho,Ônibus,Total,8,AGRALE,2,0.11
2023,7,Julho,Caminhões,Total,9,JAC,3,0.04
2023,7,Julho,Caminhões,Total,10,AGRALE,1,0.01
2023,7,Julho,Motos,Total,1,HONDA,84503,68.67
2023,7,Julho,Motos,Total,2,YAMAHA,25394,20.64
2023,7,Julho,Motos,Total,3,MOTTU,2851,2.32
2023,7,Julho,Motos,Total,4,SHINERAY,2705,2.2
2023,7,Julho,Motos,Total,5,HAOJUE,1282,1.04
2023,7,Julho,Motos,Total,6,BMW,1169,0.95
2023,7,Julho,Motos,Total,7,ROYAL ENFIELD,889,0.72
2023,7,Julho,Motos,Total,8,AVELLOZ,750,0.61
2023,7,Julho,Motos,Total,9,KAWASAKI,721,0.59
2023,7,Julho,Motos,Total,10,TRIUMPH,590,0.48
2023,7,Julho,Motos,Total,11,DAFRA,462,0.38
2023,7,Julho,Motos,Total,12,BAJAJ,271,0.22
2023,7,Julho,Motos,Total,13,H.DAVIDSON,201,0.16
2023,7,Julho,Motos,Total,14,SUZUKI,171,0.14
2023,7,Julho,Motos,Total,15,GCX,134,0.11
2023,7,Julho,Motos,Total,16,DUCATI,125,0.1
2023,7,Julho,Motos,Total,17,ZONTES,98,0.08
2023,7,Julho,Motos,Total,18,VOLTZ,82,0.07
2023,7,Julho,Motos,Total,19,BULL,62,0.05
2023,7,Julho,Motos,Total,20,TRAXX,51,0.04
2023,7,Julho,Motos,Total,21,DRAGON,40,0.03
2023,8,Agosto,Autos,Total,1,FIAT,25639,16.71
2023,8,Agosto,Com. Leves,Total,1,FIAT,19840,45.71
2023,8,Agosto,Autos,Total,2,GM,24717,16.1
2023,8,Agosto,Com. Leves,Total,2,VW,5150,11.87
2023,8,Agosto,Autos,Total,3,VW,23656,15.41
2023,8,Agosto,Com. Leves,Total,3,GM,4922,11.34
2023,8,Agosto,Autos,Total,4,HYUNDAI,15704,10.23
2023,8,Agosto,Com. Leves,Total,4,TOYOTA,4435,10.22
2023,8,Agosto,Autos,Total,5,TOYOTA,13628,8.88
2023,8,Agosto,Com. Leves,Total,5,RENAULT,2523,5.81
2023,8,Agosto,Autos,Total,6,JEEP,12295,8.01
2023,8,Agosto,Com. Leves,Total,6,FORD,2277,5.25
2023,8,Agosto,Autos,Total,7,HONDA,7429,4.84
2023,8,Agosto,Com. Leves,Total,7,MITSUBISHI,1004,2.31
2023,8,Agosto,Autos,Total,8,RENAULT,7371,4.8
2023,8,Agosto,Com. Leves,Total,8,RAM,987,2.27
2023,8,Agosto,Autos,Total,9,NISSAN,5489,3.58
2023,8,Agosto,Com. Leves,Total,9,NISSAN,803,1.85
2023,8,Agosto,Autos,Total,10,PEUGEOT,3516,2.29
2023,8,Agosto,Com. Leves,Total,10,PEUGEOT,424,0.98
2023,8,Agosto,Autos,Total,11,CAOA CHERY,3151,2.05
2023,8,Agosto,Com. Leves,Total,11,M.BENZ,235,0.54
2023,8,Agosto,Autos,Total,12,CITROEN,2611,1.7
2023,8,Agosto,Com. Leves,Total,12,IVECO,188,0.43
2023,8,Agosto,Autos,Total,13,BMW,1511,0.98
2023,8,Agosto,Com. Leves,Total,13,VW TRUCK E BUS,163,0.38
2023,8,Agosto,Autos,Total,14,BYD,1455,0.95
2023,8,Agosto,Com. Leves,Total,14,CITROEN,140,0.32
2023,8,Agosto,Autos,Total,15,GWM,1452,0.95
2023,8,Agosto,Com. Leves,Total,15,EFFA,139,0.32
2023,8,Agosto,Autos,Total,16,VOLVO,647,0.42
2023,8,Agosto,Com. Leves,Total,16,KIA,111,0.26
2023,8,Agosto,Autos,Total,17,MITSUBISHI,573,0.37
2023,8,Agosto,Com. Leves,Total,17,JEEP,38,0.09
2023,8,Agosto,Autos,Total,18,LAND ROVER,471,0.31
2023,8,Agosto,Com. Leves,Total,18,JAC,1,0.03
2023,8,Agosto,Autos,Total,19,PORSCHE,454,0.3
2023,8,Agosto,Com. Leves,Total,19,HYUNDAI,8,0.02
2023,8,Agosto,Autos,Total,20,AUDI,427,0.28
2023,8,Agosto,Com. Leves,Total,20,FOTON,1,0
2023,8,Agosto,Autos,Total,21,M.BENZ,322,0.21
2023,8,Agosto,Com. Leves,Total,21,RIVIAN,1,0
2023,8,Agosto,Caminhões,Total,1,VW TRUCK E BUS,2265,25.26
2023,8,Agosto,Ônibus,Total,1,M.BENZ,1205,64.4
2023,8,Agosto,Caminhões,Total,2,M.BENZ,2068,23.06
2023,8,Agosto,Ônibus,Total,2,MARCOPOLO,257,13.74
2023,8,Agosto,Caminhões,Total,3,VOLVO,1866,20.81
2023,8,Agosto,Ônibus,Total,3,VW TRUCK E BUS,228,12.19
2023,8,Agosto,Caminhões,Total,4,SCANIA,959,10.69
2023,8,Agosto,Ônibus,Total,4,IVECO,94,5.02
2023,8,Agosto,Caminhões,Total,5,IVECO,886,9.88
2023,8,Agosto,Ônibus,Total,5,SCANIA,47,2.51
2023,8,Agosto,Caminhões,Total,6,DAF,815,9.09
2023,8,Agosto,Ônibus,Total,6,VOLVO,26,1.39
2023,8,Agosto,Caminhões,Total,7,FOTON,30,0.33
2023,8,Agosto,Ônibus,Total,7,INDUSCAR,13,0.69
2023,8,Agosto,Caminhões,Total,8,HYUNDAI,28,0.31
2023,8,Agosto,Ônibus,Total,8,AGRALE,1,0.05
2023,8,Agosto,Caminhões,Total,9,AGRALE,23,0.26
2023,8,Agosto,Caminhões,Total,10,JAC,5,0.06
2023,8,Agosto,Caminhões,Total,11,FORD,1,0.01
2023,8,Agosto,Caminhões,Total,12,GM,1,0.01
2023,8,Agosto,Motos,Total,1,HONDA,102703,71.96
2023,8,Agosto,Motos,Total,2,YAMAHA,27238,19.09
2023,8,Agosto,Motos,Total,3,SHINERAY,3180,2.23
2023,8,Agosto,Motos,Total,4,HAOJUE,1444,1.01
2023,8,Agosto,Motos,Total,5,BMW,1342,0.94
2023,8,Agosto,Motos,Total,6,ROYAL ENFIELD,1067,0.75
2023,8,Agosto,Motos,Total,7,MOTTU,1037,0.73
2023,8,Agosto,Motos,Total,8,AVELLOZ,859,0.6
2023,8,Agosto,Motos,Total,9,KAWASAKI,784,0.55
2023,8,Agosto,Motos,Total,10,TRIUMPH,626,0.44
2023,8,Agosto,Motos,Total,11,DAFRA,505,0.35
2023,8,Agosto,Motos,Total,12,BAJAJ,455,0.32
2023,8,Agosto,Motos,Total,13,SUZUKI,239,0.17
2023,8,Agosto,Motos,Total,14,H.DAVIDSON,157,0.11
2023,8,Agosto,Motos,Total,15,DUCATI,133,0.09
2023,8,Agosto,Motos,Total,16,GCX,118,0.08
2023,8,Agosto,Motos,Total,17,VOLTZ,106,0.07
2023,8,Agosto,Motos,Total,18,ZONTES,76,0.05
2023,8,Agosto,Motos,Total,19,BULL,64,0.04
2023,8,Agosto,Motos,Total,20,SUPER SOCO,50,0.04
2023,8,Agosto,Motos,Total,21,ROTOM,45,0.03
2023,9,Setembro,Autos,Total,1,GM,23868,16.38
2023,9,Setembro,Com. Leves,Total,1,FIAT,19786,47.39
2023,9,Setembro,Autos,Total,2,VW,23861,16.38
2023,9,Setembro,Com. Leves,Total,2,VW,5790,13.87
2023,9,Setembro,Autos,Total,3,FIAT,23448,16.1
2023,9,Setembro,Com. Leves,Total,3,GM,4091,9.8
2023,9,Setembro,Autos,Total,4,HYUNDAI,16147,11.08
2023,9,Setembro,Com. Leves,Total,4,TOYOTA,3739,8.96
2023,9,Setembro,Autos,Total,5,TOYOTA,12284,8.43
2023,9,Setembro,Com. Leves,Total,5,FORD,2162,5.18
2023,9,Setembro,Autos,Total,6,JEEP,9737,6.68
2023,9,Setembro,Com. Leves,Total,6,RENAULT,1947,4.66
2023,9,Setembro,Autos,Total,7,MITSUBISHI,1282,3.07
2023,9,Setembro,Autos,Total,8,HONDA,5995,4.12
2023,9,Setembro,Com. Leves,Total,8,RAM,976,2.34
2023,9,Setembro,Autos,Total,9,NISSAN,5759,3.95
2023,9,Setembro,Com. Leves,Total,9,NISSAN,601,1.44
2023,9,Setembro,Autos,Total,10,CAOA CHERY,2937,2.02
2023,9,Setembro,Autos,Total,12,CITROEN,2354,1.62
2023,9,Setembro,Com. Leves,Total,12,VW TRUCK E BUS,165,0.4
2023,9,Setembro,Autos,Total,13,BYD,2134,1.46
2023,9,Setembro,Com. Leves,Total,13,EFFA,18,0.28
2023,9,Setembro,Autos,Total,14,BMW,141,0.97
2023,9,Setembro,Com. Leves,Total,14,M.BENZ,118,0.28
2023,9,Setembro,Autos,Total,15,GWM,1307,0.9
2023,9,Setembro,Autos,Total,16,AUDI,600,0.41
2023,9,Setembro,Com. Leves,Total,16,CITROEN,101,0.24
2023,9,Setembro,Autos,Total,17,VOLVO,499,0.34
2023,9,Setembro,Autos,Total,18,MITSUBISHI,476,0.33
2023,9,Setembro,Autos,Total,19,LAND ROVER,456,0.31
2023,9,Setembro,Com. Leves,Total,19,HYUNDAI,5,0.01
2023,9,Setembro,Autos,Total,20,PORSCHE,434,0.3
2023,9,Setembro,Autos,Total,21,M.BENZ,221,0.15
2023,9,Setembro,Motos,Total,1,HONDA,98474,72.87
2023,9,Setembro,Motos,Total,2,YAMAHA,24742,18.31
2023,9,Setembro,Motos,Total,3,SHINERAY,2928,2.17
2023,9,Setembro,Motos,Total,4,HAOJUE,1509,1.12
2023,9,Setembro,Motos,Total,5,BMW,1363,1.01
2023,9,Setembro,Motos,Total,6,MOTTU,958,0.71
2023,9,Setembro,Motos,Total,7,ROYAL ENFIELD,928,0.69
2023,9,Setembro,Motos,Total,8,AVELLOZ,809,0.6
2023,9,Setembro,Motos,Total,9,KAWASAKI,674,0.5
2023,9,Setembro,Motos,Total,10,TRIUMPH,520,0.38
2023,9,Setembro,Motos,Total,12,BAJAJ,468,0.35
2023,9,Setembro,Motos,Total,13,SUZUKI,172,0.13
2023,9,Setembro,Motos,Total,14,ORIGEM,146,0.11
2023,9,Setembro,Motos,Total,15,H.DAVIDSON,134,0.1
2023,9,Setembro,Motos,Total,17,DUCATI,104,0.08
2023,9,Setembro,Motos,Total,18,BULL,64,0.05
2023,9,Setembro,Motos,Total,19,JINYI,50,0.04
2023,9,Setembro,Motos,Total,20,ZONTES,50,0.04
2023,9,Setembro,Motos,Total,21,ROTOM,47,0.03
2023,10,Outubro,Autos,Total,1,VW,27930,17.12
2023,10,Outubro,Com. Leves,Total,1,FIAT,18428,42.33
2023,10,Outubro,Autos,Total,2,GM,27309,16.74
2023,10,Outubro,Com. Leves,Total,2,GM,4965,11.4
2023,10,Outubro,Autos,Total,3,FIAT,26028,15.95
2023,10,Outubro,Com. Leves,Total,3,VW,4956,11.38
2023,10,Outubro,Autos,Total,4,HYUNDAI,16319,10.0
2023,10,Outubro,Com. Leves,Total,4,TOYOTA,4027,9.25
2023,10,Outubro,Autos,Total,5,TOYOTA,13641,8.36
2023,10,Outubro,Com. Leves,Total,5,RAM,3077,7.07
2023,10,Outubro,Autos,Total,6,RENAULT,9952,6.1
2023,10,Outubro,Com. Leves,Total,6,FORD,3007,6.91
2023,10,Outubro,Autos,Total,7,JEEP,9473,5.81
2023,10,Outubro,Com. Leves,Total,7,RENAULT,1972,4.53
2023,10,Outubro,Autos,Total,8,NISSAN,7374,4.52
2023,10,Outubro,Com. Leves,Total,8,MITSUBISHI,1206,2.77
2023,10,Outubro,Autos,Total,9,HONDA,5576,3.42
2023,10,Outubro,Com. Leves,Total,9,NISSAN,648,1.49
2023,10,Outubro,Autos,Total,10,CAOA CHERY,3788,2.32
2023,10,Outubro,Com. Leves,Total,10,PEUGEOT,306,0.7
2023,10,Outubro,Autos,Total,11,CITROEN,3046,1.87
2023,10,Outubro,Com. Leves,Total,11,KIA,236,0.54
2023,10,Outubro,Autos,Total,12,PEUGEOT,2999,1.84
2023,10,Outubro,Com. Leves,Total,12,VW TRUCK E BUS,149,0.34
2023,10,Outubro,Autos,Total,13,BYD,2730,1.67
2023,10,Outubro,Com. Leves,Total,13,IVECO,139,0.32
2023,10,Outubro,Autos,Total,14,GWM,1450,0.89
2023,10,Outubro,Com. Leves,Total,14,M.BENZ,133,0.31
2023,10,Outubro,Autos,Total,15,BMW,1369,0.84
2023,10,Outubro,Com. Leves,Total,15,EFFA,115,0.26
2023,10,Outubro,Autos,Total,16,MITSUBISHI,649,0.4
2023,10,Outubro,Com. Leves,Total,16,CITROEN,93,0.21
2023,10,Outubro,Autos,Total,17,VOLVO,647,0.4
2023,10,Outubro,Com. Leves,Total,17,JEEP,34,0.08
2023,10,Outubro,Autos,Total,18,AUDI,631,0.39
2023,10,Outubro,Com. Leves,Total,18,JAC,19,0.04
2023,10,Outubro,Autos,Total,19,FORD,482,0.3
2023,10,Outubro,Com. Leves,Total,19,HYUNDAI,15,0.03
2023,10,Outubro,Autos,Total,20,PORSCHE,438,0.27
2023,10,Outubro,Com. Leves,Total,20,HITECH,3,0.01
2023,10,Outubro,Autos,Total,21,LAND ROVER,378,0.23
2023,10,Outubro,Com. Leves,Total,21,BYD,2,0
2023,10,Outubro,Caminhões,Total,1,M.BENZ,2178,23.79
2023,10,Outubro,Ônibus,Total,1,M.BENZ,1182,61.59
2023,10,Outubro,Caminhões,Total,2,VW TRUCK E BUS,2083,22.75
2023,10,Outubro,Ônibus,Total,2,MARCOPOLO,302,15.74
2023,10,Outubro,Caminhões,Total,3,VOLVO,1881,20.54
2023,10,Outubro,Ônibus,Total,3,VW TRUCK E BUS,290,15.11
2023,10,Outubro,Caminhões,Total,4,SCANIA,1413,15.43
2023,10,Outubro,Ônibus,Total,4,IVECO,5,2.87
2023,10,Outubro,Caminhões,Total,5,DAF,844,9.22
2023,10,Outubro,Ônibus,Total,5,SCANIA,5,2.87
2023,10,Outubro,Caminhões,Total,6,IVECO,677,7.39
2023,10,Outubro,Ônibus,Total,6,VOLVO,31,1.62
2023,10,Outubro,Caminhões,Total,7,JAC,25,0.27
2023,10,Outubro,Ônibus,Total,7,AGRALE,4,0.21
2023,10,Outubro,Caminhões,Total,8,HYUNDAI,15,0.16
2023,10,Outubro,Caminhões,Total,9,FOTON,1,0.12
2023,10,Outubro,Caminhões,Total,10,AGRALE,3,0.03
2023,10,Outubro,Caminhões,Total,11,FORD,1,0.01
2023,10,Outubro,Caminhões,Total,12,INTERNATIONAL,1,0.01
2023,10,Outubro,Motos,Total,1,HONDA,100610,73.11
2023,10,Outubro,Motos,Total,2,YAMAHA,24865,18.07
2023,10,Outubro,Motos,Total,3,SHINERAY,3308,2.4
2023,10,Outubro,Motos,Total,4,HAOJUE,1551,1.13
2023,10,Outubro,Motos,Total,5,ROYAL ENFIELD,1111,0.81
2023,10,Outubro,Motos,Total,6,BMW,1021,0.74
2023,10,Outubro,Motos,Total,7,AVELLOZ,888,0.65
2023,10,Outubro,Motos,Total,8,KAWASAKI,653,0.47
2023,10,Outubro,Motos,Total,9,MOTTU,594,0.43
2023,10,Outubro,Motos,Total,10,TRIUMPH,589,0.43
2023,10,Outubro,Motos,Total,11,DAFRA,501,0.36
2023,10,Outubro,Motos,Total,12,BAJAJ,432,0.31
2023,10,Outubro,Motos,Total,13,ORIGEM,365,0.27
2023,10,Outubro,Motos,Total,14,H.DAVIDSON,188,0.14
2023,10,Outubro,Motos,Total,15,SUZUKI,158,0.11
2023,10,Outubro,Motos,Total,16,GCX,82,0.06
2023,10,Outubro,Motos,Total,17,BULL,79,0.06
2023,10,Outubro,Motos,Total,18,DUCATI,75,0.05
2023,10,Outubro,Motos,Total,19,ATMAN,4,0.03
2023,10,Outubro,Motos,Total,20,ROTOM,40,0.03
2023,10,Outubro,Motos,Total,21,AMAZON,30,0.02
2023,11,Novembro,Autos,Total,1,VW,26091,16.24
2023,11,Novembro,Com. Leves,Total,1,FIAT,18559,45.31
2023,11,Novembro,Autos,Total,2,FIAT,25710,16.0
2023,11,Novembro,Com. Leves,Total,2,VW,4028,9.83
2023,11,Novembro,Autos,Total,3,GM,23400,14.56
2023,11,Novembro,Com. Leves,Total,3,TOYOTA,3783,9.24
2023,11,Novembro,Autos,Total,4,HYUNDAI,20502,12.76
2023,11,Novembro,Com. Leves,Total,4,GM,3637,8.88
2023,11,Novembro,Autos,Total,5,JEEP,11730,7.3
2023,11,Novembro,Com. Leves,Total,5,RAM,3441,8.4
2023,11,Novembro,Autos,Total,6,TOYOTA,11019,6.86
2023,11,Novembro,Com. Leves,Total,6,FORD,2603,6.36
2023,11,Novembro,Autos,Total,7,RENAULT,10201,6.35
2023,11,Novembro,Com. Leves,Total,7,RENAULT,1714,4.18
2023,11,Novembro,Autos,Total,8,HONDA,5620,3.5
2023,11,Novembro,Com. Leves,Total,8,MITSUBISHI,1152,2.81
2023,11,Novembro,Autos,Total,9,NISSAN,5288,3.29
2023,11,Novembro,Com. Leves,Total,9,NISSAN,689,1.68
2023,11,Novembro,Autos,Total,10,CAOA CHERY,4162,2.59
2023,11,Novembro,Com. Leves,Total,10,PEUGEOT,351,0.86
2023,11,Novembro,Autos,Total,11,BYD,3620,2.25
2023,11,Novembro,Com. Leves,Total,11,KIA,213,0.52
2023,11,Novembro,Autos,Total,12,CITROEN,3594,2.24
2023,11,Novembro,Com. Leves,Total,12,CITROEN,168,0.41
2023,11,Novembro,Autos,Total,13,PEUGEOT,3045,1.89
2023,11,Novembro,Com. Leves,Total,13,IVECO,161,0.39
2023,11,Novembro,Autos,Total,14,BMW,1501,0.93
2023,11,Novembro,Com. Leves,Total,14,VW TRUCK E BUS,161,0.39
2023,11,Novembro,Autos,Total,15,GWM,1356,0.84
2023,11,Novembro,Com. Leves,Total,15,EFFA,102,0.25
2023,11,Novembro,Autos,Total,16,VOLVO,726,0.45
2023,11,Novembro,Com. Leves,Total,16,M.BENZ,84,0.21
2023,11,Novembro,Autos,Total,17,MITSUBISHI,702,0.44
2023,11,Novembro,Com. Leves,Total,17,HYUNDAI,65,0.16
2023,11,Novembro,Autos,Total,18,AUDI,603,0.38
2023,11,Novembro,Com. Leves,Total,18,JEEP,16,0.04
2023,11,Novembro,Autos,Total,19,PORSCHE,398,0.25
2023,11,Novembro,Com. Leves,Total,19,JAC,15,0.04
2023,11,Novembro,Autos,Total,20,LAND ROVER,359,0.22
2023,11,Novembro,Com. Leves,Total,20,GMC,3,0.01
2023,11,Novembro,Autos,Total,21,FORD,277,0.17
2023,11,Novembro,Com. Leves,Total,21,BYD,2,0
2023,11,Novembro,Caminhões,Total,1,VW TRUCK E BUS,2572,28.42
2023,11,Novembro,Ônibus,Total,1,M.BENZ,1316,67.7
2023,11,Novembro,Caminhões,Total,2,M.BENZ,2081,22.99
2023,11,Novembro,Ônibus,Total,2,VW TRUCK E BUS,275,14.15
2023,11,Novembro,Caminhões,Total,3,VOLVO,1660,18.34
2023,11,Novembro,Ônibus,Total,3,MARCOPOLO,207,10.65
2023,11,Novembro,Caminhões,Total,4,SCANIA,1200,13.26
2023,11,Novembro,Ônibus,Total,4,IVECO,60,3.09
2023,11,Novembro,Caminhões,Total,5,DAF,741,8.19
2023,11,Novembro,Ônibus,Total,5,SCANIA,43,2.21
2023,11,Novembro,Caminhões,Total,6,IVECO,653,7.22
2023,11,Novembro,Ônibus,Total,6,VOLVO,38,1.95
2023,11,Novembro,Caminhões,Total,7,JAC,39,0.43
2023,11,Novembro,Ônibus,Total,7,AGRALE,5,0.26
2023,11,Novembro,Caminhões,Total,8,FOTON,37,0.41
2023,11,Novembro,Caminhões,Total,9,HYUNDAI,16,0.18
2023,11,Novembro,Caminhões,Total,10,NANJING,1,0.12
2023,11,Novembro,Caminhões,Total,11,AGRALE,6,0.07
2023,11,Novembro,Caminhões,Total,12,FORD,4,0.04
2023,11,Novembro,Caminhões,Total,13,ENGESA,1,0.01
2023,11,Novembro,Motos,Total,1,HONDA,100678,77.17
2023,11,Novembro,Motos,Total,2,YAMAHA,18462,14.15
2023,11,Novembro,Motos,Total,3,SHINERAY,3117,2.39
2023,11,Novembro,Motos,Total,4,HAOJUE,1333,1.02
2023,11,Novembro,Motos,Total,5,ROYAL ENFIELD,1295,0.99
2023,11,Novembro,Motos,Total,6,BMW,1108,0.85
2023,11,Novembro,Motos,Total,7,AVELLOZ,957,0.73
2023,11,Novembro,Motos,Total,8,KAWASAKI,834,0.64
2023,11,Novembro,Motos,Total,9,DAFRA,520,0.4
2023,11,Novembro,Motos,Total,10,TRIUMPH,442,0.34
2023,11,Novembro,Motos,Total,11,BAJAJ,381,0.29
2023,11,Novembro,Motos,Total,12,H.DAVIDSON,194,0.15
2023,11,Novembro,Motos,Total,13,SUZUKI,183,0.14
2023,11,Novembro,Motos,Total,14,MOTTU,160,0.12
2023,11,Novembro,Motos,Total,15,BULL,126,0.1
2023,11,Novembro,Motos,Total,16,DUCATI,98,0.08
2023,11,Novembro,Motos,Total,17,GCX,75,0.06
2023,11,Novembro,Motos,Total,18,ROTOM,53,0.04
2023,11,Novembro,Motos,Total,19,ZONTES,37,0.03
2023,11,Novembro,Motos,Total,20,TRAXX,25,0.02
2023,11,Novembro,Motos,Total,21,AMAZON,2,0.02
2023,12,Dezembro,Autos,Total,1,VW,37589,20.02
2023,12,Dezembro,Com. Leves,Total,1,FIAT,19372,39.66
2023,12,Dezembro,Autos,Total,2,FIAT,27439,14.61
2023,12,Dezembro,Com. Leves,Total,2,VW,5984,12.25
2023,12,Dezembro,Autos,Total,3,GM,26502,14.12
2023,12,Dezembro,Com. Leves,Total,3,GM,5912,12.1
2023,12,Dezembro,Autos,Total,4,HYUNDAI,21243,11.31
2023,12,Dezembro,Com. Leves,Total,4,TOYOTA,4345,8.9
2023,12,Dezembro,Autos,Total,5,TOYOTA,15960,8.5
2023,12,Dezembro,Com. Leves,Total,5,RAM,3101,6.35
2023,12,Dezembro,Autos,Total,6,RENAULT,12499,6.66
2023,12,Dezembro,Com. Leves,Total,6,FORD,2889,5.91
2023,12,Dezembro,Autos,Total,7,JEEP,8420,4.48
2023,12,Dezembro,Com. Leves,Total,7,RENAULT,2633,5.39
2023,12,Dezembro,Autos,Total,8,HONDA,6586,3.51
2023,12,Dezembro,Com. Leves,Total,8,MITSUBISHI,1821,3.73
2023,12,Dezembro,Autos,Total,9,NISSAN,6379,3.4
2023,12,Dezembro,Com. Leves,Total,9,NISSAN,1024,2.1
2023,12,Dezembro,Autos,Total,10,BYD,5495,2.93
2023,12,Dezembro,Com. Leves,Total,10,PEUGEOT,420,0.86
2023,12,Dezembro,Autos,Total,11,CAOA CHERY,4088,2.18
2023,12,Dezembro,Com. Leves,Total,11,M.BENZ,259,0.53
2023,12,Dezembro,Autos,Total,12,PEUGEOT,2938,1.56
2023,12,Dezembro,Com. Leves,Total,12,KIA,240,0.49
2023,12,Dezembro,Autos,Total,13,GWM,2796,1.49
2023,12,Dezembro,Com. Leves,Total,13,VW TRUCK E BUS,194,0.4
2023,12,Dezembro,Autos,Total,14,CITROEN,2413,1.29
2023,12,Dezembro,Com. Leves,Total,14,CITROEN,184,0.38
2023,12,Dezembro,Autos,Total,15,BMW,1747,0.93
2023,12,Dezembro,Com. Leves,Total,15,IVECO,162,0.33
2023,12,Dezembro,Autos,Total,16,VOLVO,1066,0.57
2023,12,Dezembro,Com. Leves,Total,16,EFFA,111,0.23
2023,12,Dezembro,Autos,Total,17,MITSUBISHI,895,0.48
2023,12,Dezembro,Com. Leves,Total,17,JEEP,111,0.23
2023,12,Dezembro,Autos,Total,18,AUDI,883,0.47
2023,12,Dezembro,Com. Leves,Total,18,HYUNDAI,57,0.12
2023,12,Dezembro,Autos,Total,19,LAND ROVER,600,0.32
2023,12,Dezembro,Com. Leves,Total,19,JAC,14,0.03
2023,12,Dezembro,Autos,Total,20,M.BENZ,470,0.25
2023,12,Dezembro,Com. Leves,Total,20,BYD,5,0.01
2023,12,Dezembro,Autos,Total,21,PORSCHE,439,0.23
2023,12,Dezembro,Com. Leves,Total,21,ARROW,4,0.01
2023,12,Dezembro,Caminhões,Total,1,M.BENZ,2462,24.45
2023,12,Dezembro,Ônibus,Total,1,M.BENZ,1265,67.39
2023,12,Dezembro,Caminhões,Total,2,VW TRUCK E BUS,2395,23.79
2023,12,Dezembro,Ônibus,Total,2,VW TRUCK E BUS,205,10.92
2023,12,Dezembro,Caminhões,Total,3,VOLVO,2028,20.14
2023,12,Dezembro,Ônibus,Total,3,MARCOPOLO,191,10.18
2023,12,Dezembro,Caminhões,Total,4,SCANIA,1585,15.74
2023,12,Dezembro,Ônibus,Total,4,SCANIA,9,5.27
2023,12,Dezembro,Caminhões,Total,5,DAF,864,8.58
2023,12,Dezembro,Ônibus,Total,5,VOLVO,60,3.2
2023,12,Dezembro,Caminhões,Total,6,IVECO,655,6.51
2023,12,Dezembro,Ônibus,Total,6,IVECO,4,2.34
2023,12,Dezembro,Caminhões,Total,7,HYUNDAI,24,0.24
2023,12,Dezembro,Ônibus,Total,7,INDUSCAR,9,0.48
2023,12,Dezembro,Caminhões,Total,8,FOTON,21,0.21
2023,12,Dezembro,Ônibus,Total,8,AGRALE,4,0.21
2023,12,Dezembro,Caminhões,Total,9,AGRALE,6,0.06
2023,12,Dezembro,Caminhões,Total,10,JAC,4,0.04
2023,12,Dezembro,Caminhões,Total,11,FORD,2,0.02
2023,12,Dezembro,Caminhões,Total,12,JMC,1,0.01
2023,12,Dezembro,Motos,Total,1,HONDA,104225,78.51
2023,12,Dezembro,Motos,Total,2,YAMAHA,15751,11.86
2023,12,Dezembro,Motos,Total,3,SHINERAY,3376,2.54
2023,12,Dezembro,Motos,Total,4,ROYAL ENFIELD,1681,1.27
2023,12,Dezembro,Motos,Total,5,HAOJUE,1565,1.18
2023,12,Dezembro,Motos,Total,6,BMW,1361,1.03
2023,12,Dezembro,Motos,Total,7,AVELLOZ,938,0.71
2023,12,Dezembro,Motos,Total,8,KAWASAKI,803,0.6
2023,12,Dezembro,Motos,Total,9,DAFRA,569,0.43
2023,12,Dezembro,Motos,Total,10,TRIUMPH,540,0.41
2023,12,Dezembro,Motos,Total,11,BAJAJ,463,0.35
2023,12,Dezembro,Motos,Total,12,H.DAVIDSON,204,0.15
2023,12,Dezembro,Motos,Total,13,SUZUKI,177,0.13
2023,12,Dezembro,Motos,Total,14,BULL,116,0.09
2023,12,Dezembro,Motos,Total,15,GCX,103,0.08
2023,12,Dezembro,Motos,Total,16,DUCATI,93,0.07
2023,12,Dezembro,Motos,Total,17,SUPER SOCO,71,0.05
2023,12,Dezembro,Motos,Total,18,VOLTZ,69,0.05
2023,12,Dezembro,Motos,Total,19,ROTOM,63,0.05
2023,12,Dezembro,Motos,Total,20,MOTTU,49,0.04
2023,12,Dezembro,Motos,Total,21,ZONTES,38,0.03
2024,1,Janeiro,Autos,Total,1,VW,18153,15.32
2024,1,Janeiro,Com. Leves,Total,1,FIAT,13380,39.87
2024,1,Janeiro,Autos,Total,2,FIAT,17472,14.74
2024,1,Janeiro,Com. Leves,Total,2,VW,3991,11.89
2024,1,Janeiro,Autos,Total,3,GM,3849,11.47
2024,1,Janeiro,Autos,Total,4,HYUNDAI,14188,11.97
2024,1,Janeiro,Com. Leves,Total,4,TOYOTA,3278,9.77
2024,1,Janeiro,Autos,Total,5,TOYOTA,10444,8.81
2024,1,Janeiro,Com. Leves,Total,5,RAM,2273,6.77
2024,1,Janeiro,Autos,Total,6,JEEP,7764,6.55
2024,1,Janeiro,Com. Leves,Total,6,FORD,2097,6.25
2024,1,Janeiro,Autos,Total,7,RENAULT,5414,4.57
2024,1,Janeiro,Com. Leves,Total,7,RENAULT,1882,5.61
2024,1,Janeiro,Autos,Total,8,NISSAN,5321,4.49
2024,1,Janeiro,Com. Leves,Total,8,MITSUBISHI,755,2.25
2024,1,Janeiro,Autos,Total,9,HONDA,5155,4.35
2024,1,Janeiro,Com. Leves,Total,9,NISSAN,742,2.21
2024,1,Janeiro,Autos,Total,10,BYD,4294,3.62
2024,1,Janeiro,Com. Leves,Total,10,KIA,202,0.6
2024,1,Janeiro,Autos,Total,12,GWM,2316,1.95
2024,1,Janeiro,Com. Leves,Total,12,VW TRUCK E BUS,183,0.55
2024,1,Janeiro,Autos,Total,13,PEUGEOT,2227,1.88
2024,1,Janeiro,Autos,Total,14,CITROEN,2091,1.76
2024,1,Janeiro,Com. Leves,Total,14,EFFA,160,0.48
2024,1,Janeiro,Autos,Total,15,BMW,869,0.73
2024,1,Janeiro,Com. Leves,Total,15,JEEP,121,0.36
2024,1,Janeiro,Autos,Total,16,FORD,707,0.6
2024,1,Janeiro,Com. Leves,Total,16,M.BENZ,9,0.3
2024,1,Janeiro,Autos,Total,17,VOLVO,668,0.56
2024,1,Janeiro,Com. Leves,Total,17,CITROEN,96,0.29
2024,1,Janeiro,Autos,Total,18,MITSUBISHI,646,0.55
2024,1,Janeiro,Com. Leves,Total,18,HYUNDAI,49,0.15
2024,1,Janeiro,Autos,Total,19,M.BENZ,408,0.34
2024,1,Janeiro,Autos,Total,20,AUDI,405,0.34
2024,1,Janeiro,Com. Leves,Total,20,BYD,5,0.01
2024,1,Janeiro,Autos,Total,21,LAND ROVER,373,0.31
2024,1,Janeiro,Com. Leves,Total,21,HITECH,2,0.01
2024,1,Janeiro,Autos,Total,1,FIAT,30852,20.29
2024,1,Janeiro,Autos,Total,2,VW,22144,14.56
2024,1,Janeiro,Autos,Total,4,HYUNDAI,14237,9.36
2024,1,Janeiro,Autos,Total,5,TOYOTA,13722,9.02
2024,1,Janeiro,Autos,Total,6,JEEP,7885,5.19
2024,1,Janeiro,Autos,Total,7,RENAULT,7296,4.8
2024,1,Janeiro,Autos,Total,8,NISSAN,6063,3.99
2024,1,Janeiro,Autos,Total,9,HONDA,5155,3.39
2024,1,Janeiro,Autos,Total,10,BYD,4299,2.83
2024,1,Janeiro,Autos,Total,12,FORD,2804,1.84
2024,1,Janeiro,Autos,Total,13,PEUGEOT,2429,1.6
2024,1,Janeiro,Autos,Total,14,GWM,2316,1.52
2024,1,Janeiro,Autos,Total,15,RAM,2273,1.49
2024,1,Janeiro,Autos,Total,16,CITROEN,2187,1.44
2024,1,Janeiro,Autos,Total,17,MITSUBISHI,1401,0.92
2024,1,Janeiro,Autos,Total,18,BMW,869,0.57
2024,1,Janeiro,Autos,Total,19,VOLVO,668,0.44
2024,1,Janeiro,Autos,Total,20,M.BENZ,507,0.33
2024,1,Janeiro,Autos,Total,21,KIA,462,0.3
2024,1,Janeiro,Motos,Total,2,YAMAHA,22706,15.84
2024,1,Janeiro,Motos,Total,3,MOTTU,5427,3.79
2024,1,Janeiro,Motos,Total,4,SHINERAY,3989,2.78
2024,1,Janeiro,Motos,Total,5,HAQJUE,1565,1.09
2024,1,Janeiro,Motos,Total,6,BMW,1258,0.88
2024,1,Janeiro,Motos,Total,7,ROYAL ENFIELD,1205,0.84
2024,1,Janeiro,Motos,Total,8,AVELLOZ,1100,0.77
2024,1,Janeiro,Motos,Total,9,DAFRA,678,0.47
2024,1,Janeiro,Motos,Total,10,KAWASAKI,657,0.46
2024,1,Janeiro,Motos,Total,12,BAJAJ,376,0.26
2024,1,Janeiro,Motos,Total,13,BULL,169,0.12
2024,1,Janeiro,Motos,Total,14,SUZUKI,146,0.1
2024,1,Janeiro,Motos,Total,15,H.DAVIDSON,144,0.1
2024,1,Janeiro,Motos,Total,16,GCX,106,0.07
2024,1,Janeiro,Motos,Total,17,DUCATI,59,0.04
2024,1,Janeiro,Motos,Total,18,ROTOM,43,0.03
2024,1,Janeiro,Motos,Total,19,JIANGSU,32,0.02
2024,1,Janeiro,Motos,Total,20,LVNENG,32,0.02
2024,1,Janeiro,Motos,Total,21,ZONTES,32,0.02
2024,2,Fevereiro,Autos,Total,1,FIAT,20699,17.2
2024,2,Fevereiro,Com. Leves,Total,1,FIAT,13627,38.97
2024,2,Fevereiro,Autos,Total,2,VW,19533,16.23
2024,2,Fevereiro,Com. Leves,Total,2,VW,4373,12.51
2024,2,Fevereiro,Autos,Total,3,GM,12533,10.42
2024,2,Fevereiro,Com. Leves,Total,3,GM,4002,11.44
2024,2,Fevereiro,Autos,Total,4,HYUNDAI,11881,9.87
2024,2,Fevereiro,Com. Leves,Total,4,TOYOTA,3437,9.83
2024,2,Fevereiro,Autos,Total,5,TOYOTA,9959,8.28
2024,2,Fevereiro,Com. Leves,Total,5,RAM,2574,7.36
2024,2,Fevereiro,Autos,Total,6,JEEP,8675,7.21
2024,2,Fevereiro,Com. Leves,Total,6,FORD,2311,6.61
2024,2,Fevereiro,Autos,Total,7,RENAULT,8240,6.85
2024,2,Fevereiro,Com. Leves,Total,7,RENAULT,1810,5.18
2024,2,Fevereiro,Autos,Total,8,HONDA,5443,4.52
2024,2,Fevereiro,Com. Leves,Total,8,MITSUBISHI,889,2.54
2024,2,Fevereiro,Autos,Total,9,NISSAN,5152,4.28
2024,2,Fevereiro,Com. Leves,Total,9,NISSAN,715,2.04
2024,2,Fevereiro,Autos,Total,10,BYD,4424,3.68
2024,2,Fevereiro,Com. Leves,Total,10,KIA,195,0.56
2024,2,Fevereiro,Autos,Total,11,CAOA CHERY,3329,2.77
2024,2,Fevereiro,Com. Leves,Total,11,PEUGEOT,178,0.51
2024,2,Fevereiro,Autos,Total,12,CITROEN,1873,1.56
2024,2,Fevereiro,Com. Leves,Total,12,VW TRUCK E BUS,155,0.44
2024,2,Fevereiro,Autos,Total,13,GWM,1715,1.43
2024,2,Fevereiro,Com. Leves,Total,13,IVECO,150,0.43
2024,2,Fevereiro,Autos,Total,14,PEUGEOT,1699,1.41
2024,2,Fevereiro,Com. Leves,Total,14,CITROEN,120,0.34
2024,2,Fevereiro,Autos,Total,15,BMW,1063,0.88
2024,2,Fevereiro,Com. Leves,Total,15,M.BENZ,117,0.33
2024,2,Fevereiro,Autos,Total,16,FORD,779,0.65
2024,2,Fevereiro,Com. Leves,Total,16,EFFA,113,0.32
2024,2,Fevereiro,Autos,Total,17,MITSUBISHI,697,0.58
2024,2,Fevereiro,Com. Leves,Total,17,JEEP,85,0.24
2024,2,Fevereiro,Autos,Total,18,PORSCHE,453,0.38
2024,2,Fevereiro,Com. Leves,Total,18,HYUNDAI,80,0.23
2024,2,Fevereiro,Autos,Total,19,AUDI,421,0.35
2024,2,Fevereiro,Com. Leves,Total,19,JAC,14,0.04
2024,2,Fevereiro,Autos,Total,20,M.BENZ,356,0.3
2024,2,Fevereiro,Com. Leves,Total,20,BYD,5,0.01
2024,2,Fevereiro,Autos,Total,21,LAND ROVER,354,0.29
2024,2,Fevereiro,Com. Leves,Total,21,ARROW,4,0.01
2024,2,Fevereiro,Caminhões,Total,1,VW TRUCK E BUS,2242,27.34
2024,2,Fevereiro,Ônibus,Total,1,M.BENZ,1121,65.06
2024,2,Fevereiro,Caminhões,Total,2,M.BENZ,1935,23.6
2024,2,Fevereiro,Ônibus,Total,2,MARCOPOLO,287,16.66
2024,2,Fevereiro,Caminhões,Total,3,VOLVO,1403,17.11
2024,2,Fevereiro,Ônibus,Total,3,VW TRUCK E BUS,203,11.78
2024,2,Fevereiro,Caminhões,Total,4,SCANIA,1370,16.71
2024,2,Fevereiro,Ônibus,Total,4,IVECO,47,2.73
2024,2,Fevereiro,Caminhões,Total,5,DAF,685,8.35
2024,2,Fevereiro,Ônibus,Total,5,VOLVO,26,1.51
2024,2,Fevereiro,Caminhões,Total,6,IVECO,470,5.73
2024,2,Fevereiro,Ônibus,Total,6,SCANIA,25,1.45
2024,2,Fevereiro,Caminhões,Total,7,FOTON,25,0.3
2024,2,Fevereiro,Ônibus,Total,7,AGRALE,3,0.17
2024,2,Fevereiro,Caminhões,Total,8,HYUNDAI,25,0.3
2024,2,Fevereiro,Ônibus,Total,8,HIGER,1,0.06
2024,2,Fevereiro,Caminhões,Total,9,JAC,13,0.16
2024,2,Fevereiro,Caminhões,Total,10,AGRALE,3,0.04
2024,2,Fevereiro,Caminhões,Total,11,FORD,3,0.04
2024,2,Fevereiro,Motos,Total,1,HONDA,96785,71.02
2024,2,Fevereiro,Motos,Total,2,YAMAHA,24084,17.67
2024,2,Fevereiro,Motos,Total,3,MOTTU,4089,3.0
2024,2,Fevereiro,Motos,Total,4,SHINERAY,3927,2.88
2024,2,Fevereiro,Motos,Total,5,HAOJUE,1324,0.97
2024,2,Fevereiro,Motos,Total,6,AVELLOZ,1062,0.78
2024,2,Fevereiro,Motos,Total,7,BMW,927,0.68
2024,2,Fevereiro,Motos,Total,8,ROYAL ENFIELD,832,0.61
2024,2,Fevereiro,Motos,Total,9,KAWASAKI,786,0.58
2024,2,Fevereiro,Motos,Total,10,TRIUMPH,498,0.37
2024,2,Fevereiro,Motos,Total,11,DAFRA,472,0.35
2024,2,Fevereiro,Motos,Total,12,BAJAJ,404,0.3
2024,2,Fevereiro,Motos,Total,13,BULL,167,0.12
2024,2,Fevereiro,Motos,Total,14,SUZUKI,166,0.12
2024,2,Fevereiro,Motos,Total,15,H.DAVIDSON,110,0.08
2024,2,Fevereiro,Motos,Total,16,GCX,86,0.06
2024,2,Fevereiro,Motos,Total,17,DUCATI,5,0.04
2024,2,Fevereiro,Motos,Total,18,ROTOM,40,0.03
2024,2,Fevereiro,Motos,Total,19,SOUSA,3,0.02
2024,2,Fevereiro,Motos,Total,20,JIANGSU,29,0.02
2024,2,Fevereiro,Motos,Total,21,LVNENG,2,0.02
2024,3,Março,Autos,Total,1,VW,25907,18.79
2024,3,Março,Com. Leves,Total,1,FIAT,16084,42.22
2024,3,Março,Autos,Total,2,FIAT,20252,14.69
2024,3,Março,Com. Leves,Total,2,VW,4872,12.79
2024,3,Março,Autos,Total,3,GM,17483,12.68
2024,3,Março,Com. Leves,Total,3,GM,3973,10.43
2024,3,Março,Autos,Total,4,TOYOTA,11355,8.23
2024,3,Março,Com. Leves,Total,4,TOYOTA,3499,9.19
2024,3,Março,Autos,Total,5,HYUNDAI,10903,7.91
2024,3,Março,Com. Leves,Total,5,RAM,2580,6.77
2024,3,Março,Autos,Total,6,JEEP,8903,6.46
2024,3,Março,Com. Leves,Total,6,RENAULT,2031,5.33
2024,3,Março,Autos,Total,7,RENAULT,7355,5.33
2024,3,Março,Com. Leves,Total,7,FORD,1945,5.11
2024,3,Março,Autos,Total,8,NISSAN,6721,4.87
2024,3,Março,Com. Leves,Total,8,NISSAN,914,2.4
2024,3,Março,Autos,Total,9,HONDA,6415,4.65
2024,3,Março,Com. Leves,Total,9,MITSUBISHI,886,2.33
2024,3,Março,Autos,Total,10,BYD,6210,4.5
2024,3,Março,Com. Leves,Total,10,IVECO,192,0.5
2024,3,Março,Autos,Total,11,CAOA CHERY,4829,3.5
2024,3,Março,Com. Leves,Total,11,KIA,192,0.5
2024,3,Março,Autos,Total,12,CITROEN,2463,1.79
2024,3,Março,Com. Leves,Total,12,CITROEN,165,0.43
2024,3,Março,Autos,Total,13,GWM,1705,1.24
2024,3,Março,Com. Leves,Total,13,VW TRUCK E BUS,160,0.42
2024,3,Março,Autos,Total,14,PEUGEOT,1342,0.97
2024,3,Março,Com. Leves,Total,14,PEUGEOT,143,0.38
2024,3,Março,Autos,Total,15,BMW,1265,0.92
2024,3,Março,Com. Leves,Total,15,EFFA,127,0.33
2024,3,Março,Autos,Total,16,MITSUBISHI,862,0.63
2024,3,Março,Com. Leves,Total,16,JEEP,106,0.28
2024,3,Março,Autos,Total,17,VOLVO,600,0.44
2024,3,Março,Com. Leves,Total,17,M.BENZ,106,0.28
2024,3,Março,Autos,Total,18,AUDI,565,0.41
2024,3,Março,Com. Leves,Total,18,HYUNDAI,95,0.25
2024,3,Março,Autos,Total,19,PORSCHE,520,0.38
2024,3,Março,Com. Leves,Total,19,JAC,12,0.03
2024,3,Março,Autos,Total,20,M.BENZ,499,0.36
2024,3,Março,Com. Leves,Total,20,BYD,3,0.01
2024,3,Março,Autos,Total,21,FORD,380,0.28
2024,3,Março,Com. Leves,Total,21,GMC,3,0.01
2024,3,Março,Caminhões,Total,1,VW TRUCK E BUS,2468,25.44
2024,3,Março,Ônibus,Total,1,M.BENZ,1191,58.21
2024,3,Março,Caminhões,Total,2,M.BENZ,2236,23.05
2024,3,Março,Ônibus,Total,2,VW TRUCK E BUS,385,18.82
2024,3,Março,Caminhões,Total,3,SCANIA,1855,19.12
2024,3,Março,Ônibus,Total,3,MARCOPOLO,261,12.76
2024,3,Março,Caminhões,Total,4,VOLVO,1605,16.54
2024,3,Março,Ônibus,Total,4,IVECO,8,4.3
2024,3,Março,Caminhões,Total,5,IVECO,717,7.39
2024,3,Março,Ônibus,Total,5,SCANIA,49,2.39
2024,3,Março,Caminhões,Total,6,DAF,702,7.24
2024,3,Março,Ônibus,Total,6,INDUSCAR,34,1.66
2024,3,Março,Caminhões,Total,7,FOTON,60,0.62
2024,3,Março,Ônibus,Total,7,VOLVO,3,1.61
2024,3,Março,Caminhões,Total,8,HYUNDAI,18,0.19
2024,3,Março,Ônibus,Total,8,AGRALE,5,0.24
2024,3,Março,Caminhões,Total,9,AGRALE,6,0.06
2024,3,Março,Caminhões,Total,10,JAC,4,0.04
2024,3,Março,Caminhões,Total,11,FORD,2,0.02
2024,3,Março,Caminhões,Total,12,INTERNATIONAL,1,0.01
2024,3,Março,Motos,Total,1,HONDA,106474,69.74
2024,3,Março,Motos,Total,2,YAMAHA,27295,17.88
2024,3,Março,Motos,Total,3,MOTTU,5495,3.6
2024,3,Março,Motos,Total,4,SHINERAY,4381,2.87
2024,3,Março,Motos,Total,5,HAOJUE,1595,1.04
2024,3,Março,Motos,Total,6,AVELLOZ,1284,0.84
2024,3,Março,Motos,Total,7,ROYAL ENFIELD,1201,0.79
2024,3,Março,Motos,Total,8,BMW,960,0.63
2024,3,Março,Motos,Total,9,KAWASAKI,790,0.52
2024,3,Março,Motos,Total,10,BAJAJ,785,0.51
2024,3,Março,Motos,Total,11,TRIUMPH,672,0.44
2024,3,Março,Motos,Total,12,DAFRA,425,0.28
2024,3,Março,Motos,Total,13,VMOTO,265,0.17
2024,3,Março,Motos,Total,14,BULL,138,0.09
2024,3,Março,Motos,Total,15,SUZUKI,132,0.09
2024,3,Março,Motos,Total,16,H.DAVIDSON,121,0.08
2024,3,Março,Motos,Total,17,GCX,98,0.06
2024,3,Março,Motos,Total,18,DUCATI,6,0.04
2024,3,Março,Motos,Total,19,ROTOM,61,0.04
2024,3,Março,Motos,Total,20,SHENGQI,32,0.02
2024,3,Março,Motos,Total,21,SOUSA,30,0.02
2024,4,Abril,Autos,Total,1,VW,27818,16.92
2024,4,Abril,Com. Leves,Total,1,FIAT,17244,39.45
2024,4,Abril,Autos,Total,2,FIAT,24852,15.12
2024,4,Abril,Com. Leves,Total,2,VW,5621,12.86
2024,4,Abril,Autos,Total,3,GM,24757,15.06
2024,4,Abril,Com. Leves,Total,3,GM,5094,11.65
2024,4,Abril,Autos,Total,4,HYUNDAI,15601,9.49
2024,4,Abril,Com. Leves,Total,4,TOYOTA,4793,10.96
2024,4,Abril,Autos,Total,5,TOYOTA,12546,7.63
2024,4,Abril,Com. Leves,Total,5,FORD,2991,6.84
2024,4,Abril,Autos,Total,6,RENAULT,9907,6.03
2024,4,Abril,Com. Leves,Total,6,RAM,2193,5.02
2024,4,Abril,Autos,Total,7,JEEP,9404,5.72
2024,4,Abril,Com. Leves,Total,7,RENAULT,1962,4.49
2024,4,Abril,Autos,Total,8,HONDA,7167,4.36
2024,4,Abril,Com. Leves,Total,8,MITSUBISHI,1257,2.88
2024,4,Abril,Autos,Total,9,BYD,6965,4.24
2024,4,Abril,Com. Leves,Total,9,NISSAN,1119,2.56
2024,4,Abril,Autos,Total,10,CAOA CHERY,6458,3.93
2024,4,Abril,Com. Leves,Total,10,IVECO,309,0.71
2024,4,Abril,Autos,Total,12,CITROEN,2778,1.69
2024,4,Abril,Com. Leves,Total,12,EFFA,159,0.36
2024,4,Abril,Autos,Total,13,GWM,2281,1.39
2024,4,Abril,Com. Leves,Total,13,PEUGEOT,145,0.33
2024,4,Abril,Autos,Total,14,PEUGEOT,1729,1.05
2024,4,Abril,Com. Leves,Total,14,VW TRUCK E BUS,144,0.33
2024,4,Abril,Autos,Total,15,BMW,1383,0.84
2024,4,Abril,Com. Leves,Total,15,M.BENZ,126,0.29
2024,4,Abril,Autos,Total,16,MITSUBISHI,923,0.56
2024,4,Abril,Com. Leves,Total,16,CITROEN,15,0.26
2024,4,Abril,Autos,Total,17,FORD,626,0.38
2024,4,Abril,Com. Leves,Total,17,BYD,81,0.19
2024,4,Abril,Autos,Total,18,PORSCHE,538,0.33
2024,4,Abril,Com. Leves,Total,18,HYUNDAI,73,0.17
2024,4,Abril,Autos,Total,19,M.BENZ,530,0.32
2024,4,Abril,Com. Leves,Total,19,JEEP,14,0.03
2024,4,Abril,Autos,Total,20,AUDI,478,0.29
2024,4,Abril,Com. Leves,Total,20,JAC,7,0.02
2024,4,Abril,Autos,Total,21,VOLVO,439,0.27
2024,4,Abril,Autos,Total,1,FIAT,42096,20.23
2024,4,Abril,Autos,Total,2,VW,33439,16.07
2024,4,Abril,Autos,Total,4,TOYOTA,17339,8.33
2024,4,Abril,Autos,Total,5,HYUNDAI,15674,7.53
2024,4,Abril,Autos,Total,6,RENAULT,11869,5.7
2024,4,Abril,Autos,Total,7,JEEP,9418,4.53
2024,4,Abril,Autos,Total,8,HONDA,7167,3.44
2024,4,Abril,Autos,Total,9,NISSAN,7072,3.4
2024,4,Abril,Autos,Total,10,BYD,7046,3.39
2024,4,Abril,Autos,Total,12,FORD,3617,1.74
2024,4,Abril,Autos,Total,13,CITROEN,2893,1.39
2024,4,Abril,Autos,Total,14,GWM,2281,1.1
2024,4,Abril,Autos,Total,15,RAM,2193,1.05
2024,4,Abril,Autos,Total,16,MITSUBISHI,2180,1.05
2024,4,Abril,Autos,Total,17,PEUGEOT,1874,0.9
2024,4,Abril,Autos,Total,18,BMW,1383,0.66
2024,4,Abril,Autos,Total,19,M.BENZ,656,0.32
2024,4,Abril,Autos,Total,20,PORSCHE,538,0.26
2024,4,Abril,Autos,Total,21,KIA,535,0.26
2024,4,Abril,Motos,Total,1,HONDA,121290,71.24
2024,4,Abril,Motos,Total,2,YAMAHA,31239,18.35
2024,4,Abril,Motos,Total,3,SHINERAY,5388,3.16
2024,4,Abril,Motos,Total,4,MOTTU,2757,1.62
2024,4,Abril,Motos,Total,5,HAQJUE,1598,0.94
2024,4,Abril,Motos,Total,6,ROYAL ENFIELD,1452,0.85
2024,4,Abril,Motos,Total,7,AVELLOZ,1360,0.8
2024,4,Abril,Motos,Total,8,BMW,1333,0.78
2024,4,Abril,Motos,Total,9,KAWASAKI,810,0.48
2024,4,Abril,Motos,Total,10,TRIUMPH,720,0.42
2024,4,Abril,Motos,Total,12,DAFRA,445,0.26
2024,4,Abril,Motos,Total,13,H.DAVIDSON,162,0.1
2024,4,Abril,Motos,Total,14,BULL,153,0.09
2024,4,Abril,Motos,Total,15,SUZUKI,148,0.09
2024,4,Abril,Motos,Total,16,DUCATI,102,0.06
2024,4,Abril,Motos,Total,17,GCX,102,0.06
2024,4,Abril,Motos,Total,18,VMOTO,47,0.03
2024,4,Abril,Motos,Total,19,SOUSA,39,0.02
2024,4,Abril,Motos,Total,20,ROTOM,36,0.02
2024,4,Abril,Motos,Total,21,SUPER SOCO,32,0.02
2024,5,Maio,Autos,Total,1,FIAT,16821,42.92
2024,5,Maio,Autos,Total,2,FIAT,21869,15.18
2024,5,Maio,Com. Leves,Total,2,GM,4688,11.96
2024,5,Maio,Autos,Total,3,VW,4144,10.57
2024,5,Maio,Autos,Total,4,HYUNDAI,15563,10.81
2024,5,Maio,Com. Leves,Total,4,TOYOTA,3394,8.66
2024,5,Maio,Autos,Total,5,TOYOTA,11602,8.06
2024,5,Maio,Com. Leves,Total,5,FORD,2980,7.6
2024,5,Maio,Autos,Total,6,JEEP,8643,6.0
2024,5,Maio,Com. Leves,Total,6,RAM,2275,5.81
2024,5,Maio,Autos,Total,8,HONDA,6448,4.48
2024,5,Maio,Com. Leves,Total,8,NISSAN,1054,2.69
2024,5,Maio,Autos,Total,9,RENAULT,5557,3.86
2024,5,Maio,Com. Leves,Total,9,MITSUBISHI,938,2.39
2024,5,Maio,Autos,Total,10,BYD,5255,3.65
2024,5,Maio,Com. Leves,Total,10,IVECO,247,0.63
2024,5,Maio,Autos,Total,12,CITROEN,2489,1.73
2024,5,Maio,Com. Leves,Total,12,M.BENZ,154,0.39
2024,5,Maio,Autos,Total,13,GWM,1972,1.37
2024,5,Maio,Com. Leves,Total,13,EFFA,146,0.37
2024,5,Maio,Autos,Total,14,PEUGEOT,1632,1.13
2024,5,Maio,Com. Leves,Total,14,VW TRUCK E BUS,123,0.31
2024,5,Maio,Autos,Total,15,BMW,1477,1.03
2024,5,Maio,Autos,Total,16,VOLVO,927,0.64
2024,5,Maio,Com. Leves,Total,16,CITROEN,85,0.22
2024,5,Maio,Autos,Total,17,MITSUBISHI,899,0.62
2024,5,Maio,Com. Leves,Total,17,HYUNDAI,58,0.15
2024,5,Maio,Autos,Total,18,FORD,619,0.43
2024,5,Maio,Com. Leves,Total,18,JAC,10,0.03
2024,5,Maio,Autos,Total,19,PORSCHE,613,0.43
2024,5,Maio,Autos,Total,20,M.BENZ,538,0.37
2024,5,Maio,Com. Leves,Total,20,ARROW,2,0.01
2024,5,Maio,Autos,Total,21,AUDI,407,0.28
2024,5,Maio,Com. Leves,Total,21,MON,2,0.01
2024,5,Maio,Autos,Total,1,FIAT,38690,21.12
2024,5,Maio,Autos,Total,2,VW,27533,15.03
2024,5,Maio,Autos,Total,4,HYUNDAI,15621,8.53
2024,5,Maio,Autos,Total,5,TOYOTA,14996,8.18
2024,5,Maio,Autos,Total,6,JEEP,8644,4.72
2024,5,Maio,Autos,Total,7,NISSAN,8162,4.45
2024,5,Maio,Autos,Total,8,RENAULT,7302,3.99
2024,5,Maio,Autos,Total,9,HONDA,6448,3.52
2024,5,Maio,Autos,Total,10,BYD,5255,2.87
2024,5,Maio,Autos,Total,12,FORD,3599,1.96
2024,5,Maio,Autos,Total,13,CITROEN,2574,1.4
2024,5,Maio,Autos,Total,14,RAM,2275,1.24
2024,5,Maio,Autos,Total,15,GWM,1972,1.08
2024,5,Maio,Autos,Total,16,MITSUBISHI,1837,1.0
2024,5,Maio,Autos,Total,17,PEUGEOT,1749,0.95
2024,5,Maio,Autos,Total,18,BMW,1477,0.81
2024,5,Maio,Autos,Total,19,VOLVO,927,0.51
2024,5,Maio,Autos,Total,20,M.BENZ,692,0.38
2024,5,Maio,Autos,Total,21,PORSCHE,613,0.33
2024,5,Maio,Motos,Total,2,YAMAHA,29631,18.01
2024,5,Maio,Motos,Total,3,SHINERAY,5952,3.62
2024,5,Maio,Motos,Total,4,MOTTU,1507,0.92
2024,5,Maio,Motos,Total,5,AVELLOZ,1334,0.81
2024,5,Maio,Motos,Total,6,ROYAL ENFIELD,1299,0.79
2024,5,Maio,Motos,Total,7,BMW,1291,0.78
2024,5,Maio,Motos,Total,8,HAQJUE,1188,0.72
2024,5,Maio,Motos,Total,9,TRIUMPH,886,0.54
2024,5,Maio,Motos,Total,10,BAJAJ,669,0.41
2024,5,Maio,Motos,Total,12,DAFRA,387,0.24
2024,5,Maio,Motos,Total,13,SUZUKI,199,0.12
2024,5,Maio,Motos,Total,14,H.DAVIDSON,1922,0.12
2024,5,Maio,Motos,Total,15,ZONTES,170,0.1
2024,5,Maio,Motos,Total,16,BULL,135,0.08
2024,5,Maio,Motos,Total,17,DUCATI,124,0.08
2024,5,Maio,Motos,Total,18,GCX,97,0.06
2024,5,Maio,Motos,Total,19,BASHAN,86,0.05
2024,5,Maio,Motos,Total,20,SUPER SOCO,50,0.03
2024,5,Maio,Motos,Total,21,WATTS,48,0.03
2024,6,Junho,Autos,Total,1,VW,25956,15.85
2024,6,Junho,Com. Leves,Total,1,FIAT,15053,38.93
2024,6,Junho,Autos,Total,2,GM,24047,14.68
2024,6,Junho,Com. Leves,Total,2,GM,4614,11.93
2024,6,Junho,Autos,Total,3,FIAT,23349,14.25
2024,6,Junho,Com. Leves,Total,3,TOYOTA,3896,10.08
2024,6,Junho,Autos,Total,4,HYUNDAI,19381,11.83
2024,6,Junho,Com. Leves,Total,4,VW,3887,10.05
2024,6,Junho,Autos,Total,5,TOYOTA,13518,8.25
2024,6,Junho,Com. Leves,Total,5,FORD,3690,9.54
2024,6,Junho,Autos,Total,6,JEEP,10097,6.16
2024,6,Junho,Com. Leves,Total,6,RAM,2837,7.34
2024,6,Junho,Autos,Total,7,RENAULT,8173,4.99
2024,6,Junho,Com. Leves,Total,7,RENAULT,1743,4.51
2024,6,Junho,Autos,Total,8,HONDA,7493,4.57
2024,6,Junho,Com. Leves,Total,8,NISSAN,788,2.04
2024,6,Junho,Autos,Total,9,NISSAN,6449,3.94
2024,6,Junho,Com. Leves,Total,9,MITSUBISHI,782,2.02
2024,6,Junho,Autos,Total,10,BYD,5335,3.26
2024,6,Junho,Com. Leves,Total,10,IVECO,346,0.89
2024,6,Junho,Autos,Total,11,CAOA CHERY,4965,3.03
2024,6,Junho,Com. Leves,Total,11,PEUGEOT,206,0.53
2024,6,Junho,Autos,Total,12,CITROEN,3078,1.88
2024,6,Junho,Com. Leves,Total,12,EFFA,169,0.44
2024,6,Junho,Autos,Total,13,GWM,2742,1.67
2024,6,Junho,Com. Leves,Total,13,VW TRUCK E BUS,151,0.39
2024,6,Junho,Autos,Total,14,PEUGEOT,2416,1.47
2024,6,Junho,Com. Leves,Total,14,M.BENZ,144,0.37
2024,6,Junho,Autos,Total,15,BMW,1591,0.97
2024,6,Junho,Com. Leves,Total,15,KIA,140,0.36
2024,6,Junho,Autos,Total,16,VOLVO,1148,0.7
2024,6,Junho,Com. Leves,Total,16,CITROEN,127,0.33
2024,6,Junho,Autos,Total,17,MITSUBISHI,1007,0.61
2024,6,Junho,Com. Leves,Total,17,HYUNDAI,69,0.18
2024,6,Junho,Autos,Total,18,PORSCHE,616,0.38
2024,6,Junho,Com. Leves,Total,18,ARROW,5,0.01
2024,6,Junho,Autos,Total,19,AUDI,496,0.3
2024,6,Junho,Com. Leves,Total,19,MON,5,0.01
2024,6,Junho,Autos,Total,20,FORD,479,0.29
2024,6,Junho,Com. Leves,Total,20,JAC,4,0.01
2024,6,Junho,Autos,Total,21,M.BENZ,439,0.27
2024,6,Junho,Com. Leves,Total,21,HITECH,3,0.01
2024,6,Junho,Caminhões,Total,1,VW TRUCK E BUS,2330,24.11
2024,6,Junho,Ônibus,Total,1,M.BENZ,947,44.01
2024,6,Junho,Caminhões,Total,2,M.BENZ,2288,23.68
2024,6,Junho,Ônibus,Total,2,VW TRUCK E BUS,468,21.75
2024,6,Junho,Caminhões,Total,3,SCANIA,1757,18.18
2024,6,Junho,Ônibus,Total,3,IVECO,301,13.99
2024,6,Junho,Caminhões,Total,4,VOLVO,1744,18.05
2024,6,Junho,Ônibus,Total,4,MARCOPOLO,258,11.99
2024,6,Junho,Caminhões,Total,5,DAF,800,8.28
2024,6,Junho,Ônibus,Total,5,SCANIA,84,3.9
2024,6,Junho,Caminhões,Total,6,IVECO,647,6.7
2024,6,Junho,Ônibus,Total,6,VOLVO,71,3.3
2024,6,Junho,Caminhões,Total,7,FOTON,45,0.47
2024,6,Junho,Ônibus,Total,7,ANKAI,9,0.42
2024,6,Junho,Caminhões,Total,8,HYUNDAI,20,0.21
2024,6,Junho,Ônibus,Total,8,AGRALE,6,0.28
2024,6,Junho,Caminhões,Total,9,AGRALE,5,0.05
2024,6,Junho,Caminhões,Total,10,JAC,5,0.05
2024,6,Junho,Caminhões,Total,11,FORD,1,0.01
2024,6,Junho,Motos,Total,1,HONDA,114761,69.19
2024,6,Junho,Motos,Total,2,YAMAHA,28530,17.2
2024,6,Junho,Motos,Total,3,SHINERAY,6840,4.12
2024,6,Junho,Motos,Total,4,MOTTU,5171,3.12
2024,6,Junho,Motos,Total,5,ROYAL ENFIELD,1608,0.97
2024,6,Junho,Motos,Total,6,TRIUMPH,1365,0.82
2024,6,Junho,Motos,Total,7,HAOJUE,1325,0.8
2024,6,Junho,Motos,Total,8,BMW,1269,0.77
2024,6,Junho,Motos,Total,9,AVELLOZ,1170,0.71
2024,6,Junho,Motos,Total,10,KAWASAKI,776,0.47
2024,6,Junho,Motos,Total,11,BAJAJ,729,0.44
2024,6,Junho,Motos,Total,12,ZONTES,431,0.26
2024,6,Junho,Motos,Total,13,VMOTO,330,0.2
2024,6,Junho,Motos,Total,14,DAFRA,292,0.18
2024,6,Junho,Motos,Total,15,SUZUKI,221,0.13
2024,6,Junho,Motos,Total,16,H.DAVIDSON,184,0.11
2024,6,Junho,Motos,Total,17,BULL,149,0.09
2024,6,Junho,Motos,Total,18,DUCATI,131,0.08
2024,6,Junho,Motos,Total,19,GCX,86,0.05
2024,6,Junho,Motos,Total,20,WATTS,39,0.02
2024,6,Junho,Motos,Total,21,LVNENG,37,0.02
2024,7,Julho,Autos,Total,1,VW,31807,17.86
2024,7,Julho,Com. Leves,Total,1,FIAT,23079,46.86
2024,7,Julho,Autos,Total,2,FIAT,27392,15.38
2024,7,Julho,Com. Leves,Total,2,VW,5104,10.36
2024,7,Julho,Autos,Total,3,GM,21627,12.15
2024,7,Julho,Com. Leves,Total,3,TOYOTA,4761,9.67
2024,7,Julho,Autos,Total,4,HYUNDAI,17567,9.87
2024,7,Julho,Com. Leves,Total,4,GM,4432,9.0
2024,7,Julho,Autos,Total,5,TOYOTA,15117,8.49
2024,7,Julho,Com. Leves,Total,5,FORD,3330,6.76
2024,7,Julho,Autos,Total,6,JEEP,12199,6.85
2024,7,Julho,Com. Leves,Total,6,RAM,2755,5.59
2024,7,Julho,Autos,Total,7,HONDA,8431,4.74
2024,7,Julho,Com. Leves,Total,7,RENAULT,2209,4.49
2024,7,Julho,Autos,Total,8,RENAULT,8400,4.72
2024,7,Julho,Com. Leves,Total,8,MITSUBISHI,1066,2.16
2024,7,Julho,Autos,Total,9,NISSAN,7875,4.42
2024,7,Julho,Com. Leves,Total,9,NISSAN,801,1.63
2024,7,Julho,Autos,Total,10,BYD,6082,3.42
2024,7,Julho,Com. Leves,Total,10,IVECO,306,0.62
2024,7,Julho,Autos,Total,11,CAOA CHERY,5347,3.0
2024,7,Julho,Com. Leves,Total,11,KIA,291,0.59
2024,7,Julho,Autos,Total,12,GWM,3184,1.79
2024,7,Julho,Com. Leves,Total,12,HYUNDAI,228,0.46
2024,7,Julho,Autos,Total,13,CITROEN,3087,1.73
2024,7,Julho,Com. Leves,Total,13,PEUGEOT,225,0.46
2024,7,Julho,Autos,Total,14,PEUGEOT,2407,1.35
2024,7,Julho,Com. Leves,Total,14,M.BENZ,210,0.43
2024,7,Julho,Autos,Total,15,BMW,1483,0.83
2024,7,Julho,Com. Leves,Total,15,VW TRUCK E BUS,159,0.32
2024,7,Julho,Autos,Total,16,MITSUBISHI,1182,0.66
2024,7,Julho,Com. Leves,Total,16,EFFA,152,0.31
2024,7,Julho,Autos,Total,17,FORD,930,0.52
2024,7,Julho,Com. Leves,Total,17,CITROEN,115,0.23
2024,7,Julho,Autos,Total,18,VOLVO,831,0.47
2024,7,Julho,Com. Leves,Total,18,JAC,16,0.03
2024,7,Julho,Autos,Total,19,M.BENZ,642,0.36
2024,7,Julho,Com. Leves,Total,19,ARROW,3,0.01
2024,7,Julho,Autos,Total,20,PORSCHE,633,0.36
2024,7,Julho,Com. Leves,Total,20,WILLYS,2,0
2024,7,Julho,Autos,Total,21,AUDI,492,0.28
2024,7,Julho,Com. Leves,Total,21,GMC,1,0
2024,7,Julho,Caminhões,Total,1,VW TRUCK E BUS,2980,26.89
2024,7,Julho,Ônibus,Total,1,M.BENZ,1181,39.9
2024,7,Julho,Caminhões,Total,2,M.BENZ,2735,24.68
2024,7,Julho,Ônibus,Total,2,VW TRUCK E BUS,766,25.88
2024,7,Julho,Caminhões,Total,3,VOLVO,2043,18.44
2024,7,Julho,Ônibus,Total,3,IVECO,428,14.46
2024,7,Julho,Caminhões,Total,4,SCANIA,1583,14.28
2024,7,Julho,Ônibus,Total,4,MARCOPOLO,399,13.48
2024,7,Julho,Caminhões,Total,5,IVECO,887,8.0
2024,7,Julho,Ônibus,Total,5,VOLVO,79,2.67
2024,7,Julho,Caminhões,Total,6,DAF,726,6.55
2024,7,Julho,Ônibus,Total,6,SCANIA,78,2.64
2024,7,Julho,Caminhões,Total,7,FOTON,5,0.5
2024,7,Julho,Ônibus,Total,7,AGRALE,17,0.57
2024,7,Julho,Caminhões,Total,8,JAC,3,0.3
2024,7,Julho,Ônibus,Total,8,BYD,6,0.2
2024,7,Julho,Caminhões,Total,9,AGRALE,8,0.07
2024,7,Julho,Ônibus,Total,9,INDUSCAR,4,0.14
2024,7,Julho,Caminhões,Total,10,HYUNDAI,5,0.05
2024,7,Julho,Caminhões,Total,11,FORD,4,0.04
2024,7,Julho,Caminhões,Total,12,NANJING,1,0.01
2024,7,Julho,Motos,Total,1,HONDA,100269,63.91
2024,7,Julho,Motos,Total,2,YAMAHA,30034,19.14
2024,7,Julho,Motos,Total,3,SHINERAY,7275,4.64
2024,7,Julho,Motos,Total,4,MOTTU,6802,4.34
2024,7,Julho,Motos,Total,5,HAOJUE,1939,1.24
2024,7,Julho,Motos,Total,6,TRIUMPH,1749,1.11
2024,7,Julho,Motos,Total,7,BMW,1563,1.0
2024,7,Julho,Motos,Total,8,ROYAL ENFIELD,1537,0.98
2024,7,Julho,Motos,Total,9,AVELLOZ,1535,0.98
2024,7,Julho,Motos,Total,10,BAJAJ,977,0.62
2024,7,Julho,Motos,Total,11,KAWASAKI,945,0.6
2024,7,Julho,Motos,Total,12,DAFRA,427,0.27
2024,7,Julho,Motos,Total,13,SUZUKI,280,0.18
2024,7,Julho,Motos,Total,14,ZONTES,215,0.14
2024,7,Julho,Motos,Total,15,H.DAVIDSON,211,0.13
2024,7,Julho,Motos,Total,16,BULL,167,0.11
2024,7,Julho,Motos,Total,17,DUCATI,142,0.09
2024,7,Julho,Motos,Total,18,VMOTO,98,0.06
2024,7,Julho,Motos,Total,19,GCX,8,0.06
2024,7,Julho,Motos,Total,20,SHANSU,53,0.03
2024,7,Julho,Motos,Total,21,LVNENG,45,0.03
2024,8,Agosto,Autos,Total,1,VW,30934,18.09
2024,8,Agosto,Com. Leves,Total,1,FIAT,25172,48.22
2024,8,Agosto,Autos,Total,2,FIAT,24261,14.19
2024,8,Agosto,Com. Leves,Total,2,VW,6006,11.51
2024,8,Agosto,Autos,Total,3,GM,23492,13.74
2024,8,Agosto,Com. Leves,Total,3,TOYOTA,4731,9.06
2024,8,Agosto,Autos,Total,4,HYUNDAI,16688,9.76
2024,8,Agosto,Com. Leves,Total,4,GM,4519,8.66
2024,8,Agosto,Autos,Total,5,TOYOTA,14142,8.27
2024,8,Agosto,Com. Leves,Total,5,FORD,3636,6.97
2024,8,Agosto,Autos,Total,6,JEEP,11209,6.56
2024,8,Agosto,Com. Leves,Total,6,RAM,2464,4.72
2024,8,Agosto,Autos,Total,7,RENAULT,8729,5.1
2024,8,Agosto,Com. Leves,Total,7,RENAULT,2188,4.19
2024,8,Agosto,Autos,Total,8,HONDA,8477,4.96
2024,8,Agosto,Com. Leves,Total,8,MITSUBISHI,934,1.79
2024,8,Agosto,Autos,Total,9,NISSAN,6712,3.93
2024,8,Agosto,Com. Leves,Total,9,NISSAN,857,1.64
2024,8,Agosto,Autos,Total,10,BYD,6707,3.92
2024,8,Agosto,Com. Leves,Total,10,KIA,333,0.64
2024,8,Agosto,Autos,Total,11,CAOA CHERY,5338,3.12
2024,8,Agosto,Com. Leves,Total,11,HYUNDAI,257,0.49
2024,8,Agosto,Autos,Total,12,CITROEN,3020,1.77
2024,8,Agosto,Com. Leves,Total,12,IVECO,245,0.47
2024,8,Agosto,Autos,Total,13,GWM,2494,1.46
2024,8,Agosto,Com. Leves,Total,13,EFFA,200,0.38
2024,8,Agosto,Autos,Total,14,PEUGEOT,2281,1.33
2024,8,Agosto,Com. Leves,Total,14,M.BENZ,194,0.37
2024,8,Agosto,Autos,Total,15,BMW,1141,0.67
2024,8,Agosto,Com. Leves,Total,15,PEUGEOT,178,0.34
2024,8,Agosto,Autos,Total,16,FORD,939,0.55
2024,8,Agosto,Com. Leves,Total,16,VW TRUCK E BUS,158,0.3
2024,8,Agosto,Autos,Total,17,MITSUBISHI,935,0.55
2024,8,Agosto,Com. Leves,Total,17,CITROEN,89,0.17
2024,8,Agosto,Autos,Total,18,VOLVO,850,0.5
2024,8,Agosto,Com. Leves,Total,18,JAC,16,0.03
2024,8,Agosto,Autos,Total,19,PORSCHE,598,0.35
2024,8,Agosto,Com. Leves,Total,19,ARROW,7,0.01
2024,8,Agosto,Autos,Total,20,AUDI,495,0.29
2024,8,Agosto,Com. Leves,Total,20,HITECH,5,0.01
2024,8,Agosto,Autos,Total,21,M.BENZ,480,0.28
2024,8,Agosto,Com. Leves,Total,21,SOKON,3,0.01
2024,8,Agosto,Caminhões,Total,1,VW TRUCK E BUS,3187,28.2
2024,8,Agosto,Ônibus,Total,1,M.BENZ,1272,44.09
2024,8,Agosto,Caminhões,Total,2,M.BENZ,2522,22.31
2024,8,Agosto,Ônibus,Total,2,VW TRUCK E BUS,655,22.7
2024,8,Agosto,Caminhões,Total,3,VOLVO,2210,19.55
2024,8,Agosto,Ônibus,Total,3,MARCOPOLO,394,13.66
2024,8,Agosto,Caminhões,Total,4,SCANIA,1552,13.73
2024,8,Agosto,Ônibus,Total,4,IVECO,328,11.37
2024,8,Agosto,Caminhões,Total,5,IVECO,867,7.67
2024,8,Agosto,Ônibus,Total,5,SCANIA,105,3.64
2024,8,Agosto,Caminhões,Total,6,DAF,863,7.64
2024,8,Agosto,Ônibus,Total,6,VOLVO,78,2.7
2024,8,Agosto,Caminhões,Total,7,FOTON,49,0.43
2024,8,Agosto,Ônibus,Total,7,AGRALE,17,0.59
2024,8,Agosto,Caminhões,Total,8,HYUNDAI,12,0.11
2024,8,Agosto,Ônibus,Total,8,HIGER,15,0.52
2024,8,Agosto,Caminhões,Total,9,JAC,1,0.1
2024,8,Agosto,Ônibus,Total,9,INDUSCAR,9,0.31
2024,8,Agosto,Caminhões,Total,10,AGRALE,6,0.05
2024,8,Agosto,Ônibus,Total,10,BYD,8,0.28
2024,8,Agosto,Caminhões,Total,11,FORD,4,0.04
2024,8,Agosto,Caminhões,Total,12,NANJING,4,0.04
2024,8,Agosto,Caminhões,Total,13,TESLA,2,0.02
2024,8,Agosto,Motos,Total,1,HONDA,108967,66.49
2024,8,Agosto,Motos,Total,2,YAMAHA,30279,18.48
2024,8,Agosto,Motos,Total,3,SHINERAY,6994,4.27
2024,8,Agosto,Motos,Total,4,MOTTU,6344,3.87
2024,8,Agosto,Motos,Total,5,HAOJUE,1841,1.12
2024,8,Agosto,Motos,Total,6,AVELLOZ,1705,1.04
2024,8,Agosto,Motos,Total,7,ROYAL ENFIELD,1658,1.01
2024,8,Agosto,Motos,Total,8,TRIUMPH,1323,0.81
2024,8,Agosto,Motos,Total,9,BMW,1266,0.77
2024,8,Agosto,Motos,Total,10,KAWASAKI,793,0.48
2024,8,Agosto,Motos,Total,11,BAJAJ,722,0.44
2024,8,Agosto,Motos,Total,12,DAFRA,399,0.24
2024,8,Agosto,Motos,Total,13,ZONTES,283,0.17
2024,8,Agosto,Motos,Total,14,SUZUKI,212,0.13
2024,8,Agosto,Motos,Total,15,BULL,193,0.12
2024,8,Agosto,Motos,Total,16,H.DAVIDSON,172,0.1
2024,8,Agosto,Motos,Total,17,DUCATI,100,0.06
2024,8,Agosto,Motos,Total,18,GCX,92,0.06
2024,8,Agosto,Motos,Total,19,WATTS,46,0.03
2024,8,Agosto,Motos,Total,20,SHANSU,40,0.02
2024,8,Agosto,Motos,Total,21,LVNENG,3,0.02
2024,9,Setembro,Autos,Total,1,VW,29546,17.21
2024,9,Setembro,Com. Leves,Total,1,FIAT,22368,43.83
2024,9,Setembro,Autos,Total,2,FIAT,27277,15.89
2024,9,Setembro,Com. Leves,Total,2,VW,5667,11.11
2024,9,Setembro,Autos,Total,3,GM,22407,13.05
2024,9,Setembro,Com. Leves,Total,3,GM,5258,10.3
2024,9,Setembro,Autos,Total,4,TOYOTA,14696,8.56
2024,9,Setembro,Com. Leves,Total,4,TOYOTA,5118,10.03
2024,9,Setembro,Autos,Total,5,HYUNDAI,14491,8.44
2024,9,Setembro,Com. Leves,Total,5,FORD,3588,7.03
2024,9,Setembro,Autos,Total,6,RENAULT,12270,7.15
2024,9,Setembro,Com. Leves,Total,6,RENAULT,2913,5.71
2024,9,Setembro,Autos,Total,7,JEEP,10663,6.21
2024,9,Setembro,Com. Leves,Total,7,RAM,2505,4.91
2024,9,Setembro,Autos,Total,8,HONDA,8691,5.06
2024,9,Setembro,Com. Leves,Total,8,NISSAN,1054,2.07
2024,9,Setembro,Autos,Total,9,NISSAN,7065,4.12
2024,9,Setembro,Com. Leves,Total,9,MITSUBISHI,805,1.58
2024,9,Setembro,Autos,Total,10,BYD,5961,3.47
2024,9,Setembro,Com. Leves,Total,10,IVECO,402,0.79
2024,9,Setembro,Autos,Total,11,CAOA CHERY,5551,3.23
2024,9,Setembro,Com. Leves,Total,11,KIA,258,0.51
2024,9,Setembro,Autos,Total,12,CITROEN,2573,1.5
2024,9,Setembro,Com. Leves,Total,12,HYUNDAI,220,0.43
2024,9,Setembro,Autos,Total,13,PEUGEOT,2266,1.32
2024,9,Setembro,Com. Leves,Total,13,PEUGEOT,197,0.39
2024,9,Setembro,Autos,Total,14,GWM,2259,1.32
2024,9,Setembro,Com. Leves,Total,14,M.BENZ,171,0.34
2024,9,Setembro,Autos,Total,15,BMW,966,0.56
2024,9,Setembro,Com. Leves,Total,15,EFFA,167,0.33
2024,9,Setembro,Autos,Total,16,MITSUBISHI,849,0.49
2024,9,Setembro,Com. Leves,Total,16,VW TRUCK E BUS,157,0.31
2024,9,Setembro,Autos,Total,17,FORD,759,0.44
2024,9,Setembro,Com. Leves,Total,17,CITROEN,92,0.18
2024,9,Setembro,Autos,Total,18,M.BENZ,700,0.41
2024,9,Setembro,Com. Leves,Total,18,JAC,68,0.13
2024,9,Setembro,Autos,Total,19,VOLVO,614,0.36
2024,9,Setembro,Com. Leves,Total,19,SHINERAY,7,0.01
2024,9,Setembro,Autos,Total,20,PORSCHE,575,0.33
2024,9,Setembro,Com. Leves,Total,20,ARROW,4,0.01
2024,9,Setembro,Autos,Total,21,AUDI,414,0.24
2024,9,Setembro,Com. Leves,Total,21,HITECH,3,0.01
2024,9,Setembro,Caminhões,Total,1,VW TRUCK E BUS,3175,28.3
2024,9,Setembro,Ônibus,Total,1,M.BENZ,1221,49.86
2024,9,Setembro,Caminhões,Total,2,M.BENZ,2596,23.14
2024,9,Setembro,Ônibus,Total,2,VW TRUCK E BUS,491,20.05
2024,9,Setembro,Caminhões,Total,3,VOLVO,2131,19.0
2024,9,Setembro,Ônibus,Total,3,MARCOPOLO,312,12.74
2024,9,Setembro,Caminhões,Total,4,SCANIA,1441,12.85
2024,9,Setembro,Ônibus,Total,4,IVECO,300,12.25
2024,9,Setembro,Caminhões,Total,5,DAF,973,8.67
2024,9,Setembro,Ônibus,Total,5,SCANIA,63,2.57
2024,9,Setembro,Caminhões,Total,6,IVECO,792,7.06
2024,9,Setembro,Ônibus,Total,6,VOLVO,31,1.27
2024,9,Setembro,Caminhões,Total,7,FOTON,62,0.55
2024,9,Setembro,Ônibus,Total,7,AGRALE,17,0.69
2024,9,Setembro,Caminhões,Total,8,AGRALE,15,0.13
2024,9,Setembro,Ônibus,Total,8,INDUSCAR,8,0.33
2024,9,Setembro,Caminhões,Total,9,TESLA,6,0.05
2024,9,Setembro,Ônibus,Total,9,HIGER,5,0.2
2024,9,Setembro,Caminhões,Total,10,HYUNDAI,5,0.04
2024,9,Setembro,Ônibus,Total,10,BYD,1,0.04
2024,9,Setembro,Caminhões,Total,11,JAC,3,0.03
2024,9,Setembro,Caminhões,Total,12,FORD,2,0.02
2024,9,Setembro,Caminhões,Total,13,NANJING,1,0.01
2024,9,Setembro,Motos,Total,1,HONDA,103675,66.2
2024,9,Setembro,Motos,Total,2,YAMAHA,29082,18.57
2024,9,Setembro,Motos,Total,3,SHINERAY,7646,4.88
2024,9,Setembro,Motos,Total,4,MOTTU,5099,3.26
2024,9,Setembro,Motos,Total,5,AVELLOZ,1861,1.19
2024,9,Setembro,Motos,Total,6,HAOJUE,1621,1.04
2024,9,Setembro,Motos,Total,7,ROYAL ENFIELD,1598,1.02
2024,9,Setembro,Motos,Total,8,BMW,1360,0.87
2024,9,Setembro,Motos,Total,9,BAJAJ,958,0.61
2024,9,Setembro,Motos,Total,10,TRIUMPH,872,0.56
2024,9,Setembro,Motos,Total,11,KAWASAKI,780,0.5
2024,9,Setembro,Motos,Total,12,ZONTES,348,0.22
2024,9,Setembro,Motos,Total,13,DAFRA,330,0.21
2024,9,Setembro,Motos,Total,14,BULL,231,0.15
2024,9,Setembro,Motos,Total,15,SUZUKI,220,0.14
2024,9,Setembro,Motos,Total,16,H.DAVIDSON,128,0.08
2024,9,Setembro,Motos,Total,17,VMOTO,125,0.08
2024,9,Setembro,Motos,Total,18,DUCATI,97,0.06
2024,9,Setembro,Motos,Total,19,GCX,80,0.05
2024,9,Setembro,Motos,Total,20,WATTS,38,0.02
2024,9,Setembro,Motos,Total,21,AMAZON,35,0.02
2024,10,Outubro,Autos,Total,1,VW,35311,18.09
2024,10,Outubro,Com. Leves,Total,1,FIAT,23685,43.3
2024,10,Outubro,Autos,Total,2,FIAT,28270,14.48
2024,10,Outubro,Com. Leves,Total,2,VW,6773,12.38
2024,10,Outubro,Autos,Total,3,GM,23668,12.12
2024,10,Outubro,Com. Leves,Total,3,GM,5582,10.21
2024,10,Outubro,Autos,Total,4,HYUNDAI,22905,11.73
2024,10,Outubro,Com. Leves,Total,4,FORD,4748,8.68
2024,10,Outubro,Autos,Total,5,TOYOTA,15798,8.09
2024,10,Outubro,Com. Leves,Total,5,TOYOTA,4737,8.66
2024,10,Outubro,Autos,Total,6,JEEP,12080,6.19
2024,10,Outubro,Com. Leves,Total,6,RENAULT,2920,5.34
2024,10,Outubro,Autos,Total,7,RENAULT,9989,5.12
2024,10,Outubro,Com. Leves,Total,7,RAM,2799,5.12
2024,10,Outubro,Autos,Total,8,HONDA,9957,5.1
2024,10,Outubro,Com. Leves,Total,8,MITSUBISHI,784,1.43
2024,10,Outubro,Autos,Total,9,NISSAN,8032,4.11
2024,10,Outubro,Com. Leves,Total,9,IVECO,602,1.1
2024,10,Outubro,Autos,Total,10,BYD,7258,3.72
2024,10,Outubro,Com. Leves,Total,10,NISSAN,344,0.63
2024,10,Outubro,Autos,Total,11,CAOA CHERY,6197,3.17
2024,10,Outubro,Com. Leves,Total,11,HYUNDAI,258,0.47
2024,10,Outubro,Autos,Total,12,CITROEN,3094,1.59
2024,10,Outubro,Com. Leves,Total,12,JAC,240,0.44
2024,10,Outubro,Autos,Total,13,GWM,2784,1.43
2024,10,Outubro,Com. Leves,Total,13,M.BENZ,234,0.43
2024,10,Outubro,Autos,Total,14,PEUGEOT,2663,1.36
2024,10,Outubro,Com. Leves,Total,14,KIA,222,0.41
2024,10,Outubro,Autos,Total,15,BMW,1393,0.71
2024,10,Outubro,Com. Leves,Total,15,PEUGEOT,205,0.37
2024,10,Outubro,Autos,Total,16,MITSUBISHI,1160,0.59
2024,10,Outubro,Com. Leves,Total,16,VW TRUCK E BUS,173,0.32
2024,10,Outubro,Autos,Total,17,FORD,1053,0.54
2024,10,Outubro,Com. Leves,Total,17,EFFA,162,0.3
2024,10,Outubro,Autos,Total,18,VOLVO,829,0.42
2024,10,Outubro,Com. Leves,Total,18,BYD,143,0.26
2024,10,Outubro,Autos,Total,19,M.BENZ,741,0.38
2024,10,Outubro,Com. Leves,Total,19,CITROEN,59,0.11
2024,10,Outubro,Autos,Total,20,AUDI,520,0.27
2024,10,Outubro,Com. Leves,Total,20,SHINERAY,19,0.03
2024,10,Outubro,Autos,Total,21,PORSCHE,512,0.26
2024,10,Outubro,Com. Leves,Total,21,MON,2,0
2024,10,Outubro,Caminhões,Total,1,M.BENZ,2968,24.94
2024,10,Outubro,Ônibus,Total,1,M.BENZ,1613,51.39
2024,10,Outubro,Caminhões,Total,2,VW TRUCK E BUS,2953,24.81
2024,10,Outubro,Ônibus,Total,2,VW TRUCK E BUS,627,19.97
2024,10,Outubro,Caminhões,Total,3,VOLVO,2149,18.06
2024,10,Outubro,Ônibus,Total,3,MARCOPOLO,378,12.04
2024,10,Outubro,Caminhões,Total,4,SCANIA,1833,15.4
2024,10,Outubro,Ônibus,Total,4,IVECO,318,10.13
2024,10,Outubro,Caminhões,Total,5,IVECO,939,7.89
2024,10,Outubro,Ônibus,Total,5,SCANIA,96,3.06
2024,10,Outubro,Caminhões,Total,6,DAF,889,7.47
2024,10,Outubro,Ônibus,Total,6,VOLVO,50,1.59
2024,10,Outubro,Caminhões,Total,7,FOTON,117,0.98
2024,10,Outubro,Ônibus,Total,7,INDUSCAR,35,1.12
2024,10,Outubro,Caminhões,Total,8,AGRALE,13,0.11
2024,10,Outubro,Ônibus,Total,8,AGRALE,2,0.7
2024,10,Outubro,Caminhões,Total,9,JAC,13,0.11
2024,10,Outubro,Caminhões,Total,10,TESLA,5,0.04
2024,10,Outubro,Caminhões,Total,11,FORD,4,0.03
2024,10,Outubro,Caminhões,Total,12,HYUNDAI,2,0.02
2024,10,Outubro,Caminhões,Total,13,INTERNATIONAL,1,0.01
2024,10,Outubro,Caminhões,Total,14,JMC,1,0.01
2024,10,Outubro,Caminhões,Total,15,NANJING,1,0.01
2024,10,Outubro,Motos,Total,1,HONDA,110370,66.2
2024,10,Outubro,Motos,Total,2,YAMAHA,30471,18.28
2024,10,Outubro,Motos,Total,3,SHINERAY,9119,5.47
2024,10,Outubro,Motos,Total,4,MOTTU,3685,2.21
2024,10,Outubro,Motos,Total,5,AVELLOZ,1970,1.18
2024,10,Outubro,Motos,Total,6,HAOJUE,1803,1.08
2024,10,Outubro,Motos,Total,7,ROYAL ENFIELD,1803,1.08
2024,10,Outubro,Motos,Total,8,BMW,1515,0.91
2024,10,Outubro,Motos,Total,9,BAJAJ,1488,0.89
2024,10,Outubro,Motos,Total,10,TRIUMPH,1374,0.82
2024,10,Outubro,Motos,Total,11,KAWASAKI,853,0.51
2024,10,Outubro,Motos,Total,12,ZONTES,344,0.21
2024,10,Outubro,Motos,Total,13,SUZUKI,277,0.17
2024,10,Outubro,Motos,Total,14,DAFRA,273,0.16
2024,10,Outubro,Motos,Total,15,BULL,263,0.16
2024,10,Outubro,Motos,Total,16,VMOTO,235,0.14
2024,10,Outubro,Motos,Total,17,H.DAVIDSON,201,0.12
2024,10,Outubro,Motos,Total,18,DUCATI,96,0.06
2024,10,Outubro,Motos,Total,19,GCX,7,0.05
2024,10,Outubro,Motos,Total,20,WATTS,43,0.03
2024,10,Outubro,Motos,Total,21,ROTOM,3,0.02
2024,11,Novembro,Autos,Total,1,VW,34374,17.74
2024,11,Novembro,Com. Leves,Total,1,FIAT,20536,43.27
2024,11,Novembro,Autos,Total,2,FIAT,28424,14.67
2024,11,Novembro,Com. Leves,Total,2,VW,6915,14.57
2024,11,Novembro,Autos,Total,3,GM,25366,13.09
2024,11,Novembro,Com. Leves,Total,3,GM,4889,10.3
2024,11,Novembro,Autos,Total,4,HYUNDAI,25183,13.0
2024,11,Novembro,Com. Leves,Total,4,FORD,3994,8.42
2024,11,Novembro,Autos,Total,5,RENAULT,13432,6.93
2024,11,Novembro,Com. Leves,Total,5,TOYOTA,3828,8.07
2024,11,Novembro,Autos,Total,6,TOYOTA,13189,6.81
2024,11,Novembro,Com. Leves,Total,6,RENAULT,2399,5.05
2024,11,Novembro,Autos,Total,7,JEEP,11047,5.7
2024,11,Novembro,Com. Leves,Total,7,RAM,1989,4.19
2024,11,Novembro,Autos,Total,8,HONDA,8755,4.52
2024,11,Novembro,Com. Leves,Total,8,MITSUBISHI,950,2.0
2024,11,Novembro,Autos,Total,9,BYD,7999,4.13
2024,11,Novembro,Com. Leves,Total,9,NISSAN,378,0.8
2024,11,Novembro,Autos,Total,10,NISSAN,5519,2.85
2024,11,Novembro,Com. Leves,Total,10,JAC,259,0.55
2024,11,Novembro,Autos,Total,11,CAOA CHERY,5334,2.75
2024,11,Novembro,Com. Leves,Total,11,IVECO,225,0.47
2024,11,Novembro,Autos,Total,12,CITROEN,3190,1.65
2024,11,Novembro,Com. Leves,Total,12,KIA,214,0.45
2024,11,Novembro,Autos,Total,13,GWM,2646,1.37
2024,11,Novembro,Com. Leves,Total,13,HYUNDAI,205,0.43
2024,11,Novembro,Autos,Total,14,PEUGEOT,2520,1.3
2024,11,Novembro,Com. Leves,Total,14,VW TRUCK E BUS,158,0.33
2024,11,Novembro,Autos,Total,15,BMW,1756,0.91
2024,11,Novembro,Com. Leves,Total,15,M.BENZ,150,0.32
2024,11,Novembro,Autos,Total,16,MITSUBISHI,1037,0.54
2024,11,Novembro,Com. Leves,Total,16,PEUGEOT,135,0.28
2024,11,Novembro,Autos,Total,17,FORD,759,0.39
2024,11,Novembro,Com. Leves,Total,17,EFFA,104,0.22
2024,11,Novembro,Autos,Total,18,VOLVO,608,0.31
2024,11,Novembro,Com. Leves,Total,18,BYD,49,0.1
2024,11,Novembro,Autos,Total,19,AUDI,552,0.28
2024,11,Novembro,Com. Leves,Total,19,CITROEN,41,0.09
2024,11,Novembro,Autos,Total,20,M.BENZ,546,0.28
2024,11,Novembro,Com. Leves,Total,20,SHINERAY,30,0.06
2024,11,Novembro,Autos,Total,21,PORSCHE,405,0.21
2024,11,Novembro,Com. Leves,Total,21,ARROW,7,0.01
2024,11,Novembro,Caminhões,Total,1,VW TRUCK E BUS,2650,26.49
2024,11,Novembro,Ônibus,Total,1,M.BENZ,996,43.14
2024,11,Novembro,Caminhões,Total,2,M.BENZ,2387,23.87
2024,11,Novembro,Ônibus,Total,2,VW TRUCK E BUS,504,21.83
2024,11,Novembro,Caminhões,Total,3,VOLVO,2005,20.05
2024,11,Novembro,Ônibus,Total,3,IVECO,269,11.65
2024,11,Novembro,Caminhões,Total,4,SCANIA,1434,14.34
2024,11,Novembro,Ônibus,Total,4,MARCOPOLO,248,10.74
2024,11,Novembro,Caminhões,Total,5,IVECO,740,7.4
2024,11,Novembro,Ônibus,Total,5,VOLVO,131,5.67
2024,11,Novembro,Caminhões,Total,6,DAF,636,6.36
2024,11,Novembro,Ônibus,Total,6,SCANIA,118,5.11
2024,11,Novembro,Caminhões,Total,7,FOTON,95,0.95
2024,11,Novembro,Ônibus,Total,7,AGRALE,2,0.95
2024,11,Novembro,Caminhões,Total,8,JAC,32,0.32
2024,11,Novembro,Ônibus,Total,8,INDUSCAR,15,0.65
2024,11,Novembro,Caminhões,Total,9,TESLA,4,0.04
2024,11,Novembro,Ônibus,Total,9,BYD,6,0.26
2024,11,Novembro,Caminhões,Total,10,AGRALE,3,0.03
2024,11,Novembro,Caminhões,Total,11,FORD,3,0.03
2024,11,Novembro,Caminhões,Total,12,HYUNDAI,2,0.02
2024,11,Novembro,Caminhões,Total,13,BYD,1,0.01
2024,11,Novembro,Caminhões,Total,14,INTERNATIONAL,1,0.01
2024,11,Novembro,Motos,Total,1,HONDA,97823,66.54
2024,11,Novembro,Motos,Total,2,YAMAHA,25194,17.14
2024,11,Novembro,Motos,Total,3,SHINERAY,7395,5.03
2024,11,Novembro,Motos,Total,4,MOTTU,5444,3.7
2024,11,Novembro,Motos,Total,5,AVELLOZ,1864,1.27
2024,11,Novembro,Motos,Total,6,BAJAJ,1565,1.06
2024,11,Novembro,Motos,Total,7,ROYAL ENFIELD,1452,0.99
2024,11,Novembro,Motos,Total,8,HAOJUE,1307,0.89
2024,11,Novembro,Motos,Total,9,BMW,1163,0.79
2024,11,Novembro,Motos,Total,10,TRIUMPH,1155,0.79
2024,11,Novembro,Motos,Total,11,KAWASAKI,595,0.4
2024,11,Novembro,Motos,Total,12,VMOTO,340,0.23
2024,11,Novembro,Motos,Total,13,DAFRA,294,0.2
2024,11,Novembro,Motos,Total,14,ZONTES,229,0.16
2024,11,Novembro,Motos,Total,15,BULL,222,0.15
2024,11,Novembro,Motos,Total,16,SUZUKI,191,0.13
2024,11,Novembro,Motos,Total,17,H.DAVIDSON,126,0.09
2024,11,Novembro,Motos,Total,18,DUCATI,117,0.08
2024,11,Novembro,Motos,Total,19,GCX,81,0.06
2024,11,Novembro,Motos,Total,20,SUPER SOCO,40,0.03
2024,11,Novembro,Motos,Total,21,AMAZON,32,0.02
2024,12,Dezembro,Autos,Total,1,VW,33339,17.56
2024,12,Dezembro,Com. Leves,Total,1,FIAT,23967,44.52
2024,12,Dezembro,Autos,Total,2,GM,26997,14.22
2024,12,Dezembro,Com. Leves,Total,2,VW,7028,13.06
2024,12,Dezembro,Autos,Total,3,FIAT,26198,13.8
2024,12,Dezembro,Com. Leves,Total,3,GM,5520,10.25
2024,12,Dezembro,Autos,Total,4,HYUNDAI,19879,10.47
2024,12,Dezembro,Com. Leves,Total,4,TOYOTA,4562,8.47
2024,12,Dezembro,Autos,Total,5,RENAULT,14623,7.7
2024,12,Dezembro,Com. Leves,Total,5,FORD,4175,7.76
2024,12,Dezembro,Autos,Total,6,TOYOTA,11425,6.02
2024,12,Dezembro,Com. Leves,Total,6,RENAULT,3414,6.34
2024,12,Dezembro,Autos,Total,7,JEEP,10273,5.41
2024,12,Dezembro,Com. Leves,Total,7,RAM,2239,4.16
2024,12,Dezembro,Autos,Total,8,BYD,9970,5.25
2024,12,Dezembro,Com. Leves,Total,8,MITSUBISHI,939,1.74
2024,12,Dezembro,Autos,Total,9,HONDA,9036,4.76
2024,12,Dezembro,Com. Leves,Total,9,NISSAN,503,0.93
2024,12,Dezembro,Autos,Total,10,NISSAN,6287,3.31
2024,12,Dezembro,Com. Leves,Total,10,HYUNDAI,219,0.41
2024,12,Dezembro,Autos,Total,11,CAOA CHERY,5198,2.74
2024,12,Dezembro,Com. Leves,Total,11,VW TRUCK E BUS,210,0.39
2024,12,Dezembro,Autos,Total,12,GWM,3122,1.64
2024,12,Dezembro,Com. Leves,Total,12,IVECO,209,0.39
2024,12,Dezembro,Autos,Total,13,CITROEN,2998,1.58
2024,12,Dezembro,Com. Leves,Total,13,KIA,202,0.38
2024,12,Dezembro,Autos,Total,14,PEUGEOT,2870,1.51
2024,12,Dezembro,Com. Leves,Total,14,M.BENZ,154,0.29
2024,12,Dezembro,Autos,Total,15,BMW,1804,0.95
2024,12,Dezembro,Com. Leves,Total,15,EFFA,127,0.24
2024,12,Dezembro,Autos,Total,16,MITSUBISHI,1048,0.55
2024,12,Dezembro,Com. Leves,Total,16,BYD,121,0.22
2024,12,Dezembro,Autos,Total,17,FORD,806,0.42
2024,12,Dezembro,Com. Leves,Total,17,PEUGEOT,104,0.19
2024,12,Dezembro,Autos,Total,18,VOLVO,791,0.42
2024,12,Dezembro,Com. Leves,Total,18,CITROEN,52,0.1
2024,12,Dezembro,Autos,Total,19,M.BENZ,742,0.39
2024,12,Dezembro,Com. Leves,Total,19,SHINERAY,32,0.06
2024,12,Dezembro,Autos,Total,20,AUDI,656,0.35
2024,12,Dezembro,Com. Leves,Total,20,JAC,30,0.06
2024,12,Dezembro,Autos,Total,21,PORSCHE,506,0.27
2024,12,Dezembro,Com. Leves,Total,21,RIDDARA,9,0.02
2024,12,Dezembro,Caminhões,Total,1,M.BENZ,2626,23.53
2024,12,Dezembro,Ônibus,Total,1,M.BENZ,1151,44.37
2024,12,Dezembro,Caminhões,Total,2,VOLVO,2442,21.88
2024,12,Dezembro,Ônibus,Total,2,VW TRUCK E BUS,696,26.83
2024,12,Dezembro,Caminhões,Total,3,VW TRUCK E BUS,2356,21.11
2024,12,Dezembro,Ônibus,Total,3,MARCOPOLO,300,11.57
2024,12,Dezembro,Caminhões,Total,4,SCANIA,1825,16.35
2024,12,Dezembro,Ônibus,Total,4,IVECO,220,8.48
2024,12,Dezembro,Caminhões,Total,5,DAF,938,8.41
2024,12,Dezembro,Ônibus,Total,5,SCANIA,105,4.05
2024,12,Dezembro,Caminhões,Total,6,IVECO,836,7.49
2024,12,Dezembro,Ônibus,Total,6,VOLVO,83,3.2
2024,12,Dezembro,Caminhões,Total,7,FOTON,89,0.8
2024,12,Dezembro,Ônibus,Total,7,BYD,2,0.85
2024,12,Dezembro,Caminhões,Total,8,NANJING,15,0.13
2024,12,Dezembro,Ônibus,Total,8,AGRALE,17,0.66
2024,12,Dezembro,Caminhões,Total,9,AGRALE,9,0.08
2024,12,Dezembro,Caminhões,Total,10,JAC,8,0.07
2024,12,Dezembro,Caminhões,Total,11,FORD,2,0.02
2024,12,Dezembro,Caminhões,Total,12,GM,1,0.01
2024,12,Dezembro,Caminhões,Total,13,HYUNDAI,1,0.01
2024,12,Dezembro,Caminhões,Total,14,JMC,1,0.01
2024,12,Dezembro,Caminhões,Total,15,NAVISTAR,1,0.01
2024,12,Dezembro,Caminhões,Total,16,TESLA,1,0.01
2024,12,Dezembro,Motos,Total,1,HONDA,105971,69.75
2024,12,Dezembro,Motos,Total,2,YAMAHA,24608,16.2
2024,12,Dezembro,Motos,Total,3,SHINERAY,8053,5.3
2024,12,Dezembro,Motos,Total,4,AVELLOZ,1876,1.23
2024,12,Dezembro,Motos,Total,5,BAJAJ,1760,1.16
2024,12,Dezembro,Motos,Total,6,ROYAL ENFIELD,1609,1.06
2024,12,Dezembro,Motos,Total,7,HAOJUE,1443,0.95
2024,12,Dezembro,Motos,Total,8,BMW,1184,0.78
2024,12,Dezembro,Motos,Total,9,TRIUMPH,1087,0.72
2024,12,Dezembro,Motos,Total,10,MOTTU,1029,0.68
2024,12,Dezembro,Motos,Total,11,VMOTO,732,0.48
2024,12,Dezembro,Motos,Total,12,KAWASAKI,666,0.44
2024,12,Dezembro,Motos,Total,13,DAFRA,440,0.29
2024,12,Dezembro,Motos,Total,14,ZONTES,218,0.14
2024,12,Dezembro,Motos,Total,15,BULL,216,0.14
2024,12,Dezembro,Motos,Total,16,H.DAVIDSON,187,0.12
2024,12,Dezembro,Motos,Total,17,SUZUKI,175,0.12
2024,12,Dezembro,Motos,Total,18,DUCATI,8,0.06
2024,12,Dezembro,Motos,Total,19,GCX,81,0.05
2024,12,Dezembro,Motos,Total,20,WATTS,5,0.04
2024,12,Dezembro,Motos,Total,21,SHANSU,35,0.02
2025,1,Janeiro,Autos,Total,1,FIAT,19518,15.82
2025,1,Janeiro,Com. Leves,Total,1,FIAT,14834,40.66
2025,1,Janeiro,Autos,Total,2,VW,17527,14.21
2025,1,Janeiro,Com. Leves,Total,2,TOYOTA,3747,10.27
2025,1,Janeiro,Autos,Total,3,GM,15935,12.92
2025,1,Janeiro,Com. Leves,Total,3,GM,3714,10.18
2025,1,Janeiro,Autos,Total,4,HYUNDAI,9729,7.89
2025,1,Janeiro,Com. Leves,Total,4,VW,3599,9.86
2025,1,Janeiro,Autos,Total,5,JEEP,9231,7.48
2025,1,Janeiro,Com. Leves,Total,5,FORD,3038,8.33
2025,1,Janeiro,Autos,Total,6,TOYOTA,7829,6.35
2025,1,Janeiro,Com. Leves,Total,6,RENAULT,2374,6.51
2025,1,Janeiro,Autos,Total,7,HONDA,7402,6.0
2025,1,Janeiro,Com. Leves,Total,7,RAM,2004,5.49
2025,1,Janeiro,Autos,Total,8,BYD,6481,5.25
2025,1,Janeiro,Com. Leves,Total,8,MITSUBISHI,1033,2.83
2025,1,Janeiro,Autos,Total,9,RENAULT,5842,4.74
2025,1,Janeiro,Com. Leves,Total,9,NISSAN,748,2.05
2025,1,Janeiro,Autos,Total,10,NISSAN,5790,4.69
2025,1,Janeiro,Com. Leves,Total,10,IVECO,224,0.61
2025,1,Janeiro,Autos,Total,11,CAOA CHERY,4686,3.8
2025,1,Janeiro,Com. Leves,Total,11,HYUNDAI,208,0.57
2025,1,Janeiro,Autos,Total,12,CITROEN,2677,2.17
2025,1,Janeiro,Com. Leves,Total,12,EFFA,193,0.53
2025,1,Janeiro,Autos,Total,13,GWM,2590,2.1
2025,1,Janeiro,Com. Leves,Total,13,VW TRUCK E BUS,170,0.47
2025,1,Janeiro,Autos,Total,14,PEUGEOT,2192,1.78
2025,1,Janeiro,Com. Leves,Total,14,KIA,157,0.43
2025,1,Janeiro,Autos,Total,15,BMW,1210,0.98
2025,1,Janeiro,Com. Leves,Total,15,PEUGEOT,108,0.3
2025,1,Janeiro,Autos,Total,16,FORD,876,0.71
2025,1,Janeiro,Com. Leves,Total,16,M.BENZ,106,0.29
2025,1,Janeiro,Autos,Total,17,MITSUBISHI,737,0.6
2025,1,Janeiro,Com. Leves,Total,17,BYD,100,0.27
2025,1,Janeiro,Autos,Total,18,VOLVO,656,0.53
2025,1,Janeiro,Com. Leves,Total,18,CITROEN,49,0.13
2025,1,Janeiro,Autos,Total,19,M.BENZ,558,0.45
2025,1,Janeiro,Com. Leves,Total,19,SHINERAY,43,0.12
2025,1,Janeiro,Autos,Total,20,PORSCHE,458,0.37
2025,1,Janeiro,Com. Leves,Total,20,JAC,2,0.06
2025,1,Janeiro,Autos,Total,21,AUDI,405,0.33
2025,1,Janeiro,Com. Leves,Total,21,FEVER,6,0.02
2025,1,Janeiro,Caminhões,Total,1,M.BENZ,2382,25.98
2025,1,Janeiro,Ônibus,Total,1,M.BENZ,960,43.82
2025,1,Janeiro,Caminhões,Total,2,VW TRUCK E BUS,2015,21.97
2025,1,Janeiro,Ônibus,Total,2,VW TRUCK E BUS,424,19.35
2025,1,Janeiro,Caminhões,Total,3,VOLVO,1714,18.69
2025,1,Janeiro,Ônibus,Total,3,MARCOPOLO,284,12.96
2025,1,Janeiro,Caminhões,Total,4,SCANIA,1334,14.55
2025,1,Janeiro,Ônibus,Total,4,IVECO,262,11.96
2025,1,Janeiro,Caminhões,Total,5,DAF,830,9.05
2025,1,Janeiro,Ônibus,Total,5,BYD,70,3.19
2025,1,Janeiro,Caminhões,Total,6,IVECO,794,8.66
2025,1,Janeiro,Ônibus,Total,6,VOLVO,62,2.83
2025,1,Janeiro,Caminhões,Total,7,FOTON,69,0.75
2025,1,Janeiro,Ônibus,Total,7,SCANIA,54,2.46
2025,1,Janeiro,Caminhões,Total,8,TESLA,7,0.08
2025,1,Janeiro,Ônibus,Total,8,INDUSCAR,42,1.92
2025,1,Janeiro,Caminhões,Total,9,AGRALE,6,0.07
2025,1,Janeiro,Ônibus,Total,9,AGRALE,28,1.28
2025,1,Janeiro,Caminhões,Total,10,JAC,6,0.07
2025,1,Janeiro,Caminhões,Total,11,HYUNDAI,3,0.03
2025,1,Janeiro,Caminhões,Total,12,FORD,2,0.02
2025,1,Janeiro,Motos,Total,1,HONDA,105582,69.48
2025,1,Janeiro,Motos,Total,2,YAMAHA,23149,15.23
2025,1,Janeiro,Motos,Total,3,SHINERAY,9025,5.94
2025,1,Janeiro,Motos,Total,4,AVELLOZ,1935,1.27
2025,1,Janeiro,Motos,Total,5,ROYAL ENFIELD,1903,1.25
2025,1,Janeiro,Motos,Total,6,MOTTU,1872,1.23
2025,1,Janeiro,Motos,Total,7,BAJAJ,1730,1.14
2025,1,Janeiro,Motos,Total,8,HAOJUE,1681,1.11
2025,1,Janeiro,Motos,Total,9,BMW,1057,0.7
2025,1,Janeiro,Motos,Total,10,TRIUMPH,915,0.6
2025,1,Janeiro,Motos,Total,11,VMOTO,585,0.38
2025,1,Janeiro,Motos,Total,12,KAWASAKI,569,0.37
2025,1,Janeiro,Motos,Total,13,DAFRA,556,0.37
2025,1,Janeiro,Motos,Total,14,SUZUKI,195,0.13
2025,1,Janeiro,Motos,Total,15,ZONTES,190,0.13
2025,1,Janeiro,Motos,Total,16,BULL,160,0.11
2025,1,Janeiro,Motos,Total,17,H.DAVIDSON,141,0.09
2025,1,Janeiro,Motos,Total,18,GCX,96,0.06
2025,1,Janeiro,Motos,Total,19,DUCATI,90,0.06
2025,1,Janeiro,Motos,Total,20,SHANSU,65,0.04
2025,1,Janeiro,Motos,Total,21,WATTS,4,0.03
2025,2,Fevereiro,Autos,Total,1,VW,22132,16.42
2025,2,Fevereiro,Com. Leves,Total,1,FIAT,16315,41.79
2025,2,Fevereiro,Autos,Total,2,FIAT,21042,15.61
2025,2,Fevereiro,Com. Leves,Total,2,VW,5290,13.55
2025,2,Fevereiro,Autos,Total,3,GM,13136,9.75
2025,2,Fevereiro,Com. Leves,Total,3,TOYOTA,3057,7.83
2025,2,Fevereiro,Autos,Total,4,TOYOTA,12835,9.52
2025,2,Fevereiro,Com. Leves,Total,4,GM,2857,7.32
2025,2,Fevereiro,Autos,Total,5,HYUNDAI,11504,8.54
2025,2,Fevereiro,Com. Leves,Total,5,FORD,2671,6.84
2025,2,Fevereiro,Autos,Total,6,JEEP,9169,6.8
2025,2,Fevereiro,Com. Leves,Total,6,RAM,2323,5.95
2025,2,Fevereiro,Autos,Total,7,HONDA,8315,6.17
2025,2,Fevereiro,Com. Leves,Total,7,RENAULT,2128,5.45
2025,2,Fevereiro,Autos,Total,8,RENAULT,7990,5.93
2025,2,Fevereiro,Com. Leves,Total,8,MITSUBISHI,1354,3.47
2025,2,Fevereiro,Autos,Total,9,BYD,6958,5.16
2025,2,Fevereiro,Com. Leves,Total,9,NISSAN,1197,3.07
2025,2,Fevereiro,Autos,Total,10,NISSAN,4717,3.5
2025,2,Fevereiro,Com. Leves,Total,10,IVECO,331,0.85
2025,2,Fevereiro,Autos,Total,11,CAOA CHERY,4160,3.09
2025,2,Fevereiro,Com. Leves,Total,11,HYUNDAI,309,0.79
2025,2,Fevereiro,Autos,Total,12,CITROEN,3193,2.37
2025,2,Fevereiro,Com. Leves,Total,12,KIA,220,0.56
2025,2,Fevereiro,Autos,Total,13,GWM,2009,1.49
2025,2,Fevereiro,Com. Leves,Total,13,VW TRUCK E BUS,202,0.52
2025,2,Fevereiro,Autos,Total,14,PEUGEOT,1785,1.32
2025,2,Fevereiro,Com. Leves,Total,14,PEUGEOT,193,0.49
2025,2,Fevereiro,Autos,Total,15,BMW,1089,0.81
2025,2,Fevereiro,Com. Leves,Total,15,EFFA,189,0.48
2025,2,Fevereiro,Autos,Total,16,FORD,901,0.67
2025,2,Fevereiro,Com. Leves,Total,16,M.BENZ,144,0.37
2025,2,Fevereiro,Autos,Total,17,VOLVO,734,0.54
2025,2,Fevereiro,Com. Leves,Total,17,CITROEN,89,0.23
2025,2,Fevereiro,Autos,Total,18,MITSUBISHI,723,0.54
2025,2,Fevereiro,Com. Leves,Total,18,BYD,72,0.18
2025,2,Fevereiro,Autos,Total,19,M.BENZ,654,0.49
2025,2,Fevereiro,Com. Leves,Total,19,JAC,50,0.13
2025,2,Fevereiro,Autos,Total,20,AUDI,409,0.3
2025,2,Fevereiro,Com. Leves,Total,20,SHINERAY,34,0.09
2025,2,Fevereiro,Autos,Total,21,PORSCHE,402,0.3
2025,2,Fevereiro,Com. Leves,Total,21,JEEP,3,0.01
2025,2,Fevereiro,Caminhões,Total,1,VW TRUCK E BUS,2380,27.2
2025,2,Fevereiro,Ônibus,Total,1,M.BENZ,1102,46.4
2025,2,Fevereiro,Caminhões,Total,2,M.BENZ,2141,24.47
2025,2,Fevereiro,Ônibus,Total,2,VW TRUCK E BUS,567,23.87
2025,2,Fevereiro,Caminhões,Total,3,VOLVO,1506,17.21
2025,2,Fevereiro,Ônibus,Total,3,IVECO,309,13.01
2025,2,Fevereiro,Caminhões,Total,4,SCANIA,1241,14.18
2025,2,Fevereiro,Ônibus,Total,4,MARCOPOLO,275,11.58
2025,2,Fevereiro,Caminhões,Total,5,IVECO,711,8.12
2025,2,Fevereiro,Ônibus,Total,5,VOLVO,56,2.36
2025,2,Fevereiro,Caminhões,Total,6,DAF,635,7.26
2025,2,Fevereiro,Ônibus,Total,6,SCANIA,46,1.94
2025,2,Fevereiro,Caminhões,Total,7,FOTON,87,0.99
2025,2,Fevereiro,Ônibus,Total,7,ANKAI,5,0.21
2025,2,Fevereiro,Caminhões,Total,8,JAC,23,0.26
2025,2,Fevereiro,Ônibus,Total,8,BYD,5,0.21
2025,2,Fevereiro,Caminhões,Total,9,AGRALE,10,0.11
2025,2,Fevereiro,Ônibus,Total,9,AGRALE,4,0.17
2025,2,Fevereiro,Caminhões,Total,10,FORD,6,0.07
2025,2,Fevereiro,Ônibus,Total,10,INDUSCAR,1,0.04
2025,2,Fevereiro,Caminhões,Total,11,TESLA,3,0.03
2025,2,Fevereiro,Caminhões,Total,12,JMC,1,0.01
2025,2,Fevereiro,Caminhões,Total,13,NANJING,1,0.01
2025,2,Fevereiro,Motos,Total,1,HONDA,107345,68.83
2025,2,Fevereiro,Motos,Total,2,YAMAHA,23532,15.09
2025,2,Fevereiro,Motos,Total,3,SHINERAY,8708,5.58
2025,2,Fevereiro,Motos,Total,4,MOTTU,3430,2.2
2025,2,Fevereiro,Motos,Total,5,AVELLOZ,2282,1.46
2025,2,Fevereiro,Motos,Total,6,ROYAL ENFIELD,2166,1.39
2025,2,Fevereiro,Motos,Total,7,BAJAJ,1861,1.19
2025,2,Fevereiro,Motos,Total,8,HAOJUE,1621,1.04
2025,2,Fevereiro,Motos,Total,9,BMW,804,0.52
2025,2,Fevereiro,Motos,Total,10,VMOTO,753,0.48
2025,2,Fevereiro,Motos,Total,11,TRIUMPH,741,0.48
2025,2,Fevereiro,Motos,Total,12,KAWASAKI,621,0.4
2025,2,Fevereiro,Motos,Total,13,DAFRA,465,0.3
2025,2,Fevereiro,Motos,Total,14,ZONTES,343,0.22
2025,2,Fevereiro,Motos,Total,15,SUZUKI,234,0.15
2025,2,Fevereiro,Motos,Total,16,BULL,184,0.12
2025,2,Fevereiro,Motos,Total,17,GCX,98,0.06
2025,2,Fevereiro,Motos,Total,18,H.DAVIDSON,92,0.06
2025,2,Fevereiro,Motos,Total,19,SHANSU,61,0.04
2025,2,Fevereiro,Motos,Total,20,DUCATI,54,0.03
2025,2,Fevereiro,Motos,Total,21,SUPER SOCO,54,0.03
2025,3,Março,Autos,Total,1,VW,24041,16.99
2025,3,Março,Com. Leves,Total,1,FIAT,16919,39.81
2025,3,Março,Autos,Total,2,FIAT,21955,15.51
2025,3,Março,Com. Leves,Total,2,VW,6232,14.66
2025,3,Março,Autos,Total,3,GM,16043,11.33
2025,3,Março,Com. Leves,Total,3,GM,4119,9.69
2025,3,Março,Autos,Total,4,HYUNDAI,12390,8.75
2025,3,Março,Com. Leves,Total,4,TOYOTA,3413,8.03
2025,3,Março,Autos,Total,5,TOYOTA,11278,7.97
2025,3,Março,Com. Leves,Total,5,FORD,2992,7.04
2025,3,Março,Autos,Total,6,RENAULT,8746,6.18
2025,3,Março,Com. Leves,Total,6,RENAULT,2658,6.25
2025,3,Março,Autos,Total,7,HONDA,8227,5.81
2025,3,Março,Com. Leves,Total,7,RAM,2181,5.13
2025,3,Março,Autos,Total,8,JEEP,8168,5.77
2025,3,Março,Com. Leves,Total,8,MITSUBISHI,1210,2.85
2025,3,Março,Autos,Total,9,BYD,7939,5.61
2025,3,Março,Com. Leves,Total,9,NISSAN,944,2.22
2025,3,Março,Autos,Total,10,NISSAN,5926,4.19
2025,3,Março,Com. Leves,Total,10,HYUNDAI,341,0.8
2025,3,Março,Autos,Total,11,CAOA CHERY,3872,2.74
2025,3,Março,Com. Leves,Total,11,IVECO,341,0.8
2025,3,Março,Autos,Total,12,CITROEN,3273,2.31
2025,3,Março,Com. Leves,Total,12,EFFA,199,0.47
2025,3,Março,Autos,Total,13,GWM,2092,1.48
2025,3,Março,Com. Leves,Total,13,KIA,198,0.47
2025,3,Março,Autos,Total,14,PEUGEOT,1517,1.07
2025,3,Março,Com. Leves,Total,14,VW TRUCK E BUS,164,0.39
2025,3,Março,Autos,Total,15,BMW,1188,0.84
2025,3,Março,Com. Leves,Total,15,PEUGEOT,159,0.37
2025,3,Março,Autos,Total,16,MITSUBISHI,886,0.63
2025,3,Março,Com. Leves,Total,16,BYD,122,0.29
2025,3,Março,Autos,Total,17,VOLVO,707,0.5
2025,3,Março,Com. Leves,Total,17,M.BENZ,121,0.28
2025,3,Março,Autos,Total,18,FORD,653,0.46
2025,3,Março,Com. Leves,Total,18,CITROEN,96,0.23
2025,3,Março,Autos,Total,19,M.BENZ,579,0.41
2025,3,Março,Com. Leves,Total,19,JAC,31,0.07
2025,3,Março,Autos,Total,20,PORSCHE,558,0.39
2025,3,Março,Com. Leves,Total,20,SHINERAY,31,0.07
2025,3,Março,Autos,Total,21,AUDI,512,0.36
2025,3,Março,Com. Leves,Total,21,RIDDARA,19,0.04
2025,3,Março,Caminhões,Total,1,VW TRUCK E BUS,2322,25.24
2025,3,Março,Ônibus,Total,1,M.BENZ,1277,57.26
2025,3,Março,Caminhões,Total,2,M.BENZ,2279,24.77
2025,3,Março,Ônibus,Total,2,VW TRUCK E BUS,478,21.43
2025,3,Março,Caminhões,Total,3,VOLVO,1893,20.57
2025,3,Março,Ônibus,Total,3,MARCOPOLO,247,11.08
2025,3,Março,Caminhões,Total,4,SCANIA,1394,15.15
2025,3,Março,Ônibus,Total,4,IVECO,144,6.46
2025,3,Março,Caminhões,Total,5,DAF,601,6.53
2025,3,Março,Ônibus,Total,5,VOLVO,36,1.61
2025,3,Março,Caminhões,Total,6,IVECO,593,6.44
2025,3,Março,Ônibus,Total,6,SCANIA,21,0.94
2025,3,Março,Caminhões,Total,7,FOTON,79,0.86
2025,3,Março,Ônibus,Total,7,AGRALE,14,0.63
2025,3,Março,Caminhões,Total,8,JAC,13,0.14
2025,3,Março,Ônibus,Total,8,HIGER,10,0.45
2025,3,Março,Caminhões,Total,9,AGRALE,10,0.11
2025,3,Março,Ônibus,Total,9,BYD,1,0.04
2025,3,Março,Caminhões,Total,10,HYUNDAI,5,0.05
2025,3,Março,Ônibus,Total,10,FIAT,1,0.04
2025,3,Março,Caminhões,Total,11,FORD,2,0.02
2025,3,Março,Ônibus,Total,11,INDUSCAR,1,0.04
2025,3,Março,Caminhões,Total,12,HIGER,1,0.01
2025,3,Março,Caminhões,Total,13,NANJING,1,0.01
2025,3,Março,Caminhões,Total,14,TESLA,1,0.01
2025,3,Março,Motos,Total,1,HONDA,111894,67.4
2025,3,Março,Motos,Total,2,YAMAHA,23198,13.97
2025,3,Março,Motos,Total,3,SHINERAY,8978,5.41
2025,3,Março,Motos,Total,4,MOTTU,8004,4.82
2025,3,Março,Motos,Total,5,ROYAL ENFIELD,2294,1.38
2025,3,Março,Motos,Total,6,AVELLOZ,2247,1.35
2025,3,Março,Motos,Total,7,BAJAJ,1874,1.13
2025,3,Março,Motos,Total,8,HAOJUE,1712,1.03
2025,3,Março,Motos,Total,9,BMW,1099,0.66
2025,3,Março,Motos,Total,10,TRIUMPH,927,0.56
2025,3,Março,Motos,Total,11,KAWASAKI,788,0.47
2025,3,Março,Motos,Total,12,VMOTO,646,0.39
2025,3,Março,Motos,Total,13,ZONTES,585,0.35
2025,3,Março,Motos,Total,14,DAFRA,474,0.29
2025,3,Março,Motos,Total,15,SUZUKI,231,0.14
2025,3,Março,Motos,Total,16,BULL,209,0.13
2025,3,Março,Motos,Total,17,H.DAVIDSON,121,0.07
2025,3,Março,Motos,Total,18,GCX,117,0.07
2025,3,Março,Motos,Total,19,DUCATI,102,0.06
2025,3,Março,Motos,Total,20,WATTS,65,0.04
2025,3,Março,Motos,Total,21,SUPER SOCO,53,0.03
2025,4,Abril,Autos,Total,1,VW,26687,17.53
2025,4,Abril,Com. Leves,Total,1,FIAT,18359,40.99
2025,4,Abril,Autos,Total,2,FIAT,24548,16.12
2025,4,Abril,Com. Leves,Total,2,VW,5618,12.54
2025,4,Abril,Autos,Total,3,HYUNDAI,16252,10.67
2025,4,Abril,Com. Leves,Total,3,GM,4505,10.06
2025,4,Abril,Autos,Total,4,GM,16016,10.52
2025,4,Abril,Com. Leves,Total,4,TOYOTA,3936,8.79
2025,4,Abril,Autos,Total,5,TOYOTA,12390,8.14
2025,4,Abril,Com. Leves,Total,5,FORD,3376,7.54
2025,4,Abril,Autos,Total,6,JEEP,9288,6.1
2025,4,Abril,Com. Leves,Total,6,RENAULT,2946,6.58
2025,4,Abril,Autos,Total,7,BYD,8341,5.48
2025,4,Abril,Com. Leves,Total,7,RAM,2388,5.33
2025,4,Abril,Autos,Total,8,HONDA,8297,5.45
2025,4,Abril,Com. Leves,Total,8,MITSUBISHI,1413,3.16
2025,4,Abril,Autos,Total,9,RENAULT,6771,4.45
2025,4,Abril,Com. Leves,Total,9,HYUNDAI,361,0.81
2025,4,Abril,Autos,Total,10,NISSAN,5073,3.33
2025,4,Abril,Com. Leves,Total,10,NISSAN,348,0.78
2025,4,Abril,Autos,Total,11,CAOA CHERY,4643,3.05
2025,4,Abril,Com. Leves,Total,11,IVECO,346,0.77
2025,4,Abril,Autos,Total,12,CITROEN,3612,2.37
2025,4,Abril,Com. Leves,Total,12,KIA,249,0.56
2025,4,Abril,Autos,Total,13,GWM,2331,1.53
2025,4,Abril,Com. Leves,Total,13,VW TRUCK E BUS,202,0.45
2025,4,Abril,Autos,Total,14,PEUGEOT,1685,1.11
2025,4,Abril,Com. Leves,Total,14,EFFA,150,0.33
2025,4,Abril,Autos,Total,15,BMW,1398,0.92
2025,4,Abril,Com. Leves,Total,15,BYD,140,0.31
2025,4,Abril,Autos,Total,16,MITSUBISHI,1004,0.66
2025,4,Abril,Com. Leves,Total,16,M.BENZ,133,0.3
2025,4,Abril,Autos,Total,17,VOLVO,792,0.52
2025,4,Abril,Com. Leves,Total,17,PEUGEOT,112,0.25
2025,4,Abril,Autos,Total,18,M.BENZ,754,0.5
2025,4,Abril,Com. Leves,Total,18,CITROEN,83,0.19
2025,4,Abril,Autos,Total,19,FORD,486,0.32
2025,4,Abril,Com. Leves,Total,19,JAC,49,0.11
2025,4,Abril,Autos,Total,20,PORSCHE,468,0.31
2025,4,Abril,Com. Leves,Total,20,SHINERAY,41,0.09
2025,4,Abril,Autos,Total,21,AUDI,398,0.26
2025,4,Abril,Com. Leves,Total,21,FEVER,1,0.02
2025,4,Abril,Caminhões,Total,1,M.BENZ,2502,27.69
2025,4,Abril,Ônibus,Total,1,M.BENZ,1326,52.08
2025,4,Abril,Caminhões,Total,2,VW TRUCK E BUS,2378,26.31
2025,4,Abril,Ônibus,Total,2,VW TRUCK E BUS,511,20.07
2025,4,Abril,Caminhões,Total,3,VOLVO,1656,18.32
2025,4,Abril,Ônibus,Total,3,MARCOPOLO,317,12.45
2025,4,Abril,Caminhões,Total,4,SCANIA,981,10.86
2025,4,Abril,Ônibus,Total,4,IVECO,211,8.29
2025,4,Abril,Caminhões,Total,5,DAF,693,7.67
2025,4,Abril,Ônibus,Total,5,INDUSCAR,50,1.96
2025,4,Abril,Caminhões,Total,6,IVECO,690,7.64
2025,4,Abril,Ônibus,Total,6,SCANIA,46,1.81
2025,4,Abril,Caminhões,Total,7,FOTON,97,1.07
2025,4,Abril,Ônibus,Total,7,VOLVO,45,1.77
2025,4,Abril,Caminhões,Total,8,AGRALE,9,0.1
2025,4,Abril,Ônibus,Total,8,AGRALE,35,1.37
2025,4,Abril,Caminhões,Total,9,JAC,9,0.1
2025,4,Abril,Ônibus,Total,9,ANKAI,4,0.16
2025,4,Abril,Caminhões,Total,10,FORD,8,0.09
2025,4,Abril,Caminhões,Total,11,TESLA,5,0.06
2025,4,Abril,Caminhões,Total,12,NANJING,4,0.04
2025,4,Abril,Caminhões,Total,13,HYUNDAI,3,0.03
2025,4,Abril,Motos,Total,1,HONDA,121872,66.72
2025,4,Abril,Motos,Total,2,YAMAHA,25057,13.72
2025,4,Abril,Motos,Total,3,SHINERAY,10687,5.85
2025,4,Abril,Motos,Total,4,MOTTU,10241,5.61
2025,4,Abril,Motos,Total,5,AVELLOZ,2644,1.45
2025,4,Abril,Motos,Total,6,ROYAL ENFIELD,2325,1.27
2025,4,Abril,Motos,Total,7,BAJAJ,2084,1.14
2025,4,Abril,Motos,Total,8,HAOJUE,1843,1.01
2025,4,Abril,Motos,Total,9,TRIUMPH,1211,0.66
2025,4,Abril,Motos,Total,10,BMW,1135,0.62
2025,4,Abril,Motos,Total,11,KAWASAKI,968,0.53
2025,4,Abril,Motos,Total,12,ZONTES,553,0.3
2025,4,Abril,Motos,Total,13,DAFRA,486,0.27
2025,4,Abril,Motos,Total,14,SUZUKI,289,0.16
2025,4,Abril,Motos,Total,15,BULL,196,0.11
2025,4,Abril,Motos,Total,16,H.DAVIDSON,168,0.09
2025,4,Abril,Motos,Total,17,DUCATI,140,0.08
2025,4,Abril,Motos,Total,18,GCX,120,0.07
2025,4,Abril,Motos,Total,19,VMOTO,94,0.05
2025,4,Abril,Motos,Total,20,WATTS,79,0.04
2025,4,Abril,Motos,Total,21,AMAZON,49,0.03
2025,5,Maio,Autos,Total,1,VW,31630,18.88
2025,5,Maio,Com. Leves,Total,1,FIAT,19734,42.15
2025,5,Maio,Autos,Total,2,FIAT,26363,15.74
2025,5,Maio,Com. Leves,Total,2,VW,5569,11.9
2025,5,Maio,Autos,Total,3,HYUNDAI,18649,11.13
2025,5,Maio,Com. Leves,Total,3,GM,4708,10.06
2025,5,Maio,Autos,Total,4,GM,16889,10.08
2025,5,Maio,Com. Leves,Total,4,TOYOTA,4426,9.45
2025,5,Maio,Autos,Total,5,TOYOTA,11189,6.68
2025,5,Maio,Com. Leves,Total,5,FORD,3254,6.95
2025,5,Maio,Autos,Total,6,JEEP,10530,6.29
2025,5,Maio,Com. Leves,Total,6,RENAULT,2757,5.89
2025,5,Maio,Autos,Total,7,BYD,9293,5.55
2025,5,Maio,Com. Leves,Total,7,RAM,2541,5.43
2025,5,Maio,Autos,Total,8,HONDA,9260,5.53
2025,5,Maio,Com. Leves,Total,8,MITSUBISHI,1463,3.12
2025,5,Maio,Autos,Total,9,RENAULT,8128,4.85
2025,5,Maio,Com. Leves,Total,9,IVECO,530,1.13
2025,5,Maio,Autos,Total,10,CAOA CHERY,6152,3.67
2025,5,Maio,Com. Leves,Total,10,HYUNDAI,376,0.8
2025,5,Maio,Autos,Total,11,NISSAN,4710,2.81
2025,5,Maio,Com. Leves,Total,11,NISSAN,363,0.78
2025,5,Maio,Autos,Total,12,GWM,3216,1.92
2025,5,Maio,Com. Leves,Total,12,KIA,257,0.55
2025,5,Maio,Autos,Total,13,CITROEN,3116,1.86
2025,5,Maio,Com. Leves,Total,13,VW TRUCK E BUS,211,0.45
2025,5,Maio,Autos,Total,14,PEUGEOT,1988,1.19
2025,5,Maio,Com. Leves,Total,14,EFFA,176,0.38
2025,5,Maio,Autos,Total,15,BMW,1443,0.86
2025,5,Maio,Com. Leves,Total,15,M.BENZ,110,0.23
2025,5,Maio,Autos,Total,16,MITSUBISHI,1040,0.62
2025,5,Maio,Com. Leves,Total,16,BYD,103,0.22
2025,5,Maio,Autos,Total,17,M.BENZ,825,0.49
2025,5,Maio,Com. Leves,Total,17,PEUGEOT,103,0.22
2025,5,Maio,Autos,Total,18,VOLVO,790,0.47
2025,5,Maio,Com. Leves,Total,18,CITROEN,53,0.11
2025,5,Maio,Autos,Total,19,PORSCHE,456,0.27
2025,5,Maio,Com. Leves,Total,19,SHINERAY,40,0.09
2025,5,Maio,Autos,Total,20,AUDI,329,0.2
2025,5,Maio,Com. Leves,Total,20,JAC,19,0.04
2025,5,Maio,Autos,Total,21,JAECOO,275,0.16
2025,5,Maio,Com. Leves,Total,21,FEVER,6,0.01
2025,5,Maio,Caminhões,Total,1,VW TRUCK E BUS,2550,28.69
2025,5,Maio,Ônibus,Total,1,M.BENZ,1190,49.28
2025,5,Maio,Caminhões,Total,2,M.BENZ,2489,28.01
2025,5,Maio,Ônibus,Total,2,VW TRUCK E BUS,524,21.7
2025,5,Maio,Caminhões,Total,3,VOLVO,1581,17.79
2025,5,Maio,Ônibus,Total,3,IVECO,262,10.85
2025,5,Maio,Caminhões,Total,4,SCANIA,876,9.86
2025,5,Maio,Ônibus,Total,4,MARCOPOLO,258,10.68
2025,5,Maio,Caminhões,Total,5,IVECO,673,7.57
2025,5,Maio,Ônibus,Total,5,SCANIA,107,4.43
2025,5,Maio,Caminhões,Total,6,DAF,600,6.75
2025,5,Maio,Ônibus,Total,6,AGRALE,40,1.66
2025,5,Maio,Caminhões,Total,7,FOTON,98,1.1
2025,5,Maio,Ônibus,Total,7,VOLVO,31,1.28
2025,5,Maio,Caminhões,Total,8,AGRALE,7,0.08
2025,5,Maio,Ônibus,Total,8,BYD,1,0.04
2025,5,Maio,Caminhões,Total,9,JAC,5,0.06
2025,5,Maio,Ônibus,Total,9,HIGER,1,0.04
2025,5,Maio,Caminhões,Total,10,FORD,4,0.05
2025,5,Maio,Caminhões,Total,11,HYUNDAI,1,0.01
2025,5,Maio,Caminhões,Total,12,TESLA,1,0.01
2025,5,Maio,Motos,Total,1,HONDA,128758,66.59
2025,5,Maio,Motos,Total,2,YAMAHA,26375,13.64
2025,5,Maio,Motos,Total,3,SHINERAY,11438,5.92
2025,5,Maio,Motos,Total,4,MOTTU,10893,5.63
2025,5,Maio,Motos,Total,5,AVELLOZ,2738,1.42
2025,5,Maio,Motos,Total,6,ROYAL ENFIELD,2693,1.39
2025,5,Maio,Motos,Total,7,BAJAJ,2190,1.13
2025,5,Maio,Motos,Total,8,HAOJUE,1843,0.95
2025,5,Maio,Motos,Total,9,TRIUMPH,1410,0.73
2025,5,Maio,Motos,Total,10,BMW,1292,0.67
2025,5,Maio,Motos,Total,11,KAWASAKI,985,0.51
2025,5,Maio,Motos,Total,12,ZONTES,492,0.25
2025,5,Maio,Motos,Total,13,DAFRA,486,0.25
2025,5,Maio,Motos,Total,14,SUZUKI,296,0.15
2025,5,Maio,Motos,Total,15,VMOTO,222,0.11
2025,5,Maio,Motos,Total,16,BULL,209,0.11
2025,5,Maio,Motos,Total,17,H.DAVIDSON,196,0.1
2025,5,Maio,Motos,Total,18,GCX,132,0.07
2025,5,Maio,Motos,Total,19,DUCATI,8,0.05
2025,5,Maio,Motos,Total,20,WATTS,57,0.03
2025,5,Maio,Motos,Total,21,AMAZON,48,0.02
2025,6,Junho,Autos,Total,1,VW,32192,20.23
2025,6,Junho,Com. Leves,Total,1,FIAT,17576,40.84
2025,6,Junho,Autos,Total,2,FIAT,24258,15.24
2025,6,Junho,Com. Leves,Total,2,VW,4859,11.29
2025,6,Junho,Autos,Total,3,GM,17554,11.03
2025,6,Junho,Com. Leves,Total,3,TOYOTA,4577,10.64
2025,6,Junho,Autos,Total,4,HYUNDAI,15851,9.96
2025,6,Junho,Com. Leves,Total,4,GM,4369,10.15
2025,6,Junho,Autos,Total,5,TOYOTA,10331,6.49
2025,6,Junho,Com. Leves,Total,5,FORD,3442,8.0
2025,6,Junho,Autos,Total,6,HONDA,9186,5.77
2025,6,Junho,Com. Leves,Total,6,RENAULT,2406,5.59
2025,6,Junho,Autos,Total,7,JEEP,9156,5.75
2025,6,Junho,Com. Leves,Total,7,RAM,2251,5.23
2025,6,Junho,Autos,Total,8,BYD,8077,5.08
2025,6,Junho,Com. Leves,Total,8,MITSUBISHI,1326,3.08
2025,6,Junho,Autos,Total,9,RENAULT,7997,5.03
2025,6,Junho,Com. Leves,Total,9,IVECO,422,0.98
2025,6,Junho,Autos,Total,10,NISSAN,4867,3.06
2025,6,Junho,Com. Leves,Total,10,HYUNDAI,349,0.81
2025,6,Junho,Autos,Total,11,CAOA CHERY,4742,2.98
2025,6,Junho,Com. Leves,Total,11,NISSAN,313,0.73
2025,6,Junho,Autos,Total,12,CITROEN,3349,2.1
2025,6,Junho,Com. Leves,Total,12,EFFA,218,0.51
2025,6,Junho,Autos,Total,13,GWM,3021,1.9
2025,6,Junho,Com. Leves,Total,13,KIA,198,0.46
2025,6,Junho,Autos,Total,14,PEUGEOT,1666,1.05
2025,6,Junho,Com. Leves,Total,14,VW TRUCK E BUS,198,0.46
2025,6,Junho,Autos,Total,15,BMW,1300,0.82
2025,6,Junho,Com. Leves,Total,15,M.BENZ,144,0.33
2025,6,Junho,Autos,Total,16,MITSUBISHI,1179,0.74
2025,6,Junho,Com. Leves,Total,16,PEUGEOT,9,0.23
2025,6,Junho,Autos,Total,17,M.BENZ,815,0.51
2025,6,Junho,Com. Leves,Total,17,BYD,86,0.2
2025,6,Junho,Autos,Total,18,VOLVO,796,0.5
2025,6,Junho,Com. Leves,Total,18,CITROEN,54,0.13
2025,6,Junho,Autos,Total,19,FORD,502,0.32
2025,6,Junho,Com. Leves,Total,19,SHINERAY,52,0.12
2025,6,Junho,Autos,Total,20,PORSCHE,469,0.29
2025,6,Junho,Com. Leves,Total,20,FOTON,47,0.11
2025,6,Junho,Autos,Total,21,JAECOO,381,0.24
2025,6,Junho,Com. Leves,Total,21,JAC,43,0.1
2025,6,Junho,Caminhões,Total,1,VW TRUCK E BUS,2518,30.07
2025,6,Junho,Ônibus,Total,1,M.BENZ,1150,48.75
2025,6,Junho,Caminhões,Total,2,M.BENZ,2229,26.62
2025,6,Junho,Ônibus,Total,2,VW TRUCK E BUS,447,18.95
2025,6,Junho,Caminhões,Total,3,VOLVO,1376,16.43
2025,6,Junho,Ônibus,Total,3,MARCOPOLO,282,11.95
2025,6,Junho,Caminhões,Total,4,SCANIA,899,10.74
2025,6,Junho,Ônibus,Total,4,IVECO,246,10.43
2025,6,Junho,Caminhões,Total,5,IVECO,620,7.4
2025,6,Junho,Ônibus,Total,5,SCANIA,108,4.58
2025,6,Junho,Caminhões,Total,6,DAF,567,6.77
2025,6,Junho,Ônibus,Total,6,VOLVO,62,2.63
2025,6,Junho,Caminhões,Total,7,FOTON,124,1.48
2025,6,Junho,Ônibus,Total,7,AGRALE,30,1.27
2025,6,Junho,Caminhões,Total,8,JAC,28,0.33
2025,6,Junho,Ônibus,Total,8,BYD,19,0.81
2025,6,Junho,Caminhões,Total,9,FORD,5,0.06
2025,6,Junho,Ônibus,Total,9,INDUSCAR,15,0.64
2025,6,Junho,Caminhões,Total,10,AGRALE,4,0.05
2025,6,Junho,Caminhões,Total,11,SANY,2,0.02
2025,6,Junho,Caminhões,Total,12,HYUNDAI,1,0.01
2025,6,Junho,Caminhões,Total,13,XCMG,1,0.01
2025,6,Junho,Motos,Total,1,HONDA,121078,67.51
2025,6,Junho,Motos,Total,2,YAMAHA,24101,13.44
2025,6,Junho,Motos,Total,3,SHINERAY,10110,5.64
2025,6,Junho,Motos,Total,4,MOTTU,9418,5.25
2025,6,Junho,Motos,Total,5,AVELLOZ,2562,1.43
2025,6,Junho,Motos,Total,6,ROYAL ENFIELD,2517,1.4
2025,6,Junho,Motos,Total,7,BAJAJ,1890,1.05
2025,6,Junho,Motos,Total,8,HAOJUE,1738,0.97
2025,6,Junho,Motos,Total,9,TRIUMPH,1332,0.74
2025,6,Junho,Motos,Total,10,BMW,1177,0.66
2025,6,Junho,Motos,Total,11,KAWASAKI,957,0.53
2025,6,Junho,Motos,Total,12,ZONTES,507,0.28
2025,6,Junho,Motos,Total,13,DAFRA,489,0.27
2025,6,Junho,Motos,Total,14,SUZUKI,210,0.12
2025,6,Junho,Motos,Total,15,H.DAVIDSON,193,0.11
2025,6,Junho,Motos,Total,16,BULL,189,0.11
2025,6,Junho,Motos,Total,17,GCX,103,0.06
2025,6,Junho,Motos,Total,18,VMOTO,102,0.06
2025,6,Junho,Motos,Total,19,DUCATI,80,0.04
2025,6,Junho,Motos,Total,20,SUPER SOCO,74,0.04
2025,6,Junho,Motos,Total,21,TAILING,74,0.04
2025,7,Julho,Autos,Total,1,VW,35927,19.76
2025,7,Julho,Com. Leves,Total,1,FIAT,19593,40.68
2025,7,Julho,Autos,Total,2,FIAT,31011,17.06
2025,7,Julho,Com. Leves,Total,2,VW,5703,11.84
2025,7,Julho,Autos,Total,3,GM,20094,11.05
2025,7,Julho,Com. Leves,Total,3,TOYOTA,5370,11.15
2025,7,Julho,Autos,Total,4,HYUNDAI,16234,8.93
2025,7,Julho,Com. Leves,Total,4,GM,4347,9.03
2025,7,Julho,Autos,Total,5,TOYOTA,11921,6.56
2025,7,Julho,Com. Leves,Total,5,FORD,4239,8.8
2025,7,Julho,Autos,Total,6,JEEP,9960,5.48
2025,7,Julho,Com. Leves,Total,6,RENAULT,2950,6.13
2025,7,Julho,Autos,Total,7,BYD,9616,5.29
2025,7,Julho,Com. Leves,Total,7,RAM,2164,4.49
2025,7,Julho,Autos,Total,8,NISSAN,7672,4.22
2025,7,Julho,Com. Leves,Total,8,MITSUBISHI,1302,2.7
2025,7,Julho,Autos,Total,9,HONDA,7433,4.09
2025,7,Julho,Com. Leves,Total,9,IVECO,550,1.14
2025,7,Julho,Autos,Total,10,RENAULT,6912,3.8
2025,7,Julho,Com. Leves,Total,10,HYUNDAI,338,0.7
2025,7,Julho,Autos,Total,11,CAOA CHERY,6722,3.7
2025,7,Julho,Com. Leves,Total,11,EFFA,289,0.6
2025,7,Julho,Autos,Total,12,GWM,3932,2.16
2025,7,Julho,Com. Leves,Total,12,NISSAN,267,0.55
2025,7,Julho,Autos,Total,13,CITROEN,3246,1.79
2025,7,Julho,Com. Leves,Total,13,KIA,224,0.47
2025,7,Julho,Autos,Total,14,PEUGEOT,1809,1.0
2025,7,Julho,Com. Leves,Total,14,VW TRUCK E BUS,212,0.44
2025,7,Julho,Autos,Total,15,BMW,1567,0.86
2025,7,Julho,Com. Leves,Total,15,PEUGEOT,157,0.33
2025,7,Julho,Autos,Total,16,FORD,1544,0.85
2025,7,Julho,Com. Leves,Total,16,CITROEN,124,0.26
2025,7,Julho,Autos,Total,17,MITSUBISHI,1524,0.84
2025,7,Julho,Com. Leves,Total,17,M.BENZ,108,0.22
2025,7,Julho,Autos,Total,18,M.BENZ,743,0.41
2025,7,Julho,Com. Leves,Total,18,BYD,7,0.16
2025,7,Julho,Autos,Total,19,VOLVO,731,0.4
2025,7,Julho,Com. Leves,Total,19,FOTON,60,0.12
2025,7,Julho,Autos,Total,20,OMODA JAECOO,721,0.4
2025,7,Julho,Com. Leves,Total,20,SHINERAY,38,0.08
2025,7,Julho,Autos,Total,21,GAC,638,0.35
2025,7,Julho,Com. Leves,Total,21,JAC,26,0.05
2025,7,Julho,Caminhões,Total,1,VW TRUCK E BUS,2872,27.29
2025,7,Julho,Ônibus,Total,1,M.BENZ,1356,49.24
2025,7,Julho,Caminhões,Total,2,M.BENZ,2688,25.54
2025,7,Julho,Ônibus,Total,2,VW TRUCK E BUS,584,21.21
2025,7,Julho,Caminhões,Total,3,VOLVO,1733,16.47
2025,7,Julho,Ônibus,Total,3,MARCOPOLO,346,12.56
2025,7,Julho,Caminhões,Total,4,SCANIA,1369,13.01
2025,7,Julho,Ônibus,Total,4,IVECO,255,9.26
2025,7,Julho,Caminhões,Total,5,DAF,847,8.05
2025,7,Julho,Ônibus,Total,5,SCANIA,64,2.32
2025,7,Julho,Caminhões,Total,6,IVECO,834,7.93
2025,7,Julho,Ônibus,Total,6,INDUSCAR,54,1.96
2025,7,Julho,Caminhões,Total,7,FOTON,139,1.32
2025,7,Julho,Ônibus,Total,7,VOLVO,36,1.31
2025,7,Julho,Caminhões,Total,8,AGRALE,13,0.12
2025,7,Julho,Ônibus,Total,8,BYD,35,1.27
2025,7,Julho,Caminhões,Total,9,JAC,1,0.1
2025,7,Julho,Ônibus,Total,9,AGRALE,24,0.87
2025,7,Julho,Caminhões,Total,10,FORD,5,0.05
2025,7,Julho,Caminhões,Total,11,SANY,2,0.02
2025,7,Julho,Caminhões,Total,12,TESLA,2,0.02
2025,7,Julho,Caminhões,Total,13,HYUNDAI,1,0.01
2025,7,Julho,Motos,Total,1,HONDA,127643,66.08
2025,7,Julho,Motos,Total,2,YAMAHA,28582,14.8
2025,7,Julho,Motos,Total,3,SHINERAY,11592,6.0
2025,7,Julho,Motos,Total,4,MOTTU,9043,4.68
2025,7,Julho,Motos,Total,5,AVELLOZ,2975,1.54
2025,7,Julho,Motos,Total,6,ROYAL ENFIELD,2800,1.45
2025,7,Julho,Motos,Total,7,BAJAJ,2406,1.25
2025,7,Julho,Motos,Total,8,HAOJUE,1889,0.98
2025,7,Julho,Motos,Total,9,BMW,1261,0.65
2025,7,Julho,Motos,Total,10,TRIUMPH,1261,0.65
2025,7,Julho,Motos,Total,11,KAWASAKI,1088,0.56
2025,7,Julho,Motos,Total,12,ZONTES,676,0.35
2025,7,Julho,Motos,Total,13,DAFRA,411,0.21
2025,7,Julho,Motos,Total,14,SUZUKI,284,0.15
2025,7,Julho,Motos,Total,15,BULL,237,0.12
2025,7,Julho,Motos,Total,16,H.DAVIDSON,201,0.1
2025,7,Julho,Motos,Total,17,DUCATI,102,0.05
2025,7,Julho,Motos,Total,18,GCX,97,0.05
2025,7,Julho,Motos,Total,19,SUPER SOCO,78,0.04
2025,7,Julho,Motos,Total,20,WATTS,59,0.03
2025,7,Julho,Motos,Total,21,MORINI,38,0.02
2025,8,Agosto,Autos,Total,1,VW,33869,19.66
2025,8,Agosto,Com. Leves,Total,1,FIAT,17511,41.49
2025,8,Agosto,Autos,Total,2,FIAT,27862,16.17
2025,8,Agosto,Com. Leves,Total,2,VW,5361,12.7
2025,8,Agosto,Autos,Total,3,GM,17933,10.41
2025,8,Agosto,Com. Leves,Total,3,GM,4031,9.55
2025,8,Agosto,Autos,Total,4,HYUNDAI,16682,9.68
2025,8,Agosto,Com. Leves,Total,4,TOYOTA,3572,8.46
2025,8,Agosto,Autos,Total,5,TOYOTA,12053,7.0
2025,8,Agosto,Com. Leves,Total,5,FORD,3434,8.14
2025,8,Agosto,Autos,Total,6,BYD,9749,5.66
2025,8,Agosto,Com. Leves,Total,6,RENAULT,2471,5.85
2025,8,Agosto,Autos,Total,7,JEEP,9043,5.25
2025,8,Agosto,Com. Leves,Total,7,RAM,2101,4.98
2025,8,Agosto,Autos,Total,8,RENAULT,8327,4.83
2025,8,Agosto,Com. Leves,Total,8,MITSUBISHI,1291,3.06
2025,8,Agosto,Autos,Total,9,HONDA,7473,4.34
2025,8,Agosto,Com. Leves,Total,9,IVECO,471,1.12
2025,8,Agosto,Autos,Total,10,CAOA CHERY,6750,3.92
2025,8,Agosto,Com. Leves,Total,10,EFFA,300,0.71
2025,8,Agosto,Autos,Total,11,NISSAN,5819,3.38
2025,8,Agosto,Com. Leves,Total,11,HYUNDAI,247,0.59
2025,8,Agosto,Autos,Total,12,GWM,3825,2.22
2025,8,Agosto,Com. Leves,Total,12,KIA,245,0.58
2025,8,Agosto,Autos,Total,13,CITROEN,2344,1.36
2025,8,Agosto,Com. Leves,Total,13,NISSAN,220,0.52
2025,8,Agosto,Autos,Total,14,FORD,1707,0.99
2025,8,Agosto,Com. Leves,Total,14,VW TRUCK E BUS,184,0.44
2025,8,Agosto,Autos,Total,15,BMW,1576,0.91
2025,8,Agosto,Com. Leves,Total,15,PEUGEOT,162,0.38
2025,8,Agosto,Autos,Total,16,PEUGEOT,1414,0.82
2025,8,Agosto,Com. Leves,Total,16,FOTON,153,0.36
2025,8,Agosto,Autos,Total,17,MITSUBISHI,1198,0.7
2025,8,Agosto,Com. Leves,Total,17,M.BENZ,135,0.32
2025,8,Agosto,Autos,Total,18,VOLVO,812,0.47
2025,8,Agosto,Com. Leves,Total,18,GWM,9,0.23
2025,8,Agosto,Autos,Total,19,M.BENZ,720,0.42
2025,8,Agosto,Com. Leves,Total,19,CITROEN,8,0.21
2025,8,Agosto,Autos,Total,20,OMODA JAECOO,720,0.42
2025,8,Agosto,Com. Leves,Total,20,BYD,6,0.16
2025,8,Agosto,Autos,Total,21,GAC,539,0.31
2025,8,Agosto,Com. Leves,Total,21,JAC,31,0.07
2025,8,Agosto,Caminhões,Total,1,VW TRUCK E BUS,2518,28.6
2025,8,Agosto,Ônibus,Total,1,M.BENZ,1065,51.88
2025,8,Agosto,Caminhões,Total,2,M.BENZ,2498,28.37
2025,8,Agosto,Ônibus,Total,2,VW TRUCK E BUS,409,19.92
2025,8,Agosto,Caminhões,Total,3,VOLVO,1584,17.99
2025,8,Agosto,Ônibus,Total,3,MARCOPOLO,267,13.01
2025,8,Agosto,Caminhões,Total,4,SCANIA,936,10.63
2025,8,Agosto,Ônibus,Total,4,IVECO,216,10.52
2025,8,Agosto,Caminhões,Total,5,IVECO,652,7.4
2025,8,Agosto,Ônibus,Total,5,SCANIA,37,1.8
2025,8,Agosto,Caminhões,Total,6,DAF,485,5.51
2025,8,Agosto,Ônibus,Total,6,VOLVO,16,0.78
2025,8,Agosto,Caminhões,Total,7,FOTON,89,1.01
2025,8,Agosto,Ônibus,Total,7,INDUSCAR,15,0.73
2025,8,Agosto,Caminhões,Total,8,AGRALE,10,0.11
2025,8,Agosto,Ônibus,Total,8,AGRALE,14,0.68
2025,8,Agosto,Caminhões,Total,9,FORD,10,0.11
2025,8,Agosto,Ônibus,Total,9,BYD,3,0.15
2025,8,Agosto,Caminhões,Total,10,JAC,7,0.08
2025,8,Agosto,Caminhões,Total,11,TESLA,4,0.05
2025,8,Agosto,Caminhões,Total,12,NANJING,2,0.02
2025,8,Agosto,Caminhões,Total,13,XCMG,2,0.02
2025,8,Agosto,Caminhões,Total,14,HYUNDAI,1,0.01
2025,8,Agosto,Motos,Total,1,HONDA,119578,64.48
2025,8,Agosto,Motos,Total,2,YAMAHA,28452,15.34
2025,8,Agosto,Motos,Total,3,SHINERAY,11446,6.17
2025,8,Agosto,Motos,Total,4,MOTTU,9778,5.27
2025,8,Agosto,Motos,Total,5,AVELLOZ,2863,1.54
2025,8,Agosto,Motos,Total,6,ROYAL ENFIELD,2815,1.52
2025,8,Agosto,Motos,Total,7,BAJAJ,2759,1.49
2025,8,Agosto,Motos,Total,8,HAOJUE,1878,1.01
2025,8,Agosto,Motos,Total,9,BMW,1292,0.7
2025,8,Agosto,Motos,Total,10,KAWASAKI,1042,0.56
2025,8,Agosto,Motos,Total,11,TRIUMPH,940,0.51
2025,8,Agosto,Motos,Total,12,ZONTES,636,0.34
2025,8,Agosto,Motos,Total,13,DAFRA,552,0.3
2025,8,Agosto,Motos,Total,14,SUZUKI,315,0.17
2025,8,Agosto,Motos,Total,15,BULL,216,0.12
2025,8,Agosto,Motos,Total,16,H.DAVIDSON,174,0.09
2025,8,Agosto,Motos,Total,17,GCX,112,0.06
2025,8,Agosto,Motos,Total,18,DUCATI,85,0.05
2025,8,Agosto,Motos,Total,19,WATTS,51,0.03
2025,8,Agosto,Motos,Total,20,AMAZON,42,0.02
2025,8,Agosto,Motos,Total,21,KTM,31,0.02
2025,9,Setembro,Autos,Total,1,VW,31530,17.66
2025,9,Setembro,Com. Leves,Total,1,FIAT,22314,42.24
2025,9,Setembro,Autos,Total,2,FIAT,24932,13.96
2025,9,Setembro,Com. Leves,Total,2,VW,8156,15.44
2025,9,Setembro,Autos,Total,3,GM,20669,11.58
2025,9,Setembro,Com. Leves,Total,3,GM,5037,9.54
2025,9,Setembro,Autos,Total,4,HYUNDAI,18803,10.53
2025,9,Setembro,Com. Leves,Total,4,TOYOTA,4201,7.95
2025,9,Setembro,Autos,Total,5,TOYOTA,11907,6.67
2025,9,Setembro,Com. Leves,Total,5,FORD,3906,7.39
2025,9,Setembro,Autos,Total,6,JEEP,11540,6.46
2025,9,Setembro,Com. Leves,Total,6,RENAULT,2570,4.87
2025,9,Setembro,Autos,Total,7,BYD,9934,5.56
2025,9,Setembro,Com. Leves,Total,7,RAM,2496,4.73
2025,9,Setembro,Autos,Total,8,RENAULT,8995,5.04
2025,9,Setembro,Com. Leves,Total,8,MITSUBISHI,1223,2.32
2025,9,Setembro,Autos,Total,9,HONDA,7982,4.47
2025,9,Setembro,Com. Leves,Total,9,IVECO,595,1.13
2025,9,Setembro,Autos,Total,10,CAOA CHERY,7366,4.13
2025,9,Setembro,Com. Leves,Total,10,NISSAN,386,0.73
2025,9,Setembro,Autos,Total,11,NISSAN,7335,4.11
2025,9,Setembro,Com. Leves,Total,11,EFFA,316,0.6
2025,9,Setembro,Autos,Total,12,GWM,3965,2.22
2025,9,Setembro,Com. Leves,Total,12,KIA,288,0.55
2025,9,Setembro,Autos,Total,13,CITROEN,2495,1.4
2025,9,Setembro,Com. Leves,Total,13,PEUGEOT,250,0.47
2025,9,Setembro,Autos,Total,14,PEUGEOT,1548,0.87
2025,9,Setembro,Com. Leves,Total,14,VW TRUCK E BUS,222,0.42
2025,9,Setembro,Autos,Total,15,BMW,1498,0.84
2025,9,Setembro,Com. Leves,Total,15,HYUNDAI,201,0.38
2025,9,Setembro,Autos,Total,16,FORD,1485,0.83
2025,9,Setembro,Com. Leves,Total,16,M.BENZ,153,0.29
2025,9,Setembro,Autos,Total,17,MITSUBISHI,1263,0.71
2025,9,Setembro,Com. Leves,Total,17,CITROEN,128,0.24
2025,9,Setembro,Autos,Total,18,VOLVO,902,0.51
2025,9,Setembro,Com. Leves,Total,18,FOTON,104,0.2
2025,9,Setembro,Autos,Total,19,M.BENZ,857,0.48
2025,9,Setembro,Com. Leves,Total,19,BYD,90,0.17
2025,9,Setembro,Autos,Total,20,OMODA JAECOO,838,0.47
2025,9,Setembro,Com. Leves,Total,20,GWM,80,0.15
2025,9,Setembro,Autos,Total,21,GAC,568,0.32
2025,9,Setembro,Com. Leves,Total,21,SHINERAY,58,0.11
2025,9,Setembro,Caminhões,Total,1,M.BENZ,2747,28.68
2025,9,Setembro,Ônibus,Total,1,M.BENZ,1044,45.08
2025,9,Setembro,Caminhões,Total,2,VW TRUCK E BUS,2737,28.57
2025,9,Setembro,Ônibus,Total,2,VW TRUCK E BUS,581,25.09
2025,9,Setembro,Caminhões,Total,3,VOLVO,1687,17.61
2025,9,Setembro,Ônibus,Total,3,IVECO,311,13.43
2025,9,Setembro,Caminhões,Total,4,SCANIA,1048,10.94
2025,9,Setembro,Ônibus,Total,4,MARCOPOLO,230,9.93
2025,9,Setembro,Caminhões,Total,5,IVECO,683,7.13
2025,9,Setembro,Ônibus,Total,5,SCANIA,75,3.24
2025,9,Setembro,Caminhões,Total,6,DAF,545,5.69
2025,9,Setembro,Ônibus,Total,6,VOLVO,45,1.94
2025,9,Setembro,Caminhões,Total,7,FOTON,85,0.89
2025,9,Setembro,Ônibus,Total,7,AGRALE,23,0.99
2025,9,Setembro,Caminhões,Total,8,JAC,16,0.17
2025,9,Setembro,Ônibus,Total,8,BYD,6,0.26
2025,9,Setembro,Caminhões,Total,9,AGRALE,15,0.16
2025,9,Setembro,Ônibus,Total,9,INDUSCAR,1,0.04
2025,9,Setembro,Caminhões,Total,10,FORD,6,0.06
2025,9,Setembro,Caminhões,Total,11,SANY,3,0.03
2025,9,Setembro,Caminhões,Total,12,NANJING,2,0.02
2025,9,Setembro,Motos,Total,1,HONDA,135054,65.6
2025,9,Setembro,Motos,Total,2,YAMAHA,30570,14.85
2025,9,Setembro,Motos,Total,3,SHINERAY,12213,5.93
2025,9,Setembro,Motos,Total,4,MOTTU,11071,5.38
2025,9,Setembro,Motos,Total,5,AVELLOZ,3131,1.52
2025,9,Setembro,Motos,Total,6,BAJAJ,2931,1.42
2025,9,Setembro,Motos,Total,7,ROYAL ENFIELD,2738,1.33
2025,9,Setembro,Motos,Total,8,HAOJUE,2083,1.01
2025,9,Setembro,Motos,Total,9,BMW,1254,0.61
2025,9,Setembro,Motos,Total,10,KAWASAKI,1169,0.57
2025,9,Setembro,Motos,Total,11,TRIUMPH,1109,0.54
2025,9,Setembro,Motos,Total,12,ZONTES,693,0.34
2025,9,Setembro,Motos,Total,13,DAFRA,402,0.2
2025,9,Setembro,Motos,Total,14,SUZUKI,312,0.15
2025,9,Setembro,Motos,Total,15,BULL,210,0.1
2025,9,Setembro,Motos,Total,16,H.DAVIDSON,180,0.09
2025,9,Setembro,Motos,Total,17,GCX,131,0.06
2025,9,Setembro,Motos,Total,18,DUCATI,102,0.05
2025,9,Setembro,Motos,Total,19,SUPER SOCO,4,0.02
2025,9,Setembro,Motos,Total,20,AMAZON,39,0.02
2025,9,Setembro,Motos,Total,21,WATTS,36,0.02
2025,10,Outubro,Autos,Total,1,VW,35303,18.32
2025,10,Outubro,Com. Leves,Total,1,FIAT,22913,41.57
2025,10,Outubro,Autos,Total,2,FIAT,27739,14.39
2025,10,Outubro,Com. Leves,Total,2,VW,6464,11.73
2025,10,Outubro,Autos,Total,3,HYUNDAI,24029,12.47
2025,10,Outubro,Com. Leves,Total,3,TOYOTA,5311,9.63
2025,10,Outubro,Autos,Total,4,GM,21630,11.22
2025,10,Outubro,Com. Leves,Total,4,GM,5309,9.63
2025,10,Outubro,Autos,Total,5,JEEP,12700,6.59
2025,10,Outubro,Com. Leves,Total,5,FORD,4085,7.41
2025,10,Outubro,Autos,Total,6,BYD,10127,5.25
2025,10,Outubro,Com. Leves,Total,6,RAM,3298,5.98
2025,10,Outubro,Autos,Total,7,HONDA,10067,5.22
2025,10,Outubro,Com. Leves,Total,7,RENAULT,3154,5.72
2025,10,Outubro,Autos,Total,8,RENAULT,8839,4.59
2025,10,Outubro,Com. Leves,Total,8,MITSUBISHI,1349,2.45
2025,10,Outubro,Autos,Total,9,CAOA CHERY,8083,4.19
2025,10,Outubro,Com. Leves,Total,9,IVECO,645,1.17
2025,10,Outubro,Autos,Total,10,TOYOTA,7452,3.87
2025,10,Outubro,Com. Leves,Total,10,GWM,431,0.78
2025,10,Outubro,Autos,Total,11,NISSAN,6997,3.63
2025,10,Outubro,Com. Leves,Total,11,KIA,391,0.71
2025,10,Outubro,Autos,Total,12,GWM,4796,2.49
2025,10,Outubro,Com. Leves,Total,12,EFFA,285,0.52
2025,10,Outubro,Autos,Total,13,CITROEN,3383,1.76
2025,10,Outubro,Com. Leves,Total,13,M.BENZ,257,0.47
2025,10,Outubro,Autos,Total,14,PEUGEOT,1577,0.82
2025,10,Outubro,Com. Leves,Total,14,PEUGEOT,217,0.39
2025,10,Outubro,Autos,Total,15,BMW,1530,0.79
2025,10,Outubro,Com. Leves,Total,15,VW TRUCK E BUS,213,0.39
2025,10,Outubro,Autos,Total,16,FORD,1427,0.74
2025,10,Outubro,Com. Leves,Total,16,NISSAN,162,0.29
2025,10,Outubro,Autos,Total,17,MITSUBISHI,1254,0.65
2025,10,Outubro,Com. Leves,Total,17,FOTON,158,0.29
2025,10,Outubro,Autos,Total,18,M.BENZ,983,0.51
2025,10,Outubro,Com. Leves,Total,18,HYUNDAI,141,0.26
2025,10,Outubro,Autos,Total,19,VOLVO,979,0.51
2025,10,Outubro,Com. Leves,Total,19,CITROEN,115,0.21
2025,10,Outubro,Autos,Total,20,OMODA JAECOO,862,0.45
2025,10,Outubro,Com. Leves,Total,20,BYD,67,0.12
2025,10,Outubro,Autos,Total,21,GAC,599,0.31
2025,10,Outubro,Com. Leves,Total,21,SHINERAY,67,0.12
2025,10,Outubro,Caminhões,Total,1,M.BENZ,2992,28.6
2025,10,Outubro,Ônibus,Total,1,M.BENZ,1148,47.46
2025,10,Outubro,Caminhões,Total,2,VW TRUCK E BUS,2721,26.01
2025,10,Outubro,Ônibus,Total,2,VW TRUCK E BUS,411,16.99
2025,10,Outubro,Caminhões,Total,3,VOLVO,2149,20.54
2025,10,Outubro,Ônibus,Total,3,IVECO,380,15.71
2025,10,Outubro,Caminhões,Total,4,SCANIA,1078,10.3
2025,10,Outubro,Ônibus,Total,4,MARCOPOLO,223,9.22
2025,10,Outubro,Caminhões,Total,5,IVECO,797,7.62
2025,10,Outubro,Ônibus,Total,5,SCANIA,140,5.79
2025,10,Outubro,Caminhões,Total,6,DAF,571,5.46
2025,10,Outubro,Ônibus,Total,6,INDUSCAR,46,1.9
2025,10,Outubro,Caminhões,Total,7,FOTON,119,1.14
2025,10,Outubro,Ônibus,Total,7,VOLVO,45,1.86
2025,10,Outubro,Caminhões,Total,8,AGRALE,15,0.14
2025,10,Outubro,Ônibus,Total,8,HIGER,17,0.7
2025,10,Outubro,Caminhões,Total,9,FORD,6,0.06
2025,10,Outubro,Ônibus,Total,9,AGRALE,7,0.29
2025,10,Outubro,Caminhões,Total,10,JAC,6,0.06
2025,10,Outubro,Ônibus,Total,10,BYD,2,0.08
2025,10,Outubro,Caminhões,Total,11,HYUNDAI,2,0.02
2025,10,Outubro,Caminhões,Total,12,INTERNATIONAL,1,0.01
2025,10,Outubro,Caminhões,Total,13,NANJING,1,0.01
2025,10,Outubro,Caminhões,Total,14,SANY,1,0.01
2025,10,Outubro,Motos,Total,1,HONDA,139021,66.27
2025,10,Outubro,Motos,Total,2,YAMAHA,28295,13.49
2025,10,Outubro,Motos,Total,3,SHINERAY,12678,6.04
2025,10,Outubro,Motos,Total,4,MOTTU,11368,5.42
2025,10,Outubro,Motos,Total,5,AVELLOZ,3311,1.58
2025,10,Outubro,Motos,Total,6,BAJAJ,3084,1.47
2025,10,Outubro,Motos,Total,7,ROYAL ENFIELD,3056,1.46
2025,10,Outubro,Motos,Total,8,HAOJUE,2193,1.05
2025,10,Outubro,Motos,Total,9,BMW,1609,0.77
2025,10,Outubro,Motos,Total,10,KAWASAKI,1239,0.59
2025,10,Outubro,Motos,Total,11,TRIUMPH,1238,0.59
2025,10,Outubro,Motos,Total,12,ZONTES,741,0.35
2025,10,Outubro,Motos,Total,13,DAFRA,407,0.19
2025,10,Outubro,Motos,Total,14,SUZUKI,334,0.16
2025,10,Outubro,Motos,Total,15,BULL,233,0.11
2025,10,Outubro,Motos,Total,16,H.DAVIDSON,196,0.09
2025,10,Outubro,Motos,Total,17,DUCATI,104,0.05
2025,10,Outubro,Motos,Total,18,GCX,98,0.05
2025,10,Outubro,Motos,Total,19,AMAZON,54,0.03
2025,10,Outubro,Motos,Total,20,WATTS,42,0.02
2025,10,Outubro,Motos,Total,21,LEVA,32,0.02
2025,11,Novembro,Autos,Total,1,VW,35740,19.63
2025,11,Novembro,Com. Leves,Total,1,FIAT,19556,43.33
2025,11,Novembro,Autos,Total,2,FIAT,25550,14.04
2025,11,Novembro,Com. Leves,Total,2,VW,5123,11.35
2025,11,Novembro,Autos,Total,3,GM,23023,12.65
2025,11,Novembro,Com. Leves,Total,3,GM,4495,9.96
2025,11,Novembro,Autos,Total,4,HYUNDAI,19890,10.93
2025,11,Novembro,Com. Leves,Total,4,TOYOTA,4097,9.08
2025,11,Novembro,Autos,Total,5,JEEP,11964,6.57
2025,11,Novembro,Com. Leves,Total,5,FORD,3310,7.33
2025,11,Novembro,Autos,Total,6,RENAULT,11071,6.08
2025,11,Novembro,Com. Leves,Total,6,RENAULT,2592,5.74
2025,11,Novembro,Autos,Total,7,BYD,9726,5.34
2025,11,Novembro,Com. Leves,Total,7,RAM,2545,5.64
2025,11,Novembro,Autos,Total,8,HONDA,8975,4.93
2025,11,Novembro,Com. Leves,Total,8,MITSUBISHI,1069,2.37
2025,11,Novembro,Autos,Total,9,CAOA CHERY,7052,3.87
2025,11,Novembro,Com. Leves,Total,9,KIA,358,0.79
2025,11,Novembro,Autos,Total,10,NISSAN,6442,3.54
2025,11,Novembro,Com. Leves,Total,10,IVECO,354,0.78
2025,11,Novembro,Autos,Total,11,GWM,4593,2.52
2025,11,Novembro,Com. Leves,Total,11,GWM,331,0.73
2025,11,Novembro,Autos,Total,12,TOYOTA,3980,2.19
2025,11,Novembro,Com. Leves,Total,12,EFFA,224,0.5
2025,11,Novembro,Autos,Total,13,CITROEN,3208,1.76
2025,11,Novembro,Com. Leves,Total,13,VW TRUCK E BUS,217,0.48
2025,11,Novembro,Autos,Total,14,BMW,1479,0.81
2025,11,Novembro,Com. Leves,Total,14,PEUGEOT,201,0.45
2025,11,Novembro,Autos,Total,15,PEUGEOT,1328,0.73
2025,11,Novembro,Com. Leves,Total,15,FOTON,130,0.29
2025,11,Novembro,Autos,Total,16,FORD,1225,0.67
2025,11,Novembro,Com. Leves,Total,16,M.BENZ,112,0.25
2025,11,Novembro,Autos,Total,17,OMODA JAECOO,1213,0.67
2025,11,Novembro,Com. Leves,Total,17,BYD,82,0.18
2025,11,Novembro,Autos,Total,18,MITSUBISHI,1096,0.6
2025,11,Novembro,Com. Leves,Total,18,HYUNDAI,78,0.17
2025,11,Novembro,Autos,Total,19,GEELY,985,0.54
2025,11,Novembro,Com. Leves,Total,19,CITROEN,74,0.16
2025,11,Novembro,Autos,Total,20,M.BENZ,724,0.4
2025,11,Novembro,Com. Leves,Total,20,NISSAN,74,0.16
2025,11,Novembro,Autos,Total,21,VOLVO,684,0.38
2025,11,Novembro,Com. Leves,Total,21,SHINERAY,4,0.1
2025,11,Novembro,Caminhões,Total,1,M.BENZ,2631,29.93
2025,11,Novembro,Ônibus,Total,1,M.BENZ,1320,49.96
2025,11,Novembro,Caminhões,Total,2,VW TRUCK E BUS,2380,27.08
2025,11,Novembro,Ônibus,Total,2,VW TRUCK E BUS,477,18.05
2025,11,Novembro,Caminhões,Total,3,VOLVO,1406,16.0
2025,11,Novembro,Ônibus,Total,3,IVECO,418,15.82
2025,11,Novembro,Caminhões,Total,4,SCANIA,905,10.3
2025,11,Novembro,Ônibus,Total,4,MARCOPOLO,252,9.54
2025,11,Novembro,Caminhões,Total,5,IVECO,750,8.53
2025,11,Novembro,Ônibus,Total,5,SCANIA,117,4.43
2025,11,Novembro,Caminhões,Total,6,DAF,548,6.23
2025,11,Novembro,Ônibus,Total,6,VOLVO,49,1.85
2025,11,Novembro,Caminhões,Total,7,FOTON,117,1.33
2025,11,Novembro,Ônibus,Total,7,AGRALE,8,0.3
2025,11,Novembro,Caminhões,Total,8,NANJING,16,0.18
2025,11,Novembro,Ônibus,Total,8,HIGER,1,0.04
2025,11,Novembro,Caminhões,Total,9,AGRALE,15,0.17
2025,11,Novembro,Caminhões,Total,10,JAC,7,0.08
2025,11,Novembro,Caminhões,Total,11,CNHTC,4,0.05
2025,11,Novembro,Caminhões,Total,12,FUSO,1,0.01
2025,11,Novembro,Caminhões,Total,13,JMC,1,0.01
2025,11,Novembro,Caminhões,Total,14,XCMG,1,0.01
2025,11,Novembro,Motos,Total,1,HONDA,120249,66.58
2025,11,Novembro,Motos,Total,2,YAMAHA,23410,12.96
2025,11,Novembro,Motos,Total,3,SHINERAY,11029,6.11
2025,11,Novembro,Motos,Total,4,MOTTU,9202,5.1
2025,11,Novembro,Motos,Total,5,AVELLOZ,3022,1.67
2025,11,Novembro,Motos,Total,6,BAJAJ,2835,1.57
2025,11,Novembro,Motos,Total,7,ROYAL ENFIELD,2805,1.55
2025,11,Novembro,Motos,Total,8,HAOJUE,2034,1.13
2025,11,Novembro,Motos,Total,9,BMW,1387,0.77
2025,11,Novembro,Motos,Total,10,TRIUMPH,1210,0.67
2025,11,Novembro,Motos,Total,11,KAWASAKI,941,0.52
2025,11,Novembro,Motos,Total,12,ZONTES,568,0.31
2025,11,Novembro,Motos,Total,13,DAFRA,481,0.27
2025,11,Novembro,Motos,Total,14,SUZUKI,322,0.18
2025,11,Novembro,Motos,Total,15,BULL,196,0.11
2025,11,Novembro,Motos,Total,16,H.DAVIDSON,147,0.08
2025,11,Novembro,Motos,Total,17,GCX,140,0.08
2025,11,Novembro,Motos,Total,18,DUCATI,80,0.04
2025,11,Novembro,Motos,Total,19,AMAZON,51,0.03
2025,11,Novembro,Motos,Total,20,WATTS,42,0.02
2025,11,Novembro,Motos,Total,21,LEVA,38,0.02
2025,12,Dezembro,Autos,Total,1,VW,39245,18.62
2025,12,Dezembro,Com. Leves,Total,1,FIAT,24144,42.82
2025,12,Dezembro,Autos,Total,2,FIAT,29195,13.85
2025,12,Dezembro,Com. Leves,Total,2,VW,8530,15.13
2025,12,Dezembro,Autos,Total,3,GM,24252,11.51
2025,12,Dezembro,Com. Leves,Total,3,GM,5313,9.42
2025,12,Dezembro,Autos,Total,4,HYUNDAI,20585,9.77
2025,12,Dezembro,Com. Leves,Total,4,TOYOTA,4399,7.8
2025,12,Dezembro,Autos,Total,5,BYD,15530,7.37
2025,12,Dezembro,Com. Leves,Total,5,FORD,4244,7.53
2025,12,Dezembro,Autos,Total,6,JEEP,13358,6.34
2025,12,Dezembro,Com. Leves,Total,6,RAM,3143,5.57
2025,12,Dezembro,Autos,Total,7,HONDA,10832,5.14
2025,12,Dezembro,Com. Leves,Total,7,RENAULT,2933,5.2
2025,12,Dezembro,Autos,Total,8,RENAULT,10172,4.83
2025,12,Dezembro,Com. Leves,Total,8,MITSUBISHI,1251,2.22
2025,12,Dezembro,Autos,Total,9,NISSAN,7374,3.5
2025,12,Dezembro,Com. Leves,Total,9,GWM,339,0.6
2025,12,Dezembro,Autos,Total,10,TOYOTA,7374,3.5
2025,12,Dezembro,Com. Leves,Total,10,IVECO,337,0.6
2025,12,Dezembro,Autos,Total,11,CAOA CHERY,7208,3.42
2025,12,Dezembro,Com. Leves,Total,11,KIA,287,0.51
2025,12,Dezembro,Autos,Total,12,GWM,5144,2.44
2025,12,Dezembro,Com. Leves,Total,12,PEUGEOT,230,0.41
2025,12,Dezembro,Autos,Total,13,CITROEN,4900,2.33
2025,12,Dezembro,Com. Leves,Total,13,EFFA,229,0.41
2025,12,Dezembro,Autos,Total,14,PEUGEOT,2629,1.25
2025,12,Dezembro,Com. Leves,Total,14,VW TRUCK E BUS,195,0.35
2025,12,Dezembro,Autos,Total,15,OMODA JAECOO,1943,0.92
2025,12,Dezembro,Com. Leves,Total,15,M.BENZ,176,0.31
2025,12,Dezembro,Autos,Total,16,GEELY,1731,0.82
2025,12,Dezembro,Com. Leves,Total,16,CITROEN,142,0.25
2025,12,Dezembro,Autos,Total,17,BMW,1584,0.75
2025,12,Dezembro,Com. Leves,Total,17,BYD,129,0.23
2025,12,Dezembro,Autos,Total,18,FORD,1423,0.68
2025,12,Dezembro,Com. Leves,Total,18,FOTON,106,0.19
2025,12,Dezembro,Autos,Total,19,VOLVO,1140,0.54
2025,12,Dezembro,Com. Leves,Total,19,NISSAN,70,0.12
2025,12,Dezembro,Autos,Total,20,MITSUBISHI,1002,0.48
2025,12,Dezembro,Com. Leves,Total,20,JAC,62,0.11
2025,12,Dezembro,Autos,Total,21,M.BENZ,762,0.36
2025,12,Dezembro,Com. Leves,Total,21,SHINERAY,51,0.09
2025,12,Dezembro,Caminhões,Total,1,VW TRUCK E BUS,2810,28.78
2025,12,Dezembro,Ônibus,Total,1,M.BENZ,1306,51.36
2025,12,Dezembro,Caminhões,Total,2,M.BENZ,2490,25.5
2025,12,Dezembro,Ônibus,Total,2,VW TRUCK E BUS,405,15.93
2025,12,Dezembro,Caminhões,Total,3,VOLVO,1789,18.32
2025,12,Dezembro,Ônibus,Total,3,IVECO,281,11.05
2025,12,Dezembro,Caminhões,Total,4,SCANIA,1055,10.8
2025,12,Dezembro,Ônibus,Total,4,MARCOPOLO,266,10.46
2025,12,Dezembro,Caminhões,Total,5,IVECO,832,8.52
2025,12,Dezembro,Ônibus,Total,5,VOLVO,72,2.83
2025,12,Dezembro,Caminhões,Total,6,DAF,562,5.76
2025,12,Dezembro,Ônibus,Total,6,INDUSCAR,63,2.48
2025,12,Dezembro,Caminhões,Total,7,FOTON,161,1.65
2025,12,Dezembro,Ônibus,Total,7,BYD,53,2.08
2025,12,Dezembro,Caminhões,Total,8,JAC,36,0.37
2025,12,Dezembro,Ônibus,Total,8,SCANIA,51,2.01
2025,12,Dezembro,Caminhões,Total,9,AGRALE,18,0.18
2025,12,Dezembro,Ônibus,Total,9,AGRALE,41,1.61
2025,12,Dezembro,Caminhões,Total,10,FORD,3,0.03
2025,12,Dezembro,Caminhões,Total,11,INTERNATIONAL,2,0.02
2025,12,Dezembro,Caminhões,Total,12,GM,1,0.01
2025,12,Dezembro,Caminhões,Total,13,NANJING,1,0.01
2025,12,Dezembro,Motos,Total,1,HONDA,130173,67.39
2025,12,Dezembro,Motos,Total,2,YAMAHA,26295,13.61
2025,12,Dezembro,Motos,Total,3,SHINERAY,12695,6.57
2025,12,Dezembro,Motos,Total,4,MOTTU,5134,2.66
2025,12,Dezembro,Motos,Total,5,AVELLOZ,3383,1.75
2025,12,Dezembro,Motos,Total,6,BAJAJ,3231,1.67
2025,12,Dezembro,Motos,Total,7,ROYAL ENFIELD,2965,1.53
2025,12,Dezembro,Motos,Total,8,HAOJUE,2206,1.14
2025,12,Dezembro,Motos,Total,9,BMW,1417,0.73
2025,12,Dezembro,Motos,Total,10,TRIUMPH,1232,0.64
2025,12,Dezembro,Motos,Total,11,KAWASAKI,1101,0.57
2025,12,Dezembro,Motos,Total,12,ZONTES,707,0.37
2025,12,Dezembro,Motos,Total,13,DAFRA,485,0.25
2025,12,Dezembro,Motos,Total,14,SUZUKI,404,0.21
2025,12,Dezembro,Motos,Total,15,BULL,299,0.15
2025,12,Dezembro,Motos,Total,16,GCX,246,0.13
2025,12,Dezembro,Motos,Total,17,H.DAVIDSON,201,0.1
2025,12,Dezembro,Motos,Total,18,VMOTO,150,0.08
2025,12,Dezembro,Motos,Total,19,DUCATI,87,0.05
2025,12,Dezembro,Motos,Total,20,AMAZON,53,0.03
2025,12,Dezembro,Motos,Total,21,MOBILLI,47,0.02
2026,1,Janeiro,Autos,Total,1,VW,22656,18.11
2026,1,Janeiro,Com. Leves,Total,1,FIAT,17069,45.7
2026,1,Janeiro,Autos,Total,2,FIAT,17191,13.74
2026,1,Janeiro,Com. Leves,Total,2,TOYOTA,4246,11.37
2026,1,Janeiro,Autos,Total,3,GM,13229,10.57
2026,1,Janeiro,Com. Leves,Total,3,VW,3081,8.25
2026,1,Janeiro,Autos,Total,4,HYUNDAI,10176,8.13
2026,1,Janeiro,Com. Leves,Total,4,GM,2935,7.86
2026,1,Janeiro,Autos,Total,5,BYD,9755,7.8
2026,1,Janeiro,Com. Leves,Total,5,FORD,2859,7.66
2026,1,Janeiro,Autos,Total,6,JEEP,8893,7.11
2026,1,Janeiro,Com. Leves,Total,6,RENAULT,2298,6.15
2026,1,Janeiro,Autos,Total,7,HONDA,6722,5.37
2026,1,Janeiro,Com. Leves,Total,7,RAM,2224,5.95
2026,1,Janeiro,Autos,Total,8,RENAULT,5489,4.39
2026,1,Janeiro,Com. Leves,Total,8,MITSUBISHI,705,1.89
2026,1,Janeiro,Autos,Total,9,TOYOTA,5310,4.24
2026,1,Janeiro,Com. Leves,Total,9,EFFA,288,0.77
2026,1,Janeiro,Autos,Total,10,NISSAN,4460,3.56
2026,1,Janeiro,Com. Leves,Total,10,KIA,269,0.72
2026,1,Janeiro,Autos,Total,11,GWM,4171,3.33
2026,1,Janeiro,Com. Leves,Total,11,GWM,245,0.66
2026,1,Janeiro,Autos,Total,12,CAOA CHERY,3548,2.84
2026,1,Janeiro,Com. Leves,Total,12,IVECO,225,0.6
2026,1,Janeiro,Autos,Total,13,CITROEN,2452,1.96
2026,1,Janeiro,Com. Leves,Total,13,PEUGEOT,192,0.51
2026,1,Janeiro,Autos,Total,14,OMODA JAECOO,1689,1.35
2026,1,Janeiro,Com. Leves,Total,14,VW TRUCK E BUS,140,0.37
2026,1,Janeiro,Autos,Total,15,PEUGEOT,1342,1.07
2026,1,Janeiro,Com. Leves,Total,15,NISSAN,9,0.27
2026,1,Janeiro,Autos,Total,16,GEELY,1337,1.07
2026,1,Janeiro,Com. Leves,Total,16,M.BENZ,98,0.26
2026,1,Janeiro,Autos,Total,17,FORD,1096,0.88
2026,1,Janeiro,Com. Leves,Total,17,FOTON,96,0.26
2026,1,Janeiro,Autos,Total,18,BMW,960,0.77
2026,1,Janeiro,Com. Leves,Total,18,CITROEN,84,0.22
2026,1,Janeiro,Autos,Total,19,VOLVO,719,0.57
2026,1,Janeiro,Com. Leves,Total,19,JAC,68,0.18
2026,1,Janeiro,Autos,Total,20,GAC,709,0.57
2026,1,Janeiro,Com. Leves,Total,20,BYD,46,0.12
2026,1,Janeiro,Autos,Total,21,MITSUBISHI,647,0.52
2026,1,Janeiro,Com. Leves,Total,21,SHINERAY,34,0.09
2026,1,Janeiro,Caminhões,Total,1,VW TRUCK E BUS,1772,27.78
2026,1,Janeiro,Ônibus,Total,1,M.BENZ,882,52.66
2026,1,Janeiro,Caminhões,Total,2,M.BENZ,1726,27.06
2026,1,Janeiro,Ônibus,Total,2,VW TRUCK E BUS,339,20.24
2026,1,Janeiro,Caminhões,Total,3,VOLVO,1093,17.13
2026,1,Janeiro,Ônibus,Total,3,MARCOPOLO,223,13.31
2026,1,Janeiro,Caminhões,Total,4,SCANIA,609,9.55
2026,1,Janeiro,Ônibus,Total,4,IVECO,169,10.09
2026,1,Janeiro,Caminhões,Total,5,IVECO,577,9.05
2026,1,Janeiro,Ônibus,Total,5,VOLVO,31,1.85
2026,1,Janeiro,Caminhões,Total,6,DAF,489,7.67
2026,1,Janeiro,Ônibus,Total,6,SCANIA,15,0.9
2026,1,Janeiro,Caminhões,Total,7,FOTON,79,1.24
2026,1,Janeiro,Ônibus,Total,7,AGRALE,12,0.72
2026,1,Janeiro,Caminhões,Total,8,JAC,16,0.25
2026,1,Janeiro,Ônibus,Total,8,INDUSCAR,2,0.12
2026,1,Janeiro,Caminhões,Total,9,AGRALE,9,0.14
2026,1,Janeiro,Ônibus,Total,9,CRRC,1,0.06
2026,1,Janeiro,Caminhões,Total,10,FORD,4,0.06
2026,1,Janeiro,Caminhões,Total,11,HYUNDAI,1,0.02
2026,1,Janeiro,Motos,Total,1,HONDA,116492,65.25
2026,1,Janeiro,Motos,Total,2,YAMAHA,25202,14.12
2026,1,Janeiro,Motos,Total,3,SHINERAY,12920,7.24
2026,1,Janeiro,Motos,Total,4,MOTTU,6067,3.4
2026,1,Janeiro,Motos,Total,5,AVELLOZ,3328,1.86
2026,1,Janeiro,Motos,Total,6,BAJAJ,3006,1.68
2026,1,Janeiro,Motos,Total,7,ROYAL ENFIELD,2783,1.56
2026,1,Janeiro,Motos,Total,8,HAOJUE,2251,1.26
2026,1,Janeiro,Motos,Total,9,BMW,1026,0.57
2026,1,Janeiro,Motos,Total,10,KAWASAKI,1007,0.56
2026,1,Janeiro,Motos,Total,11,TRIUMPH,996,0.56
2026,1,Janeiro,Motos,Total,12,ZONTES,578,0.32
2026,1,Janeiro,Motos,Total,13,DAFRA,401,0.22
2026,1,Janeiro,Motos,Total,14,GCX,317,0.18
2026,1,Janeiro,Motos,Total,15,VMOTO,297,0.17
2026,1,Janeiro,Motos,Total,16,SUZUKI,294,0.16
2026,1,Janeiro,Motos,Total,17,BULL,277,0.16
2026,1,Janeiro,Motos,Total,18,MOBILLI,144,0.08
2026,1,Janeiro,Motos,Total,19,H.DAVIDSON,101,0.06
2026,1,Janeiro,Motos,Total,20,AIPAO,75,0.04
2026,1,Janeiro,Motos,Total,21,MOTOCHEFE,65,0.04
2026,2,Fevereiro,Autos,Total,1,VW,26046,18.53
2026,2,Fevereiro,Com. Leves,Total,1,FIAT,17881,49.33
2026,2,Fevereiro,Autos,Total,2,FIAT,21789,15.5
2026,2,Fevereiro,Com. Leves,Total,2,TOYOTA,3493,9.64
2026,2,Fevereiro,Autos,Total,3,GM,14144,10.06
2026,2,Fevereiro,Com. Leves,Total,3,VW,3062,8.45
2026,2,Fevereiro,Autos,Total,4,HYUNDAI,12116,8.62
2026,2,Fevereiro,Com. Leves,Total,4,GM,2730,7.53
2026,2,Fevereiro,Autos,Total,5,BYD,11379,8.1
2026,2,Fevereiro,Com. Leves,Total,5,FORD,2615,7.21
2026,2,Fevereiro,Autos,Total,6,JEEP,8235,5.86
2026,2,Fevereiro,Com. Leves,Total,6,RAM,2035,5.61
2026,2,Fevereiro,Autos,Total,7,RENAULT,7962,5.66
2026,2,Fevereiro,Com. Leves,Total,7,RENAULT,1639,4.52
2026,2,Fevereiro,Autos,Total,8,HONDA,7574,5.39
2026,2,Fevereiro,Com. Leves,Total,8,MITSUBISHI,717,1.98
2026,2,Fevereiro,Autos,Total,9,TOYOTA,6976,4.96
2026,2,Fevereiro,Com. Leves,Total,9,KIA,333,0.92
2026,2,Fevereiro,Autos,Total,10,NISSAN,4872,3.47
2026,2,Fevereiro,Com. Leves,Total,10,IVECO,264,0.73
2026,2,Fevereiro,Autos,Total,11,GWM,4640,3.3
2026,2,Fevereiro,Com. Leves,Total,11,GWM,258,0.71
2026,2,Fevereiro,Autos,Total,12,CAOA CHERY,3401,2.42
2026,2,Fevereiro,Com. Leves,Total,12,EFFA,228,0.63
2026,2,Fevereiro,Autos,Total,13,CITROEN,2128,1.51
2026,2,Fevereiro,Com. Leves,Total,13,VW TRUCK E BUS,204,0.56
2026,2,Fevereiro,Autos,Total,14,OMODA JAECOO,1834,1.3
2026,2,Fevereiro,Com. Leves,Total,14,PEUGEOT,182,0.5
2026,2,Fevereiro,Autos,Total,15,BMW,1103,0.78
2026,2,Fevereiro,Com. Leves,Total,15,FOTON,123,0.34
2026,2,Fevereiro,Autos,Total,16,PEUGEOT,993,0.71
2026,2,Fevereiro,Com. Leves,Total,16,CITROEN,120,0.33
2026,2,Fevereiro,Autos,Total,17,FORD,947,0.67
2026,2,Fevereiro,Com. Leves,Total,17,M.BENZ,112,0.31
2026,2,Fevereiro,Autos,Total,18,MITSUBISHI,633,0.45
2026,2,Fevereiro,Com. Leves,Total,18,NISSAN,83,0.23
2026,2,Fevereiro,Autos,Total,19,M.BENZ,539,0.38
2026,2,Fevereiro,Com. Leves,Total,19,BYD,51,0.14
2026,2,Fevereiro,Autos,Total,20,GAC,467,0.33
2026,2,Fevereiro,Com. Leves,Total,20,JAC,45,0.12
2026,2,Fevereiro,Autos,Total,21,GEELY,422,0.3
2026,2,Fevereiro,Com. Leves,Total,21,SHINERAY,45,0.12
2026,2,Fevereiro,Caminhões,Total,1,VW TRUCK E BUS,1770,26.77
2026,2,Fevereiro,Ônibus,Total,1,M.BENZ,876,50.29
2026,2,Fevereiro,Caminhões,Total,2,M.BENZ,1755,26.55
2026,2,Fevereiro,Ônibus,Total,2,VW TRUCK E BUS,377,21.64
2026,2,Fevereiro,Caminhões,Total,3,VOLVO,1214,18.36
2026,2,Fevereiro,Ônibus,Total,3,MARCOPOLO,198,11.37
2026,2,Fevereiro,Caminhões,Total,4,IVECO,645,9.76
2026,2,Fevereiro,Ônibus,Total,4,IVECO,114,6.54
2026,2,Fevereiro,Caminhões,Total,5,SCANIA,618,9.35
2026,2,Fevereiro,Ônibus,Total,5,AGRALE,54,3.1
2026,2,Fevereiro,Caminhões,Total,6,DAF,461,6.97
2026,2,Fevereiro,Ônibus,Total,6,INDUSCAR,50,2.87
2026,2,Fevereiro,Caminhões,Total,7,FOTON,102,1.54
2026,2,Fevereiro,Ônibus,Total,7,VOLVO,35,2.01
2026,2,Fevereiro,Caminhões,Total,8,JAC,16,0.24
2026,2,Fevereiro,Ônibus,Total,8,BYD,2,1.26
2026,2,Fevereiro,Caminhões,Total,9,AGRALE,15,0.23
2026,2,Fevereiro,Ônibus,Total,9,SCANIA,16,0.92
2026,2,Fevereiro,Caminhões,Total,10,FORD,5,0.08
2026,2,Fevereiro,Caminhões,Total,11,SANY,2,0.03
2026,2,Fevereiro,Caminhões,Total,12,HYUNDAI,1,0.02
2026,2,Fevereiro,Caminhões,Total,13,INTERNATIONAL,1,0.02
2026,2,Fevereiro,Caminhões,Total,14,NANJING,1,0.02
2026,2,Fevereiro,Caminhões,Total,15,PETERBILT,1,0.02
2026,2,Fevereiro,Caminhões,Total,16,TESLA,1,0.02
2026,2,Fevereiro,Motos,Total,1,HONDA,111880,65.23
2026,2,Fevereiro,Motos,Total,2,YAMAHA,22532,13.14
2026,2,Fevereiro,Motos,Total,3,SHINERAY,11720,6.83
2026,2,Fevereiro,Motos,Total,4,MOTTU,9880,5.76
2026,2,Fevereiro,Motos,Total,5,AVELLOZ,3031,1.77
2026,2,Fevereiro,Motos,Total,6,BAJAJ,2562,1.49
2026,2,Fevereiro,Motos,Total,7,ROYAL ENFIELD,2400,1.4
2026,2,Fevereiro,Motos,Total,8,HAOJUE,2145,1.25
2026,2,Fevereiro,Motos,Total,9,KAWASAKI,956,0.56
2026,2,Fevereiro,Motos,Total,10,BMW,945,0.55
2026,2,Fevereiro,Motos,Total,11,TRIUMPH,744,0.43
2026,2,Fevereiro,Motos,Total,12,ZONTES,543,0.32
2026,2,Fevereiro,Motos,Total,13,DAFRA,430,0.25
2026,2,Fevereiro,Motos,Total,14,SUZUKI,294,0.17
2026,2,Fevereiro,Motos,Total,15,BULL,280,0.16
2026,2,Fevereiro,Motos,Total,16,GCX,223,0.13
2026,2,Fevereiro,Motos,Total,17,VMOTO,140,0.08
2026,2,Fevereiro,Motos,Total,18,H.DAVIDSON,98,0.06
2026,2,Fevereiro,Motos,Total,19,MOTOCHEFE,48,0.03
2026,2,Fevereiro,Motos,Total,20,SMARDA,48,0.03
2026,2,Fevereiro,Motos,Total,21,AIPAO,46,0.03
2026,3,Março,Autos,Total,1,VW,37216,18.03
2026,3,Março,Com. Leves,Total,1,FIAT,25416,49.02
2026,3,Março,Autos,Total,2,FIAT,27264,13.21
2026,3,Março,Com. Leves,Total,2,VW,5004,9.65
2026,3,Março,Autos,Total,3,GM,23857,11.56
2026,3,Março,Com. Leves,Total,3,TOYOTA,4284,8.26
2026,3,Março,Autos,Total,4,HYUNDAI,19147,9.28
2026,3,Março,Com. Leves,Total,4,GM,4278,8.25
2026,3,Março,Autos,Total,5,BYD,16277,7.89
2026,3,Março,Com. Leves,Total,5,FORD,3813,7.35
2026,3,Março,Autos,Total,6,TOYOTA,11736,5.69
2026,3,Março,Com. Leves,Total,6,RAM,2595,5.01
2026,3,Março,Autos,Total,7,RENAULT,10308,4.99
2026,3,Março,Com. Leves,Total,7,RENAULT,2173,4.19
2026,3,Março,Autos,Total,8,JEEP,10117,4.9
2026,3,Março,Com. Leves,Total,8,MITSUBISHI,973,1.88
2026,3,Março,Autos,Total,9,HONDA,9910,4.8
2026,3,Março,Com. Leves,Total,9,GWM,677,1.31
2026,3,Março,Autos,Total,10,CAOA CHERY,8771,4.25
2026,3,Março,Com. Leves,Total,10,KIA,453,0.87
2026,3,Março,Autos,Total,11,NISSAN,8482,4.11
2026,3,Março,Com. Leves,Total,11,IVECO,340,0.66
2026,3,Março,Autos,Total,12,GWM,5923,2.87
2026,3,Março,Com. Leves,Total,12,PEUGEOT,323,0.62
2026,3,Março,Autos,Total,13,CITROEN,2716,1.32
2026,3,Março,Com. Leves,Total,13,NISSAN,306,0.59
2026,3,Março,Autos,Total,14,OMODA JAECOO,2451,1.19
2026,3,Março,Com. Leves,Total,14,EFFA,267,0.51
2026,3,Março,Autos,Total,15,PEUGEOT,1606,0.78
2026,3,Março,Com. Leves,Total,15,VW TRUCK E BUS,220,0.42
2026,3,Março,Autos,Total,16,BMW,1453,0.7
2026,3,Março,Com. Leves,Total,16,M.BENZ,185,0.36
2026,3,Março,Autos,Total,17,GEELY,1375,0.67
2026,3,Março,Com. Leves,Total,17,CITROEN,157,0.3
2026,3,Março,Autos,Total,18,FORD,1227,0.59
2026,3,Março,Com. Leves,Total,18,BYD,135,0.26
2026,3,Março,Autos,Total,19,VOLVO,818,0.4
2026,3,Março,Com. Leves,Total,19,FOTON,118,0.23
2026,3,Março,Autos,Total,20,MITSUBISHI,739,0.36
2026,3,Março,Com. Leves,Total,20,SHINERAY,54,0.1
2026,3,Março,Autos,Total,21,M.BENZ,719,0.35
2026,3,Março,Com. Leves,Total,21,JAC,29,0.06
2026,3,Março,Caminhões,Total,1,M.BENZ,2468,28.15
2026,3,Março,Ônibus,Total,1,M.BENZ,1240,50.12
2026,3,Março,Caminhões,Total,2,VW TRUCK E BUS,2115,24.13
2026,3,Março,Ônibus,Total,2,VW TRUCK E BUS,597,24.13
2026,3,Março,Caminhões,Total,3,VOLVO,1695,19.34
2026,3,Março,Ônibus,Total,3,IVECO,284,11.48
2026,3,Março,Caminhões,Total,4,SCANIA,1011,11.53
2026,3,Março,Ônibus,Total,4,MARCOPOLO,224,9.05
2026,3,Março,Caminhões,Total,5,IVECO,705,8.04
2026,3,Março,Ônibus,Total,5,INDUSCAR,43,1.74
2026,3,Março,Caminhões,Total,6,DAF,606,6.91
2026,3,Março,Ônibus,Total,6,SCANIA,38,1.54
2026,3,Março,Caminhões,Total,7,FOTON,108,1.23
2026,3,Março,Ônibus,Total,7,VOLVO,25,1.01
2026,3,Março,Caminhões,Total,8,JAC,25,0.29
2026,3,Março,Ônibus,Total,8,AGRALE,12,0.49
2026,3,Março,Caminhões,Total,9,AGRALE,15,0.17
2026,3,Março,Ônibus,Total,9,BYD,1,0.44
2026,3,Março,Caminhões,Total,10,FORD,4,0.05
2026,3,Março,Caminhões,Total,11,SANY,3,0.03
2026,3,Março,Caminhões,Total,12,HYUNDAI,2,0.02
2026,3,Março,Caminhões,Total,13,NANJING,2,0.02
2026,3,Março,Caminhões,Total,14,TESLA,1,0.01
2026,3,Março,Motos,Total,1,HONDA,145665,65.74
2026,3,Março,Motos,Total,2,YAMAHA,31019,14.0
2026,3,Março,Motos,Total,3,SHINERAY,13659,6.16
2026,3,Março,Motos,Total,4,MOTTU,10185,4.6
2026,3,Março,Motos,Total,5,AVELLOZ,3554,1.6
2026,3,Março,Motos,Total,6,BAJAJ,3350,1.51
2026,3,Março,Motos,Total,7,ROYAL ENFIELD,3035,1.37
2026,3,Março,Motos,Total,8,HAOJUE,2652,1.2
2026,3,Março,Motos,Total,9,BMW,1394,0.63
2026,3,Março,Motos,Total,10,KAWASAKI,1306,0.59
2026,3,Março,Motos,Total,11,TRIUMPH,1258,0.57
2026,3,Março,Motos,Total,12,VMOTO,979,0.44
2026,3,Março,Motos,Total,13,ZONTES,758,0.34
2026,3,Março,Motos,Total,14,DAFRA,662,0.3
2026,3,Março,Motos,Total,15,SUZUKI,401,0.18
2026,3,Março,Motos,Total,16,BULL,299,0.13
2026,3,Março,Motos,Total,17,H.DAVIDSON,254,0.11
2026,3,Março,Motos,Total,18,GCX,179,0.08
2026,3,Março,Motos,Total,19,MOBILLI,177,0.08
2026,3,Março,Motos,Total,20,DUCATI,6,0.03
2026,3,Março,Motos,Total,21,AMAZON,59,0.03
2026,4,Abril,Autos,Total,1,VW,31989,17.08
2026,4,Abril,Com. Leves,Total,1,FIAT,21989,44.03
2026,4,Abril,Autos,Total,2,FIAT,23638,12.62
2026,4,Abril,Com. Leves,Total,2,VW,6914,13.84
2026,4,Abril,Autos,Total,3,GM,20677,11.04
2026,4,Abril,Com. Leves,Total,3,GM,4423,8.86
2026,4,Abril,Autos,Total,4,HYUNDAI,18557,9.91
2026,4,Abril,Com. Leves,Total,4,TOYOTA,4249,8.51
2026,4,Abril,Autos,Total,5,BYD,18398,9.82
2026,4,Abril,Com. Leves,Total,5,FORD,3685,7.38
2026,4,Abril,Autos,Total,6,TOYOTA,10364,5.53
2026,4,Abril,Com. Leves,Total,6,RAM,2500,5.01
2026,4,Abril,Autos,Total,7,RENAULT,9809,5.24
2026,4,Abril,Com. Leves,Total,7,RENAULT,2274,4.55
2026,4,Abril,Autos,Total,8,HONDA,9016,4.81
2026,4,Abril,Com. Leves,Total,8,MITSUBISHI,932,1.87
2026,4,Abril,Autos,Total,9,JEEP,8529,4.55
2026,4,Abril,Com. Leves,Total,9,GWM,564,1.13
2026,4,Abril,Autos,Total,10,CAOA CHERY,7482,3.99
2026,4,Abril,Com. Leves,Total,10,IVECO,485,0.97
2026,4,Abril,Autos,Total,11,NISSAN,5280,2.82
2026,4,Abril,Com. Leves,Total,11,KIA,339,0.68
2026,4,Abril,Autos,Total,12,GWM,4579,2.44
2026,4,Abril,Com. Leves,Total,12,PEUGEOT,337,0.67
2026,4,Abril,Autos,Total,13,GEELY,4003,2.14
2026,4,Abril,Com. Leves,Total,13,EFFA,264,0.53
2026,4,Abril,Autos,Total,14,OMODA JAECOO,2826,1.51
2026,4,Abril,Com. Leves,Total,14,VW TRUCK E BUS,210,0.42
2026,4,Abril,Autos,Total,15,CITROEN,2530,1.35
2026,4,Abril,Com. Leves,Total,15,CITROEN,196,0.39
2026,4,Abril,Autos,Total,16,BMW,1167,0.62
2026,4,Abril,Com. Leves,Total,16,NISSAN,171,0.34
2026,4,Abril,Autos,Total,17,FORD,1136,0.61
2026,4,Abril,Com. Leves,Total,17,M.BENZ,143,0.29
2026,4,Abril,Autos,Total,18,PEUGEOT,995,0.53
2026,4,Abril,Com. Leves,Total,18,FOTON,131,0.26
2026,4,Abril,Autos,Total,19,GAC,918,0.49
2026,4,Abril,Com. Leves,Total,19,BYD,76,0.15
2026,4,Abril,Autos,Total,20,VOLVO,760,0.41
2026,4,Abril,Com. Leves,Total,20,SHINERAY,32,0.06
2026,4,Abril,Autos,Total,21,M.BENZ,698,0.37
2026,4,Abril,Com. Leves,Total,21,JAC,10,0.02
2026,4,Abril,Caminhões,Total,1,VW TRUCK E BUS,2483,28.67
2026,4,Abril,Ônibus,Total,1,M.BENZ,1169,47.99
2026,4,Abril,Caminhões,Total,2,M.BENZ,2436,28.13
2026,4,Abril,Ônibus,Total,2,VW TRUCK E BUS,488,20.03
2026,4,Abril,Caminhões,Total,3,VOLVO,1599,18.46
2026,4,Abril,Ônibus,Total,3,IVECO,365,14.98
2026,4,Abril,Caminhões,Total,4,SCANIA,849,9.8
2026,4,Abril,Ônibus,Total,4,MARCOPOLO,261,10.71
2026,4,Abril,Caminhões,Total,5,IVECO,626,7.23
2026,4,Abril,Ônibus,Total,5,SCANIA,71,2.91
2026,4,Abril,Caminhões,Total,6,DAF,506,5.84
2026,4,Abril,Ônibus,Total,6,VOLVO,52,2.13
2026,4,Abril,Caminhões,Total,7,FOTON,103,1.19
2026,4,Abril,Ônibus,Total,7,AGRALE,1,0.45
2026,4,Abril,Caminhões,Total,8,JAC,31,0.36
2026,4,Abril,Ônibus,Total,8,INDUSCAR,10,0.41
2026,4,Abril,Caminhões,Total,9,AGRALE,1,0.13
2026,4,Abril,Ônibus,Total,9,BYD,3,0.12
2026,4,Abril,Caminhões,Total,10,SANY,7,0.08
2026,4,Abril,Caminhões,Total,11,FORD,3,0.03
2026,4,Abril,Caminhões,Total,12,TESLA,1,0.01
2026,4,Abril,Motos,Total,1,HONDA,138660,65.83
2026,4,Abril,Motos,Total,2,YAMAHA,29402,13.96
2026,4,Abril,Motos,Total,3,SHINERAY,12507,5.94
2026,4,Abril,Motos,Total,4,MOTTU,9764,4.64
2026,4,Abril,Motos,Total,5,BAJAJ,3190,1.51
2026,4,Abril,Motos,Total,6,AVELLOZ,3034,1.44
2026,4,Abril,Motos,Total,7,ROYAL ENFIELD,3011,1.43
2026,4,Abril,Motos,Total,8,HAOJUE,2413,1.15
2026,4,Abril,Motos,Total,9,VMOTO,1317,0.63
2026,4,Abril,Motos,Total,10,TRIUMPH,1316,0.62
2026,4,Abril,Motos,Total,11,BMW,1264,0.6
2026,4,Abril,Motos,Total,12,KAWASAKI,1264,0.6
2026,4,Abril,Motos,Total,13,DAFRA,849,0.4
2026,4,Abril,Motos,Total,14,ZONTES,762,0.36
2026,4,Abril,Motos,Total,15,SUZUKI,371,0.18
2026,4,Abril,Motos,Total,16,BULL,246,0.12
2026,4,Abril,Motos,Total,17,H.DAVIDSON,193,0.09
2026,4,Abril,Motos,Total,18,GCX,150,0.07
2026,4,Abril,Motos,Total,19,MOBILLI,112,0.05
2026,4,Abril,Motos,Total,20,DUCATI,87,0.04
2026,4,Abril,Motos,Total,21,HORWIN,56,0.03
2026,5,Maio,Autos,Total,1,VW,39505,18.43
2026,5,Maio,Com. Leves,Total,1,FIAT,24021,48.29
2026,5,Maio,Autos,Total,2,FIAT,25625,11.96
2026,5,Maio,Com. Leves,Total,2,GM,4581,9.21
2026,5,Maio,Autos,Total,3,GM,23172,10.81
2026,5,Maio,Com. Leves,Total,3,FORD,4301,8.65
2026,5,Maio,Autos,Total,4,BYD,21674,10.11
2026,5,Maio,Com. Leves,Total,4,TOYOTA,4165,8.37
2026,5,Maio,Autos,Total,5,HYUNDAI,20234,9.44
2026,5,Maio,Com. Leves,Total,5,VW,3479,6.99
2026,5,Maio,Autos,Total,6,TOYOTA,10654,4.97
2026,5,Maio,Com. Leves,Total,6,RAM,2514,5.05
2026,5,Maio,Autos,Total,7,JEEP,10395,4.85
2026,5,Maio,Com. Leves,Total,7,RENAULT,2037,4.1
2026,5,Maio,Autos,Total,8,HONDA,10288,4.8
2026,5,Maio,Com. Leves,Total,8,MITSUBISHI,971,1.95
2026,5,Maio,Autos,Total,9,RENAULT,9023,4.21
2026,5,Maio,Com. Leves,Total,9,IVECO,772,1.55
2026,5,Maio,Autos,Total,10,NISSAN,6935,3.24
2026,5,Maio,Com. Leves,Total,10,GWM,753,1.51
2026,5,Maio,Autos,Total,11,GWM,6685,3.12
2026,5,Maio,Com. Leves,Total,11,KIA,370,0.74
2026,5,Maio,Autos,Total,12,CAOA CHERY,6660,3.11
2026,5,Maio,Com. Leves,Total,12,VW TRUCK E BUS,337,0.68
2026,5,Maio,Autos,Total,13,GEELY,5173,2.41
2026,5,Maio,Com. Leves,Total,13,EFFA,291,0.59
2026,5,Maio,Autos,Total,14,CITROEN,4308,2.01
2026,5,Maio,Com. Leves,Total,14,CITROEN,267,0.54
2026,5,Maio,Autos,Total,15,OMODA JAECOO,3176,1.48
2026,5,Maio,Com. Leves,Total,15,PEUGEOT,265,0.53
2026,5,Maio,Autos,Total,16,PEUGEOT,1463,0.68
2026,5,Maio,Com. Leves,Total,16,NISSAN,186,0.37
2026,5,Maio,Autos,Total,17,BMW,1244,0.58
2026,5,Maio,Com. Leves,Total,17,M.BENZ,157,0.32
2026,5,Maio,Autos,Total,18,CAOA CHANGAN,1164,0.54
2026,5,Maio,Com. Leves,Total,18,FOTON,127,0.26
2026,5,Maio,Autos,Total,19,FORD,927,0.43
2026,5,Maio,Com. Leves,Total,19,RIDDARA,42,0.08
2026,5,Maio,Autos,Total,20,LEAPMOTOR,893,0.42
2026,5,Maio,Com. Leves,Total,20,JAC,35,0.07
2026,5,Maio,Autos,Total,21,JETOUR,691,0.32
2026,5,Maio,Com. Leves,Total,21,BYD,30,0.06
2026,5,Maio,Caminhões,Total,1,VW TRUCK E BUS,2848,34.73
2026,5,Maio,Ônibus,Total,1,M.BENZ,998,48.12
2026,5,Maio,Caminhões,Total,2,M.BENZ,2199,26.82
2026,5,Maio,Ônibus,Total,2,VW TRUCK E BUS,400,19.29
2026,5,Maio,Caminhões,Total,3,VOLVO,1355,16.52
2026,5,Maio,Ônibus,Total,3,IVECO,262,12.63
2026,5,Maio,Caminhões,Total,4,SCANIA,779,9.5
2026,5,Maio,Ônibus,Total,4,MARCOPOLO,242,11.67
2026,5,Maio,Caminhões,Total,5,IVECO,532,6.49
2026,5,Maio,Ônibus,Total,5,BYD,59,2.84
2026,5,Maio,Caminhões,Total,6,DAF,298,3.63
2026,5,Maio,Ônibus,Total,6,INDUSCAR,4,2.12
2026,5,Maio,Caminhões,Total,7,FOTON,127,1.55
2026,5,Maio,Ônibus,Total,7,VOLVO,28,1.35
2026,5,Maio,Caminhões,Total,8,JAC,24,0.29
2026,5,Maio,Ônibus,Total,8,AGRALE,19,0.92
2026,5,Maio,Caminhões,Total,9,AGRALE,14,0.17
2026,5,Maio,Ônibus,Total,9,SCANIA,19,0.92
2026,5,Maio,Caminhões,Total,10,SANY,10,0.12
2026,5,Maio,Caminhões,Total,11,FORD,7,0.09
2026,5,Maio,Motos,Total,1,HONDA,131783,66.66
2026,5,Maio,Motos,Total,2,YAMAHA,27215,13.77
2026,5,Maio,Motos,Total,3,SHINERAY,11816,5.98
2026,5,Maio,Motos,Total,4,MOTTU,8649,4.38
2026,5,Maio,Motos,Total,5,AVELLOZ,3075,1.56
2026,5,Maio,Motos,Total,6,BAJAJ,2995,1.52
2026,5,Maio,Motos,Total,7,ROYAL ENFIELD,2959,1.5
2026,5,Maio,Motos,Total,8,HAOJUE,2141,1.08
2026,5,Maio,Motos,Total,9,TRIUMPH,1281,0.65
2026,5,Maio,Motos,Total,10,BMW,1188,0.6
2026,5,Maio,Motos,Total,11,KAWASAKI,1128,0.57
2026,5,Maio,Motos,Total,12,DAFRA,651,0.33
2026,5,Maio,Motos,Total,13,ZONTES,596,0.3
2026,5,Maio,Motos,Total,14,VMOTO,572,0.29
2026,5,Maio,Motos,Total,15,SUZUKI,326,0.16
2026,5,Maio,Motos,Total,16,BULL,196,0.1
2026,5,Maio,Motos,Total,17,H.DAVIDSON,153,0.08
2026,5,Maio,Motos,Total,18,MOBILLI,144,0.07
2026,5,Maio,Motos,Total,19,GCX,118,0.06
2026,5,Maio,Motos,Total,20,DUCATI,75,0.04
2026,5,Maio,Motos,Total,21,CFMOTO,54,0.03
2026,6,Junho,Autos,Total,1,VW,42425,19.93
2026,6,Junho,Com. Leves,Total,1,FIAT,21848,45.93
2026,6,Junho,Autos,Total,2,FIAT,27234,12.79
2026,6,Junho,Com. Leves,Total,2,GM,4661,9.8
2026,6,Junho,Autos,Total,3,GM,22027,10.35
2026,6,Junho,Com. Leves,Total,3,TOYOTA,4049,8.51
2026,6,Junho,Autos,Total,4,BYD,21219,9.97
2026,6,Junho,Com. Leves,Total,4,FORD,3654,7.68
2026,6,Junho,Autos,Total,5,HYUNDAI,16425,7.71
2026,6,Junho,Com. Leves,Total,5,VW,3561,7.49
2026,6,Junho,Autos,Total,6,TOYOTA,10456,4.91
2026,6,Junho,Com. Leves,Total,6,RAM,2900,6.1
2026,6,Junho,Autos,Total,7,JEEP,10255,4.82
2026,6,Junho,Com. Leves,Total,7,RENAULT,2022,4.25
2026,6,Junho,Autos,Total,8,HONDA,10033,4.71
2026,6,Junho,Com. Leves,Total,8,MITSUBISHI,1505,3.16
2026,6,Junho,Autos,Total,9,RENAULT,8847,4.16
2026,6,Junho,Com. Leves,Total,9,GWM,623,1.31
2026,6,Junho,Autos,Total,10,CAOA CHERY,7152,3.36
2026,6,Junho,Com. Leves,Total,10,IVECO,603,1.27
2026,6,Junho,Autos,Total,11,GWM,6106,2.87
2026,6,Junho,Com. Leves,Total,11,EFFA,361,0.76
2026,6,Junho,Autos,Total,12,NISSAN,5879,2.76
2026,6,Junho,Com. Leves,Total,12,KIA,337,0.71
2026,6,Junho,Autos,Total,13,GEELY,5835,2.74
2026,6,Junho,Com. Leves,Total,13,CITROEN,284,0.6
2026,6,Junho,Autos,Total,14,OMODA JAECOO,4832,2.27
2026,6,Junho,Com. Leves,Total,14,PEUGEOT,284,0.6
2026,6,Junho,Autos,Total,15,CITROEN,2260,1.06
2026,6,Junho,Com. Leves,Total,15,VW TRUCK E BUS,231,0.49
2026,6,Junho,Autos,Total,16,GAC,1490,0.7
2026,6,Junho,Com. Leves,Total,16,FOTON,174,0.37
2026,6,Junho,Autos,Total,17,BMW,1326,0.62
2026,6,Junho,Com. Leves,Total,17,M.BENZ,164,0.34
2026,6,Junho,Autos,Total,18,CAOA CHANGAN,1054,0.5
2026,6,Junho,Com. Leves,Total,18,NISSAN,123,0.26
2026,6,Junho,Autos,Total,19,LEAPMOTOR,989,0.46
2026,6,Junho,Com. Leves,Total,19,FARIZON,64,0.13
2026,6,Junho,Autos,Total,20,FORD,968,0.45
2026,6,Junho,Com. Leves,Total,20,BYD,35,0.07
2026,6,Junho,Autos,Total,21,JETOUR,951,0.45
2026,6,Junho,Com. Leves,Total,21,SHINERAY,35,0.07
2026,6,Junho,Caminhões,Total,1,M.BENZ,2520,26.75
2026,6,Junho,Ônibus,Total,1,M.BENZ,1035,40.12
2026,6,Junho,Caminhões,Total,2,VW TRUCK E BUS,2516,26.71
2026,6,Junho,Ônibus,Total,2,VW TRUCK E BUS,587,22.75
2026,6,Junho,Caminhões,Total,3,VOLVO,1686,17.9
2026,6,Junho,Ônibus,Total,3,IVECO,380,14.73
2026,6,Junho,Caminhões,Total,4,SCANIA,1321,14.02
2026,6,Junho,Ônibus,Total,4,MARCOPOLO,270,10.47
2026,6,Junho,Caminhões,Total,5,IVECO,667,7.08
2026,6,Junho,Ônibus,Total,5,CRRC,90,3.49
2026,6,Junho,Caminhões,Total,6,DAF,484,5.14
2026,6,Junho,Ônibus,Total,6,INDUSCAR,75,2.91
2026,6,Junho,Caminhões,Total,7,FOTON,146,1.55
2026,6,Junho,Ônibus,Total,7,SCANIA,58,2.25
2026,6,Junho,Caminhões,Total,8,AGRALE,47,0.5
2026,6,Junho,Ônibus,Total,8,AGRALE,35,1.36
2026,6,Junho,Caminhões,Total,9,JAC,24,0.25
2026,6,Junho,Ônibus,Total,9,VOLVO,18,0.7
2026,6,Junho,Caminhões,Total,10,FORD,4,0.04
2026,6,Junho,Ônibus,Total,10,HIGER,15,0.58
2026,6,Junho,Caminhões,Total,11,SANY,1,0.01
2026,6,Junho,Ônibus,Total,11,BYD,14,0.54
2026,6,Junho,Motos,Total,1,HONDA,127475,65.64
2026,6,Junho,Motos,Total,2,YAMAHA,25569,13.17
2026,6,Junho,Motos,Total,3,SHINERAY,11047,5.69
2026,6,Junho,Motos,Total,4,MOTTU,11045,5.69
2026,6,Junho,Motos,Total,5,ROYAL ENFIELD,2950,1.52
2026,6,Junho,Motos,Total,6,BAJAJ,2895,1.49
2026,6,Junho,Motos,Total,7,AVELLOZ,2831,1.46
2026,6,Junho,Motos,Total,8,HAOJUE,2205,1.14
2026,6,Junho,Motos,Total,9,TRIUMPH,1417,0.73
2026,6,Junho,Motos,Total,10,VMOTO,1333,0.69
2026,6,Junho,Motos,Total,11,BMW,1091,0.56
2026,6,Junho,Motos,Total,12,KAWASAKI,1080,0.56
2026,6,Junho,Motos,Total,13,DAFRA,696,0.36
2026,6,Junho,Motos,Total,14,ZONTES,504,0.26
2026,6,Junho,Motos,Total,15,CFMOTO,463,0.24
2026,6,Junho,Motos,Total,16,SUZUKI,351,0.18
2026,6,Junho,Motos,Total,17,BULL,229,0.12
2026,6,Junho,Motos,Total,18,MOBILLI,188,0.1
2026,6,Junho,Motos,Total,19,H.DAVIDSON,131,0.07
2026,6,Junho,Motos,Total,20,GCX,89,0.05
2026,6,Junho,Motos,Total,21,MORINI,78,0.04
2026,7,Julho,Autos,Total,1,VW,36183,17.01
2026,7,Julho,Com. Leves,Total,1,FIAT,23890,45.07
2026,7,Julho,Autos,Total,2,FIAT,25136,11.82
2026,7,Julho,Com. Leves,Total,2,VW,5773,10.89
2026,7,Julho,Autos,Total,3,GM,24626,11.58
2026,7,Julho,Com. Leves,Total,3,GM,4598,8.67
2026,7,Julho,Autos,Total,4,BYD,23423,11.01
2026,7,Julho,Com. Leves,Total,4,FORD,4169,7.87
2026,7,Julho,Autos,Total,5,HYUNDAI,13263,6.24
2026,7,Julho,Com. Leves,Total,5,TOYOTA,3519,6.64
2026,7,Julho,Autos,Total,6,TOYOTA,11767,5.53
2026,7,Julho,Com. Leves,Total,6,RAM,3353,6.33
2026,7,Julho,Autos,Total,7,HONDA,9811,4.61
2026,7,Julho,Com. Leves,Total,7,RENAULT,2764,5.21
2026,7,Julho,Autos,Total,8,JEEP,9123,4.29
2026,7,Julho,Com. Leves,Total,8,MITSUBISHI,1527,2.88
2026,7,Julho,Autos,Total,9,GWM,8498,4.0
2026,7,Julho,Com. Leves,Total,9,GWM,801,1.51
2026,7,Julho,Autos,Total,10,RENAULT,7872,3.7
2026,7,Julho,Com. Leves,Total,10,IVECO,417,0.79
2026,7,Julho,Autos,Total,11,GEELY,7458,3.51
2026,7,Julho,Com. Leves,Total,11,EFFA,386,0.73
2026,7,Julho,Autos,Total,12,CAOA CHERY,7354,3.46
2026,7,Julho,Com. Leves,Total,12,VW TRUCK E BUS,382,0.72
2026,7,Julho,Autos,Total,13,NISSAN,6588,3.1
2026,7,Julho,Com. Leves,Total,13,PEUGEOT,381,0.72
2026,7,Julho,Autos,Total,14,OMODA JAECOO,5759,2.71
2026,7,Julho,Com. Leves,Total,14,KIA,313,0.59
2026,7,Julho,Autos,Total,15,CITROEN,2359,1.11
2026,7,Julho,Com. Leves,Total,15,CITROEN,208,0.39
2026,7,Julho,Autos,Total,16,GAC,1947,0.92
2026,7,Julho,Com. Leves,Total,16,FOTON,178,0.34
2026,7,Julho,Autos,Total,17,CAOA CHANGAN,1745,0.82
2026,7,Julho,Com. Leves,Total,17,M.BENZ,149,0.28
2026,7,Julho,Autos,Total,18,BMW,1166,0.55
2026,7,Julho,Com. Leves,Total,18,SHINERAY,64,0.12
2026,7,Julho,Autos,Total,19,LEAPMOTOR,1106,0.52
2026,7,Julho,Com. Leves,Total,19,BYD,42,0.08
2026,7,Julho,Autos,Total,20,FORD,1031,0.48
2026,7,Julho,Com. Leves,Total,20,FEVER,42,0.08
2026,7,Julho,Autos,Total,21,JETOUR,997,0.47
2026,7,Julho,Com. Leves,Total,21,NISSAN,34,0.06
2026,7,Julho,Caminhões,Total,1,VW TRUCK E BUS,3033,27.1
2026,7,Julho,Ônibus,Total,1,M.BENZ,1187,44.11
2026,7,Julho,Caminhões,Total,2,M.BENZ,3018,26.97
2026,7,Julho,Ônibus,Total,2,VW TRUCK E BUS,604,22.45
2026,7,Julho,Caminhões,Total,3,VOLVO,1789,15.98
2026,7,Julho,Ônibus,Total,3,IVECO,418,15.53
2026,7,Julho,Caminhões,Total,4,SCANIA,1409,12.59
2026,7,Julho,Ônibus,Total,4,MARCOPOLO,283,10.52
2026,7,Julho,Caminhões,Total,5,IVECO,993,8.87
2026,7,Julho,Ônibus,Total,5,BYD,6,2.45
2026,7,Julho,Caminhões,Total,6,DAF,738,6.59
2026,7,Julho,Ônibus,Total,6,AGRALE,64,2.38
2026,7,Julho,Caminhões,Total,7,FOTON,162,1.45
2026,7,Julho,Ônibus,Total,7,SCANIA,31,1.15
2026,7,Julho,Caminhões,Total,8,AGRALE,26,0.23
2026,7,Julho,Ônibus,Total,8,INDUSCAR,20,0.74
2026,7,Julho,Caminhões,Total,9,JAC,6,0.05
2026,7,Julho,Ônibus,Total,9,VOLVO,17,0.63
2026,7,Julho,Caminhões,Total,10,SANY,5,0.04
2026,7,Julho,Caminhões,Total,11,BYD,2,0.02
2026,7,Julho,Caminhões,Total,12,FORD,2,0.02
2026,7,Julho,Caminhões,Total,13,NANJING,2,0.02
2026,7,Julho,Caminhões,Total,14,HYUNDAI,1,0.01
2026,7,Julho,Caminhões,Total,15,TESLA,1,0.01
2026,7,Julho,Motos,Total,1,HONDA,127399,63.96
2026,7,Julho,Motos,Total,2,YAMAHA,28622,14.37
2026,7,Julho,Motos,Total,3,SHINERAY,11476,5.76
2026,7,Julho,Motos,Total,4,MOTTU,11397,5.72
2026,7,Julho,Motos,Total,5,BAJAJ,3371,1.69
2026,7,Julho,Motos,Total,6,AVELLOZ,3184,1.6
2026,7,Julho,Motos,Total,7,ROYAL ENFIELD,3024,1.52
2026,7,Julho,Motos,Total,8,HAOJUE,2273,1.14
2026,7,Julho,Motos,Total,9,BMW,1247,0.63
2026,7,Julho,Motos,Total,10,VMOTO,1198,0.6
2026,7,Julho,Motos,Total,11,TRIUMPH,1186,0.6
2026,7,Julho,Motos,Total,12,KAWASAKI,1142,0.57
2026,7,Julho,Motos,Total,13,ZONTES,881,0.44
2026,7,Julho,Motos,Total,14,DAFRA,554,0.28
2026,7,Julho,Motos,Total,15,CFMOTO,402,0.2
2026,7,Julho,Motos,Total,16,SUZUKI,396,0.2
2026,7,Julho,Motos,Total,17,BULL,228,0.11
2026,7,Julho,Motos,Total,18,H.DAVIDSON,180,0.09
2026,7,Julho,Motos,Total,19,MOBILLI,97,0.05
2026,7,Julho,Motos,Total,20,MORINI,97,0.05
2026,7,Julho,Motos,Total,21,DUCATI,76,0.04
