ano,mes_num,mes_nome,segmento,tipo_venda,rank,modelo,quantidade_mes
2022,1,Janeiro,Autos,Total,2,GM/ONIX,5205
2022,1,Janeiro,Autos,Total,3,JEEP/RENEGADE,4999
2022,1,Janeiro,Autos,Total,1,FIAT/STRADA,6716
2022,1,Janeiro,Autos,Total,4,JEEP/COMPASS,4905
2022,1,Janeiro,Autos,Total,2,FIAT/TORO,3293
2022,1,Janeiro,Autos,Total,5,HYUNDAI/CRETA,4175
2022,1,Janeiro,Autos,Total,3,TOYOTA/HILUX,2912
2022,1,Janeiro,Autos,Total,6,VW/T CROSS,3761
2022,1,Janeiro,Autos,Total,4,RENAULT/OROCH,1447
2022,1,Janeiro,Autos,Total,7,VW/GOL,3435
2022,1,Janeiro,Autos,Total,5,FIAT/FIORINO,1343
2022,1,Janeiro,Autos,Total,8,GM/ONIX PLUS,3431
2022,1,Janeiro,Autos,Total,6,FORD/RANGER,1221
2022,1,Janeiro,Autos,Total,9,FIAT/PULSE,3192
2022,1,Janeiro,Autos,Total,7,VW/SAVEIRO,1180
2022,1,Janeiro,Autos,Total,10,RENAULT/KWID,3180
2022,1,Janeiro,Autos,Total,8,VW/AMAROK,954
2022,1,Janeiro,Autos,Total,11,FIAT/ARGO,2676
2022,1,Janeiro,Autos,Total,9,NISSAN/FRONTIER,950
2022,1,Janeiro,Autos,Total,12,FIAT/MOBI,2528
2022,1,Janeiro,Autos,Total,10,MITSUBISHI/L200,826
2022,1,Janeiro,Autos,Total,13,TOYOTA/COROLLA CROSS,2478
2022,1,Janeiro,Autos,Total,11,GM/S10,739
2022,1,Janeiro,Autos,Total,14,HYUNDAI/HB20S,2391
2022,1,Janeiro,Autos,Total,12,RENAULT/MASTER,623
2022,1,Janeiro,Autos,Total,15,GM/TRACKER,2376
2022,1,Janeiro,Autos,Total,13,FIAT/DUCATO,452
2022,1,Janeiro,Autos,Total,16,CITROEN/C4 CACTUS,2283
2022,1,Janeiro,Autos,Total,14,PEUGEOT/EXPERT,398
2022,1,Janeiro,Autos,Total,17,TOYOTA/COROLLA,2142
2022,1,Janeiro,Autos,Total,15,RAM/2500,252
2022,1,Janeiro,Autos,Total,18,PEUGEOT/208,1989
2022,1,Janeiro,Autos,Total,16,CITROEN/JUMPY,198
2022,1,Janeiro,Autos,Total,19,HONDA/HR-V,1792
2022,1,Janeiro,Autos,Total,17,VW/MAN/EXPRESS,172
2022,1,Janeiro,Autos,Total,20,FIAT/CRONOS,1732
2022,1,Janeiro,Autos,Total,18,KIA/K2500,151
2022,1,Janeiro,Autos,Total,21,NISSAN/KICKS,1682
2022,1,Janeiro,Autos,Total,19,IVECO/DAILY 35-150,149
2022,1,Janeiro,Autos,Total,22,PEUGEOT/2008,1631
2022,1,Janeiro,Autos,Total,20,HYUNDAI/HR,112
2022,1,Janeiro,Autos,Total,23,RENAULT/DUSTER,1445
2022,1,Janeiro,Autos,Total,21,IVECO/DAILY 30-130,63
2022,1,Janeiro,Autos,Total,24,JEEP/COMMANDER,1437
2022,1,Janeiro,Autos,Total,22,M.BENZ/SPRINTER 416,4
2022,1,Janeiro,Autos,Total,25,VW/NIVUS,1384
2022,1,Janeiro,Autos,Total,23,PEUGEOT/PARTNER,39
2022,1,Janeiro,Autos,Total,26,HONDA/CIVIC,1133
2022,1,Janeiro,Autos,Total,24,M.BENZ/SPRINTER 314,32
2022,1,Janeiro,Autos,Total,27,CAOA CHERY/TIGGO 3X,1023
2022,1,Janeiro,Autos,Total,25,EFFA/V21,29
2022,1,Janeiro,Autos,Total,28,HONDA/CITY,1011
2022,1,Janeiro,Autos,Total,26,IVECO/DAILY,13
2022,1,Janeiro,Autos,Total,29,TOYOTA/YARIS HB,955
2022,1,Janeiro,Autos,Total,27,M.BENZ/SPRINTER,13
2022,1,Janeiro,Autos,Total,30,VW/TAOS,946
2022,1,Janeiro,Autos,Total,28,PEUGEOT/BOXER,13
2022,1,Janeiro,Autos,Total,31,TOYOTA/HILUX SW4,889
2022,1,Janeiro,Autos,Total,29,EFFA/V22,12
2022,1,Janeiro,Autos,Total,32,NISSAN/VERSA,796
2022,1,Janeiro,Autos,Total,30,FIAT/DOBLO,1
2022,1,Janeiro,Autos,Total,33,CAOA CHERY/TIGGO 8,670
2022,1,Janeiro,Autos,Total,31,CITROEN/JUMPER,6
2022,1,Janeiro,Autos,Total,34,FIAT/SIENA,666
2022,1,Janeiro,Autos,Total,32,EFFA/V25,5
2022,1,Janeiro,Autos,Total,35,FIAT/UNO,622
2022,1,Janeiro,Autos,Total,33,RAM/1500,3
2022,1,Janeiro,Autos,Total,36,VW/VIRTUS,612
2022,1,Janeiro,Autos,Total,34,GM/MONTANA,2
2022,1,Janeiro,Autos,Total,37,RENAULT/LOGAN,607
2022,1,Janeiro,Autos,Total,35,TOYOTA/BANDEIRANTE,2
2022,1,Janeiro,Autos,Total,38,RENAULT/SANDERO,607
2022,1,Janeiro,Autos,Total,36,EFFA/K01,2
2022,1,Janeiro,Autos,Total,39,HONDA/WR-V,600
2022,1,Janeiro,Autos,Total,37,JAC/V260,2
2022,1,Janeiro,Autos,Total,40,CAOA CHERY/TIGGO 5X,598
2022,1,Janeiro,Autos,Total,38,FORD/F150,1
2022,1,Janeiro,Autos,Total,41,TOYOTA/YARIS SEDAN,593
2022,1,Janeiro,Autos,Total,39,FORD/F250,1
2022,1,Janeiro,Autos,Total,42,RENAULT/CAPTUR,567
2022,1,Janeiro,Autos,Total,40,FORD/RANCHERO,1
2022,1,Janeiro,Autos,Total,43,GM/SPIN,513
2022,1,Janeiro,Autos,Total,41,GM/SILVERADO,1
2022,1,Janeiro,Autos,Total,44,CAOA CHERY/TIGGO 7,512
2022,1,Janeiro,Autos,Total,42,OPEL/OPEL,1
2022,1,Janeiro,Autos,Total,45,VW/VOYAGE,479
2022,1,Janeiro,Autos,Total,43,MAHINDRA/MAHINDRA,1
2022,1,Janeiro,Autos,Total,46,GM/CRUZE SEDAN,458
2022,1,Janeiro,Autos,Total,44,FOTON/AUMARK 1039,1
2022,1,Janeiro,Autos,Total,47,GM/TRAILBLAZER,347
2022,1,Janeiro,Autos,Total,45,FOTON/AUMARK 3.5-14DT,1
2022,1,Janeiro,Autos,Total,48,CAOA CHERY/ARRIZO 6,270
2022,1,Janeiro,Autos,Total,49,BMW/320I,259
2022,1,Janeiro,Autos,Total,50,VW/POLO,253
2022,1,Janeiro,Autos,Direta,1,JEEP/RENEGADE,3622
2022,1,Janeiro,Com. Leves,Direta,1,FIAT/STRADA,4551
2022,1,Janeiro,Autos,Direta,2,JEEP/COMPASS,3549
2022,1,Janeiro,Com. Leves,Direta,2,FIAT/TORO,1428
2022,1,Janeiro,Autos,Direta,3,HYUNDAI/HB20,2164
2022,1,Janeiro,Com. Leves,Direta,3,RENAULT/OROCH,1263
2022,1,Janeiro,Autos,Direta,4,CITROEN/C4 CACTUS,2087
2022,1,Janeiro,Com. Leves,Direta,4,VW/SAVEIRO,1131
2022,1,Janeiro,Autos,Direta,5,GM/ONIX,2057
2022,1,Janeiro,Com. Leves,Direta,5,FIAT/FIORINO,885
2022,1,Janeiro,Autos,Direta,6,VW/GOL,1736
2022,1,Janeiro,Com. Leves,Direta,6,TOYOTA/HILUX,871
2022,1,Janeiro,Autos,Direta,7,PEUGEOT/208,1695
2022,1,Janeiro,Com. Leves,Direta,7,FORD/RANGER,634
2022,1,Janeiro,Autos,Direta,8,PEUGEOT/2008,1584
2022,1,Janeiro,Com. Leves,Direta,8,GM/S10,587
2022,1,Janeiro,Autos,Direta,9,VW/T CROSS,1160
2022,1,Janeiro,Com. Leves,Direta,9,NISSAN/FRONTIER,528
2022,1,Janeiro,Autos,Direta,10,HYUNDAI/HB20S,1140
2022,1,Janeiro,Com. Leves,Direta,10,VW/AMAROK,421
2022,1,Janeiro,Autos,Direta,11,JEEP/COMMANDER,1060
2022,1,Janeiro,Com. Leves,Direta,11,RENAULT/MASTER,377
2022,1,Janeiro,Autos,Direta,12,FIAT/CRONOS,873
2022,1,Janeiro,Com. Leves,Direta,12,FIAT/DUCATO,364
2022,1,Janeiro,Autos,Direta,13,GM/ONIX PLUS,861
2022,1,Janeiro,Com. Leves,Direta,13,MITSUBISHI/L200,334
2022,1,Janeiro,Autos,Direta,14,RENAULT/KWID,782
2022,1,Janeiro,Com. Leves,Direta,14,RAM/2500,250
2022,1,Janeiro,Autos,Direta,15,GM/TRACKER,662
2022,1,Janeiro,Com. Leves,Direta,15,PEUGEOT/EXPERT,214
2022,1,Janeiro,Autos,Direta,16,CAOA CHERY/TIGGO 3X,637
2022,1,Janeiro,Com. Leves,Direta,16,CITROEN/JUMPY,46
2022,1,Janeiro,Autos,Direta,17,TOYOTA/COROLLA,624
2022,1,Janeiro,Com. Leves,Direta,17,VW/MAN/EXPRESS,43
2022,1,Janeiro,Autos,Direta,18,RENAULT/DUSTER,594
2022,1,Janeiro,Com. Leves,Direta,18,PEUGEOT/PARTNER,25
2022,1,Janeiro,Autos,Direta,19,RENAULT/LOGAN,577
2022,1,Janeiro,Com. Leves,Direta,19,IVECO/DAILY 35-150,24
2022,1,Janeiro,Autos,Direta,20,FIAT/UNO,559
2022,1,Janeiro,Com. Leves,Direta,20,HYUNDAI/HR,2
2022,1,Janeiro,Autos,Direta,21,VW/VIRTUS,507
2022,1,Janeiro,Com. Leves,Direta,21,FIAT/DOBLO,10
2022,1,Janeiro,Autos,Direta,22,RENAULT/SANDERO,452
2022,1,Janeiro,Com. Leves,Direta,22,IVECO/DAILY 30-130,7
2022,1,Janeiro,Autos,Direta,23,TOYOTA/COROLLA CROSS,384
2022,1,Janeiro,Com. Leves,Direta,23,RAM/1500,3
2022,1,Janeiro,Autos,Direta,24,GM/SPIN,378
2022,1,Janeiro,Com. Leves,Direta,24,GM/MONTANA,2
2022,1,Janeiro,Autos,Direta,25,FIAT/ARGO,335
2022,1,Janeiro,Com. Leves,Direta,25,CITROEN/JUMPER,1
2022,1,Janeiro,Autos,Direta,26,VW/VOYAGE,331
2022,1,Janeiro,Autos,Direta,27,GM/TRAILBLAZER,313
2022,1,Janeiro,Autos,Direta,28,VW/NIVUS,310
2022,1,Janeiro,Autos,Direta,29,NISSAN/KICKS,309
2022,1,Janeiro,Autos,Direta,30,TOYOTA/YARIS SEDAN,302
2022,1,Janeiro,Autos,Direta,31,FIAT/SIENA,287
2022,1,Janeiro,Autos,Direta,32,TOYOTA/YARIS HB,284
2022,1,Janeiro,Autos,Direta,33,FIAT/MOBI,259
2022,1,Janeiro,Autos,Direta,34,RENAULT/CAPTUR,253
2022,1,Janeiro,Autos,Direta,35,HONDA/CITY,251
2022,1,Janeiro,Autos,Direta,36,CAOA CHERY/TIGGO 8,241
2022,1,Janeiro,Autos,Direta,37,VOLVO/XC40,219
2022,1,Janeiro,Autos,Direta,38,VOLVO/XC60,198
2022,1,Janeiro,Autos,Direta,39,HYUNDAI/TUCSON,181
2022,1,Janeiro,Autos,Direta,40,FIAT/PULSE,169
2022,1,Janeiro,Autos,Direta,41,AUDI/Q5,153
2022,1,Janeiro,Autos,Direta,42,VW/TAOS,140
2022,1,Janeiro,Autos,Direta,43,HYUNDAI/CRETA,138
2022,1,Janeiro,Autos,Direta,44,CAOA CHERY/ARRIZO 6,132
2022,1,Janeiro,Autos,Direta,45,VW/POLO,112
2022,1,Janeiro,Autos,Direta,46,NISSAN/VERSA,94
2022,1,Janeiro,Autos,Direta,47,CAOA CHERY/TIGGO 5X,92
2022,1,Janeiro,Autos,Direta,48,SUBARU/XV,76
2022,1,Janeiro,Autos,Direta,49,FORD/TERRITORY,74
2022,1,Janeiro,Autos,Direta,50,HONDA/HR-V,74
2022,1,Janeiro,Autos,Varejo,1,HYUNDAI/CRETA,4037
2022,1,Janeiro,Com. Leves,Varejo,1,FIAT/STRADA,2165
2022,1,Janeiro,Autos,Varejo,2,HYUNDAI/HB20,3470
2022,1,Janeiro,Com. Leves,Varejo,2,TOYOTA/HILUX,2041
2022,1,Janeiro,Autos,Varejo,3,GM/ONIX,3148
2022,1,Janeiro,Com. Leves,Varejo,3,FIAT/TORO,1865
2022,1,Janeiro,Autos,Varejo,4,FIAT/PULSE,3023
2022,1,Janeiro,Com. Leves,Varejo,4,FORD/RANGER,587
2022,1,Janeiro,Autos,Varejo,5,VW/T CROSS,2601
2022,1,Janeiro,Com. Leves,Varejo,5,VW/AMAROK,533
2022,1,Janeiro,Autos,Varejo,6,GM/ONIX PLUS,2570
2022,1,Janeiro,Com. Leves,Varejo,6,MITSUBISHI/L200,492
2022,1,Janeiro,Autos,Varejo,7,RENAULT/KWID,2398
2022,1,Janeiro,Com. Leves,Varejo,7,FIAT/FIORINO,458
2022,1,Janeiro,Autos,Varejo,8,FIAT/ARGO,2341
2022,1,Janeiro,Com. Leves,Varejo,8,NISSAN/FRONTIER,422
2022,1,Janeiro,Autos,Varejo,9,FIAT/MOBI,2269
2022,1,Janeiro,Com. Leves,Varejo,9,RENAULT/MASTER,246
2022,1,Janeiro,Autos,Varejo,10,TOYOTA/COROLLA CROSS,2094
2022,1,Janeiro,Com. Leves,Varejo,10,PEUGEOT/EXPERT,184
2022,1,Janeiro,Autos,Varejo,11,HONDA/HR-V,1718
2022,1,Janeiro,Com. Leves,Varejo,11,RENAULT/OROCH,184
2022,1,Janeiro,Autos,Varejo,12,GM/TRACKER,1714
2022,1,Janeiro,Com. Leves,Varejo,12,CITROEN/JUMPY,152
2022,1,Janeiro,Autos,Varejo,13,VW/GOL,1699
2022,1,Janeiro,Com. Leves,Varejo,13,GM/S10,152
2022,1,Janeiro,Autos,Varejo,14,TOYOTA/COROLLA,1518
2022,1,Janeiro,Com. Leves,Varejo,14,KIA/K2500,151
2022,1,Janeiro,Autos,Varejo,15,JEEP/RENEGADE,1377
2022,1,Janeiro,Com. Leves,Varejo,15,VW/MAN/EXPRESS,129
2022,1,Janeiro,Autos,Varejo,16,NISSAN/KICKS,1373
2022,1,Janeiro,Com. Leves,Varejo,16,IVECO/DAILY 35-150,125
2022,1,Janeiro,Autos,Varejo,17,JEEP/COMPASS,1356
2022,1,Janeiro,Com. Leves,Varejo,17,HYUNDAI/HR,90
2022,1,Janeiro,Autos,Varejo,18,HYUNDAI/HB20S,1251
2022,1,Janeiro,Com. Leves,Varejo,18,FIAT/DUCATO,8
2022,1,Janeiro,Autos,Varejo,19,HONDA/CIVIC,1112
2022,1,Janeiro,Com. Leves,Varejo,19,IVECO/DAILY 30-130,56
2022,1,Janeiro,Autos,Varejo,20,VW/NIVUS,1074
2022,1,Janeiro,Com. Leves,Varejo,20,VW/SAVEIRO,49
2022,1,Janeiro,Autos,Varejo,21,FIAT/CRONOS,859
2022,1,Janeiro,Com. Leves,Varejo,21,M.BENZ/SPRINTER 416,4
2022,1,Janeiro,Autos,Varejo,22,RENAULT/DUSTER,851
2022,1,Janeiro,Com. Leves,Varejo,22,M.BENZ/SPRINTER 314,32
2022,1,Janeiro,Autos,Varejo,23,TOYOTA/HILUX SW4,833
2022,1,Janeiro,Com. Leves,Varejo,23,EFFA/V21,29
2022,1,Janeiro,Autos,Varejo,24,VW/TAOS,806
2022,1,Janeiro,Com. Leves,Varejo,24,PEUGEOT/PARTNER,14
2022,1,Janeiro,Autos,Varejo,25,HONDA/CITY,760
2022,1,Janeiro,Com. Leves,Varejo,25,IVECO/DAILY,13
2022,1,Janeiro,Autos,Varejo,26,NISSAN/VERSA,702
2022,1,Janeiro,Com. Leves,Varejo,26,M.BENZ/SPRINTER,13
2022,1,Janeiro,Autos,Varejo,27,TOYOTA/YARIS HB,671
2022,1,Janeiro,Com. Leves,Varejo,27,PEUGEOT/BOXER,12
2022,1,Janeiro,Autos,Varejo,28,HONDA/WR-V,570
2022,1,Janeiro,Com. Leves,Varejo,28,EFFA/V22,12
2022,1,Janeiro,Autos,Varejo,29,CAOA CHERY/TIGGO 5X,506
2022,1,Janeiro,Com. Leves,Varejo,29,CITROEN/JUMPER,5
2022,1,Janeiro,Autos,Varejo,30,CAOA CHERY/TIGGO 7,493
2022,1,Janeiro,Com. Leves,Varejo,30,EFFA/V25,5
2022,1,Janeiro,Autos,Varejo,31,CAOA CHERY/TIGGO 8,429
2022,1,Janeiro,Com. Leves,Varejo,31,TOYOTA/BANDEIRANTE,2
2022,1,Janeiro,Autos,Varejo,32,GM/CRUZE SEDAN,402
2022,1,Janeiro,Com. Leves,Varejo,32,EFFA/K01,2
2022,1,Janeiro,Autos,Varejo,33,CAOA CHERY/TIGGO 3X,386
2022,1,Janeiro,Com. Leves,Varejo,33,JAC/V260,2
2022,1,Janeiro,Autos,Varejo,34,FIAT/SIENA,379
2022,1,Janeiro,Com. Leves,Varejo,34,RAM/2500,2
2022,1,Janeiro,Autos,Varejo,35,JEEP/COMMANDER,377
2022,1,Janeiro,Com. Leves,Varejo,35,FIAT/DOBLO,1
2022,1,Janeiro,Autos,Varejo,36,RENAULT/CAPTUR,314
2022,1,Janeiro,Com. Leves,Varejo,36,FORD/F150,1
2022,1,Janeiro,Autos,Varejo,37,PEUGEOT/208,294
2022,1,Janeiro,Com. Leves,Varejo,37,FORD/F250,1
2022,1,Janeiro,Autos,Varejo,38,TOYOTA/YARIS SEDAN,291
2022,1,Janeiro,Com. Leves,Varejo,38,FORD/RANCHERO,1
2022,1,Janeiro,Autos,Varejo,39,BMW/320I,219
2022,1,Janeiro,Com. Leves,Varejo,39,GM/SILVERADO,1
2022,1,Janeiro,Autos,Varejo,40,M.BENZ/CLASSE GLB,219
2022,1,Janeiro,Com. Leves,Varejo,40,OPEL/OPEL,1
2022,1,Janeiro,Autos,Varejo,41,CITROEN/C4 CACTUS,196
2022,1,Janeiro,Com. Leves,Varejo,41,MAHINDRA/MAHINDRA,1
2022,1,Janeiro,Autos,Varejo,42,RENAULT/SANDERO,155
2022,1,Janeiro,Com. Leves,Varejo,42,FOTON/AUMARK 1039,1
2022,1,Janeiro,Autos,Varejo,43,HONDA/FIT,149
2022,1,Janeiro,Com. Leves,Varejo,43,FOTON/AUMARK 3.5-14DT,1
2022,1,Janeiro,Autos,Varejo,44,VW/VOYAGE,148
2022,1,Janeiro,Autos,Varejo,45,VW/POLO,141
2022,1,Janeiro,Autos,Varejo,46,M.BENZ/CLASSE C,138
2022,1,Janeiro,Autos,Varejo,47,CAOA CHERY/ARRIZO 6,138
2022,1,Janeiro,Autos,Varejo,48,MITSUBISHI/OUTLANDER,137
2022,1,Janeiro,Autos,Varejo,49,GM/SPIN,135
2022,1,Janeiro,Autos,Varejo,50,BMW/X1,121
2022,2,Fevereiro,Autos,Total,1,GM/ONIX,6541
2022,2,Fevereiro,Autos,Total,2,HYUNDAI/HB20,6161
2022,2,Fevereiro,Autos,Total,1,FIAT/STRADA,7314
2022,2,Fevereiro,Autos,Total,3,VW/T CROSS,5118
2022,2,Fevereiro,Autos,Total,2,FIAT/TORO,3178
2022,2,Fevereiro,Autos,Total,4,JEEP/COMPASS,4503
2022,2,Fevereiro,Autos,Total,3,TOYOTA/HILUX,2558
2022,2,Fevereiro,Autos,Total,5,GM/ONIX PLUS,4489
2022,2,Fevereiro,Autos,Total,4,GM/S10,2225
2022,2,Fevereiro,Autos,Total,6,FIAT/ARGO,4321
2022,2,Fevereiro,Autos,Total,5,FIAT/FIORINO,1576
2022,2,Fevereiro,Autos,Total,7,RENAULT/KWID,4262
2022,2,Fevereiro,Autos,Total,6,MITSUBISHI/L200,783
2022,2,Fevereiro,Autos,Total,8,HYUNDAI/CRETA,4163
2022,2,Fevereiro,Autos,Total,7,FORD/RANGER,769
2022,2,Fevereiro,Autos,Total,9,FIAT/MOBI,4162
2022,2,Fevereiro,Autos,Total,8,NISSAN/FRONTIER,565
2022,2,Fevereiro,Autos,Total,10,TOYOTA/COROLLA CROSS,3732
2022,2,Fevereiro,Autos,Total,9,RENAULT/OROCH,542
2022,2,Fevereiro,Autos,Total,11,GM/TRACKER,3419
2022,2,Fevereiro,Autos,Total,10,VW/AMAROK,506
2022,2,Fevereiro,Autos,Total,12,TOYOTA/COROLLA,2729
2022,2,Fevereiro,Autos,Total,11,RENAULT/MASTER,480
2022,2,Fevereiro,Autos,Total,13,FIAT/SIENA,2637
2022,2,Fevereiro,Autos,Total,12,FIAT/DUCATO,319
2022,2,Fevereiro,Autos,Total,14,VW/NIVUS,2417
2022,2,Fevereiro,Autos,Total,13,VW/MAN/EXPRESS,268
2022,2,Fevereiro,Autos,Total,15,HONDA/CITY,2326
2022,2,Fevereiro,Autos,Total,14,PEUGEOT/EXPERT,261
2022,2,Fevereiro,Autos,Total,16,JEEP/RENEGADE,2229
2022,2,Fevereiro,Autos,Total,15,VW/SAVEIRO,247
2022,2,Fevereiro,Autos,Total,17,TOYOTA/YARIS HB,2067
2022,2,Fevereiro,Autos,Total,16,IVECO/DAILY 35-150,191
2022,2,Fevereiro,Autos,Total,18,HYUNDAI/HB20S,2055
2022,2,Fevereiro,Autos,Total,17,CITROEN/JUMPY,185
2022,2,Fevereiro,Autos,Total,19,PEUGEOT/208,1847
2022,2,Fevereiro,Autos,Total,18,KIA/K2500,155
2022,2,Fevereiro,Autos,Total,20,FIAT/PULSE,1843
2022,2,Fevereiro,Autos,Total,19,HYUNDAI/HR,143
2022,2,Fevereiro,Autos,Total,21,VW/GOL,1710
2022,2,Fevereiro,Autos,Total,20,IVECO/DAILY 30-130,46
2022,2,Fevereiro,Autos,Total,22,JEEP/COMMANDER,1614
2022,2,Fevereiro,Autos,Total,21,M.BENZ/SPRINTER 314,43
2022,2,Fevereiro,Autos,Total,23,CITROEN/C4 CACTUS,1587
2022,2,Fevereiro,Autos,Total,22,RAM/2500,42
2022,2,Fevereiro,Autos,Total,24,RENAULT/DUSTER,1550
2022,2,Fevereiro,Autos,Total,23,M.BENZ/SPRINTER 416,40
2022,2,Fevereiro,Autos,Total,25,RENAULT/LOGAN,1363
2022,2,Fevereiro,Autos,Total,24,FORD/MAVERICK,34
2022,2,Fevereiro,Autos,Total,26,TOYOTA/YARIS SEDAN,1202
2022,2,Fevereiro,Autos,Total,25,EFFA/V21,28
2022,2,Fevereiro,Autos,Total,27,NISSAN/KICKS,1112
2022,2,Fevereiro,Autos,Total,26,PEUGEOT/PARTNER,26
2022,2,Fevereiro,Autos,Total,28,NISSAN/VERSA,1058
2022,2,Fevereiro,Autos,Total,27,EFFA/V22,12
2022,2,Fevereiro,Autos,Total,29,TOYOTA/HILUX SW4,997
2022,2,Fevereiro,Autos,Total,28,M.BENZ/SPRINTER,9
2022,2,Fevereiro,Autos,Total,30,CAOA CHERY/TIGGO 8,878
2022,2,Fevereiro,Autos,Total,29,FIAT/DOBLO,6
2022,2,Fevereiro,Autos,Total,31,FIAT/CRONOS,839
2022,2,Fevereiro,Autos,Total,30,IVECO/DAILY,5
2022,2,Fevereiro,Autos,Total,32,HONDA/HR-V,826
2022,2,Fevereiro,Autos,Total,31,PEUGEOT/BOXER,5
2022,2,Fevereiro,Autos,Total,33,HYUNDAI/TUCSON,820
2022,2,Fevereiro,Autos,Total,32,FOTON/AUMARK 3.5-14DT,5
2022,2,Fevereiro,Autos,Total,34,CAOA CHERY/TIGGO 3X,786
2022,2,Fevereiro,Autos,Total,33,CITROEN/JUMPER,4
2022,2,Fevereiro,Autos,Total,35,CAOA CHERY/TIGGO 7,730
2022,2,Fevereiro,Autos,Total,34,EFFA/V25,4
2022,2,Fevereiro,Autos,Total,36,VW/TAOS,667
2022,2,Fevereiro,Autos,Total,35,FORD/TRANSIT,3
2022,2,Fevereiro,Autos,Total,37,CAOA CHERY/TIGGO 5X,649
2022,2,Fevereiro,Autos,Total,36,VW/KOMBI,3
2022,2,Fevereiro,Autos,Total,38,RENAULT/CAPTUR,480
2022,2,Fevereiro,Autos,Total,37,JAC/V260,3
2022,2,Fevereiro,Autos,Total,39,GM/CRUZE SEDAN,477
2022,2,Fevereiro,Autos,Total,38,RAM/1500,3
2022,2,Fevereiro,Autos,Total,40,HONDA/CIVIC,471
2022,2,Fevereiro,Autos,Total,39,GM/MONTANA,2
2022,2,Fevereiro,Autos,Total,41,RENAULT/SANDERO,469
2022,2,Fevereiro,Autos,Total,40,TOYOTA/BANDEIRANTE,2
2022,2,Fevereiro,Autos,Total,42,BMW/320I,447
2022,2,Fevereiro,Autos,Total,41,WILLYS/OVERLAND,2
2022,2,Fevereiro,Autos,Total,43,PEUGEOT/2008,445
2022,2,Fevereiro,Autos,Total,42,EFFA/K01,2
2022,2,Fevereiro,Autos,Total,44,VW/VIRTUS,301
2022,2,Fevereiro,Autos,Total,43,FOTON/AUMARK 1039,2
2022,2,Fevereiro,Autos,Total,45,VW/POLO,295
2022,2,Fevereiro,Autos,Total,44,FORD/PAMPA,1
2022,2,Fevereiro,Autos,Total,46,MITSUBISHI/PAJERO,273
2022,2,Fevereiro,Autos,Total,45,GM/C10,1
2022,2,Fevereiro,Autos,Total,47,HONDA/CITY HATCH,245
2022,2,Fevereiro,Autos,Total,46,GM/D20,1
2022,2,Fevereiro,Autos,Total,48,MITSUBISHI/OUTLANDER,224
2022,2,Fevereiro,Autos,Total,47,HAFEI/ZHONGYI VAN,1
2022,2,Fevereiro,Autos,Total,49,VOLVO/XC60,198
2022,2,Fevereiro,Autos,Total,50,VW/VOYAGE,187
2022,2,Fevereiro,Autos,Direta,1,JEEP/COMPASS,3474
2022,2,Fevereiro,Com. Leves,Direta,1,FIAT/STRADA,5426
2022,2,Fevereiro,Autos,Direta,2,HYUNDAI/HB20,3336
2022,2,Fevereiro,Com. Leves,Direta,2,GM/S10,1774
2022,2,Fevereiro,Autos,Direta,3,FIAT/SIENA,2338
2022,2,Fevereiro,Com. Leves,Direta,3,FIAT/TORO,1389
2022,2,Fevereiro,Autos,Direta,4,FIAT/ARGO,2297
2022,2,Fevereiro,Com. Leves,Direta,4,FIAT/FIORINO,1005
2022,2,Fevereiro,Autos,Direta,5,FIAT/MOBI,2097
2022,2,Fevereiro,Com. Leves,Direta,5,TOYOTA/HILUX,601
2022,2,Fevereiro,Autos,Direta,6,PEUGEOT/208,1452
2022,2,Fevereiro,Com. Leves,Direta,6,RENAULT/OROCH,489
2022,2,Fevereiro,Autos,Direta,7,JEEP/COMMANDER,1385
2022,2,Fevereiro,Com. Leves,Direta,7,RENAULT/MASTER,284
2022,2,Fevereiro,Autos,Direta,8,CITROEN/C4 CACTUS,1379
2022,2,Fevereiro,Com. Leves,Direta,8,MITSUBISHI/L200,254
2022,2,Fevereiro,Autos,Direta,9,RENAULT/LOGAN,1338
2022,2,Fevereiro,Com. Leves,Direta,9,VW/SAVEIRO,226
2022,2,Fevereiro,Autos,Direta,10,VW/T CROSS,1217
2022,2,Fevereiro,Com. Leves,Direta,10,FIAT/DUCATO,222
2022,2,Fevereiro,Autos,Direta,11,HYUNDAI/HB20S,1072
2022,2,Fevereiro,Com. Leves,Direta,11,FORD/RANGER,219
2022,2,Fevereiro,Autos,Direta,12,GM/ONIX PLUS,1000
2022,2,Fevereiro,Com. Leves,Direta,12,VW/AMAROK,197
2022,2,Fevereiro,Autos,Direta,13,GM/ONIX,968
2022,2,Fevereiro,Com. Leves,Direta,13,NISSAN/FRONTIER,182
2022,2,Fevereiro,Autos,Direta,14,JEEP/RENEGADE,945
2022,2,Fevereiro,Com. Leves,Direta,14,VW/MAN/EXPRESS,133
2022,2,Fevereiro,Autos,Direta,15,RENAULT/DUSTER,853
2022,2,Fevereiro,Com. Leves,Direta,15,CITROEN/JUMPY,94
2022,2,Fevereiro,Autos,Direta,16,TOYOTA/COROLLA CROSS,690
2022,2,Fevereiro,Com. Leves,Direta,16,PEUGEOT/EXPERT,90
2022,2,Fevereiro,Autos,Direta,17,HYUNDAI/TUCSON,681
2022,2,Fevereiro,Com. Leves,Direta,17,IVECO/DAILY 35-150,45
2022,2,Fevereiro,Autos,Direta,18,GM/TRACKER,544
2022,2,Fevereiro,Com. Leves,Direta,18,RAM/2500,41
2022,2,Fevereiro,Autos,Direta,19,RENAULT/KWID,446
2022,2,Fevereiro,Com. Leves,Direta,19,FORD/MAVERICK,30
2022,2,Fevereiro,Autos,Direta,20,VW/GOL,428
2022,2,Fevereiro,Com. Leves,Direta,20,HYUNDAI/HR,17
2022,2,Fevereiro,Autos,Direta,21,CAOA CHERY/TIGGO 8,411
2022,2,Fevereiro,Com. Leves,Direta,21,PEUGEOT/PARTNER,14
2022,2,Fevereiro,Autos,Direta,22,PEUGEOT/2008,398
2022,2,Fevereiro,Com. Leves,Direta,22,FIAT/DOBLO,5
2022,2,Fevereiro,Autos,Direta,23,TOYOTA/YARIS HB,395
2022,2,Fevereiro,Com. Leves,Direta,23,IVECO/DAILY 30-130,4
2022,2,Fevereiro,Autos,Direta,24,CAOA CHERY/TIGGO 3X,372
2022,2,Fevereiro,Com. Leves,Direta,24,CITROEN/JUMPER,2
2022,2,Fevereiro,Autos,Direta,25,NISSAN/VERSA,366
2022,2,Fevereiro,Com. Leves,Direta,25,FORD/TRANSIT,2
2022,2,Fevereiro,Autos,Direta,26,TOYOTA/COROLLA,364
2022,2,Fevereiro,Com. Leves,Direta,26,GM/MONTANA,2
2022,2,Fevereiro,Autos,Direta,27,TOYOTA/YARIS SEDAN,356
2022,2,Fevereiro,Com. Leves,Direta,27,RAM/1500,2
2022,2,Fevereiro,Autos,Direta,28,RENAULT/SANDERO,355
2022,2,Fevereiro,Com. Leves,Direta,28,PEUGEOT/BOXER,1
2022,2,Fevereiro,Autos,Direta,29,VW/NIVUS,301
2022,2,Fevereiro,Com. Leves,Direta,29,TOYOTA/BANDEIRANTE,1
2022,2,Fevereiro,Autos,Direta,30,FIAT/CRONOS,234
2022,2,Fevereiro,Autos,Direta,31,VW/VIRTUS,225
2022,2,Fevereiro,Autos,Direta,32,VOLVO/XC60,198
2022,2,Fevereiro,Autos,Direta,33,RENAULT/CAPTUR,187
2022,2,Fevereiro,Autos,Direta,34,FIAT/PULSE,181
2022,2,Fevereiro,Autos,Direta,35,GM/CRUZE SEDAN,148
2022,2,Fevereiro,Autos,Direta,36,HONDA/CITY,140
2022,2,Fevereiro,Autos,Direta,37,HONDA/CITY HATCH,139
2022,2,Fevereiro,Autos,Direta,38,HYUNDAI/CRETA,109
2022,2,Fevereiro,Autos,Direta,39,AUDI/Q5,102
2022,2,Fevereiro,Autos,Direta,40,VOLVO/XC40,89
2022,2,Fevereiro,Autos,Direta,41,FIAT/500E,8
2022,2,Fevereiro,Autos,Direta,42,MITSUBISHI/PAJERO,87
2022,2,Fevereiro,Autos,Direta,43,VW/VOYAGE,84
2022,2,Fevereiro,Autos,Direta,44,FIAT/DOBLO,83
2022,2,Fevereiro,Autos,Direta,45,BMW/320I,79
2022,2,Fevereiro,Autos,Direta,46,GM/TRAILBLAZER,75
2022,2,Fevereiro,Autos,Direta,47,CAOA CHERY/ARRIZO 6,74
2022,2,Fevereiro,Autos,Direta,48,NISSAN/KICKS,6
2022,2,Fevereiro,Autos,Direta,49,CAOA CHERY/TIGGO 5X,6
2022,2,Fevereiro,Autos,Direta,50,CAOA CHERY/TIGGO 7,5
2022,2,Fevereiro,Autos,Varejo,1,GM/ONIX,5573
2022,2,Fevereiro,Com. Leves,Varejo,1,TOYOTA/HILUX,1957
2022,2,Fevereiro,Autos,Varejo,2,HYUNDAI/CRETA,4054
2022,2,Fevereiro,Com. Leves,Varejo,2,FIAT/STRADA,1888
2022,2,Fevereiro,Autos,Varejo,3,VW/T CROSS,3901
2022,2,Fevereiro,Com. Leves,Varejo,3,FIAT/TORO,1789
2022,2,Fevereiro,Autos,Varejo,4,RENAULT/KWID,3816
2022,2,Fevereiro,Com. Leves,Varejo,4,FIAT/FIORINO,571
2022,2,Fevereiro,Autos,Varejo,5,GM/ONIX PLUS,3489
2022,2,Fevereiro,Com. Leves,Varejo,5,FORD/RANGER,550
2022,2,Fevereiro,Autos,Varejo,6,TOYOTA/COROLLA CROSS,3042
2022,2,Fevereiro,Com. Leves,Varejo,6,MITSUBISHI/L200,529
2022,2,Fevereiro,Autos,Varejo,7,GM/TRACKER,2875
2022,2,Fevereiro,Com. Leves,Varejo,7,GM/S10,451
2022,2,Fevereiro,Autos,Varejo,8,HYUNDAI/HB20,2825
2022,2,Fevereiro,Com. Leves,Varejo,8,NISSAN/FRONTIER,383
2022,2,Fevereiro,Autos,Varejo,9,TOYOTA/COROLLA,2365
2022,2,Fevereiro,Com. Leves,Varejo,9,VW/AMAROK,309
2022,2,Fevereiro,Autos,Varejo,10,HONDA/CITY,2186
2022,2,Fevereiro,Com. Leves,Varejo,10,RENAULT/MASTER,196
2022,2,Fevereiro,Autos,Varejo,11,VW/NIVUS,2116
2022,2,Fevereiro,Com. Leves,Varejo,11,PEUGEOT/EXPERT,171
2022,2,Fevereiro,Autos,Varejo,12,FIAT/MOBI,2065
2022,2,Fevereiro,Com. Leves,Varejo,12,KIA/K2500,155
2022,2,Fevereiro,Autos,Varejo,13,FIAT/ARGO,2024
2022,2,Fevereiro,Com. Leves,Varejo,13,IVECO/DAILY 35-150,146
2022,2,Fevereiro,Autos,Varejo,14,TOYOTA/YARIS HB,1672
2022,2,Fevereiro,Com. Leves,Varejo,14,VW/MAN/EXPRESS,135
2022,2,Fevereiro,Autos,Varejo,15,FIAT/PULSE,1662
2022,2,Fevereiro,Com. Leves,Varejo,15,HYUNDAI/HR,126
2022,2,Fevereiro,Autos,Varejo,16,JEEP/RENEGADE,1284
2022,2,Fevereiro,Com. Leves,Varejo,16,FIAT/DUCATO,97
2022,2,Fevereiro,Autos,Varejo,17,VW/GOL,1282
2022,2,Fevereiro,Com. Leves,Varejo,17,CITROEN/JUMPY,91
2022,2,Fevereiro,Autos,Varejo,18,NISSAN/KICKS,1046
2022,2,Fevereiro,Com. Leves,Varejo,18,RENAULT/OROCH,53
2022,2,Fevereiro,Autos,Varejo,19,JEEP/COMPASS,1029
2022,2,Fevereiro,Com. Leves,Varejo,19,M.BENZ/SPRINTER 314,43
2022,2,Fevereiro,Autos,Varejo,20,HYUNDAI/HB20S,983
2022,2,Fevereiro,Com. Leves,Varejo,20,IVECO/DAILY 30-130,42
2022,2,Fevereiro,Autos,Varejo,21,TOYOTA/HILUX SW4,971
2022,2,Fevereiro,Com. Leves,Varejo,21,M.BENZ/SPRINTER 416,40
2022,2,Fevereiro,Autos,Varejo,22,TOYOTA/YARIS SEDAN,846
2022,2,Fevereiro,Com. Leves,Varejo,22,EFFA/V21,28
2022,2,Fevereiro,Autos,Varejo,23,HONDA/HR-V,818
2022,2,Fevereiro,Com. Leves,Varejo,23,VW/SAVEIRO,21
2022,2,Fevereiro,Autos,Varejo,24,RENAULT/DUSTER,697
2022,2,Fevereiro,Com. Leves,Varejo,24,PEUGEOT/PARTNER,12
2022,2,Fevereiro,Autos,Varejo,25,NISSAN/VERSA,692
2022,2,Fevereiro,Com. Leves,Varejo,25,EFFA/V22,12
2022,2,Fevereiro,Autos,Varejo,26,CAOA CHERY/TIGGO 7,675
2022,2,Fevereiro,Com. Leves,Varejo,26,M.BENZ/SPRINTER,9
2022,2,Fevereiro,Autos,Varejo,27,VW/TAOS,615
2022,2,Fevereiro,Com. Leves,Varejo,27,IVECO/DAILY,5
2022,2,Fevereiro,Autos,Varejo,28,FIAT/CRONOS,605
2022,2,Fevereiro,Com. Leves,Varejo,28,FOTON/AUMARK 3.5-14DT,5
2022,2,Fevereiro,Autos,Varejo,29,CAOA CHERY/TIGGO 5X,583
2022,2,Fevereiro,Com. Leves,Varejo,29,FORD/MAVERICK,4
2022,2,Fevereiro,Autos,Varejo,30,HONDA/CIVIC,470
2022,2,Fevereiro,Com. Leves,Varejo,30,PEUGEOT/BOXER,4
2022,2,Fevereiro,Autos,Varejo,31,CAOA CHERY/TIGGO 8,467
2022,2,Fevereiro,Com. Leves,Varejo,31,EFFA/V25,4
2022,2,Fevereiro,Autos,Varejo,32,CAOA CHERY/TIGGO 3X,414
2022,2,Fevereiro,Com. Leves,Varejo,32,JAC/V260,3
2022,2,Fevereiro,Autos,Varejo,33,PEUGEOT/208,395
2022,2,Fevereiro,Com. Leves,Varejo,33,CITROEN/JUMPER,2
2022,2,Fevereiro,Autos,Varejo,34,BMW/320I,368
2022,2,Fevereiro,Com. Leves,Varejo,34,VW/KOMBI,2
2022,2,Fevereiro,Autos,Varejo,35,GM/CRUZE SEDAN,329
2022,2,Fevereiro,Com. Leves,Varejo,35,WILLYS/OVERLAND,2
2022,2,Fevereiro,Autos,Varejo,36,FIAT/SIENA,299
2022,2,Fevereiro,Com. Leves,Varejo,36,EFFA/K01,2
2022,2,Fevereiro,Autos,Varejo,37,RENAULT/CAPTUR,293
2022,2,Fevereiro,Com. Leves,Varejo,37,FOTON/AUMARK 1039,2
2022,2,Fevereiro,Autos,Varejo,38,VW/POLO,268
2022,2,Fevereiro,Com. Leves,Varejo,38,FIAT/DOBLO,1
2022,2,Fevereiro,Autos,Varejo,39,JEEP/COMMANDER,229
2022,2,Fevereiro,Com. Leves,Varejo,39,FORD/PAMPA,1
2022,2,Fevereiro,Autos,Varejo,40,CITROEN/C4 CACTUS,208
2022,2,Fevereiro,Com. Leves,Varejo,40,FORD/TRANSIT,1
2022,2,Fevereiro,Autos,Varejo,41,MITSUBISHI/OUTLANDER,206
2022,2,Fevereiro,Com. Leves,Varejo,41,GM/C10,1
2022,2,Fevereiro,Autos,Varejo,42,MITSUBISHI/PAJERO,186
2022,2,Fevereiro,Com. Leves,Varejo,42,GM/D20,1
2022,2,Fevereiro,Autos,Varejo,43,M.BENZ/CLASSE C,164
2022,2,Fevereiro,Com. Leves,Varejo,43,TOYOTA/BANDEIRANTE,1
2022,2,Fevereiro,Autos,Varejo,44,HYUNDAI/TUCSON,139
2022,2,Fevereiro,Com. Leves,Varejo,44,HAFEI/ZHONGYI VAN,1
2022,2,Fevereiro,Autos,Varejo,45,MITSUBISHI/ECLIPSE CROSS,127
2022,2,Fevereiro,Com. Leves,Varejo,45,RAM/1500,1
2022,2,Fevereiro,Autos,Varejo,46,LAND ROVER/DISCOVERY,122
2022,2,Fevereiro,Com. Leves,Varejo,46,RAM/2500,1
2022,2,Fevereiro,Autos,Varejo,47,RENAULT/SANDERO,114
2022,2,Fevereiro,Autos,Varejo,48,BMW/X5,111
2022,2,Fevereiro,Autos,Varejo,49,HONDA/CITY HATCH,106
2022,2,Fevereiro,Autos,Varejo,50,BMW/X1,103
2022,3,Março,Autos,Total,1,HYUNDAI/HB20,6908
2022,3,Março,Com. Leves,Total,1,FIAT/STRADA,7567
2022,3,Março,Autos,Total,2,FIAT/MOBI,6581
2022,3,Março,Com. Leves,Total,2,FIAT/TORO,4442
2022,3,Março,Autos,Total,3,VW/T CROSS,6549
2022,3,Março,Com. Leves,Total,3,TOYOTA/HILUX,3971
2022,3,Março,Autos,Total,4,GM/ONIX,5421
2022,3,Março,Com. Leves,Total,4,GM/S10,2563
2022,3,Março,Autos,Total,5,GM/TRACKER,4748
2022,3,Março,Com. Leves,Total,5,FIAT/FIORINO,2017
2022,3,Março,Autos,Total,6,JEEP/COMPASS,4724
2022,3,Março,Com. Leves,Total,6,MITSUBISHI/L200,1095
2022,3,Março,Autos,Total,7,TOYOTA/COROLLA CROSS,4318
2022,3,Março,Com. Leves,Total,7,FORD/RANGER,1001
2022,3,Março,Autos,Total,8,HYUNDAI/CRETA,4238
2022,3,Março,Com. Leves,Total,8,RENAULT/MASTER,661
2022,3,Março,Autos,Total,9,TOYOTA/COROLLA,4196
2022,3,Março,Com. Leves,Total,9,NISSAN/FRONTIER,618
2022,3,Março,Autos,Total,10,GM/ONIX PLUS,4179
2022,3,Março,Com. Leves,Total,10,FIAT/DUCATO,348
2022,3,Março,Autos,Total,11,JEEP/RENEGADE,3789
2022,3,Março,Com. Leves,Total,11,PEUGEOT/EXPERT,309
2022,3,Março,Autos,Total,12,FIAT/PULSE,3650
2022,3,Março,Com. Leves,Total,12,CITROEN/JUMPY,284
2022,3,Março,Autos,Total,13,RENAULT/KWID,3585
2022,3,Março,Com. Leves,Total,13,VW/AMAROK,243
2022,3,Março,Autos,Total,14,VW/NIVUS,3154
2022,3,Março,Com. Leves,Total,14,RENAULT/OROCH,219
2022,3,Março,Autos,Total,15,FIAT/ARGO,3078
2022,3,Março,Com. Leves,Total,15,VW/MAN/EXPRESS,216
2022,3,Março,Autos,Total,16,NISSAN/KICKS,2569
2022,3,Março,Com. Leves,Total,16,IVECO/DAILY 35-150,205
2022,3,Março,Autos,Total,17,PEUGEOT/208,2307
2022,3,Março,Com. Leves,Total,17,KIA/K2500,181
2022,3,Março,Autos,Total,18,HYUNDAI/HB20S,2304
2022,3,Março,Com. Leves,Total,18,HYUNDAI/HR,146
2022,3,Março,Autos,Total,19,TOYOTA/YARIS HB,2085
2022,3,Março,Com. Leves,Total,19,VW/SAVEIRO,98
2022,3,Março,Autos,Total,20,HONDA/CITY,1992
2022,3,Março,Com. Leves,Total,20,IVECO/DAILY 30-130,59
2022,3,Março,Autos,Total,21,HONDA/CITY HATCH,1933
2022,3,Março,Com. Leves,Total,21,EFFA/V21,59
2022,3,Março,Autos,Total,22,RENAULT/DUSTER,1908
2022,3,Março,Com. Leves,Total,22,RAM/2500,59
2022,3,Março,Autos,Total,23,JEEP/COMMANDER,1835
2022,3,Março,Com. Leves,Total,23,M.BENZ/SPRINTER 314,50
2022,3,Março,Autos,Total,24,GM/SPIN,1224
2022,3,Março,Com. Leves,Total,24,M.BENZ/SPRINTER 416,47
2022,3,Março,Autos,Total,25,TOYOTA/YARIS SEDAN,1221
2022,3,Março,Com. Leves,Total,25,FORD/MAVERICK,3
2022,3,Março,Autos,Total,26,TOYOTA/HILUX SW4,1201
2022,3,Março,Com. Leves,Total,26,RAM/1500,28
2022,3,Março,Autos,Total,27,VW/GOL,1193
2022,3,Março,Com. Leves,Total,27,M.BENZ/SPRINTER,20
2022,3,Março,Autos,Total,28,CAOA CHERY/TIGGO 5X,1082
2022,3,Março,Com. Leves,Total,28,PEUGEOT/PARTNER,19
2022,3,Março,Autos,Total,29,CITROEN/C4 CACTUS,883
2022,3,Março,Com. Leves,Total,29,IVECO/DAILY,17
2022,3,Março,Autos,Total,30,NISSAN/VERSA,836
2022,3,Março,Com. Leves,Total,30,EFFA/V22,17
2022,3,Março,Autos,Total,31,RENAULT/LOGAN,798
2022,3,Março,Com. Leves,Total,31,PEUGEOT/BOXER,12
2022,3,Março,Autos,Total,32,FIAT/CRONOS,785
2022,3,Março,Com. Leves,Total,32,CITROEN/JUMPER,10
2022,3,Março,Autos,Total,33,GM/CRUZE SEDAN,746
2022,3,Março,Com. Leves,Total,33,FORD/TRANSIT,8
2022,3,Março,Autos,Total,34,CAOA CHERY/TIGGO 3X,708
2022,3,Março,Com. Leves,Total,34,GM/SILVERADO,6
2022,3,Março,Autos,Total,35,CAOA CHERY/TIGGO 7,646
2022,3,Março,Com. Leves,Total,35,JAC/V260,6
2022,3,Março,Autos,Total,36,RENAULT/SANDERO,607
2022,3,Março,Com. Leves,Total,36,FOTON/AUMARK 1039,5
2022,3,Março,Autos,Total,37,RENAULT/CAPTUR,595
2022,3,Março,Com. Leves,Total,37,EFFA/V25,3
2022,3,Março,Autos,Total,38,HYUNDAI/TUCSON,592
2022,3,Março,Com. Leves,Total,38,BYD/T3,3
2022,3,Março,Autos,Total,39,BMW/320I,545
2022,3,Março,Com. Leves,Total,39,GM/MONTANA,2
2022,3,Março,Autos,Total,40,CAOA CHERY/TIGGO 8,543
2022,3,Março,Com. Leves,Total,40,FIAT/CITY,1
2022,3,Março,Autos,Total,41,VW/POLO,491
2022,3,Março,Com. Leves,Total,41,FIAT/DOBLO,1
2022,3,Março,Autos,Total,42,HONDA/HR-V,466
2022,3,Março,Com. Leves,Total,42,FORD/F100,1
2022,3,Março,Autos,Total,43,VW/TAOS,445
2022,3,Março,Com. Leves,Total,43,FORD/F1000,1
2022,3,Março,Autos,Total,44,VW/VIRTUS,429
2022,3,Março,Com. Leves,Total,44,FORD/F150,1
2022,3,Março,Autos,Total,45,BMW/X1,395
2022,3,Março,Com. Leves,Total,45,FORD/F250,1
2022,3,Março,Autos,Total,46,PEUGEOT/2008,393
2022,3,Março,Com. Leves,Total,46,FORD/F75,1
2022,3,Março,Autos,Total,47,FIAT/SIENA,296
2022,3,Março,Com. Leves,Total,47,KIA/UK2500,1
2022,3,Março,Autos,Total,48,MITSUBISHI/PAJERO,290
2022,3,Março,Com. Leves,Total,48,M.BENZ/SPRINTER 313,1
2022,3,Março,Autos,Total,49,M.BENZ/CLASSE GLB,264
2022,3,Março,Com. Leves,Total,49,TOYOTA/BANDEIRANTE,1
2022,3,Março,Autos,Total,50,HONDA/CIVIC,250
2022,3,Março,Com. Leves,Total,50,WILLYS/OVERLAND,1
2022,3,Março,Autos,Direta,1,FIAT/MOBI,4016
2022,3,Março,Com. Leves,Direta,1,FIAT/STRADA,5556
2022,3,Março,Autos,Direta,2,HYUNDAI/HB20,3799
2022,3,Março,Com. Leves,Direta,2,FIAT/TORO,2252
2022,3,Março,Autos,Direta,3,JEEP/COMPASS,3630
2022,3,Março,Com. Leves,Direta,3,GM/S10,2024
2022,3,Março,Autos,Direta,4,JEEP/RENEGADE,1814
2022,3,Março,Com. Leves,Direta,4,FIAT/FIORINO,1281
2022,3,Março,Autos,Direta,5,PEUGEOT/208,1808
2022,3,Março,Com. Leves,Direta,5,TOYOTA/HILUX,900
2022,3,Março,Autos,Direta,6,JEEP/COMMANDER,1512
2022,3,Março,Com. Leves,Direta,6,MITSUBISHI/L200,671
2022,3,Março,Autos,Direta,7,TOYOTA/COROLLA,1437
2022,3,Março,Com. Leves,Direta,7,FORD/RANGER,403
2022,3,Março,Autos,Direta,8,HYUNDAI/HB20S,1201
2022,3,Março,Com. Leves,Direta,8,RENAULT/MASTER,373
2022,3,Março,Autos,Direta,9,VW/T CROSS,1176
2022,3,Março,Com. Leves,Direta,9,FIAT/DUCATO,256
2022,3,Março,Autos,Direta,10,NISSAN/KICKS,1075
2022,3,Março,Com. Leves,Direta,10,RENAULT/OROCH,196
2022,3,Março,Autos,Direta,11,GM/SPIN,1064
2022,3,Março,Com. Leves,Direta,11,CITROEN/JUMPY,102
2022,3,Março,Autos,Direta,12,RENAULT/DUSTER,988
2022,3,Março,Com. Leves,Direta,12,VW/SAVEIRO,84
2022,3,Março,Autos,Direta,13,TOYOTA/COROLLA CROSS,824
2022,3,Março,Com. Leves,Direta,13,PEUGEOT/EXPERT,80
2022,3,Março,Autos,Direta,14,RENAULT/LOGAN,762
2022,3,Março,Com. Leves,Direta,14,NISSAN/FRONTIER,75
2022,3,Março,Autos,Direta,15,FIAT/ARGO,747
2022,3,Março,Com. Leves,Direta,15,RAM/2500,57
2022,3,Março,Autos,Direta,16,GM/ONIX,724
2022,3,Março,Com. Leves,Direta,16,VW/AMAROK,41
2022,3,Março,Autos,Direta,17,GM/ONIX PLUS,699
2022,3,Março,Com. Leves,Direta,17,VW/MAN/EXPRESS,36
2022,3,Março,Autos,Direta,18,CITROEN/C4 CACTUS,646
2022,3,Março,Com. Leves,Direta,18,FORD/MAVERICK,32
2022,3,Março,Autos,Direta,19,GM/TRACKER,606
2022,3,Março,Com. Leves,Direta,19,RAM/1500,28
2022,3,Março,Autos,Direta,20,TOYOTA/YARIS HB,456
2022,3,Março,Com. Leves,Direta,20,HYUNDAI/HR,20
2022,3,Março,Autos,Direta,21,VW/NIVUS,450
2022,3,Março,Com. Leves,Direta,21,PEUGEOT/PARTNER,1
2022,3,Março,Autos,Direta,22,RENAULT/SANDERO,382
2022,3,Março,Com. Leves,Direta,22,FORD/TRANSIT,6
2022,3,Março,Autos,Direta,23,GM/CRUZE SEDAN,363
2022,3,Março,Com. Leves,Direta,23,IVECO/DAILY,4
2022,3,Março,Autos,Direta,24,FIAT/PULSE,354
2022,3,Março,Com. Leves,Direta,24,GM/MONTANA,2
2022,3,Março,Autos,Direta,25,TOYOTA/YARIS SEDAN,347
2022,3,Março,Com. Leves,Direta,25,IVECO/DAILY 30-130,2
2022,3,Março,Autos,Direta,26,CAOA CHERY/TIGGO 3X,336
2022,3,Março,Com. Leves,Direta,26,IVECO/DAILY 35-150,2
2022,3,Março,Autos,Direta,27,HYUNDAI/TUCSON,304
2022,3,Março,Com. Leves,Direta,27,FIAT/DOBLO,1
2022,3,Março,Autos,Direta,28,RENAULT/CAPTUR,287
2022,3,Março,Autos,Direta,29,PEUGEOT/2008,280
2022,3,Março,Autos,Direta,30,FIAT/CRONOS,274
2022,3,Março,Autos,Direta,31,RENAULT/KWID,247
2022,3,Março,Autos,Direta,32,HONDA/CITY HATCH,199
2022,3,Março,Autos,Direta,33,VW/VIRTUS,192
2022,3,Março,Autos,Direta,34,HYUNDAI/CRETA,191
2022,3,Março,Autos,Direta,35,HONDA/CITY,183
2022,3,Março,Autos,Direta,36,FIAT/DOBLO,169
2022,3,Março,Autos,Direta,37,VW/GOL,134
2022,3,Março,Autos,Direta,38,VOLVO/XC40,127
2022,3,Março,Autos,Direta,39,VOLVO/XC60,103
2022,3,Março,Autos,Direta,40,BMW/320I,71
2022,3,Março,Autos,Direta,41,CAOA CHERY/TIGGO 8,70
2022,3,Março,Autos,Direta,42,MITSUBISHI/PAJERO,68
2022,3,Março,Autos,Direta,43,VW/POLO,64
2022,3,Março,Autos,Direta,44,CAOA CHERY/ARRIZO 6,64
2022,3,Março,Autos,Direta,45,BMW/X1,62
2022,3,Março,Autos,Direta,46,CAOA CHERY/TIGGO 7,62
2022,3,Março,Autos,Direta,47,CAOA CHERY/TIGGO 5X,61
2022,3,Março,Autos,Direta,48,TOYOTA/HILUX SW4,56
2022,3,Março,Autos,Direta,49,VOLVO/C40,53
2022,3,Março,Autos,Direta,50,AUDI/Q5,52
2022,3,Março,Autos,Varejo,1,VW/T CROSS,5373
2022,3,Março,Com. Leves,Varejo,1,TOYOTA/HILUX,3071
2022,3,Março,Autos,Varejo,2,GM/ONIX,4697
2022,3,Março,Com. Leves,Varejo,2,FIAT/TORO,2190
2022,3,Março,Autos,Varejo,3,GM/TRACKER,4142
2022,3,Março,Com. Leves,Varejo,3,FIAT/STRADA,2011
2022,3,Março,Autos,Varejo,4,HYUNDAI/CRETA,4047
2022,3,Março,Com. Leves,Varejo,4,FIAT/FIORINO,736
2022,3,Março,Autos,Varejo,5,TOYOTA/COROLLA CROSS,3494
2022,3,Março,Com. Leves,Varejo,5,FORD/RANGER,598
2022,3,Março,Autos,Varejo,6,GM/ONIX PLUS,3480
2022,3,Março,Com. Leves,Varejo,6,NISSAN/FRONTIER,543
2022,3,Março,Autos,Varejo,7,RENAULT/KWID,3338
2022,3,Março,Com. Leves,Varejo,7,GM/S10,539
2022,3,Março,Autos,Varejo,8,FIAT/PULSE,3296
2022,3,Março,Com. Leves,Varejo,8,MITSUBISHI/L200,424
2022,3,Março,Autos,Varejo,9,HYUNDAI/HB20,3109
2022,3,Março,Com. Leves,Varejo,9,RENAULT/MASTER,288
2022,3,Março,Autos,Varejo,10,TOYOTA/COROLLA,2759
2022,3,Março,Com. Leves,Varejo,10,PEUGEOT/EXPERT,229
2022,3,Março,Autos,Varejo,11,VW/NIVUS,2704
2022,3,Março,Com. Leves,Varejo,11,IVECO/DAILY 35-150,203
2022,3,Março,Autos,Varejo,12,FIAT/MOBI,2565
2022,3,Março,Com. Leves,Varejo,12,VW/AMAROK,202
2022,3,Março,Autos,Varejo,13,FIAT/ARGO,2331
2022,3,Março,Com. Leves,Varejo,13,CITROEN/JUMPY,182
2022,3,Março,Autos,Varejo,14,JEEP/RENEGADE,1975
2022,3,Março,Com. Leves,Varejo,14,KIA/K2500,181
2022,3,Março,Autos,Varejo,15,HONDA/CITY,1809
2022,3,Março,Com. Leves,Varejo,15,VW/MAN/EXPRESS,180
2022,3,Março,Autos,Varejo,16,HONDA/CITY HATCH,1734
2022,3,Março,Com. Leves,Varejo,16,HYUNDAI/HR,126
2022,3,Março,Autos,Varejo,17,TOYOTA/YARIS HB,1629
2022,3,Março,Com. Leves,Varejo,17,FIAT/DUCATO,92
2022,3,Março,Autos,Varejo,18,NISSAN/KICKS,1494
2022,3,Março,Com. Leves,Varejo,18,EFFA/V21,59
2022,3,Março,Autos,Varejo,19,TOYOTA/HILUX SW4,1145
2022,3,Março,Com. Leves,Varejo,19,IVECO/DAILY 30-130,57
2022,3,Março,Autos,Varejo,20,HYUNDAI/HB20S,1103
2022,3,Março,Com. Leves,Varejo,20,M.BENZ/SPRINTER 314,50
2022,3,Março,Autos,Varejo,21,JEEP/COMPASS,1094
2022,3,Março,Com. Leves,Varejo,21,M.BENZ/SPRINTER 416,47
2022,3,Março,Autos,Varejo,22,VW/GOL,1059
2022,3,Março,Com. Leves,Varejo,22,RENAULT/OROCH,23
2022,3,Março,Autos,Varejo,23,CAOA CHERY/TIGGO 5X,1021
2022,3,Março,Com. Leves,Varejo,23,M.BENZ/SPRINTER,20
2022,3,Março,Autos,Varejo,24,RENAULT/DUSTER,920
2022,3,Março,Com. Leves,Varejo,24,EFFA/V22,17
2022,3,Março,Autos,Varejo,25,TOYOTA/YARIS SEDAN,874
2022,3,Março,Com. Leves,Varejo,25,VW/SAVEIRO,14
2022,3,Março,Autos,Varejo,26,NISSAN/VERSA,805
2022,3,Março,Com. Leves,Varejo,26,IVECO/DAILY,13
2022,3,Março,Autos,Varejo,27,CAOA CHERY/TIGGO 7,584
2022,3,Março,Com. Leves,Varejo,27,PEUGEOT/BOXER,12
2022,3,Março,Autos,Varejo,28,FIAT/CRONOS,511
2022,3,Março,Com. Leves,Varejo,28,CITROEN/JUMPER,10
2022,3,Março,Autos,Varejo,29,PEUGEOT/208,499
2022,3,Março,Com. Leves,Varejo,29,PEUGEOT/PARTNER,8
2022,3,Março,Autos,Varejo,30,BMW/320I,474
2022,3,Março,Com. Leves,Varejo,30,GM/SILVERADO,6
2022,3,Março,Autos,Varejo,31,CAOA CHERY/TIGGO 8,473
2022,3,Março,Com. Leves,Varejo,31,JAC/V260,6
2022,3,Março,Autos,Varejo,32,HONDA/HR-V,465
2022,3,Março,Com. Leves,Varejo,32,FOTON/AUMARK 1039,5
2022,3,Março,Autos,Varejo,33,VW/TAOS,431
2022,3,Março,Com. Leves,Varejo,33,EFFA/V25,3
2022,3,Março,Autos,Varejo,34,VW/POLO,427
2022,3,Março,Com. Leves,Varejo,34,BYD/T3,3
2022,3,Março,Autos,Varejo,35,GM/CRUZE SEDAN,383
2022,3,Março,Com. Leves,Varejo,35,FORD/TRANSIT,2
2022,3,Março,Autos,Varejo,36,CAOA CHERY/TIGGO 3X,372
2022,3,Março,Com. Leves,Varejo,36,RAM/2500,2
2022,3,Março,Autos,Varejo,37,BMW/X1,333
2022,3,Março,Com. Leves,Varejo,37,FIAT/CITY,1
2022,3,Março,Autos,Varejo,38,JEEP/COMMANDER,323
2022,3,Março,Com. Leves,Varejo,38,FORD/F100,1
2022,3,Março,Autos,Varejo,39,RENAULT/CAPTUR,308
2022,3,Março,Com. Leves,Varejo,39,FORD/F1000,1
2022,3,Março,Autos,Varejo,40,HYUNDAI/TUCSON,288
2022,3,Março,Com. Leves,Varejo,40,FORD/F150,1
2022,3,Março,Autos,Varejo,41,FIAT/SIENA,270
2022,3,Março,Com. Leves,Varejo,41,FORD/F250,1
2022,3,Março,Autos,Varejo,42,M.BENZ/CLASSE GLB,264
2022,3,Março,Com. Leves,Varejo,42,FORD/F75,1
2022,3,Março,Autos,Varejo,43,HONDA/CIVIC,250
2022,3,Março,Com. Leves,Varejo,43,FORD/MAVERICK,1
2022,3,Março,Autos,Varejo,44,CITROEN/C4 CACTUS,237
2022,3,Março,Com. Leves,Varejo,44,KIA/UK2500,1
2022,3,Março,Autos,Varejo,45,VW/VIRTUS,237
2022,3,Março,Com. Leves,Varejo,45,TOYOTA/BANDEIRANTE,1
2022,3,Março,Autos,Varejo,46,RENAULT/SANDERO,225
2022,3,Março,Com. Leves,Varejo,46,WILLYS/OVERLAND,1
2022,3,Março,Autos,Varejo,47,MITSUBISHI/PAJERO,222
2022,3,Março,Com. Leves,Varejo,47,EFFA/K01,1
2022,3,Março,Autos,Varejo,48,MITSUBISHI/OUTLANDER,191
2022,3,Março,Autos,Varejo,49,GM/CRUZE HB,186
2022,3,Março,Autos,Varejo,50,PORSCHE/MACAN,176
2022,4,Abril,Autos,Total,1,HYUNDAI/HB20,6502
2022,4,Abril,Autos,Total,1,FIAT/STRADA,7983
2022,4,Abril,Autos,Total,2,FIAT/MOBI,5911
2022,4,Abril,Autos,Total,2,FIAT/TORO,5107
2022,4,Abril,Autos,Total,3,GM/ONIX,5574
2022,4,Abril,Autos,Total,3,TOYOTA/HILUX,4069
2022,4,Abril,Autos,Total,4,FIAT/PULSE,5520
2022,4,Abril,Autos,Total,4,GM/S10,2736
2022,4,Abril,Autos,Total,5,FIAT/ARGO,5488
2022,4,Abril,Autos,Total,5,FORD/RANGER,1111
2022,4,Abril,Autos,Total,6,GM/ONIX PLUS,5240
2022,4,Abril,Autos,Total,6,MITSUBISHI/L200,1055
2022,4,Abril,Autos,Total,7,JEEP/COMPASS,4766
2022,4,Abril,Autos,Total,7,FIAT/FIORINO,888
2022,4,Abril,Autos,Total,8,VW/T CROSS,4570
2022,4,Abril,Autos,Total,8,RENAULT/MASTER,829
2022,4,Abril,Autos,Total,9,GM/TRACKER,4410
2022,4,Abril,Autos,Total,9,NISSAN/FRONTIER,338
2022,4,Abril,Autos,Total,10,HYUNDAI/CRETA,4255
2022,4,Abril,Autos,Total,10,RENAULT/OROCH,297
2022,4,Abril,Autos,Total,11,JEEP/RENEGADE,4165
2022,4,Abril,Autos,Total,11,IVECO/DAILY 35-150,292
2022,4,Abril,Autos,Total,12,TOYOTA/COROLLA CROSS,3861
2022,4,Abril,Autos,Total,12,FORD/MAVERICK,265
2022,4,Abril,Autos,Total,13,RENAULT/KWID,3849
2022,4,Abril,Autos,Total,13,PEUGEOT/EXPERT,247
2022,4,Abril,Autos,Total,14,TOYOTA/COROLLA,3729
2022,4,Abril,Autos,Total,14,CITROEN/JUMPY,242
2022,4,Abril,Autos,Total,15,HYUNDAI/HB20S,3192
2022,4,Abril,Autos,Total,15,KIA/K2500,203
2022,4,Abril,Autos,Total,16,FIAT/CRONOS,3043
2022,4,Abril,Autos,Total,16,FIAT/DUCATO,188
2022,4,Abril,Autos,Total,17,VW/NIVUS,2644
2022,4,Abril,Autos,Total,17,VW/MAN/EXPRESS,176
2022,4,Abril,Autos,Total,18,NISSAN/KICKS,2473
2022,4,Abril,Autos,Total,18,VW/AMAROK,101
2022,4,Abril,Autos,Total,19,TOYOTA/YARIS HB,2324
2022,4,Abril,Autos,Total,19,RAM/2500,84
2022,4,Abril,Autos,Total,20,HONDA/CITY,2182
2022,4,Abril,Autos,Total,20,HYUNDAI/HR,81
2022,4,Abril,Autos,Total,21,JEEP/COMMANDER,1894
2022,4,Abril,Autos,Total,21,M.BENZ/SPRINTER 314,58
2022,4,Abril,Autos,Total,22,HONDA/CITY HATCH,1782
2022,4,Abril,Autos,Total,22,IVECO/DAILY 30-130,43
2022,4,Abril,Autos,Total,23,PEUGEOT/208,1736
2022,4,Abril,Autos,Total,23,M.BENZ/SPRINTER 416,42
2022,4,Abril,Autos,Total,24,GM/SPIN,1611
2022,4,Abril,Autos,Total,24,VW/SAVEIRO,42
2022,4,Abril,Autos,Total,25,RENAULT/DUSTER,1405
2022,4,Abril,Autos,Total,25,EFFA/V21,35
2022,4,Abril,Autos,Total,26,TOYOTA/YARIS SEDAN,1160
2022,4,Abril,Autos,Total,26,IVECO/DAILY,2
2022,4,Abril,Autos,Total,27,TOYOTA/HILUX SW4,1149
2022,4,Abril,Autos,Total,27,EFFA/V22,21
2022,4,Abril,Autos,Total,28,GM/CRUZE SEDAN,1115
2022,4,Abril,Autos,Total,28,PEUGEOT/PARTNER,13
2022,4,Abril,Autos,Total,29,CAOA CHERY/TIGGO 8,883
2022,4,Abril,Autos,Total,29,M.BENZ/SPRINTER,12
2022,4,Abril,Autos,Total,30,CAOA CHERY/TIGGO 5X,859
2022,4,Abril,Autos,Total,30,BYD/T3,12
2022,4,Abril,Autos,Total,31,VW/GOL,837
2022,4,Abril,Autos,Total,31,PEUGEOT/BOXER,1
2022,4,Abril,Autos,Total,32,RENAULT/SANDERO,824
2022,4,Abril,Autos,Total,32,FOTON/AUMARK 1039,8
2022,4,Abril,Autos,Total,33,CAOA CHERY/TIGGO 7,717
2022,4,Abril,Autos,Total,33,JAC/V260,6
2022,4,Abril,Autos,Total,34,RENAULT/LOGAN,649
2022,4,Abril,Autos,Total,34,FOTON/AUMARK 3.5-14DT,5
2022,4,Abril,Autos,Total,35,CITROEN/C4 CACTUS,570
2022,4,Abril,Autos,Total,35,FORD/TRANSIT,4
2022,4,Abril,Autos,Total,36,NISSAN/VERSA,560
2022,4,Abril,Autos,Total,36,EFFA/V25,4
2022,4,Abril,Autos,Total,37,CAOA CHERY/TIGGO 3X,544
2022,4,Abril,Autos,Total,37,RAM/1500,4
2022,4,Abril,Autos,Total,38,VW/VIRTUS,433
2022,4,Abril,Autos,Total,38,KIA/UK2500,3
2022,4,Abril,Autos,Total,39,BMW/X1,361
2022,4,Abril,Autos,Total,39,CITROEN/JUMPER,2
2022,4,Abril,Autos,Total,40,VW/POLO,329
2022,4,Abril,Autos,Total,40,FORD/F150,2
2022,4,Abril,Autos,Total,41,RENAULT/CAPTUR,315
2022,4,Abril,Autos,Total,41,GM/MONTANA,2
2022,4,Abril,Autos,Total,42,BMW/320I,313
2022,4,Abril,Autos,Total,42,WILLYS/OVERLAND,2
2022,4,Abril,Autos,Total,43,GM/TRAILBLAZER,305
2022,4,Abril,Autos,Total,43,JAC/IEV 330P,2
2022,4,Abril,Autos,Total,44,VW/VOYAGE,302
2022,4,Abril,Autos,Total,44,RAM/3500,2
2022,4,Abril,Autos,Total,45,PEUGEOT/2008,289
2022,4,Abril,Autos,Total,45,GM/C10,1
2022,4,Abril,Autos,Total,46,CAOA CHERY/ARRIZO 6,243
2022,4,Abril,Autos,Total,46,M.BENZ/SPRINTER 311,1
2022,4,Abril,Autos,Total,47,VW/TAOS,225
2022,4,Abril,Autos,Total,47,TOYOTA/BANDEIRANTE,1
2022,4,Abril,Autos,Total,48,MITSUBISHI/PAJERO,223
2022,4,Abril,Autos,Total,48,TOYOTA/TACOMA,1
2022,4,Abril,Autos,Total,49,MITSUBISHI/ECLIPSE CROSS,217
2022,4,Abril,Autos,Total,49,VW/KOMBI,1
2022,4,Abril,Autos,Total,50,FIAT/SIENA,205
2022,4,Abril,Autos,Direta,1,JEEP/COMPASS,3776
2022,4,Abril,Com. Leves,Direta,1,FIAT/STRADA,5656
2022,4,Abril,Autos,Direta,2,FIAT/ARGO,3396
2022,4,Abril,Com. Leves,Direta,2,FIAT/TORO,2970
2022,4,Abril,Autos,Direta,3,HYUNDAI/HB20,3343
2022,4,Abril,Com. Leves,Direta,3,GM/S10,2124
2022,4,Abril,Autos,Direta,4,FIAT/MOBI,3243
2022,4,Abril,Com. Leves,Direta,4,TOYOTA/HILUX,1156
2022,4,Abril,Autos,Direta,5,JEEP/RENEGADE,2550
2022,4,Abril,Com. Leves,Direta,5,MITSUBISHI/L200,595
2022,4,Abril,Autos,Direta,6,FIAT/CRONOS,2429
2022,4,Abril,Com. Leves,Direta,6,FORD/RANGER,547
2022,4,Abril,Autos,Direta,7,HYUNDAI/HB20S,2158
2022,4,Abril,Com. Leves,Direta,7,RENAULT/MASTER,382
2022,4,Abril,Autos,Direta,8,GM/ONIX PLUS,1725
2022,4,Abril,Com. Leves,Direta,8,FIAT/FIORINO,303
2022,4,Abril,Autos,Direta,9,JEEP/COMMANDER,1659
2022,4,Abril,Com. Leves,Direta,9,FORD/MAVERICK,225
2022,4,Abril,Autos,Direta,10,FIAT/PULSE,1610
2022,4,Abril,Com. Leves,Direta,10,FIAT/DUCATO,129
2022,4,Abril,Autos,Direta,11,PEUGEOT/208,1492
2022,4,Abril,Com. Leves,Direta,11,CITROEN/JUMPY,105
2022,4,Abril,Autos,Direta,12,GM/SPIN,1378
2022,4,Abril,Com. Leves,Direta,12,RAM/2500,83
2022,4,Abril,Autos,Direta,13,TOYOTA/COROLLA,1250
2022,4,Abril,Com. Leves,Direta,13,IVECO/DAILY 35-150,65
2022,4,Abril,Autos,Direta,14,GM/TRACKER,1181
2022,4,Abril,Com. Leves,Direta,14,PEUGEOT/EXPERT,53
2022,4,Abril,Autos,Direta,15,NISSAN/KICKS,995
2022,4,Abril,Com. Leves,Direta,15,VW/MAN/EXPRESS,49
2022,4,Abril,Autos,Direta,16,GM/ONIX,962
2022,4,Abril,Com. Leves,Direta,16,RENAULT/OROCH,4
2022,4,Abril,Autos,Direta,17,TOYOTA/COROLLA CROSS,760
2022,4,Abril,Com. Leves,Direta,17,VW/SAVEIRO,37
2022,4,Abril,Autos,Direta,18,RENAULT/LOGAN,614
2022,4,Abril,Com. Leves,Direta,18,NISSAN/FRONTIER,32
2022,4,Abril,Autos,Direta,19,GM/CRUZE SEDAN,592
2022,4,Abril,Com. Leves,Direta,19,HYUNDAI/HR,10
2022,4,Abril,Autos,Direta,20,RENAULT/DUSTER,513
2022,4,Abril,Com. Leves,Direta,20,PEUGEOT/PARTNER,8
2022,4,Abril,Autos,Direta,21,RENAULT/SANDERO,506
2022,4,Abril,Com. Leves,Direta,21,VW/AMAROK,7
2022,4,Abril,Autos,Direta,22,RENAULT/KWID,493
2022,4,Abril,Com. Leves,Direta,22,RAM/1500,4
2022,4,Abril,Autos,Direta,23,TOYOTA/YARIS HB,461
2022,4,Abril,Com. Leves,Direta,23,PEUGEOT/BOXER,3
2022,4,Abril,Autos,Direta,24,CITROEN/C4 CACTUS,437
2022,4,Abril,Com. Leves,Direta,24,CITROEN/JUMPER,1
2022,4,Abril,Autos,Direta,25,VW/T CROSS,403
2022,4,Abril,Com. Leves,Direta,25,GM/MONTANA,1
2022,4,Abril,Autos,Direta,26,CAOA CHERY/TIGGO 8,388
2022,4,Abril,Autos,Direta,27,VW/NIVUS,345
2022,4,Abril,Autos,Direta,28,TOYOTA/YARIS SEDAN,277
2022,4,Abril,Autos,Direta,29,GM/TRAILBLAZER,239
2022,4,Abril,Autos,Direta,30,CAOA CHERY/TIGGO 3X,234
2022,4,Abril,Autos,Direta,31,PEUGEOT/2008,233
2022,4,Abril,Autos,Direta,32,VW/VOYAGE,232
2022,4,Abril,Autos,Direta,33,HONDA/CITY,223
2022,4,Abril,Autos,Direta,34,VW/VIRTUS,197
2022,4,Abril,Autos,Direta,35,CAOA CHERY/TIGGO 7,194
2022,4,Abril,Autos,Direta,36,VOLVO/XC90,169
2022,4,Abril,Autos,Direta,37,TOYOTA/HILUX SW4,157
2022,4,Abril,Autos,Direta,38,VOLVO/XC60,136
2022,4,Abril,Autos,Direta,39,RENAULT/CAPTUR,127
2022,4,Abril,Autos,Direta,40,HONDA/CITY HATCH,125
2022,4,Abril,Autos,Direta,41,VOLVO/C40,125
2022,4,Abril,Autos,Direta,42,CAOA CHERY/ARRIZO 6,125
2022,4,Abril,Autos,Direta,43,VW/GOL,108
2022,4,Abril,Autos,Direta,44,VOLVO/XC40,98
2022,4,Abril,Autos,Direta,45,MITSUBISHI/ECLIPSE CROSS,94
2022,4,Abril,Autos,Direta,46,HYUNDAI/CRETA,8
2022,4,Abril,Autos,Direta,47,PEUGEOT/3008,60
2022,4,Abril,Autos,Direta,48,AUDI/Q5,43
2022,4,Abril,Autos,Direta,49,CAOA CHERY/TIGGO 5X,42
2022,4,Abril,Autos,Direta,50,FIAT/SIENA,40
2022,4,Abril,Autos,Varejo,1,GM/ONIX,4612
2022,4,Abril,Com. Leves,Varejo,1,TOYOTA/HILUX,2913
2022,4,Abril,Autos,Varejo,2,HYUNDAI/CRETA,4167
2022,4,Abril,Com. Leves,Varejo,2,FIAT/STRADA,2327
2022,4,Abril,Autos,Varejo,3,VW/T CROSS,4167
2022,4,Abril,Com. Leves,Varejo,3,FIAT/TORO,2137
2022,4,Abril,Autos,Varejo,4,FIAT/PULSE,3910
2022,4,Abril,Com. Leves,Varejo,4,GM/S10,612
2022,4,Abril,Autos,Varejo,5,GM/ONIX PLUS,3515
2022,4,Abril,Com. Leves,Varejo,5,FIAT/FIORINO,585
2022,4,Abril,Autos,Varejo,6,RENAULT/KWID,3356
2022,4,Abril,Com. Leves,Varejo,6,FORD/RANGER,564
2022,4,Abril,Autos,Varejo,7,GM/TRACKER,3229
2022,4,Abril,Com. Leves,Varejo,7,MITSUBISHI/L200,460
2022,4,Abril,Autos,Varejo,8,HYUNDAI/HB20,3159
2022,4,Abril,Com. Leves,Varejo,8,RENAULT/MASTER,447
2022,4,Abril,Autos,Varejo,9,TOYOTA/COROLLA CROSS,3101
2022,4,Abril,Com. Leves,Varejo,9,NISSAN/FRONTIER,306
2022,4,Abril,Autos,Varejo,10,FIAT/MOBI,2668
2022,4,Abril,Com. Leves,Varejo,10,RENAULT/OROCH,253
2022,4,Abril,Autos,Varejo,11,TOYOTA/COROLLA,2479
2022,4,Abril,Com. Leves,Varejo,11,IVECO/DAILY 35-150,227
2022,4,Abril,Autos,Varejo,12,VW/NIVUS,2299
2022,4,Abril,Com. Leves,Varejo,12,KIA/K2500,202
2022,4,Abril,Autos,Varejo,13,FIAT/ARGO,2092
2022,4,Abril,Com. Leves,Varejo,13,PEUGEOT/EXPERT,194
2022,4,Abril,Autos,Varejo,14,HONDA/CITY,1959
2022,4,Abril,Com. Leves,Varejo,14,CITROEN/JUMPY,137
2022,4,Abril,Autos,Varejo,15,TOYOTA/YARIS HB,1863
2022,4,Abril,Com. Leves,Varejo,15,VW/MAN/EXPRESS,127
2022,4,Abril,Autos,Varejo,16,HONDA/CITY HATCH,1657
2022,4,Abril,Com. Leves,Varejo,16,VW/AMAROK,94
2022,4,Abril,Autos,Varejo,17,JEEP/RENEGADE,1615
2022,4,Abril,Com. Leves,Varejo,17,HYUNDAI/HR,71
2022,4,Abril,Autos,Varejo,18,NISSAN/KICKS,1478
2022,4,Abril,Com. Leves,Varejo,18,FIAT/DUCATO,59
2022,4,Abril,Autos,Varejo,19,HYUNDAI/HB20S,1034
2022,4,Abril,Com. Leves,Varejo,19,M.BENZ/SPRINTER 314,58
2022,4,Abril,Autos,Varejo,20,TOYOTA/HILUX SW4,992
2022,4,Abril,Com. Leves,Varejo,20,IVECO/DAILY 30-130,43
2022,4,Abril,Autos,Varejo,21,JEEP/COMPASS,990
2022,4,Abril,Com. Leves,Varejo,21,M.BENZ/SPRINTER 416,42
2022,4,Abril,Autos,Varejo,22,RENAULT/DUSTER,892
2022,4,Abril,Com. Leves,Varejo,22,FORD/MAVERICK,40
2022,4,Abril,Autos,Varejo,23,TOYOTA/YARIS SEDAN,883
2022,4,Abril,Com. Leves,Varejo,23,EFFA/V21,35
2022,4,Abril,Autos,Varejo,24,CAOA CHERY/TIGGO 5X,817
2022,4,Abril,Com. Leves,Varejo,24,IVECO/DAILY,2
2022,4,Abril,Autos,Varejo,25,VW/GOL,729
2022,4,Abril,Com. Leves,Varejo,25,EFFA/V22,21
2022,4,Abril,Autos,Varejo,26,FIAT/CRONOS,614
2022,4,Abril,Com. Leves,Varejo,26,M.BENZ/SPRINTER,12
2022,4,Abril,Autos,Varejo,27,NISSAN/VERSA,558
2022,4,Abril,Com. Leves,Varejo,27,BYD/T3,12
2022,4,Abril,Autos,Varejo,28,GM/CRUZE SEDAN,523
2022,4,Abril,Com. Leves,Varejo,28,PEUGEOT/BOXER,8
2022,4,Abril,Autos,Varejo,29,CAOA CHERY/TIGGO 7,523
2022,4,Abril,Com. Leves,Varejo,29,FOTON/AUMARK 1039,8
2022,4,Abril,Autos,Varejo,30,CAOA CHERY/TIGGO 8,495
2022,4,Abril,Com. Leves,Varejo,30,JAC/V260,6
2022,4,Abril,Autos,Varejo,31,BMW/X1,325
2022,4,Abril,Com. Leves,Varejo,31,PEUGEOT/PARTNER,5
2022,4,Abril,Autos,Varejo,32,RENAULT/SANDERO,318
2022,4,Abril,Com. Leves,Varejo,32,VW/SAVEIRO,5
2022,4,Abril,Autos,Varejo,33,VW/POLO,318
2022,4,Abril,Com. Leves,Varejo,33,FOTON/AUMARK 3.5-14DT,5
2022,4,Abril,Autos,Varejo,34,CAOA CHERY/TIGGO 3X,310
2022,4,Abril,Com. Leves,Varejo,34,FORD/TRANSIT,4
2022,4,Abril,Autos,Varejo,35,BMW/320I,282
2022,4,Abril,Com. Leves,Varejo,35,EFFA/V25,4
2022,4,Abril,Autos,Varejo,36,PEUGEOT/208,244
2022,4,Abril,Com. Leves,Varejo,36,KIA/UK2500,3
2022,4,Abril,Autos,Varejo,37,VW/VIRTUS,236
2022,4,Abril,Com. Leves,Varejo,37,FORD/F150,2
2022,4,Abril,Autos,Varejo,38,JEEP/COMMANDER,235
2022,4,Abril,Com. Leves,Varejo,38,WILLYS/OVERLAND,2
2022,4,Abril,Autos,Varejo,39,GM/SPIN,233
2022,4,Abril,Com. Leves,Varejo,39,JAC/IEV 330P,2
2022,4,Abril,Autos,Varejo,40,VW/TAOS,217
2022,4,Abril,Com. Leves,Varejo,40,RAM/3500,2
2022,4,Abril,Autos,Varejo,41,MITSUBISHI/PAJERO,211
2022,4,Abril,Com. Leves,Varejo,41,CITROEN/JUMPER,1
2022,4,Abril,Autos,Varejo,42,RENAULT/CAPTUR,188
2022,4,Abril,Com. Leves,Varejo,42,GM/C10,1
2022,4,Abril,Autos,Varejo,43,GM/CRUZE HB,172
2022,4,Abril,Com. Leves,Varejo,43,GM/MONTANA,1
2022,4,Abril,Autos,Varejo,44,FIAT/SIENA,165
2022,4,Abril,Com. Leves,Varejo,44,M.BENZ/SPRINTER 311,1
2022,4,Abril,Autos,Varejo,45,MITSUBISHI/OUTLANDER,137
2022,4,Abril,Com. Leves,Varejo,45,TOYOTA/BANDEIRANTE,1
2022,4,Abril,Autos,Varejo,46,CITROEN/C4 CACTUS,133
2022,4,Abril,Com. Leves,Varejo,46,TOYOTA/TACOMA,1
2022,4,Abril,Autos,Varejo,47,FORD/BRONCO,124
2022,4,Abril,Com. Leves,Varejo,47,VW/KOMBI,1
2022,4,Abril,Autos,Varejo,48,BMW/X3,123
2022,4,Abril,Com. Leves,Varejo,48,EFFA/K01,1
2022,4,Abril,Autos,Varejo,49,MITSUBISHI/ECLIPSE CROSS,123
2022,4,Abril,Autos,Varejo,50,CAOA CHERY/ARRIZO 6,118
2022,5,Maio,Autos,Total,1,HYUNDAI/HB20,9634
2022,5,Maio,Com. Leves,Total,1,FIAT/STRADA,11532
2022,5,Maio,Autos,Total,2,FIAT/MOBI,7493
2022,5,Maio,Com. Leves,Total,2,FIAT/TORO,5287
2022,5,Maio,Autos,Total,3,GM/ONIX,6982
2022,5,Maio,Com. Leves,Total,3,TOYOTA/HILUX,4145
2022,5,Maio,Autos,Total,4,VW/GOL,6980
2022,5,Maio,Com. Leves,Total,4,GM/S10,2715
2022,5,Maio,Autos,Total,5,GM/TRACKER,6564
2022,5,Maio,Com. Leves,Total,5,FIAT/FIORINO,2165
2022,5,Maio,Autos,Total,6,HYUNDAI/CRETA,6411
2022,5,Maio,Com. Leves,Total,6,MITSUBISHI/L200,1819
2022,5,Maio,Autos,Total,7,VW/T CROSS,6406
2022,5,Maio,Com. Leves,Total,7,VW/SAVEIRO,1456
2022,5,Maio,Autos,Total,8,JEEP/COMPASS,5924
2022,5,Maio,Com. Leves,Total,8,FORD/RANGER,1215
2022,5,Maio,Autos,Total,9,GM/ONIX PLUS,5647
2022,5,Maio,Com. Leves,Total,9,RENAULT/MASTER,1170
2022,5,Maio,Autos,Total,10,JEEP/RENEGADE,5489
2022,5,Maio,Com. Leves,Total,10,NISSAN/FRONTIER,721
2022,5,Maio,Autos,Total,11,FIAT/PULSE,4950
2022,5,Maio,Com. Leves,Total,11,PEUGEOT/EXPERT,429
2022,5,Maio,Autos,Total,12,NISSAN/KICKS,4892
2022,5,Maio,Com. Leves,Total,12,CITROEN/JUMPY,387
2022,5,Maio,Autos,Total,13,TOYOTA/COROLLA,4169
2022,5,Maio,Com. Leves,Total,13,RENAULT/OROCH,385
2022,5,Maio,Autos,Total,14,VW/NIVUS,4087
2022,5,Maio,Com. Leves,Total,14,FIAT/DUCATO,247
2022,5,Maio,Autos,Total,15,TOYOTA/COROLLA CROSS,3905
2022,5,Maio,Com. Leves,Total,15,KIA/K2500,245
2022,5,Maio,Autos,Total,16,FIAT/CRONOS,3682
2022,5,Maio,Com. Leves,Total,16,IVECO/DAILY 35-150,226
2022,5,Maio,Autos,Total,17,VW/VOYAGE,3511
2022,5,Maio,Com. Leves,Total,17,VW/MAN/EXPRESS,189
2022,5,Maio,Autos,Total,18,FIAT/ARGO,3415
2022,5,Maio,Com. Leves,Total,18,FORD/MAVERICK,176
2022,5,Maio,Autos,Total,19,HYUNDAI/HB20S,3003
2022,5,Maio,Com. Leves,Total,19,RAM/2500,98
2022,5,Maio,Autos,Total,20,PEUGEOT/208,2812
2022,5,Maio,Com. Leves,Total,20,RAM/3500,94
2022,5,Maio,Autos,Total,21,RENAULT/KWID,2757
2022,5,Maio,Com. Leves,Total,21,PEUGEOT/PARTNER,91
2022,5,Maio,Autos,Total,22,HONDA/CITY,2383
2022,5,Maio,Com. Leves,Total,22,M.BENZ/SPRINTER 314,79
2022,5,Maio,Autos,Total,23,TOYOTA/YARIS HB,2281
2022,5,Maio,Com. Leves,Total,23,EFFA/V21,71
2022,5,Maio,Autos,Total,24,GM/SPIN,1926
2022,5,Maio,Com. Leves,Total,24,IVECO/DAILY 30-130,57
2022,5,Maio,Autos,Total,25,HONDA/CITY HATCH,1800
2022,5,Maio,Com. Leves,Total,25,VW/AMAROK,47
2022,5,Maio,Autos,Total,26,CITROEN/C4 CACTUS,1590
2022,5,Maio,Com. Leves,Total,26,IVECO/DAILY,43
2022,5,Maio,Autos,Total,27,JEEP/COMMANDER,1405
2022,5,Maio,Com. Leves,Total,27,HYUNDAI/HR,41
2022,5,Maio,Autos,Total,28,TOYOTA/YARIS SEDAN,1353
2022,5,Maio,Com. Leves,Total,28,EFFA/V22,39
2022,5,Maio,Autos,Total,29,RENAULT/DUSTER,1311
2022,5,Maio,Com. Leves,Total,29,RAM/1500,35
2022,5,Maio,Autos,Total,30,TOYOTA/HILUX SW4,1279
2022,5,Maio,Com. Leves,Total,30,M.BENZ/SPRINTER 416,24
2022,5,Maio,Autos,Total,31,CAOA CHERY/TIGGO 7,1111
2022,5,Maio,Com. Leves,Total,31,FOTON/AUMARK 3.5-14DT,17
2022,5,Maio,Autos,Total,32,RENAULT/SANDERO,1089
2022,5,Maio,Com. Leves,Total,32,JAC/V260,12
2022,5,Maio,Autos,Total,33,GM/CRUZE SEDAN,1085
2022,5,Maio,Com. Leves,Total,33,FOTON/AUMARK 1039,12
2022,5,Maio,Autos,Total,34,PEUGEOT/2008,1042
2022,5,Maio,Com. Leves,Total,34,KIA/UK2500,1
2022,5,Maio,Autos,Total,35,CAOA CHERY/TIGGO 5X,918
2022,5,Maio,Com. Leves,Total,35,M.BENZ/SPRINTER,10
2022,5,Maio,Autos,Total,36,VW/TAOS,765
2022,5,Maio,Com. Leves,Total,36,BYD/T3,8
2022,5,Maio,Autos,Total,37,CAOA CHERY/TIGGO 8,632
2022,5,Maio,Com. Leves,Total,37,CITROEN/JUMPER,7
2022,5,Maio,Autos,Total,38,VW/VIRTUS,592
2022,5,Maio,Com. Leves,Total,38,PEUGEOT/BOXER,7
2022,5,Maio,Autos,Total,39,MITSUBISHI/ECLIPSE CROSS,566
2022,5,Maio,Com. Leves,Total,39,FORD/TRANSIT,5
2022,5,Maio,Autos,Total,40,NISSAN/VERSA,532
2022,5,Maio,Com. Leves,Total,40,GM/SILVERADO,3
2022,5,Maio,Autos,Total,41,BMW/X1,474
2022,5,Maio,Com. Leves,Total,41,M.BENZ/SPRINTER 315,3
2022,5,Maio,Autos,Total,42,VW/POLO,391
2022,5,Maio,Com. Leves,Total,42,EFFA/V25,3
2022,5,Maio,Autos,Total,43,BMW/320I,370
2022,5,Maio,Com. Leves,Total,43,AGRALE/AGRALE MARRUA,2
2022,5,Maio,Autos,Total,44,RENAULT/LOGAN,329
2022,5,Maio,Com. Leves,Total,44,FORD/F150,2
2022,5,Maio,Autos,Total,45,VOLVO/XC60,279
2022,5,Maio,Com. Leves,Total,45,JAC/T8,2
2022,5,Maio,Autos,Total,46,CAOA CHERY/TIGGO 3X,246
2022,5,Maio,Com. Leves,Total,46,GM/EL CAMINO,1
2022,5,Maio,Autos,Total,47,RENAULT/CAPTUR,240
2022,5,Maio,Com. Leves,Total,47,GM/MONTANA,1
2022,5,Maio,Autos,Total,48,TOYOTA/RAV4,226
2022,5,Maio,Com. Leves,Total,48,TOYOTA/BANDEIRANTE,1
2022,5,Maio,Autos,Total,49,MITSUBISHI/PAJERO,210
2022,5,Maio,Com. Leves,Total,49,TOYOTA/TACOMA,1
2022,5,Maio,Autos,Total,50,GM/TRAILBLAZER,209
2022,5,Maio,Com. Leves,Total,50,MAHINDRA/HWKCS34,1
2022,5,Maio,Autos,Direta,1,HYUNDAI/HB20,6174
2022,5,Maio,Com. Leves,Direta,1,FIAT/STRADA,8745
2022,5,Maio,Autos,Direta,2,VW/GOL,5531
2022,5,Maio,Com. Leves,Direta,2,FIAT/TORO,2967
2022,5,Maio,Autos,Direta,3,FIAT/MOBI,4729
2022,5,Maio,Com. Leves,Direta,3,GM/S10,2067
2022,5,Maio,Autos,Direta,4,JEEP/COMPASS,4386
2022,5,Maio,Com. Leves,Direta,4,FIAT/FIORINO,1521
2022,5,Maio,Autos,Direta,5,JEEP/RENEGADE,3919
2022,5,Maio,Com. Leves,Direta,5,VW/SAVEIRO,1448
2022,5,Maio,Autos,Direta,6,VW/VOYAGE,3465
2022,5,Maio,Com. Leves,Direta,6,TOYOTA/HILUX,1264
2022,5,Maio,Autos,Direta,7,NISSAN/KICKS,2792
2022,5,Maio,Com. Leves,Direta,7,MITSUBISHI/L200,1005
2022,5,Maio,Autos,Direta,8,FIAT/CRONOS,2619
2022,5,Maio,Com. Leves,Direta,8,FORD/RANGER,512
2022,5,Maio,Autos,Direta,9,PEUGEOT/208,2603
2022,5,Maio,Com. Leves,Direta,9,RENAULT/MASTER,388
2022,5,Maio,Autos,Direta,10,GM/TRACKER,2201
2022,5,Maio,Com. Leves,Direta,10,NISSAN/FRONTIER,287
2022,5,Maio,Autos,Direta,11,HYUNDAI/HB20S,1868
2022,5,Maio,Com. Leves,Direta,11,PEUGEOT/EXPERT,248
2022,5,Maio,Autos,Direta,12,GM/ONIX PLUS,1829
2022,5,Maio,Com. Leves,Direta,12,CITROEN/JUMPY,246
2022,5,Maio,Autos,Direta,13,VW/T CROSS,1810
2022,5,Maio,Com. Leves,Direta,13,FIAT/DUCATO,166
2022,5,Maio,Autos,Direta,14,FIAT/ARGO,1617
2022,5,Maio,Com. Leves,Direta,14,FORD/MAVERICK,143
2022,5,Maio,Autos,Direta,15,GM/SPIN,1543
2022,5,Maio,Com. Leves,Direta,15,RAM/2500,98
2022,5,Maio,Autos,Direta,16,GM/ONIX,1528
2022,5,Maio,Com. Leves,Direta,16,RAM/3500,86
2022,5,Maio,Autos,Direta,17,HYUNDAI/CRETA,1494
2022,5,Maio,Com. Leves,Direta,17,RENAULT/OROCH,52
2022,5,Maio,Autos,Direta,18,CITROEN/C4 CACTUS,1431
2022,5,Maio,Com. Leves,Direta,18,VW/MAN/EXPRESS,40
2022,5,Maio,Autos,Direta,19,TOYOTA/COROLLA,1288
2022,5,Maio,Com. Leves,Direta,19,RAM/1500,32
2022,5,Maio,Autos,Direta,20,JEEP/COMMANDER,1196
2022,5,Maio,Com. Leves,Direta,20,IVECO/DAILY 35-150,1
2022,5,Maio,Autos,Direta,21,FIAT/PULSE,1175
2022,5,Maio,Com. Leves,Direta,21,HYUNDAI/HR,7
2022,5,Maio,Autos,Direta,22,PEUGEOT/2008,1008
2022,5,Maio,Com. Leves,Direta,22,CITROEN/JUMPER,4
2022,5,Maio,Autos,Direta,23,RENAULT/SANDERO,639
2022,5,Maio,Com. Leves,Direta,23,PEUGEOT/BOXER,3
2022,5,Maio,Autos,Direta,24,GM/CRUZE SEDAN,502
2022,5,Maio,Com. Leves,Direta,24,PEUGEOT/PARTNER,3
2022,5,Maio,Autos,Direta,25,TOYOTA/COROLLA CROSS,455
2022,5,Maio,Com. Leves,Direta,25,AGRALE/AGRALE MARRUA,2
2022,5,Maio,Autos,Direta,26,VW/NIVUS,441
2022,5,Maio,Com. Leves,Direta,26,FORD/TRANSIT,2
2022,5,Maio,Autos,Direta,27,TOYOTA/YARIS HB,394
2022,5,Maio,Com. Leves,Direta,27,KIA/K2500,2
2022,5,Maio,Autos,Direta,28,TOYOTA/YARIS SEDAN,347
2022,5,Maio,Com. Leves,Direta,28,VW/AMAROK,2
2022,5,Maio,Autos,Direta,29,MITSUBISHI/ECLIPSE CROSS,322
2022,5,Maio,Com. Leves,Direta,29,JAC/T8,2
2022,5,Maio,Autos,Direta,30,RENAULT/DUSTER,314
2022,5,Maio,Autos,Direta,31,RENAULT/LOGAN,280
2022,5,Maio,Autos,Direta,32,VOLVO/XC60,279
2022,5,Maio,Autos,Direta,33,HONDA/CITY,262
2022,5,Maio,Autos,Direta,34,VW/VIRTUS,234
2022,5,Maio,Autos,Direta,35,RENAULT/KWID,153
2022,5,Maio,Autos,Direta,36,GM/TRAILBLAZER,150
2022,5,Maio,Autos,Direta,37,CAOA CHERY/TIGGO 5X,121
2022,5,Maio,Autos,Direta,38,VOLVO/XC40,109
2022,5,Maio,Autos,Direta,39,VOLVO/XC90,108
2022,5,Maio,Autos,Direta,40,HYUNDAI/TUCSON,106
2022,5,Maio,Autos,Direta,41,RENAULT/CAPTUR,101
2022,5,Maio,Autos,Direta,42,VW/TAOS,89
2022,5,Maio,Autos,Direta,43,VOLVO/C40,86
2022,5,Maio,Autos,Direta,44,TOYOTA/HILUX SW4,80
2022,5,Maio,Autos,Direta,45,CAOA CHERY/TIGGO 8,68
2022,5,Maio,Autos,Direta,46,BMW/X1,5
2022,5,Maio,Autos,Direta,47,PEUGEOT/3008,5
2022,5,Maio,Autos,Direta,48,AUDI/Q5,53
2022,5,Maio,Autos,Direta,49,HONDA/CITY HATCH,51
2022,5,Maio,Autos,Direta,50,FORD/TERRITORY,46
2022,5,Maio,Autos,Varejo,1,GM/ONIX,5454
2022,5,Maio,Com. Leves,Varejo,1,TOYOTA/HILUX,2881
2022,5,Maio,Autos,Varejo,2,HYUNDAI/CRETA,4917
2022,5,Maio,Com. Leves,Varejo,2,FIAT/STRADA,2787
2022,5,Maio,Autos,Varejo,3,VW/T CROSS,4596
2022,5,Maio,Com. Leves,Varejo,3,FIAT/TORO,2320
2022,5,Maio,Autos,Varejo,4,GM/TRACKER,4363
2022,5,Maio,Com. Leves,Varejo,4,MITSUBISHI/L200,814
2022,5,Maio,Autos,Varejo,5,GM/ONIX PLUS,3818
2022,5,Maio,Com. Leves,Varejo,5,RENAULT/MASTER,782
2022,5,Maio,Autos,Varejo,6,FIAT/PULSE,3775
2022,5,Maio,Com. Leves,Varejo,6,FORD/RANGER,703
2022,5,Maio,Autos,Varejo,7,VW/NIVUS,3646
2022,5,Maio,Com. Leves,Varejo,7,GM/S10,648
2022,5,Maio,Autos,Varejo,8,HYUNDAI/HB20,3460
2022,5,Maio,Com. Leves,Varejo,8,FIAT/FIORINO,644
2022,5,Maio,Autos,Varejo,9,TOYOTA/COROLLA CROSS,3450
2022,5,Maio,Com. Leves,Varejo,9,NISSAN/FRONTIER,434
2022,5,Maio,Autos,Varejo,10,TOYOTA/COROLLA,2881
2022,5,Maio,Com. Leves,Varejo,10,RENAULT/OROCH,333
2022,5,Maio,Autos,Varejo,11,FIAT/MOBI,2764
2022,5,Maio,Com. Leves,Varejo,11,KIA/K2500,243
2022,5,Maio,Autos,Varejo,12,RENAULT/KWID,2604
2022,5,Maio,Com. Leves,Varejo,12,IVECO/DAILY 35-150,215
2022,5,Maio,Autos,Varejo,13,HONDA/CITY,2121
2022,5,Maio,Com. Leves,Varejo,13,PEUGEOT/EXPERT,181
2022,5,Maio,Autos,Varejo,14,NISSAN/KICKS,2100
2022,5,Maio,Com. Leves,Varejo,14,VW/MAN/EXPRESS,149
2022,5,Maio,Autos,Varejo,15,TOYOTA/YARIS HB,1887
2022,5,Maio,Com. Leves,Varejo,15,CITROEN/JUMPY,141
2022,5,Maio,Autos,Varejo,16,FIAT/ARGO,1798
2022,5,Maio,Com. Leves,Varejo,16,PEUGEOT/PARTNER,8
2022,5,Maio,Autos,Varejo,17,HONDA/CITY HATCH,1749
2022,5,Maio,Com. Leves,Varejo,17,FIAT/DUCATO,81
2022,5,Maio,Autos,Varejo,18,JEEP/RENEGADE,1570
2022,5,Maio,Com. Leves,Varejo,18,M.BENZ/SPRINTER 314,79
2022,5,Maio,Autos,Varejo,19,JEEP/COMPASS,1538
2022,5,Maio,Com. Leves,Varejo,19,EFFA/V21,71
2022,5,Maio,Autos,Varejo,20,VW/GOL,1449
2022,5,Maio,Com. Leves,Varejo,20,IVECO/DAILY 30-130,57
2022,5,Maio,Autos,Varejo,21,TOYOTA/HILUX SW4,1199
2022,5,Maio,Com. Leves,Varejo,21,VW/AMAROK,45
2022,5,Maio,Autos,Varejo,22,HYUNDAI/HB20S,1135
2022,5,Maio,Com. Leves,Varejo,22,IVECO/DAILY,42
2022,5,Maio,Autos,Varejo,23,CAOA CHERY/TIGGO 7,1100
2022,5,Maio,Com. Leves,Varejo,23,EFFA/V22,39
2022,5,Maio,Autos,Varejo,24,FIAT/CRONOS,1063
2022,5,Maio,Com. Leves,Varejo,24,HYUNDAI/HR,34
2022,5,Maio,Autos,Varejo,25,TOYOTA/YARIS SEDAN,1006
2022,5,Maio,Com. Leves,Varejo,25,FORD/MAVERICK,3
2022,5,Maio,Autos,Varejo,26,RENAULT/DUSTER,997
2022,5,Maio,Com. Leves,Varejo,26,M.BENZ/SPRINTER 416,24
2022,5,Maio,Autos,Varejo,27,CAOA CHERY/TIGGO 5X,797
2022,5,Maio,Com. Leves,Varejo,27,FOTON/AUMARK 3.5-14DT,17
2022,5,Maio,Autos,Varejo,28,VW/TAOS,676
2022,5,Maio,Com. Leves,Varejo,28,JAC/V260,12
2022,5,Maio,Autos,Varejo,29,GM/CRUZE SEDAN,583
2022,5,Maio,Com. Leves,Varejo,29,FOTON/AUMARK 1039,12
2022,5,Maio,Autos,Varejo,30,CAOA CHERY/TIGGO 8,564
2022,5,Maio,Com. Leves,Varejo,30,KIA/UK2500,1
2022,5,Maio,Autos,Varejo,31,NISSAN/VERSA,528
2022,5,Maio,Com. Leves,Varejo,31,M.BENZ/SPRINTER,10
2022,5,Maio,Autos,Varejo,32,RENAULT/SANDERO,450
2022,5,Maio,Com. Leves,Varejo,32,VW/SAVEIRO,8
2022,5,Maio,Autos,Varejo,33,BMW/X1,419
2022,5,Maio,Com. Leves,Varejo,33,BYD/T3,8
2022,5,Maio,Autos,Varejo,34,VW/POLO,385
2022,5,Maio,Com. Leves,Varejo,34,RAM/3500,8
2022,5,Maio,Autos,Varejo,35,GM/SPIN,383
2022,5,Maio,Com. Leves,Varejo,35,PEUGEOT/BOXER,4
2022,5,Maio,Autos,Varejo,36,VW/VIRTUS,358
2022,5,Maio,Com. Leves,Varejo,36,CITROEN/JUMPER,3
2022,5,Maio,Autos,Varejo,37,BMW/320I,341
2022,5,Maio,Com. Leves,Varejo,37,FORD/TRANSIT,3
2022,5,Maio,Autos,Varejo,38,MITSUBISHI/ECLIPSE CROSS,244
2022,5,Maio,Com. Leves,Varejo,38,GM/SILVERADO,3
2022,5,Maio,Autos,Varejo,39,TOYOTA/RAV4,225
2022,5,Maio,Com. Leves,Varejo,39,M.BENZ/SPRINTER 315,3
2022,5,Maio,Autos,Varejo,40,CAOA CHERY/TIGGO 3X,216
2022,5,Maio,Com. Leves,Varejo,40,EFFA/V25,3
2022,5,Maio,Autos,Varejo,41,JEEP/COMMANDER,209
2022,5,Maio,Com. Leves,Varejo,41,RAM/1500,3
2022,5,Maio,Autos,Varejo,42,PEUGEOT/208,209
2022,5,Maio,Com. Leves,Varejo,42,FORD/F150,2
2022,5,Maio,Autos,Varejo,43,MITSUBISHI/PAJERO,205
2022,5,Maio,Com. Leves,Varejo,43,GM/EL CAMINO,1
2022,5,Maio,Autos,Varejo,44,CITROEN/C4 CACTUS,159
2022,5,Maio,Com. Leves,Varejo,44,GM/MONTANA,1
2022,5,Maio,Autos,Varejo,45,GM/CRUZE HB,159
2022,5,Maio,Com. Leves,Varejo,45,TOYOTA/BANDEIRANTE,1
2022,5,Maio,Autos,Varejo,46,BMW/X4,151
2022,5,Maio,Com. Leves,Varejo,46,TOYOTA/TACOMA,1
2022,5,Maio,Autos,Varejo,47,RENAULT/CAPTUR,139
2022,5,Maio,Com. Leves,Varejo,47,MAHINDRA/HWKCS34,1
2022,5,Maio,Autos,Varejo,48,LAND ROVER/DISCOVERY,129
2022,5,Maio,Autos,Varejo,49,FORD/BRONCO,114
2022,5,Maio,Autos,Varejo,50,MITSUBISHI/OUTLANDER,113
2022,6,Junho,Autos,Total,1,VW/GOL,9435
2022,6,Junho,Com. Leves,Total,1,FIAT/STRADA,9840
2022,6,Junho,Autos,Total,2,HYUNDAI/HB20,7938
2022,6,Junho,Com. Leves,Total,2,FIAT/TORO,4481
2022,6,Junho,Autos,Total,3,VW/T CROSS,6309
2022,6,Junho,Com. Leves,Total,3,TOYOTA/HILUX,3845
2022,6,Junho,Autos,Total,4,JEEP/COMPASS,6104
2022,6,Junho,Com. Leves,Total,4,GM/S10,2965
2022,6,Junho,Autos,Total,5,FIAT/CRONOS,6047
2022,6,Junho,Com. Leves,Total,5,MITSUBISHI/L200,1654
2022,6,Junho,Autos,Total,6,HYUNDAI/CRETA,5924
2022,6,Junho,Com. Leves,Total,6,FIAT/FIORINO,1572
2022,6,Junho,Autos,Total,7,GM/TRACKER,5312
2022,6,Junho,Com. Leves,Total,7,FORD/RANGER,1335
2022,6,Junho,Autos,Total,8,RENAULT/KWID,5043
2022,6,Junho,Com. Leves,Total,8,RENAULT/OROCH,931
2022,6,Junho,Autos,Total,9,FIAT/PULSE,4839
2022,6,Junho,Com. Leves,Total,9,NISSAN/FRONTIER,792
2022,6,Junho,Autos,Total,10,FIAT/MOBI,4725
2022,6,Junho,Com. Leves,Total,10,VW/SAVEIRO,755
2022,6,Junho,Autos,Total,11,PEUGEOT/208,4349
2022,6,Junho,Com. Leves,Total,11,RENAULT/MASTER,663
2022,6,Junho,Autos,Total,12,NISSAN/KICKS,4315
2022,6,Junho,Com. Leves,Total,12,RENAULT/KANGOO,393
2022,6,Junho,Autos,Total,13,JEEP/RENEGADE,4123
2022,6,Junho,Com. Leves,Total,13,PEUGEOT/EXPERT,339
2022,6,Junho,Autos,Total,14,GM/ONIX,3949
2022,6,Junho,Com. Leves,Total,14,CITROEN/JUMPY,278
2022,6,Junho,Autos,Total,15,TOYOTA/COROLLA CROSS,3920
2022,6,Junho,Com. Leves,Total,15,FORD/MAVERICK,243
2022,6,Junho,Autos,Total,16,GM/ONIX PLUS,3874
2022,6,Junho,Com. Leves,Total,16,KIA/K2500,230
2022,6,Junho,Autos,Total,17,TOYOTA/COROLLA,3834
2022,6,Junho,Com. Leves,Total,17,IVECO/DAILY 35-150,164
2022,6,Junho,Autos,Total,18,CITROEN/C4 CACTUS,3664
2022,6,Junho,Com. Leves,Total,18,VW/MAN/EXPRESS,154
2022,6,Junho,Autos,Total,19,VW/VOYAGE,3603
2022,6,Junho,Com. Leves,Total,19,RAM/3500,151
2022,6,Junho,Autos,Total,20,FIAT/ARGO,3097
2022,6,Junho,Com. Leves,Total,20,RAM/1500,150
2022,6,Junho,Autos,Total,21,VW/NIVUS,2930
2022,6,Junho,Com. Leves,Total,21,FIAT/DUCATO,131
2022,6,Junho,Autos,Total,22,HYUNDAI/HB20S,2499
2022,6,Junho,Com. Leves,Total,22,FORD/TRANSIT,108
2022,6,Junho,Autos,Total,23,HONDA/CITY,2431
2022,6,Junho,Com. Leves,Total,23,PEUGEOT/PARTNER,91
2022,6,Junho,Autos,Total,24,TOYOTA/YARIS HB,2239
2022,6,Junho,Com. Leves,Total,24,M.BENZ/SPRINTER 314,85
2022,6,Junho,Autos,Total,25,RENAULT/DUSTER,1839
2022,6,Junho,Com. Leves,Total,25,VW/AMAROK,83
2022,6,Junho,Autos,Total,26,HONDA/CITY HATCH,1564
2022,6,Junho,Com. Leves,Total,26,IVECO/DAILY 30-130,78
2022,6,Junho,Autos,Total,27,GM/SPIN,1539
2022,6,Junho,Com. Leves,Total,27,IVECO/DAILY,70
2022,6,Junho,Autos,Total,28,JEEP/COMMANDER,1426
2022,6,Junho,Com. Leves,Total,28,EFFA/V21,70
2022,6,Junho,Autos,Total,29,TOYOTA/YARIS SEDAN,1276
2022,6,Junho,Com. Leves,Total,29,RAM/2500,52
2022,6,Junho,Autos,Total,30,TOYOTA/HILUX SW4,1169
2022,6,Junho,Com. Leves,Total,30,HYUNDAI/HR,35
2022,6,Junho,Autos,Total,31,RENAULT/SANDERO,1062
2022,6,Junho,Com. Leves,Total,31,M.BENZ/SPRINTER,18
2022,6,Junho,Autos,Total,32,CAOA CHERY/TIGGO 5X,1028
2022,6,Junho,Com. Leves,Total,32,PEUGEOT/BOXER,16
2022,6,Junho,Autos,Total,33,GM/CRUZE SEDAN,946
2022,6,Junho,Com. Leves,Total,33,EFFA/V22,14
2022,6,Junho,Autos,Total,34,CAOA CHERY/TIGGO 8,910
2022,6,Junho,Com. Leves,Total,34,CITROEN/JUMPER,12
2022,6,Junho,Autos,Total,35,RENAULT/LOGAN,895
2022,6,Junho,Com. Leves,Total,35,FIAT/SCUDO,12
2022,6,Junho,Autos,Total,36,VW/TAOS,837
2022,6,Junho,Com. Leves,Total,36,FOTON/AUMARK 3.5-14DT,1
2022,6,Junho,Autos,Total,37,CAOA CHERY/TIGGO 7,744
2022,6,Junho,Com. Leves,Total,37,M.BENZ/SPRINTER 315,8
2022,6,Junho,Autos,Total,38,BMW/X1,470
2022,6,Junho,Com. Leves,Total,38,M.BENZ/SPRINTER 416,8
2022,6,Junho,Autos,Total,39,VW/VIRTUS,415
2022,6,Junho,Com. Leves,Total,39,JAC/V260,7
2022,6,Junho,Autos,Total,40,NISSAN/VERSA,364
2022,6,Junho,Com. Leves,Total,40,FOTON/AUMARK 1039,7
2022,6,Junho,Autos,Total,41,MITSUBISHI/ECLIPSE CROSS,358
2022,6,Junho,Com. Leves,Total,41,KIA/UK2500,5
2022,6,Junho,Autos,Total,42,BMW/320I,317
2022,6,Junho,Com. Leves,Total,42,GM/MONTANA,4
2022,6,Junho,Autos,Total,43,VW/POLO,248
2022,6,Junho,Com. Leves,Total,43,EFFA/V25,3
2022,6,Junho,Autos,Total,44,BMW/X3,246
2022,6,Junho,Com. Leves,Total,44,JAC/IEV750,3
2022,6,Junho,Autos,Total,45,HYUNDAI/TUCSON,240
2022,6,Junho,Com. Leves,Total,45,FORD/F1000,2
2022,6,Junho,Autos,Total,46,FORD/BRONCO,229
2022,6,Junho,Com. Leves,Total,46,FORD/F150,2
2022,6,Junho,Autos,Total,47,GM/EQUINOX,227
2022,6,Junho,Com. Leves,Total,47,EFFA/K01,2
2022,6,Junho,Autos,Total,48,RENAULT/CAPTUR,209
2022,6,Junho,Com. Leves,Total,48,JAC/IEV 330P,2
2022,6,Junho,Autos,Total,49,VW/JETTA,178
2022,6,Junho,Com. Leves,Total,49,CITROEN/BERLINGO,1
2022,6,Junho,Autos,Total,50,TOYOTA/RAV4,169
2022,6,Junho,Com. Leves,Total,50,GM/SILVERADO,1
2022,6,Junho,Autos,Direta,1,VW/GOL,7642
2022,6,Junho,Com. Leves,Direta,1,FIAT/STRADA,6320
2022,6,Junho,Autos,Direta,2,FIAT/CRONOS,5067
2022,6,Junho,Com. Leves,Direta,2,FIAT/TORO,2536
2022,6,Junho,Autos,Direta,3,HYUNDAI/HB20,4824
2022,6,Junho,Com. Leves,Direta,3,GM/S10,2332
2022,6,Junho,Autos,Direta,4,JEEP/COMPASS,4681
2022,6,Junho,Com. Leves,Direta,4,TOYOTA/HILUX,1192
2022,6,Junho,Autos,Direta,5,PEUGEOT/208,4187
2022,6,Junho,Com. Leves,Direta,5,FIAT/FIORINO,1015
2022,6,Junho,Autos,Direta,6,VW/VOYAGE,3585
2022,6,Junho,Com. Leves,Direta,6,MITSUBISHI/L200,849
2022,6,Junho,Autos,Direta,7,CITROEN/C4 CACTUS,3553
2022,6,Junho,Com. Leves,Direta,7,RENAULT/OROCH,759
2022,6,Junho,Autos,Direta,8,VW/T CROSS,2826
2022,6,Junho,Com. Leves,Direta,8,FORD/RANGER,745
2022,6,Junho,Autos,Direta,9,JEEP/RENEGADE,2716
2022,6,Junho,Com. Leves,Direta,9,VW/SAVEIRO,744
2022,6,Junho,Autos,Direta,10,NISSAN/KICKS,2387
2022,6,Junho,Com. Leves,Direta,10,RENAULT/MASTER,566
2022,6,Junho,Autos,Direta,11,FIAT/MOBI,2136
2022,6,Junho,Com. Leves,Direta,11,NISSAN/FRONTIER,412
2022,6,Junho,Autos,Direta,12,RENAULT/KWID,2134
2022,6,Junho,Com. Leves,Direta,12,RENAULT/KANGOO,393
2022,6,Junho,Autos,Direta,13,FIAT/ARGO,1698
2022,6,Junho,Com. Leves,Direta,13,FORD/MAVERICK,176
2022,6,Junho,Autos,Direta,14,HYUNDAI/HB20S,1624
2022,6,Junho,Com. Leves,Direta,14,PEUGEOT/EXPERT,164
2022,6,Junho,Autos,Direta,15,GM/TRACKER,1276
2022,6,Junho,Com. Leves,Direta,15,RAM/3500,150
2022,6,Junho,Autos,Direta,16,RENAULT/DUSTER,1250
2022,6,Junho,Com. Leves,Direta,16,RAM/1500,149
2022,6,Junho,Autos,Direta,17,TOYOTA/COROLLA,1222
2022,6,Junho,Com. Leves,Direta,17,CITROEN/JUMPY,145
2022,6,Junho,Autos,Direta,18,HYUNDAI/CRETA,1191
2022,6,Junho,Com. Leves,Direta,18,FIAT/DUCATO,83
2022,6,Junho,Autos,Direta,19,JEEP/COMMANDER,1184
2022,6,Junho,Com. Leves,Direta,19,RAM/2500,52
2022,6,Junho,Autos,Direta,20,GM/SPIN,1118
2022,6,Junho,Com. Leves,Direta,20,FORD/TRANSIT,40
2022,6,Junho,Autos,Direta,21,FIAT/PULSE,939
2022,6,Junho,Com. Leves,Direta,21,PEUGEOT/PARTNER,3
2022,6,Junho,Autos,Direta,22,GM/ONIX PLUS,908
2022,6,Junho,Com. Leves,Direta,22,VW/MAN/EXPRESS,25
2022,6,Junho,Autos,Direta,23,RENAULT/SANDERO,829
2022,6,Junho,Com. Leves,Direta,23,FIAT/SCUDO,12
2022,6,Junho,Autos,Direta,24,GM/ONIX,807
2022,6,Junho,Com. Leves,Direta,24,PEUGEOT/BOXER,7
2022,6,Junho,Autos,Direta,25,RENAULT/LOGAN,802
2022,6,Junho,Com. Leves,Direta,25,CITROEN/JUMPER,3
2022,6,Junho,Autos,Direta,26,TOYOTA/COROLLA CROSS,587
2022,6,Junho,Com. Leves,Direta,26,IVECO/DAILY 35-150,3
2022,6,Junho,Autos,Direta,27,HONDA/CITY,489
2022,6,Junho,Com. Leves,Direta,27,VW/AMAROK,3
2022,6,Junho,Autos,Direta,28,TOYOTA/YARIS SEDAN,393
2022,6,Junho,Com. Leves,Direta,28,GM/MONTANA,2
2022,6,Junho,Autos,Direta,29,VW/NIVUS,355
2022,6,Junho,Autos,Direta,30,CAOA CHERY/TIGGO 5X,337
2022,6,Junho,Autos,Direta,31,GM/CRUZE SEDAN,316
2022,6,Junho,Autos,Direta,32,TOYOTA/YARIS HB,252
2022,6,Junho,Autos,Direta,33,CAOA CHERY/TIGGO 7,221
2022,6,Junho,Autos,Direta,34,HYUNDAI/TUCSON,197
2022,6,Junho,Autos,Direta,35,CAOA CHERY/TIGGO 8,150
2022,6,Junho,Autos,Direta,36,MITSUBISHI/ECLIPSE CROSS,147
2022,6,Junho,Autos,Direta,37,GM/EQUINOX,129
2022,6,Junho,Autos,Direta,38,RENAULT/ZOE,129
2022,6,Junho,Autos,Direta,39,VW/TAOS,124
2022,6,Junho,Autos,Direta,40,VOLVO/XC40,122
2022,6,Junho,Autos,Direta,41,FORD/BRONCO,103
2022,6,Junho,Autos,Direta,42,PEUGEOT/2008,101
2022,6,Junho,Autos,Direta,43,HONDA/CITY HATCH,100
2022,6,Junho,Autos,Direta,44,TOYOTA/HILUX SW4,89
2022,6,Junho,Autos,Direta,45,PEUGEOT/3008,87
2022,6,Junho,Autos,Direta,46,AUDI/Q5,85
2022,6,Junho,Autos,Direta,47,VOLVO/XC60,84
2022,6,Junho,Autos,Direta,48,RENAULT/CAPTUR,83
2022,6,Junho,Autos,Direta,49,GM/TRAILBLAZER,81
2022,6,Junho,Autos,Direta,50,VW/VIRTUS,80
2022,6,Junho,Autos,Varejo,1,HYUNDAI/CRETA,4733
2022,6,Junho,Com. Leves,Varejo,1,FIAT/STRADA,3520
2022,6,Junho,Autos,Varejo,2,GM/TRACKER,4036
2022,6,Junho,Com. Leves,Varejo,2,TOYOTA/HILUX,2653
2022,6,Junho,Autos,Varejo,3,FIAT/PULSE,3900
2022,6,Junho,Com. Leves,Varejo,3,FIAT/TORO,1945
2022,6,Junho,Autos,Varejo,4,VW/T CROSS,3483
2022,6,Junho,Com. Leves,Varejo,4,MITSUBISHI/L200,805
2022,6,Junho,Autos,Varejo,5,TOYOTA/COROLLA CROSS,3333
2022,6,Junho,Com. Leves,Varejo,5,GM/S10,633
2022,6,Junho,Autos,Varejo,6,GM/ONIX,3142
2022,6,Junho,Com. Leves,Varejo,6,FORD/RANGER,590
2022,6,Junho,Autos,Varejo,7,HYUNDAI/HB20,3114
2022,6,Junho,Com. Leves,Varejo,7,FIAT/FIORINO,557
2022,6,Junho,Autos,Varejo,8,GM/ONIX PLUS,2966
2022,6,Junho,Com. Leves,Varejo,8,NISSAN/FRONTIER,380
2022,6,Junho,Autos,Varejo,9,RENAULT/KWID,2909
2022,6,Junho,Com. Leves,Varejo,9,KIA/K2500,230
2022,6,Junho,Autos,Varejo,10,TOYOTA/COROLLA,2612
2022,6,Junho,Com. Leves,Varejo,10,PEUGEOT/EXPERT,175
2022,6,Junho,Autos,Varejo,11,FIAT/MOBI,2589
2022,6,Junho,Com. Leves,Varejo,11,RENAULT/OROCH,172
2022,6,Junho,Autos,Varejo,12,VW/NIVUS,2575
2022,6,Junho,Com. Leves,Varejo,12,IVECO/DAILY 35-150,161
2022,6,Junho,Autos,Varejo,13,TOYOTA/YARIS HB,1987
2022,6,Junho,Com. Leves,Varejo,13,CITROEN/JUMPY,133
2022,6,Junho,Autos,Varejo,14,HONDA/CITY,1942
2022,6,Junho,Com. Leves,Varejo,14,VW/MAN/EXPRESS,129
2022,6,Junho,Autos,Varejo,15,NISSAN/KICKS,1928
2022,6,Junho,Com. Leves,Varejo,15,RENAULT/MASTER,97
2022,6,Junho,Autos,Varejo,16,VW/GOL,1793
2022,6,Junho,Com. Leves,Varejo,16,M.BENZ/SPRINTER 314,85
2022,6,Junho,Autos,Varejo,17,HONDA/CITY HATCH,1464
2022,6,Junho,Com. Leves,Varejo,17,VW/AMAROK,80
2022,6,Junho,Autos,Varejo,18,JEEP/COMPASS,1423
2022,6,Junho,Com. Leves,Varejo,18,IVECO/DAILY 30-130,78
2022,6,Junho,Autos,Varejo,19,JEEP/RENEGADE,1407
2022,6,Junho,Com. Leves,Varejo,19,IVECO/DAILY,70
2022,6,Junho,Autos,Varejo,20,FIAT/ARGO,1399
2022,6,Junho,Com. Leves,Varejo,20,EFFA/V21,70
2022,6,Junho,Autos,Varejo,21,TOYOTA/HILUX SW4,1080
2022,6,Junho,Com. Leves,Varejo,21,FORD/TRANSIT,68
2022,6,Junho,Autos,Varejo,22,FIAT/CRONOS,980
2022,6,Junho,Com. Leves,Varejo,22,FORD/MAVERICK,67
2022,6,Junho,Autos,Varejo,23,TOYOTA/YARIS SEDAN,883
2022,6,Junho,Com. Leves,Varejo,23,PEUGEOT/PARTNER,58
2022,6,Junho,Autos,Varejo,24,HYUNDAI/HB20S,875
2022,6,Junho,Com. Leves,Varejo,24,FIAT/DUCATO,48
2022,6,Junho,Autos,Varejo,25,CAOA CHERY/TIGGO 8,760
2022,6,Junho,Com. Leves,Varejo,25,HYUNDAI/HR,3
2022,6,Junho,Autos,Varejo,26,VW/TAOS,713
2022,6,Junho,Com. Leves,Varejo,26,M.BENZ/SPRINTER,18
2022,6,Junho,Autos,Varejo,27,CAOA CHERY/TIGGO 5X,691
2022,6,Junho,Com. Leves,Varejo,27,EFFA/V22,14
2022,6,Junho,Autos,Varejo,28,GM/CRUZE SEDAN,630
2022,6,Junho,Com. Leves,Varejo,28,VW/SAVEIRO,1
2022,6,Junho,Autos,Varejo,29,RENAULT/DUSTER,589
2022,6,Junho,Com. Leves,Varejo,29,FOTON/AUMARK 3.5-14DT,1
2022,6,Junho,Autos,Varejo,30,CAOA CHERY/TIGGO 7,523
2022,6,Junho,Com. Leves,Varejo,30,CITROEN/JUMPER,9
2022,6,Junho,Autos,Varejo,31,GM/SPIN,421
2022,6,Junho,Com. Leves,Varejo,31,PEUGEOT/BOXER,9
2022,6,Junho,Autos,Varejo,32,BMW/X1,418
2022,6,Junho,Com. Leves,Varejo,32,M.BENZ/SPRINTER 315,8
2022,6,Junho,Autos,Varejo,33,NISSAN/VERSA,364
2022,6,Junho,Com. Leves,Varejo,33,M.BENZ/SPRINTER 416,8
2022,6,Junho,Autos,Varejo,34,VW/VIRTUS,335
2022,6,Junho,Com. Leves,Varejo,34,JAC/V260,7
2022,6,Junho,Autos,Varejo,35,BMW/320I,293
2022,6,Junho,Com. Leves,Varejo,35,FOTON/AUMARK 1039,7
2022,6,Junho,Autos,Varejo,36,VW/POLO,245
2022,6,Junho,Com. Leves,Varejo,36,KIA/UK2500,5
2022,6,Junho,Autos,Varejo,37,JEEP/COMMANDER,242
2022,6,Junho,Com. Leves,Varejo,37,EFFA/V25,3
2022,6,Junho,Autos,Varejo,38,RENAULT/SANDERO,233
2022,6,Junho,Com. Leves,Varejo,38,JAC/IEV750,3
2022,6,Junho,Autos,Varejo,39,BMW/X3,222
2022,6,Junho,Com. Leves,Varejo,39,FORD/F1000,2
2022,6,Junho,Autos,Varejo,40,MITSUBISHI/ECLIPSE CROSS,211
2022,6,Junho,Com. Leves,Varejo,40,FORD/F150,2
2022,6,Junho,Autos,Varejo,41,TOYOTA/RAV4,168
2022,6,Junho,Com. Leves,Varejo,41,GM/MONTANA,2
2022,6,Junho,Autos,Varejo,42,VW/JETTA,167
2022,6,Junho,Com. Leves,Varejo,42,EFFA/K01,2
2022,6,Junho,Autos,Varejo,43,PEUGEOT/208,162
2022,6,Junho,Com. Leves,Varejo,43,JAC/IEV 330P,2
2022,6,Junho,Autos,Varejo,44,M.BENZ/GLC,151
2022,6,Junho,Com. Leves,Varejo,44,CITROEN/BERLINGO,1
2022,6,Junho,Autos,Varejo,45,M.BENZ/GLE,150
2022,6,Junho,Com. Leves,Varejo,45,GM/SILVERADO,1
2022,6,Junho,Autos,Varejo,46,MITSUBISHI/PAJERO,136
2022,6,Junho,Com. Leves,Varejo,46,HYUNDAI/H100,1
2022,6,Junho,Autos,Varejo,47,GM/CRUZE HB,135
2022,6,Junho,Com. Leves,Varejo,47,KIA/K2700,1
2022,6,Junho,Autos,Varejo,48,FORD/BRONCO,126
2022,6,Junho,Com. Leves,Varejo,48,NISSAN/URVAN,1
2022,6,Junho,Autos,Varejo,49,RENAULT/CAPTUR,126
2022,6,Junho,Com. Leves,Varejo,49,RAM/1500,1
2022,6,Junho,Autos,Varejo,50,LAND ROVER/DISCOVERY,121
2022,6,Junho,Com. Leves,Varejo,50,RAM/3500,1
2022,7,Julho,Autos,Total,1,VW/GOL,11925
2022,7,Julho,Com. Leves,Total,1,FIAT/STRADA,10897
2022,7,Julho,Autos,Total,2,GM/ONIX,8837
2022,7,Julho,Com. Leves,Total,2,FIAT/TORO,4333
2022,7,Julho,Autos,Total,3,HYUNDAI/HB20,8156
2022,7,Julho,Com. Leves,Total,3,TOYOTA/HILUX,4122
2022,7,Julho,Autos,Total,4,GM/ONIX PLUS,8135
2022,7,Julho,Com. Leves,Total,4,GM/S10,2229
2022,7,Julho,Autos,Total,5,FIAT/ARGO,6103
2022,7,Julho,Com. Leves,Total,5,MITSUBISHI/L200,1794
2022,7,Julho,Autos,Total,6,GM/TRACKER,5998
2022,7,Julho,Com. Leves,Total,6,VW/SAVEIRO,1751
2022,7,Julho,Autos,Total,7,FIAT/PULSE,5300
2022,7,Julho,Com. Leves,Total,7,FIAT/FIORINO,1528
2022,7,Julho,Autos,Total,8,NISSAN/KICKS,5221
2022,7,Julho,Com. Leves,Total,8,RENAULT/OROCH,1368
2022,7,Julho,Autos,Total,9,HYUNDAI/CRETA,5125
2022,7,Julho,Com. Leves,Total,9,RENAULT/MASTER,941
2022,7,Julho,Autos,Total,10,VW/VOYAGE,4776
2022,7,Julho,Com. Leves,Total,10,NISSAN/FRONTIER,743
2022,7,Julho,Autos,Total,11,RENAULT/KWID,4489
2022,7,Julho,Com. Leves,Total,11,FORD/RANGER,653
2022,7,Julho,Autos,Total,12,JEEP/COMPASS,4402
2022,7,Julho,Com. Leves,Total,12,VW/AMAROK,636
2022,7,Julho,Autos,Total,13,JEEP/RENEGADE,4264
2022,7,Julho,Com. Leves,Total,13,RAM/3500,267
2022,7,Julho,Autos,Total,14,TOYOTA/COROLLA,4035
2022,7,Julho,Com. Leves,Total,14,KIA/K2500,254
2022,7,Julho,Autos,Total,15,FIAT/CRONOS,3829
2022,7,Julho,Com. Leves,Total,15,PEUGEOT/EXPERT,225
2022,7,Julho,Autos,Total,16,TOYOTA/COROLLA CROSS,3614
2022,7,Julho,Com. Leves,Total,16,RAM/1500,210
2022,7,Julho,Autos,Total,17,VW/T CROSS,3535
2022,7,Julho,Com. Leves,Total,17,VW/MAN/EXPRESS,185
2022,7,Julho,Autos,Total,18,FIAT/MOBI,3493
2022,7,Julho,Com. Leves,Total,18,FORD/MAVERICK,183
2022,7,Julho,Autos,Total,19,VW/NIVUS,2995
2022,7,Julho,Com. Leves,Total,19,CITROEN/JUMPY,165
2022,7,Julho,Autos,Total,20,PEUGEOT/208,2803
2022,7,Julho,Com. Leves,Total,20,FORD/TRANSIT,162
2022,7,Julho,Autos,Total,21,HONDA/CITY,2342
2022,7,Julho,Com. Leves,Total,21,PEUGEOT/PARTNER,136
2022,7,Julho,Autos,Total,22,TOYOTA/YARIS HB,2208
2022,7,Julho,Com. Leves,Total,22,IVECO/DAILY 35-150,113
2022,7,Julho,Autos,Total,23,RENAULT/DUSTER,2039
2022,7,Julho,Com. Leves,Total,23,IVECO/DAILY,106
2022,7,Julho,Autos,Total,24,HONDA/CITY HATCH,1609
2022,7,Julho,Com. Leves,Total,24,EFFA/V21,74
2022,7,Julho,Autos,Total,25,JEEP/COMMANDER,1483
2022,7,Julho,Com. Leves,Total,25,RAM/2500,68
2022,7,Julho,Autos,Total,26,TOYOTA/YARIS SEDAN,1350
2022,7,Julho,Com. Leves,Total,26,M.BENZ/SPRINTER 314,62
2022,7,Julho,Autos,Total,27,RENAULT/LOGAN,1333
2022,7,Julho,Com. Leves,Total,27,FIAT/SCUDO,60
2022,7,Julho,Autos,Total,28,TOYOTA/HILUX SW4,1271
2022,7,Julho,Com. Leves,Total,28,M.BENZ/SPRINTER 315,60
2022,7,Julho,Autos,Total,29,GM/SPIN,1266
2022,7,Julho,Com. Leves,Total,29,FIAT/DUCATO,54
2022,7,Julho,Autos,Total,30,VW/TAOS,1119
2022,7,Julho,Com. Leves,Total,30,IVECO/DAILY 30-130,29
2022,7,Julho,Autos,Total,31,GM/CRUZE SEDAN,1049
2022,7,Julho,Com. Leves,Total,31,HYUNDAI/HR,26
2022,7,Julho,Autos,Total,32,HYUNDAI/HB20S,958
2022,7,Julho,Com. Leves,Total,32,EFFA/V22,20
2022,7,Julho,Autos,Total,33,RENAULT/SANDERO,897
2022,7,Julho,Com. Leves,Total,33,CITROEN/JUMPER,13
2022,7,Julho,Autos,Total,34,CITROEN/C4 CACTUS,798
2022,7,Julho,Com. Leves,Total,34,PEUGEOT/BOXER,13
2022,7,Julho,Autos,Total,35,CAOA CHERY/TIGGO 5X,741
2022,7,Julho,Com. Leves,Total,35,M.BENZ/SPRINTER 416,12
2022,7,Julho,Autos,Total,36,CAOA CHERY/TIGGO 8,665
2022,7,Julho,Com. Leves,Total,36,M.BENZ/SPRINTER,1
2022,7,Julho,Autos,Total,37,CAOA CHERY/TIGGO 7,556
2022,7,Julho,Com. Leves,Total,37,JAC/V260,10
2022,7,Julho,Autos,Total,38,BMW/X1,406
2022,7,Julho,Com. Leves,Total,38,JEEP/GLADIATOR,9
2022,7,Julho,Autos,Total,39,VW/VIRTUS,381
2022,7,Julho,Com. Leves,Total,39,FOTON/AUMARK 3.5-14DT,7
2022,7,Julho,Autos,Total,40,NISSAN/VERSA,339
2022,7,Julho,Com. Leves,Total,40,FOTON/AUMARK 1039,6
2022,7,Julho,Autos,Total,41,MITSUBISHI/ECLIPSE CROSS,315
2022,7,Julho,Com. Leves,Total,41,BYD/T3,6
2022,7,Julho,Autos,Total,42,BMW/320I,279
2022,7,Julho,Com. Leves,Total,42,GM/SILVERADO,5
2022,7,Julho,Autos,Total,43,PEUGEOT/2008,227
2022,7,Julho,Com. Leves,Total,43,RENAULT/KANGOO,5
2022,7,Julho,Autos,Total,44,RENAULT/CAPTUR,180
2022,7,Julho,Com. Leves,Total,44,KIA/UK2500,4
2022,7,Julho,Autos,Total,45,VW/POLO,177
2022,7,Julho,Com. Leves,Total,45,EFFA/V25,3
2022,7,Julho,Autos,Total,46,BMW/X3,172
2022,7,Julho,Com. Leves,Total,46,FORD/F150,2
2022,7,Julho,Autos,Total,47,KIA/SPORTAGE,163
2022,7,Julho,Com. Leves,Total,47,TOYOTA/BANDEIRANTE,2
2022,7,Julho,Autos,Total,48,FORD/BRONCO,162
2022,7,Julho,Com. Leves,Total,48,AGRALE/AGRALE MARRUA,1
2022,7,Julho,Autos,Total,49,GM/EQUINOX,161
2022,7,Julho,Com. Leves,Total,49,FORD/PAMPA,1
2022,7,Julho,Autos,Total,50,GM/CRUZE HB,150
2022,7,Julho,Com. Leves,Total,50,GM/MONTANA,1
2022,7,Julho,Autos,Direta,1,VW/GOL,9697
2022,7,Julho,Com. Leves,Direta,1,FIAT/STRADA,7014
2022,7,Julho,Autos,Direta,2,HYUNDAI/HB20,5199
2022,7,Julho,Com. Leves,Direta,2,FIAT/TORO,2797
2022,7,Julho,Autos,Direta,3,GM/ONIX PLUS,4885
2022,7,Julho,Com. Leves,Direta,3,GM/S10,1769
2022,7,Julho,Autos,Direta,4,VW/VOYAGE,4754
2022,7,Julho,Com. Leves,Direta,4,VW/SAVEIRO,1671
2022,7,Julho,Autos,Direta,5,FIAT/ARGO,4081
2022,7,Julho,Com. Leves,Direta,5,RENAULT/OROCH,1163
2022,7,Julho,Autos,Direta,6,GM/ONIX,3584
2022,7,Julho,Com. Leves,Direta,6,TOYOTA/HILUX,1087
2022,7,Julho,Autos,Direta,7,JEEP/RENEGADE,3277
2022,7,Julho,Com. Leves,Direta,7,MITSUBISHI/L200,1045
2022,7,Julho,Autos,Direta,8,NISSAN/KICKS,3204
2022,7,Julho,Com. Leves,Direta,8,FIAT/FIORINO,1038
2022,7,Julho,Autos,Direta,9,JEEP/COMPASS,3177
2022,7,Julho,Com. Leves,Direta,9,RENAULT/MASTER,715
2022,7,Julho,Autos,Direta,10,FIAT/CRONOS,3025
2022,7,Julho,Com. Leves,Direta,10,NISSAN/FRONTIER,386
2022,7,Julho,Autos,Direta,11,PEUGEOT/208,2657
2022,7,Julho,Com. Leves,Direta,11,RAM/3500,262
2022,7,Julho,Autos,Direta,12,GM/TRACKER,2294
2022,7,Julho,Com. Leves,Direta,12,FORD/RANGER,232
2022,7,Julho,Autos,Direta,13,FIAT/PULSE,2063
2022,7,Julho,Com. Leves,Direta,13,RAM/1500,208
2022,7,Julho,Autos,Direta,14,TOYOTA/COROLLA,1341
2022,7,Julho,Com. Leves,Direta,14,VW/AMAROK,116
2022,7,Julho,Autos,Direta,15,FIAT/MOBI,1314
2022,7,Julho,Com. Leves,Direta,15,PEUGEOT/PARTNER,103
2022,7,Julho,Autos,Direta,16,RENAULT/DUSTER,1140
2022,7,Julho,Com. Leves,Direta,16,FORD/MAVERICK,71
2022,7,Julho,Autos,Direta,17,VW/T CROSS,1127
2022,7,Julho,Com. Leves,Direta,17,FORD/TRANSIT,69
2022,7,Julho,Autos,Direta,18,JEEP/COMMANDER,1116
2022,7,Julho,Com. Leves,Direta,18,RAM/2500,68
2022,7,Julho,Autos,Direta,19,RENAULT/KWID,972
2022,7,Julho,Com. Leves,Direta,19,FIAT/SCUDO,60
2022,7,Julho,Autos,Direta,20,GM/SPIN,880
2022,7,Julho,Com. Leves,Direta,20,PEUGEOT/EXPERT,46
2022,7,Julho,Autos,Direta,21,CITROEN/C4 CACTUS,703
2022,7,Julho,Com. Leves,Direta,21,VW/MAN/EXPRESS,38
2022,7,Julho,Autos,Direta,22,RENAULT/LOGAN,696
2022,7,Julho,Com. Leves,Direta,22,CITROEN/JUMPY,3
2022,7,Julho,Autos,Direta,23,RENAULT/SANDERO,616
2022,7,Julho,Com. Leves,Direta,23,FIAT/DUCATO,24
2022,7,Julho,Autos,Direta,24,TOYOTA/YARIS SEDAN,598
2022,7,Julho,Com. Leves,Direta,24,JEEP/GLADIATOR,9
2022,7,Julho,Autos,Direta,25,GM/CRUZE SEDAN,514
2022,7,Julho,Com. Leves,Direta,25,CITROEN/JUMPER,5
2022,7,Julho,Autos,Direta,26,TOYOTA/COROLLA CROSS,464
2022,7,Julho,Com. Leves,Direta,26,HYUNDAI/HR,5
2022,7,Julho,Autos,Direta,27,HYUNDAI/CRETA,443
2022,7,Julho,Com. Leves,Direta,27,PEUGEOT/BOXER,5
2022,7,Julho,Autos,Direta,28,TOYOTA/YARIS HB,332
2022,7,Julho,Com. Leves,Direta,28,RENAULT/KANGOO,5
2022,7,Julho,Autos,Direta,29,VW/NIVUS,315
2022,7,Julho,Com. Leves,Direta,29,AGRALE/AGRALE MARRUA,1
2022,7,Julho,Autos,Direta,30,HONDA/CITY,294
2022,7,Julho,Com. Leves,Direta,30,GM/MONTANA,1
2022,7,Julho,Autos,Direta,31,HYUNDAI/HB20S,225
2022,7,Julho,Com. Leves,Direta,31,IVECO/DAILY 35-150,1
2022,7,Julho,Autos,Direta,32,PEUGEOT/2008,208
2022,7,Julho,Com. Leves,Direta,32,KIA/K2500,1
2022,7,Julho,Autos,Direta,33,VW/TAOS,159
2022,7,Julho,Com. Leves,Direta,33,M.BENZ/SPRINTER 416,1
2022,7,Julho,Autos,Direta,34,HONDA/CITY HATCH,153
2022,7,Julho,Com. Leves,Direta,34,TOYOTA/BANDEIRANTE,1
2022,7,Julho,Autos,Direta,35,AUDI/Q5,122
2022,7,Julho,Autos,Direta,36,MITSUBISHI/ECLIPSE CROSS,117
2022,7,Julho,Autos,Direta,37,VOLVO/XC60,101
2022,7,Julho,Autos,Direta,38,TOYOTA/HILUX SW4,92
2022,7,Julho,Autos,Direta,39,CAOA CHERY/TIGGO 5X,89
2022,7,Julho,Autos,Direta,40,CAOA CHERY/TIGGO 7,8
2022,7,Julho,Autos,Direta,41,VOLVO/XC40,74
2022,7,Julho,Autos,Direta,42,VOLVO/XC90,74
2022,7,Julho,Autos,Direta,43,PEUGEOT/3008,73
2022,7,Julho,Autos,Direta,44,GM/TRAILBLAZER,68
2022,7,Julho,Autos,Direta,45,VW/VIRTUS,64
2022,7,Julho,Autos,Direta,46,GM/CRUZE HB,60
2022,7,Julho,Autos,Direta,47,AUDI/E TRON,56
2022,7,Julho,Autos,Direta,48,RENAULT/CAPTUR,54
2022,7,Julho,Autos,Direta,49,BMW/X1,40
2022,7,Julho,Autos,Direta,50,FORD/BRONCO,39
2022,7,Julho,Autos,Varejo,1,GM/ONIX,5253
2022,7,Julho,Com. Leves,Varejo,1,FIAT/STRADA,3883
2022,7,Julho,Autos,Varejo,2,HYUNDAI/CRETA,4682
2022,7,Julho,Com. Leves,Varejo,2,TOYOTA/HILUX,3035
2022,7,Julho,Autos,Varejo,3,GM/TRACKER,3704
2022,7,Julho,Com. Leves,Varejo,3,FIAT/TORO,1536
2022,7,Julho,Autos,Varejo,4,RENAULT/KWID,3517
2022,7,Julho,Com. Leves,Varejo,4,MITSUBISHI/L200,749
2022,7,Julho,Autos,Varejo,5,GM/ONIX PLUS,3250
2022,7,Julho,Com. Leves,Varejo,5,VW/AMAROK,520
2022,7,Julho,Autos,Varejo,6,FIAT/PULSE,3237
2022,7,Julho,Com. Leves,Varejo,6,FIAT/FIORINO,490
2022,7,Julho,Autos,Varejo,7,TOYOTA/COROLLA CROSS,3150
2022,7,Julho,Com. Leves,Varejo,7,GM/S10,460
2022,7,Julho,Autos,Varejo,8,HYUNDAI/HB20,2957
2022,7,Julho,Com. Leves,Varejo,8,FORD/RANGER,421
2022,7,Julho,Autos,Varejo,9,TOYOTA/COROLLA,2694
2022,7,Julho,Com. Leves,Varejo,9,NISSAN/FRONTIER,357
2022,7,Julho,Autos,Varejo,10,VW/NIVUS,2680
2022,7,Julho,Com. Leves,Varejo,10,KIA/K2500,253
2022,7,Julho,Autos,Varejo,11,VW/T CROSS,2408
2022,7,Julho,Com. Leves,Varejo,11,RENAULT/MASTER,226
2022,7,Julho,Autos,Varejo,12,VW/GOL,2228
2022,7,Julho,Com. Leves,Varejo,12,RENAULT/OROCH,205
2022,7,Julho,Autos,Varejo,13,FIAT/MOBI,2179
2022,7,Julho,Com. Leves,Varejo,13,PEUGEOT/EXPERT,179
2022,7,Julho,Autos,Varejo,14,HONDA/CITY,2048
2022,7,Julho,Com. Leves,Varejo,14,VW/MAN/EXPRESS,147
2022,7,Julho,Autos,Varejo,15,FIAT/ARGO,2022
2022,7,Julho,Com. Leves,Varejo,15,CITROEN/JUMPY,132
2022,7,Julho,Autos,Varejo,16,NISSAN/KICKS,2017
2022,7,Julho,Com. Leves,Varejo,16,FORD/MAVERICK,112
2022,7,Julho,Autos,Varejo,17,TOYOTA/YARIS HB,1876
2022,7,Julho,Com. Leves,Varejo,17,IVECO/DAILY 35-150,112
2022,7,Julho,Autos,Varejo,18,HONDA/CITY HATCH,1456
2022,7,Julho,Com. Leves,Varejo,18,IVECO/DAILY,106
2022,7,Julho,Autos,Varejo,19,JEEP/COMPASS,1225
2022,7,Julho,Com. Leves,Varejo,19,FORD/TRANSIT,93
2022,7,Julho,Autos,Varejo,20,TOYOTA/HILUX SW4,1179
2022,7,Julho,Com. Leves,Varejo,20,VW/SAVEIRO,80
2022,7,Julho,Autos,Varejo,21,JEEP/RENEGADE,987
2022,7,Julho,Com. Leves,Varejo,21,EFFA/V21,74
2022,7,Julho,Autos,Varejo,22,VW/TAOS,960
2022,7,Julho,Com. Leves,Varejo,22,M.BENZ/SPRINTER 314,62
2022,7,Julho,Autos,Varejo,23,RENAULT/DUSTER,899
2022,7,Julho,Com. Leves,Varejo,23,M.BENZ/SPRINTER 315,60
2022,7,Julho,Autos,Varejo,24,FIAT/CRONOS,804
2022,7,Julho,Com. Leves,Varejo,24,PEUGEOT/PARTNER,3
2022,7,Julho,Autos,Varejo,25,TOYOTA/YARIS SEDAN,752
2022,7,Julho,Com. Leves,Varejo,25,FIAT/DUCATO,30
2022,7,Julho,Autos,Varejo,26,HYUNDAI/HB20S,733
2022,7,Julho,Com. Leves,Varejo,26,IVECO/DAILY 30-130,29
2022,7,Julho,Autos,Varejo,27,CAOA CHERY/TIGGO 5X,652
2022,7,Julho,Com. Leves,Varejo,27,HYUNDAI/HR,21
2022,7,Julho,Autos,Varejo,28,CAOA CHERY/TIGGO 8,651
2022,7,Julho,Com. Leves,Varejo,28,EFFA/V22,20
2022,7,Julho,Autos,Varejo,29,RENAULT/LOGAN,637
2022,7,Julho,Com. Leves,Varejo,29,M.BENZ/SPRINTER,1
2022,7,Julho,Autos,Varejo,30,GM/CRUZE SEDAN,535
2022,7,Julho,Com. Leves,Varejo,30,M.BENZ/SPRINTER 416,1
2022,7,Julho,Autos,Varejo,31,CAOA CHERY/TIGGO 7,468
2022,7,Julho,Com. Leves,Varejo,31,JAC/V260,10
2022,7,Julho,Autos,Varejo,32,GM/SPIN,386
2022,7,Julho,Com. Leves,Varejo,32,CITROEN/JUMPER,8
2022,7,Julho,Autos,Varejo,33,JEEP/COMMANDER,367
2022,7,Julho,Com. Leves,Varejo,33,PEUGEOT/BOXER,8
2022,7,Julho,Autos,Varejo,34,BMW/X1,366
2022,7,Julho,Com. Leves,Varejo,34,FOTON/AUMARK 3.5-14DT,7
2022,7,Julho,Autos,Varejo,35,NISSAN/VERSA,338
2022,7,Julho,Com. Leves,Varejo,35,FOTON/AUMARK 1039,6
2022,7,Julho,Autos,Varejo,36,VW/VIRTUS,317
2022,7,Julho,Com. Leves,Varejo,36,BYD/T3,6
2022,7,Julho,Autos,Varejo,37,RENAULT/SANDERO,281
2022,7,Julho,Com. Leves,Varejo,37,GM/SILVERADO,5
2022,7,Julho,Autos,Varejo,38,BMW/320I,244
2022,7,Julho,Com. Leves,Varejo,38,RAM/3500,5
2022,7,Julho,Autos,Varejo,39,MITSUBISHI/ECLIPSE CROSS,198
2022,7,Julho,Com. Leves,Varejo,39,KIA/UK2500,4
2022,7,Julho,Autos,Varejo,40,VW/POLO,176
2022,7,Julho,Com. Leves,Varejo,40,EFFA/V25,3
2022,7,Julho,Autos,Varejo,41,BMW/X3,169
2022,7,Julho,Com. Leves,Varejo,41,FORD/F150,2
2022,7,Julho,Autos,Varejo,42,KIA/SPORTAGE,159
2022,7,Julho,Com. Leves,Varejo,42,RAM/1500,2
2022,7,Julho,Autos,Varejo,43,GM/EQUINOX,151
2022,7,Julho,Com. Leves,Varejo,43,FORD/PAMPA,1
2022,7,Julho,Autos,Varejo,44,PEUGEOT/208,146
2022,7,Julho,Com. Leves,Varejo,44,TOYOTA/BANDEIRANTE,1
2022,7,Julho,Autos,Varejo,45,LAND ROVER/DISCOVERY,145
2022,7,Julho,Com. Leves,Varejo,45,HAFEI/START PICK UP,1
2022,7,Julho,Autos,Varejo,46,BMW/X5,142
2022,7,Julho,Autos,Varejo,47,TOYOTA/RAV4,127
2022,7,Julho,Autos,Varejo,48,RENAULT/CAPTUR,126
2022,7,Julho,Autos,Varejo,49,FORD/BRONCO,123
2022,7,Julho,Autos,Varejo,50,VW/JETTA,98
2022,8,Agosto,Autos,Total,1,VW/GOL,11719
2022,8,Agosto,Com. Leves,Total,1,FIAT/STRADA,14157
2022,8,Agosto,Autos,Total,2,HYUNDAI/HB20,10919
2022,8,Agosto,Com. Leves,Total,2,FIAT/TORO,4290
2022,8,Agosto,Autos,Total,3,GM/ONIX,9821
2022,8,Agosto,Com. Leves,Total,3,TOYOTA/HILUX,3979
2022,8,Agosto,Autos,Total,4,GM/ONIX PLUS,8968
2022,8,Agosto,Com. Leves,Total,4,VW/SAVEIRO,2836
2022,8,Agosto,Autos,Total,5,FIAT/MOBI,7613
2022,8,Agosto,Com. Leves,Total,5,GM/S10,2115
2022,8,Agosto,Autos,Total,6,FIAT/ARGO,7594
2022,8,Agosto,Com. Leves,Total,6,FIAT/FIORINO,1897
2022,8,Agosto,Autos,Total,7,RENAULT/KWID,6829
2022,8,Agosto,Com. Leves,Total,7,FORD/RANGER,1371
2022,8,Agosto,Autos,Total,8,GM/TRACKER,6708
2022,8,Agosto,Com. Leves,Total,8,MITSUBISHI/L200,1284
2022,8,Agosto,Autos,Total,9,VW/T CROSS,6194
2022,8,Agosto,Com. Leves,Total,9,RENAULT/OROCH,1134
2022,8,Agosto,Autos,Total,10,HYUNDAI/CRETA,5806
2022,8,Agosto,Com. Leves,Total,10,RENAULT/MASTER,1062
2022,8,Agosto,Autos,Total,11,VW/VOYAGE,5564
2022,8,Agosto,Com. Leves,Total,11,PEUGEOT/PARTNER,897
2022,8,Agosto,Autos,Total,12,JEEP/COMPASS,5284
2022,8,Agosto,Com. Leves,Total,12,VW/AMAROK,719
2022,8,Agosto,Autos,Total,13,FIAT/PULSE,4771
2022,8,Agosto,Com. Leves,Total,13,NISSAN/FRONTIER,600
2022,8,Agosto,Autos,Total,14,JEEP/RENEGADE,4654
2022,8,Agosto,Com. Leves,Total,14,PEUGEOT/EXPERT,386
2022,8,Agosto,Autos,Total,15,NISSAN/KICKS,4250
2022,8,Agosto,Com. Leves,Total,15,CITROEN/JUMPY,299
2022,8,Agosto,Autos,Total,16,FIAT/CRONOS,3757
2022,8,Agosto,Com. Leves,Total,16,KIA/K2500,272
2022,8,Agosto,Autos,Total,17,TOYOTA/COROLLA,3386
2022,8,Agosto,Com. Leves,Total,17,RAM/3500,225
2022,8,Agosto,Autos,Total,18,VW/NIVUS,3380
2022,8,Agosto,Com. Leves,Total,18,VW/MAN/EXPRESS,200
2022,8,Agosto,Autos,Total,19,TOYOTA/COROLLA CROSS,3250
2022,8,Agosto,Com. Leves,Total,19,FORD/TRANSIT,182
2022,8,Agosto,Autos,Total,20,PEUGEOT/208,2825
2022,8,Agosto,Com. Leves,Total,20,RAM/1500,174
2022,8,Agosto,Autos,Total,21,JEEP/COMMANDER,2338
2022,8,Agosto,Com. Leves,Total,21,FORD/MAVERICK,161
2022,8,Agosto,Autos,Total,22,TOYOTA/YARIS HB,2235
2022,8,Agosto,Com. Leves,Total,22,IVECO/DAILY,154
2022,8,Agosto,Autos,Total,23,RENAULT/DUSTER,2087
2022,8,Agosto,Com. Leves,Total,23,RAM/2500,107
2022,8,Agosto,Autos,Total,24,HONDA/CITY,2084
2022,8,Agosto,Com. Leves,Total,24,FIAT/SCUDO,71
2022,8,Agosto,Autos,Total,25,CITROEN/C4 CACTUS,1983
2022,8,Agosto,Com. Leves,Total,25,M.BENZ/SPRINTER 315,65
2022,8,Agosto,Autos,Total,26,VW/TAOS,1667
2022,8,Agosto,Com. Leves,Total,26,EFFA/V21,60
2022,8,Agosto,Autos,Total,27,GM/SPIN,1515
2022,8,Agosto,Com. Leves,Total,27,JEEP/GLADIATOR,5
2022,8,Agosto,Autos,Total,28,HONDA/CITY HATCH,1504
2022,8,Agosto,Com. Leves,Total,28,FIAT/DUCATO,40
2022,8,Agosto,Autos,Total,29,TOYOTA/HILUX SW4,1221
2022,8,Agosto,Com. Leves,Total,29,IVECO/DAILY 35-150,40
2022,8,Agosto,Autos,Total,30,CAOA CHERY/TIGGO 8,1188
2022,8,Agosto,Com. Leves,Total,30,IVECO/DAILY 30-130,35
2022,8,Agosto,Autos,Total,31,TOYOTA/YARIS SEDAN,1174
2022,8,Agosto,Com. Leves,Total,31,EFFA/V22,28
2022,8,Agosto,Autos,Total,32,RENAULT/SANDERO,1002
2022,8,Agosto,Com. Leves,Total,32,M.BENZ/SPRINTER 314,26
2022,8,Agosto,Autos,Total,33,HYUNDAI/HB20S,997
2022,8,Agosto,Com. Leves,Total,33,HYUNDAI/HR,14
2022,8,Agosto,Autos,Total,34,CAOA CHERY/TIGGO 7,983
2022,8,Agosto,Com. Leves,Total,34,M.BENZ/SPRINTER,14
2022,8,Agosto,Autos,Total,35,GM/CRUZE SEDAN,889
2022,8,Agosto,Com. Leves,Total,35,M.BENZ/SPRINTER 416,13
2022,8,Agosto,Autos,Total,36,CAOA CHERY/TIGGO 5X,763
2022,8,Agosto,Com. Leves,Total,36,PEUGEOT/BOXER,10
2022,8,Agosto,Autos,Total,37,RENAULT/LOGAN,687
2022,8,Agosto,Com. Leves,Total,37,CITROEN/JUMPER,8
2022,8,Agosto,Autos,Total,38,BMW/X1,487
2022,8,Agosto,Com. Leves,Total,38,JAC/V260,8
2022,8,Agosto,Autos,Total,39,HONDA/HR-V,486
2022,8,Agosto,Com. Leves,Total,39,FOTON/AUMARK 1039,7
2022,8,Agosto,Autos,Total,40,MITSUBISHI/ECLIPSE CROSS,400
2022,8,Agosto,Com. Leves,Total,40,JAC/IEV750,6
2022,8,Agosto,Autos,Total,41,VW/VIRTUS,367
2022,8,Agosto,Com. Leves,Total,41,KIA/UK2500,5
2022,8,Agosto,Autos,Total,42,NISSAN/VERSA,266
2022,8,Agosto,Com. Leves,Total,42,EFFA/V25,5
2022,8,Agosto,Autos,Total,43,GM/TRAILBLAZER,245
2022,8,Agosto,Com. Leves,Total,43,BYD/T3,5
2022,8,Agosto,Autos,Total,44,BMW/320I,217
2022,8,Agosto,Com. Leves,Total,44,EFFA/K01,4
2022,8,Agosto,Autos,Total,45,AUDI/Q3,188
2022,8,Agosto,Com. Leves,Total,45,VW/KOMBI,3
2022,8,Agosto,Autos,Total,46,BMW/X5,170
2022,8,Agosto,Com. Leves,Total,46,FOTON/AUMARK 3.5-14DT,3
2022,8,Agosto,Autos,Total,47,LAND ROVER/DISCOVERY,162
2022,8,Agosto,Com. Leves,Total,47,AGRALE/AGRALE MARRUA,2
2022,8,Agosto,Autos,Total,48,TOYOTA/RAV4,146
2022,8,Agosto,Com. Leves,Total,48,GM/D20,2
2022,8,Agosto,Autos,Total,49,AUDI/Q5,145
2022,8,Agosto,Com. Leves,Total,49,GM/SILVERADO,2
2022,8,Agosto,Autos,Total,50,GM/EQUINOX,143
2022,8,Agosto,Com. Leves,Total,50,GMC/SIERRA,2
2022,8,Agosto,Autos,Direta,1,VW/GOL,9443
2022,8,Agosto,Com. Leves,Direta,1,FIAT/STRADA,9866
2022,8,Agosto,Autos,Direta,2,HYUNDAI/HB20,7448
2022,8,Agosto,Com. Leves,Direta,2,VW/SAVEIRO,2727
2022,8,Agosto,Autos,Direta,3,VW/VOYAGE,5544
2022,8,Agosto,Com. Leves,Direta,3,FIAT/TORO,2677
2022,8,Agosto,Autos,Direta,4,FIAT/MOBI,5457
2022,8,Agosto,Com. Leves,Direta,4,GM/S10,1723
2022,8,Agosto,Autos,Direta,5,GM/ONIX PLUS,5090
2022,8,Agosto,Com. Leves,Direta,5,FIAT/FIORINO,1325
2022,8,Agosto,Autos,Direta,6,FIAT/ARGO,5000
2022,8,Agosto,Com. Leves,Direta,6,RENAULT/OROCH,937
2022,8,Agosto,Autos,Direta,7,JEEP/COMPASS,4037
2022,8,Agosto,Com. Leves,Direta,7,TOYOTA/HILUX,924
2022,8,Agosto,Autos,Direta,8,GM/ONIX,3885
2022,8,Agosto,Com. Leves,Direta,8,PEUGEOT/PARTNER,858
2022,8,Agosto,Autos,Direta,9,RENAULT/KWID,3665
2022,8,Agosto,Com. Leves,Direta,9,RENAULT/MASTER,798
2022,8,Agosto,Autos,Direta,10,JEEP/RENEGADE,3499
2022,8,Agosto,Com. Leves,Direta,10,FORD/RANGER,749
2022,8,Agosto,Autos,Direta,11,GM/TRACKER,2834
2022,8,Agosto,Com. Leves,Direta,11,MITSUBISHI/L200,504
2022,8,Agosto,Autos,Direta,12,VW/T CROSS,2812
2022,8,Agosto,Com. Leves,Direta,12,NISSAN/FRONTIER,303
2022,8,Agosto,Autos,Direta,13,FIAT/CRONOS,2754
2022,8,Agosto,Com. Leves,Direta,13,RAM/3500,225
2022,8,Agosto,Autos,Direta,14,PEUGEOT/208,2701
2022,8,Agosto,Com. Leves,Direta,14,PEUGEOT/EXPERT,196
2022,8,Agosto,Autos,Direta,15,JEEP/COMMANDER,1944
2022,8,Agosto,Com. Leves,Direta,15,RAM/1500,170
2022,8,Agosto,Autos,Direta,16,CITROEN/C4 CACTUS,1909
2022,8,Agosto,Com. Leves,Direta,16,CITROEN/JUMPY,132
2022,8,Agosto,Autos,Direta,17,NISSAN/KICKS,1760
2022,8,Agosto,Com. Leves,Direta,17,VW/AMAROK,123
2022,8,Agosto,Autos,Direta,18,FIAT/PULSE,1265
2022,8,Agosto,Com. Leves,Direta,18,RAM/2500,106
2022,8,Agosto,Autos,Direta,19,GM/SPIN,1151
2022,8,Agosto,Com. Leves,Direta,19,VW/MAN/EXPRESS,104
2022,8,Agosto,Autos,Direta,20,RENAULT/DUSTER,1088
2022,8,Agosto,Com. Leves,Direta,20,FIAT/SCUDO,71
2022,8,Agosto,Autos,Direta,21,RENAULT/SANDERO,715
2022,8,Agosto,Com. Leves,Direta,21,FORD/TRANSIT,65
2022,8,Agosto,Autos,Direta,22,HYUNDAI/HB20S,600
2022,8,Agosto,Com. Leves,Direta,22,FORD/MAVERICK,5
2022,8,Agosto,Autos,Direta,23,RENAULT/LOGAN,600
2022,8,Agosto,Com. Leves,Direta,23,JEEP/GLADIATOR,29
2022,8,Agosto,Autos,Direta,24,TOYOTA/COROLLA,564
2022,8,Agosto,Com. Leves,Direta,24,FIAT/DUCATO,9
2022,8,Agosto,Autos,Direta,25,HYUNDAI/CRETA,546
2022,8,Agosto,Com. Leves,Direta,25,CITROEN/JUMPER,3
2022,8,Agosto,Autos,Direta,26,VW/TAOS,541
2022,8,Agosto,Com. Leves,Direta,26,PEUGEOT/BOXER,3
2022,8,Agosto,Autos,Direta,27,CAOA CHERY/TIGGO 8,503
2022,8,Agosto,Com. Leves,Direta,27,AGRALE/AGRALE MARRUA,2
2022,8,Agosto,Autos,Direta,28,CAOA CHERY/TIGGO 7,446
2022,8,Agosto,Com. Leves,Direta,28,HYUNDAI/HR,2
2022,8,Agosto,Autos,Direta,29,TOYOTA/YARIS SEDAN,407
2022,8,Agosto,Autos,Direta,30,TOYOTA/COROLLA CROSS,399
2022,8,Agosto,Autos,Direta,31,VW/NIVUS,397
2022,8,Agosto,Autos,Direta,32,GM/CRUZE SEDAN,364
2022,8,Agosto,Autos,Direta,33,TOYOTA/YARIS HB,297
2022,8,Agosto,Autos,Direta,34,HONDA/CITY,238
2022,8,Agosto,Autos,Direta,35,GM/TRAILBLAZER,213
2022,8,Agosto,Autos,Direta,36,CAOA CHERY/TIGGO 5X,136
2022,8,Agosto,Autos,Direta,37,AUDI/Q5,134
2022,8,Agosto,Autos,Direta,38,MITSUBISHI/ECLIPSE CROSS,126
2022,8,Agosto,Autos,Direta,39,PEUGEOT/2008,103
2022,8,Agosto,Autos,Direta,40,VOLVO/XC40,95
2022,8,Agosto,Autos,Direta,41,CITROEN/C3,91
2022,8,Agosto,Autos,Direta,42,TOYOTA/HILUX SW4,8
2022,8,Agosto,Autos,Direta,43,AUDI/E TRON,85
2022,8,Agosto,Autos,Direta,44,HONDA/CITY HATCH,83
2022,8,Agosto,Autos,Direta,45,VW/VIRTUS,81
2022,8,Agosto,Autos,Direta,46,HONDA/HR-V,79
2022,8,Agosto,Autos,Direta,47,VOLVO/XC60,64
2022,8,Agosto,Autos,Direta,48,PEUGEOT/3008,63
2022,8,Agosto,Autos,Direta,49,BMW/X1,61
2022,8,Agosto,Autos,Direta,50,VOLVO/C40,5
2022,8,Agosto,Autos,Varejo,1,GM/ONIX,5936
2022,8,Agosto,Com. Leves,Varejo,1,FIAT/STRADA,4291
2022,8,Agosto,Autos,Varejo,2,HYUNDAI/CRETA,5260
2022,8,Agosto,Com. Leves,Varejo,2,TOYOTA/HILUX,3055
2022,8,Agosto,Autos,Varejo,3,GM/ONIX PLUS,3878
2022,8,Agosto,Com. Leves,Varejo,3,FIAT/TORO,1613
2022,8,Agosto,Autos,Varejo,4,GM/TRACKER,3874
2022,8,Agosto,Com. Leves,Varejo,4,MITSUBISHI/L200,780
2022,8,Agosto,Autos,Varejo,5,FIAT/PULSE,3506
2022,8,Agosto,Com. Leves,Varejo,5,FORD/RANGER,622
2022,8,Agosto,Autos,Varejo,6,HYUNDAI/HB20,3471
2022,8,Agosto,Com. Leves,Varejo,6,VW/AMAROK,596
2022,8,Agosto,Autos,Varejo,7,VW/T CROSS,3382
2022,8,Agosto,Com. Leves,Varejo,7,FIAT/FIORINO,572
2022,8,Agosto,Autos,Varejo,8,RENAULT/KWID,3164
2022,8,Agosto,Com. Leves,Varejo,8,GM/S10,392
2022,8,Agosto,Autos,Varejo,9,VW/NIVUS,2983
2022,8,Agosto,Com. Leves,Varejo,9,NISSAN/FRONTIER,297
2022,8,Agosto,Autos,Varejo,10,TOYOTA/COROLLA CROSS,2851
2022,8,Agosto,Com. Leves,Varejo,10,KIA/K2500,272
2022,8,Agosto,Autos,Varejo,11,TOYOTA/COROLLA,2822
2022,8,Agosto,Com. Leves,Varejo,11,RENAULT/MASTER,264
2022,8,Agosto,Autos,Varejo,12,FIAT/ARGO,2594
2022,8,Agosto,Com. Leves,Varejo,12,RENAULT/OROCH,197
2022,8,Agosto,Autos,Varejo,13,NISSAN/KICKS,2490
2022,8,Agosto,Com. Leves,Varejo,13,PEUGEOT/EXPERT,190
2022,8,Agosto,Autos,Varejo,14,VW/GOL,2276
2022,8,Agosto,Com. Leves,Varejo,14,CITROEN/JUMPY,167
2022,8,Agosto,Autos,Varejo,15,FIAT/MOBI,2156
2022,8,Agosto,Com. Leves,Varejo,15,IVECO/DAILY,154
2022,8,Agosto,Autos,Varejo,16,TOYOTA/YARIS HB,1938
2022,8,Agosto,Com. Leves,Varejo,16,FORD/TRANSIT,117
2022,8,Agosto,Autos,Varejo,17,HONDA/CITY,1846
2022,8,Agosto,Com. Leves,Varejo,17,VW/SAVEIRO,109
2022,8,Agosto,Autos,Varejo,18,HONDA/CITY HATCH,1421
2022,8,Agosto,Com. Leves,Varejo,18,FORD/MAVERICK,106
2022,8,Agosto,Autos,Varejo,19,JEEP/COMPASS,1247
2022,8,Agosto,Com. Leves,Varejo,19,VW/MAN/EXPRESS,96
2022,8,Agosto,Autos,Varejo,20,JEEP/RENEGADE,1155
2022,8,Agosto,Com. Leves,Varejo,20,M.BENZ/SPRINTER 315,65
2022,8,Agosto,Autos,Varejo,21,TOYOTA/HILUX SW4,1133
2022,8,Agosto,Com. Leves,Varejo,21,EFFA/V21,60
2022,8,Agosto,Autos,Varejo,22,VW/TAOS,1126
2022,8,Agosto,Com. Leves,Varejo,22,IVECO/DAILY 35-150,40
2022,8,Agosto,Autos,Varejo,23,FIAT/CRONOS,1003
2022,8,Agosto,Com. Leves,Varejo,23,PEUGEOT/PARTNER,39
2022,8,Agosto,Autos,Varejo,24,RENAULT/DUSTER,999
2022,8,Agosto,Com. Leves,Varejo,24,IVECO/DAILY 30-130,35
2022,8,Agosto,Autos,Varejo,25,TOYOTA/YARIS SEDAN,767
2022,8,Agosto,Com. Leves,Varejo,25,FIAT/DUCATO,31
2022,8,Agosto,Autos,Varejo,26,CAOA CHERY/TIGGO 8,685
2022,8,Agosto,Com. Leves,Varejo,26,EFFA/V22,28
2022,8,Agosto,Autos,Varejo,27,CAOA CHERY/TIGGO 5X,627
2022,8,Agosto,Com. Leves,Varejo,27,JEEP/GLADIATOR,26
2022,8,Agosto,Autos,Varejo,28,CAOA CHERY/TIGGO 7,537
2022,8,Agosto,Com. Leves,Varejo,28,M.BENZ/SPRINTER 314,26
2022,8,Agosto,Autos,Varejo,29,GM/CRUZE SEDAN,525
2022,8,Agosto,Com. Leves,Varejo,29,M.BENZ/SPRINTER,14
2022,8,Agosto,Autos,Varejo,30,BMW/X1,426
2022,8,Agosto,Com. Leves,Varejo,30,M.BENZ/SPRINTER 416,13
2022,8,Agosto,Autos,Varejo,31,HONDA/HR-V,407
2022,8,Agosto,Com. Leves,Varejo,31,HYUNDAI/HR,12
2022,8,Agosto,Autos,Varejo,32,HYUNDAI/HB20S,397
2022,8,Agosto,Com. Leves,Varejo,32,JAC/V260,8
2022,8,Agosto,Autos,Varejo,33,JEEP/COMMANDER,394
2022,8,Agosto,Com. Leves,Varejo,33,PEUGEOT/BOXER,7
2022,8,Agosto,Autos,Varejo,34,GM/SPIN,364
2022,8,Agosto,Com. Leves,Varejo,34,FOTON/AUMARK 1039,7
2022,8,Agosto,Autos,Varejo,35,RENAULT/SANDERO,287
2022,8,Agosto,Com. Leves,Varejo,35,JAC/IEV750,6
2022,8,Agosto,Autos,Varejo,36,VW/VIRTUS,286
2022,8,Agosto,Com. Leves,Varejo,36,CITROEN/JUMPER,5
2022,8,Agosto,Autos,Varejo,37,MITSUBISHI/ECLIPSE CROSS,274
2022,8,Agosto,Com. Leves,Varejo,37,KIA/UK2500,5
2022,8,Agosto,Autos,Varejo,38,NISSAN/VERSA,266
2022,8,Agosto,Com. Leves,Varejo,38,EFFA/V25,5
2022,8,Agosto,Autos,Varejo,39,BMW/320I,195
2022,8,Agosto,Com. Leves,Varejo,39,BYD/T3,5
2022,8,Agosto,Autos,Varejo,40,BMW/X5,167
2022,8,Agosto,Com. Leves,Varejo,40,EFFA/K01,4
2022,8,Agosto,Autos,Varejo,41,LAND ROVER/DISCOVERY,160
2022,8,Agosto,Com. Leves,Varejo,41,RAM/1500,4
2022,8,Agosto,Autos,Varejo,42,AUDI/Q3,158
2022,8,Agosto,Com. Leves,Varejo,42,VW/KOMBI,3
2022,8,Agosto,Autos,Varejo,43,TOYOTA/RAV4,141
2022,8,Agosto,Com. Leves,Varejo,43,FOTON/AUMARK 3.5-14DT,3
2022,8,Agosto,Autos,Varejo,44,GM/EQUINOX,132
2022,8,Agosto,Com. Leves,Varejo,44,GM/D20,2
2022,8,Agosto,Autos,Varejo,45,KIA/SPORTAGE,129
2022,8,Agosto,Com. Leves,Varejo,45,GM/SILVERADO,2
2022,8,Agosto,Autos,Varejo,46,BMW/X3,125
2022,8,Agosto,Com. Leves,Varejo,46,GMC/SIERRA,2
2022,8,Agosto,Autos,Varejo,47,VW/POLO,125
2022,8,Agosto,Com. Leves,Varejo,47,TOYOTA/BANDEIRANTE,2
2022,8,Agosto,Autos,Varejo,48,PEUGEOT/208,124
2022,8,Agosto,Com. Leves,Varejo,48,WILLYS/OVERLAND,2
2022,8,Agosto,Autos,Varejo,49,PORSCHE/MACAN,118
2022,8,Agosto,Com. Leves,Varejo,49,DODGE/M37,1
2022,8,Agosto,Autos,Varejo,50,PORSCHE/CAYENNE,115
2022,8,Agosto,Com. Leves,Varejo,50,GM/C20,1
2022,9,Setembro,Autos,Total,1,HYUNDAI/HB20,8836
2022,9,Setembro,Com. Leves,Total,1,FIAT/STRADA,9908
2022,9,Setembro,Autos,Total,2,GM/ONIX,8078
2022,9,Setembro,Com. Leves,Total,2,VW/SAVEIRO,4608
2022,9,Setembro,Autos,Total,3,GM/ONIX PLUS,7781
2022,9,Setembro,Com. Leves,Total,3,FIAT/TORO,4335
2022,9,Setembro,Autos,Total,4,FIAT/MOBI,7476
2022,9,Setembro,Com. Leves,Total,4,TOYOTA/HILUX,4163
2022,9,Setembro,Autos,Total,5,GM/TRACKER,7127
2022,9,Setembro,Com. Leves,Total,5,GM/S10,2408
2022,9,Setembro,Autos,Total,6,FIAT/ARGO,7093
2022,9,Setembro,Com. Leves,Total,6,FIAT/FIORINO,1903
2022,9,Setembro,Autos,Total,7,VW/T CROSS,5803
2022,9,Setembro,Com. Leves,Total,7,RENAULT/OROCH,1641
2022,9,Setembro,Autos,Total,8,VW/GOL,5773
2022,9,Setembro,Com. Leves,Total,8,MITSUBISHI/L200,1429
2022,9,Setembro,Autos,Total,9,RENAULT/KWID,5719
2022,9,Setembro,Com. Leves,Total,9,FORD/RANGER,1328
2022,9,Setembro,Autos,Total,10,HYUNDAI/CRETA,5586
2022,9,Setembro,Com. Leves,Total,10,RENAULT/MASTER,1187
2022,9,Setembro,Autos,Total,11,JEEP/COMPASS,5047
2022,9,Setembro,Com. Leves,Total,11,NISSAN/FRONTIER,674
2022,9,Setembro,Autos,Total,12,VW/VOYAGE,4476
2022,9,Setembro,Com. Leves,Total,12,VW/AMAROK,621
2022,9,Setembro,Autos,Total,13,FIAT/PULSE,4398
2022,9,Setembro,Com. Leves,Total,13,RAM/3500,441
2022,9,Setembro,Autos,Total,14,JEEP/RENEGADE,3755
2022,9,Setembro,Com. Leves,Total,14,PEUGEOT/EXPERT,298
2022,9,Setembro,Autos,Total,15,NISSAN/KICKS,3549
2022,9,Setembro,Com. Leves,Total,15,FORD/TRANSIT,284
2022,9,Setembro,Autos,Total,16,TOYOTA/COROLLA,3360
2022,9,Setembro,Com. Leves,Total,16,FIAT/SCUDO,259
2022,9,Setembro,Autos,Total,17,FIAT/CRONOS,3066
2022,9,Setembro,Com. Leves,Total,17,CITROEN/JUMPY,255
2022,9,Setembro,Autos,Total,18,VW/NIVUS,3029
2022,9,Setembro,Com. Leves,Total,18,KIA/K2500,247
2022,9,Setembro,Autos,Total,19,HONDA/HR-V,2956
2022,9,Setembro,Com. Leves,Total,19,PEUGEOT/PARTNER,218
2022,9,Setembro,Autos,Total,20,TOYOTA/COROLLA CROSS,2861
2022,9,Setembro,Com. Leves,Total,20,VW/MAN/EXPRESS,178
2022,9,Setembro,Autos,Total,21,RENAULT/DUSTER,2506
2022,9,Setembro,Com. Leves,Total,21,IVECO/DAILY,152
2022,9,Setembro,Autos,Total,22,TOYOTA/YARIS HB,2341
2022,9,Setembro,Com. Leves,Total,22,RAM/1500,148
2022,9,Setembro,Autos,Total,23,PEUGEOT/208,2214
2022,9,Setembro,Com. Leves,Total,23,RAM/2500,89
2022,9,Setembro,Autos,Total,24,CITROEN/C4 CACTUS,2118
2022,9,Setembro,Com. Leves,Total,24,EFFA/V21,85
2022,9,Setembro,Autos,Total,25,JEEP/COMMANDER,2064
2022,9,Setembro,Com. Leves,Total,25,M.BENZ/SPRINTER 315,60
2022,9,Setembro,Autos,Total,26,GM/SPIN,2062
2022,9,Setembro,Com. Leves,Total,26,FORD/MAVERICK,5
2022,9,Setembro,Autos,Total,27,HONDA/CITY,1742
2022,9,Setembro,Com. Leves,Total,27,JEEP/GLADIATOR,35
2022,9,Setembro,Autos,Total,28,CITROEN/C3,1604
2022,9,Setembro,Com. Leves,Total,28,FIAT/DUCATO,30
2022,9,Setembro,Autos,Total,29,HYUNDAI/HB20S,1599
2022,9,Setembro,Com. Leves,Total,29,EFFA/V22,24
2022,9,Setembro,Autos,Total,30,CAOA CHERY/TIGGO 8,1593
2022,9,Setembro,Com. Leves,Total,30,IVECO/DAILY 35-150,23
2022,9,Setembro,Autos,Total,31,HONDA/CITY HATCH,1452
2022,9,Setembro,Com. Leves,Total,31,IVECO/DAILY 30-130,20
2022,9,Setembro,Autos,Total,32,VW/TAOS,1421
2022,9,Setembro,Com. Leves,Total,32,HYUNDAI/HR,18
2022,9,Setembro,Autos,Total,33,TOYOTA/YARIS SEDAN,1360
2022,9,Setembro,Com. Leves,Total,33,M.BENZ/SPRINTER 314,16
2022,9,Setembro,Autos,Total,34,RENAULT/LOGAN,834
2022,9,Setembro,Com. Leves,Total,34,M.BENZ/SPRINTER,13
2022,9,Setembro,Autos,Total,35,CAOA CHERY/TIGGO 7,823
2022,9,Setembro,Com. Leves,Total,35,CITROEN/JUMPER,9
2022,9,Setembro,Autos,Total,36,GM/CRUZE SEDAN,780
2022,9,Setembro,Com. Leves,Total,36,M.BENZ/SPRINTER 416,7
2022,9,Setembro,Autos,Total,37,RENAULT/SANDERO,777
2022,9,Setembro,Com. Leves,Total,37,EFFA/V25,6
2022,9,Setembro,Autos,Total,38,TOYOTA/HILUX SW4,758
2022,9,Setembro,Com. Leves,Total,38,PEUGEOT/BOXER,5
2022,9,Setembro,Autos,Total,39,GM/TRAILBLAZER,717
2022,9,Setembro,Com. Leves,Total,39,JAC/V260,5
2022,9,Setembro,Autos,Total,40,CAOA CHERY/TIGGO 5X,677
2022,9,Setembro,Com. Leves,Total,40,FOTON/AUMARK 1039,5
2022,9,Setembro,Autos,Total,41,CAOA CHERY/ICAR,596
2022,9,Setembro,Com. Leves,Total,41,KIA/UK2500,4
2022,9,Setembro,Autos,Total,42,FIAT/FASTBACK,432
2022,9,Setembro,Com. Leves,Total,42,FOTON/AUMARK 3.5-14DT,4
2022,9,Setembro,Autos,Total,43,MITSUBISHI/ECLIPSE CROSS,426
2022,9,Setembro,Com. Leves,Total,43,FORD/F150,3
2022,9,Setembro,Autos,Total,44,BMW/X1,346
2022,9,Setembro,Com. Leves,Total,44,JAC/IEV750,3
2022,9,Setembro,Autos,Total,45,VW/VIRTUS,313
2022,9,Setembro,Com. Leves,Total,45,TOYOTA/BANDEIRANTE,2
2022,9,Setembro,Autos,Total,46,AUDI/Q3,279
2022,9,Setembro,Com. Leves,Total,46,ENGESA/EE34,1
2022,9,Setembro,Autos,Total,47,BMW/320I,278
2022,9,Setembro,Com. Leves,Total,47,GM/CHEVY,1
2022,9,Setembro,Autos,Total,48,AUDI/Q5,241
2022,9,Setembro,Com. Leves,Total,48,GM/MONTANA,1
2022,9,Setembro,Autos,Total,49,HYUNDAI/IONIQ,238
2022,9,Setembro,Com. Leves,Total,49,GM/SILVERADO,1
2022,9,Setembro,Autos,Total,50,PEUGEOT/2008,227
2022,9,Setembro,Com. Leves,Total,50,IVECO/DAILY 30S13,1
2022,9,Setembro,Autos,Direta,1,FIAT/MOBI,5917
2022,9,Setembro,Com. Leves,Direta,1,FIAT/STRADA,6558
2022,9,Setembro,Autos,Direta,2,HYUNDAI/HB20,5595
2022,9,Setembro,Com. Leves,Direta,2,VW/SAVEIRO,4456
2022,9,Setembro,Autos,Direta,3,FIAT/ARGO,4887
2022,9,Setembro,Com. Leves,Direta,3,FIAT/TORO,2944
2022,9,Setembro,Autos,Direta,4,VW/VOYAGE,4466
2022,9,Setembro,Com. Leves,Direta,4,GM/S10,2042
2022,9,Setembro,Autos,Direta,5,GM/ONIX PLUS,4383
2022,9,Setembro,Com. Leves,Direta,5,FIAT/FIORINO,1416
2022,9,Setembro,Autos,Direta,6,VW/GOL,4243
2022,9,Setembro,Com. Leves,Direta,6,RENAULT/OROCH,1343
2022,9,Setembro,Autos,Direta,7,JEEP/COMPASS,3631
2022,9,Setembro,Com. Leves,Direta,7,TOYOTA/HILUX,1195
2022,9,Setembro,Autos,Direta,8,GM/ONIX,3067
2022,9,Setembro,Com. Leves,Direta,8,RENAULT/MASTER,920
2022,9,Setembro,Autos,Direta,9,RENAULT/KWID,2733
2022,9,Setembro,Com. Leves,Direta,9,MITSUBISHI/L200,746
2022,9,Setembro,Autos,Direta,10,JEEP/RENEGADE,2714
2022,9,Setembro,Com. Leves,Direta,10,FORD/RANGER,666
2022,9,Setembro,Autos,Direta,11,GM/TRACKER,2628
2022,9,Setembro,Com. Leves,Direta,11,RAM/3500,425
2022,9,Setembro,Autos,Direta,12,VW/T CROSS,2336
2022,9,Setembro,Com. Leves,Direta,12,NISSAN/FRONTIER,345
2022,9,Setembro,Autos,Direta,13,PEUGEOT/208,2063
2022,9,Setembro,Com. Leves,Direta,13,FIAT/SCUDO,259
2022,9,Setembro,Autos,Direta,14,CITROEN/C4 CACTUS,2004
2022,9,Setembro,Com. Leves,Direta,14,PEUGEOT/PARTNER,182
2022,9,Setembro,Autos,Direta,15,FIAT/CRONOS,1974
2022,9,Setembro,Com. Leves,Direta,15,FORD/TRANSIT,161
2022,9,Setembro,Autos,Direta,16,JEEP/COMMANDER,1783
2022,9,Setembro,Com. Leves,Direta,16,RAM/1500,140
2022,9,Setembro,Autos,Direta,17,GM/SPIN,1600
2022,9,Setembro,Com. Leves,Direta,17,VW/AMAROK,90
2022,9,Setembro,Autos,Direta,18,RENAULT/DUSTER,1568
2022,9,Setembro,Com. Leves,Direta,18,RAM/2500,89
2022,9,Setembro,Autos,Direta,19,FIAT/PULSE,1327
2022,9,Setembro,Com. Leves,Direta,19,PEUGEOT/EXPERT,75
2022,9,Setembro,Autos,Direta,20,NISSAN/KICKS,1003
2022,9,Setembro,Com. Leves,Direta,20,CITROEN/JUMPY,67
2022,9,Setembro,Autos,Direta,21,HYUNDAI/HB20S,965
2022,9,Setembro,Com. Leves,Direta,21,VW/MAN/EXPRESS,57
2022,9,Setembro,Autos,Direta,22,RENAULT/LOGAN,772
2022,9,Setembro,Com. Leves,Direta,22,FORD/MAVERICK,26
2022,9,Setembro,Autos,Direta,23,GM/TRAILBLAZER,692
2022,9,Setembro,Com. Leves,Direta,23,JEEP/GLADIATOR,19
2022,9,Setembro,Autos,Direta,24,TOYOTA/COROLLA,671
2022,9,Setembro,Com. Leves,Direta,24,FIAT/DUCATO,12
2022,9,Setembro,Autos,Direta,25,RENAULT/SANDERO,554
2022,9,Setembro,Com. Leves,Direta,25,HYUNDAI/HR,2
2022,9,Setembro,Autos,Direta,26,CITROEN/C3,530
2022,9,Setembro,Com. Leves,Direta,26,PEUGEOT/BOXER,2
2022,9,Setembro,Autos,Direta,27,HYUNDAI/CRETA,487
2022,9,Setembro,Autos,Direta,28,CAOA CHERY/ICAR,477
2022,9,Setembro,Autos,Direta,29,TOYOTA/COROLLA CROSS,474
2022,9,Setembro,Autos,Direta,30,TOYOTA/YARIS HB,465
2022,9,Setembro,Autos,Direta,31,TOYOTA/YARIS SEDAN,374
2022,9,Setembro,Autos,Direta,32,GM/CRUZE SEDAN,364
2022,9,Setembro,Autos,Direta,33,VW/NIVUS,306
2022,9,Setembro,Autos,Direta,34,HYUNDAI/IONIQ,238
2022,9,Setembro,Autos,Direta,35,AUDI/Q5,235
2022,9,Setembro,Autos,Direta,36,FIAT/FASTBACK,232
2022,9,Setembro,Autos,Direta,37,VOLVO/XC60,216
2022,9,Setembro,Autos,Direta,38,CAOA CHERY/TIGGO 7,215
2022,9,Setembro,Autos,Direta,39,PEUGEOT/2008,211
2022,9,Setembro,Autos,Direta,40,HONDA/HR-V,208
2022,9,Setembro,Autos,Direta,41,MITSUBISHI/ECLIPSE CROSS,176
2022,9,Setembro,Autos,Direta,42,VW/TAOS,174
2022,9,Setembro,Autos,Direta,43,CAOA CHERY/TIGGO 8,167
2022,9,Setembro,Autos,Direta,44,HONDA/CITY,160
2022,9,Setembro,Autos,Direta,45,VOLVO/XC40,144
2022,9,Setembro,Autos,Direta,46,AUDI/E TRON,138
2022,9,Setembro,Autos,Direta,47,VW/VIRTUS,9
2022,9,Setembro,Autos,Direta,48,KIA/NIRO,94
2022,9,Setembro,Autos,Direta,49,PEUGEOT/3008,89
2022,9,Setembro,Autos,Direta,50,CAOA CHERY/TIGGO 5X,87
2022,9,Setembro,Autos,Varejo,1,HYUNDAI/CRETA,5099
2022,9,Setembro,Com. Leves,Varejo,1,FIAT/STRADA,3350
2022,9,Setembro,Autos,Varejo,2,GM/ONIX,5011
2022,9,Setembro,Com. Leves,Varejo,2,TOYOTA/HILUX,2968
2022,9,Setembro,Autos,Varejo,3,GM/TRACKER,4499
2022,9,Setembro,Com. Leves,Varejo,3,FIAT/TORO,1391
2022,9,Setembro,Autos,Varejo,4,VW/T CROSS,3467
2022,9,Setembro,Com. Leves,Varejo,4,MITSUBISHI/L200,683
2022,9,Setembro,Autos,Varejo,5,GM/ONIX PLUS,3398
2022,9,Setembro,Com. Leves,Varejo,5,FORD/RANGER,662
2022,9,Setembro,Autos,Varejo,6,HYUNDAI/HB20,3241
2022,9,Setembro,Com. Leves,Varejo,6,VW/AMAROK,531
2022,9,Setembro,Autos,Varejo,7,FIAT/PULSE,3071
2022,9,Setembro,Com. Leves,Varejo,7,FIAT/FIORINO,487
2022,9,Setembro,Autos,Varejo,8,RENAULT/KWID,2986
2022,9,Setembro,Com. Leves,Varejo,8,GM/S10,366
2022,9,Setembro,Autos,Varejo,9,HONDA/HR-V,2748
2022,9,Setembro,Com. Leves,Varejo,9,NISSAN/FRONTIER,329
2022,9,Setembro,Autos,Varejo,10,VW/NIVUS,2723
2022,9,Setembro,Com. Leves,Varejo,10,RENAULT/OROCH,298
2022,9,Setembro,Autos,Varejo,11,TOYOTA/COROLLA,2689
2022,9,Setembro,Com. Leves,Varejo,11,RENAULT/MASTER,267
2022,9,Setembro,Autos,Varejo,12,NISSAN/KICKS,2546
2022,9,Setembro,Com. Leves,Varejo,12,KIA/K2500,247
2022,9,Setembro,Autos,Varejo,13,TOYOTA/COROLLA CROSS,2387
2022,9,Setembro,Com. Leves,Varejo,13,PEUGEOT/EXPERT,223
2022,9,Setembro,Autos,Varejo,14,FIAT/ARGO,2206
2022,9,Setembro,Com. Leves,Varejo,14,CITROEN/JUMPY,188
2022,9,Setembro,Autos,Varejo,15,TOYOTA/YARIS HB,1876
2022,9,Setembro,Com. Leves,Varejo,15,IVECO/DAILY,152
2022,9,Setembro,Autos,Varejo,16,HONDA/CITY,1582
2022,9,Setembro,Com. Leves,Varejo,16,VW/SAVEIRO,152
2022,9,Setembro,Autos,Varejo,17,FIAT/MOBI,1559
2022,9,Setembro,Com. Leves,Varejo,17,FORD/TRANSIT,123
2022,9,Setembro,Autos,Varejo,18,VW/GOL,1530
2022,9,Setembro,Com. Leves,Varejo,18,VW/MAN/EXPRESS,121
2022,9,Setembro,Autos,Varejo,19,CAOA CHERY/TIGGO 8,1426
2022,9,Setembro,Com. Leves,Varejo,19,EFFA/V21,85
2022,9,Setembro,Autos,Varejo,20,JEEP/COMPASS,1416
2022,9,Setembro,Com. Leves,Varejo,20,M.BENZ/SPRINTER 315,60
2022,9,Setembro,Autos,Varejo,21,HONDA/CITY HATCH,1379
2022,9,Setembro,Com. Leves,Varejo,21,PEUGEOT/PARTNER,36
2022,9,Setembro,Autos,Varejo,22,VW/TAOS,1247
2022,9,Setembro,Com. Leves,Varejo,22,FORD/MAVERICK,29
2022,9,Setembro,Autos,Varejo,23,FIAT/CRONOS,1092
2022,9,Setembro,Com. Leves,Varejo,23,EFFA/V22,24
2022,9,Setembro,Autos,Varejo,24,CITROEN/C3,1074
2022,9,Setembro,Com. Leves,Varejo,24,IVECO/DAILY 35-150,23
2022,9,Setembro,Autos,Varejo,25,JEEP/RENEGADE,1041
2022,9,Setembro,Com. Leves,Varejo,25,IVECO/DAILY 30-130,20
2022,9,Setembro,Autos,Varejo,26,TOYOTA/YARIS SEDAN,986
2022,9,Setembro,Com. Leves,Varejo,26,FIAT/DUCATO,18
2022,9,Setembro,Autos,Varejo,27,RENAULT/DUSTER,938
2022,9,Setembro,Com. Leves,Varejo,27,HYUNDAI/HR,16
2022,9,Setembro,Autos,Varejo,28,TOYOTA/HILUX SW4,686
2022,9,Setembro,Com. Leves,Varejo,28,JEEP/GLADIATOR,16
2022,9,Setembro,Autos,Varejo,29,HYUNDAI/HB20S,634
2022,9,Setembro,Com. Leves,Varejo,29,M.BENZ/SPRINTER 314,16
2022,9,Setembro,Autos,Varejo,30,CAOA CHERY/TIGGO 7,608
2022,9,Setembro,Com. Leves,Varejo,30,RAM/3500,16
2022,9,Setembro,Autos,Varejo,31,CAOA CHERY/TIGGO 5X,590
2022,9,Setembro,Com. Leves,Varejo,31,M.BENZ/SPRINTER,13
2022,9,Setembro,Autos,Varejo,32,GM/SPIN,462
2022,9,Setembro,Com. Leves,Varejo,32,CITROEN/JUMPER,9
2022,9,Setembro,Autos,Varejo,33,GM/CRUZE SEDAN,416
2022,9,Setembro,Com. Leves,Varejo,33,RAM/1500,8
2022,9,Setembro,Autos,Varejo,34,BMW/X1,311
2022,9,Setembro,Com. Leves,Varejo,34,M.BENZ/SPRINTER 416,7
2022,9,Setembro,Autos,Varejo,35,JEEP/COMMANDER,281
2022,9,Setembro,Com. Leves,Varejo,35,EFFA/V25,6
2022,9,Setembro,Autos,Varejo,36,BMW/320I,251
2022,9,Setembro,Com. Leves,Varejo,36,JAC/V260,5
2022,9,Setembro,Autos,Varejo,37,MITSUBISHI/ECLIPSE CROSS,250
2022,9,Setembro,Com. Leves,Varejo,37,FOTON/AUMARK 1039,5
2022,9,Setembro,Autos,Varejo,38,RENAULT/SANDERO,223
2022,9,Setembro,Com. Leves,Varejo,38,KIA/UK2500,4
2022,9,Setembro,Autos,Varejo,39,AUDI/Q3,219
2022,9,Setembro,Com. Leves,Varejo,39,FOTON/AUMARK 3.5-14DT,4
2022,9,Setembro,Autos,Varejo,40,VW/VIRTUS,214
2022,9,Setembro,Com. Leves,Varejo,40,FORD/F150,3
2022,9,Setembro,Autos,Varejo,41,GM/EQUINOX,211
2022,9,Setembro,Com. Leves,Varejo,41,PEUGEOT/BOXER,3
2022,9,Setembro,Autos,Varejo,42,FIAT/FASTBACK,200
2022,9,Setembro,Com. Leves,Varejo,42,JAC/IEV750,3
2022,9,Setembro,Autos,Varejo,43,NISSAN/VERSA,196
2022,9,Setembro,Com. Leves,Varejo,43,ENGESA/EE34,1
2022,9,Setembro,Autos,Varejo,44,PEUGEOT/208,151
2022,9,Setembro,Com. Leves,Varejo,44,GM/CHEVY,1
2022,9,Setembro,Autos,Varejo,45,LAND ROVER/DISCOVERY,144
2022,9,Setembro,Com. Leves,Varejo,45,GM/MONTANA,1
2022,9,Setembro,Autos,Varejo,46,KIA/SPORTAGE,119
2022,9,Setembro,Com. Leves,Varejo,46,GM/SILVERADO,1
2022,9,Setembro,Autos,Varejo,47,TOYOTA/RAV4,119
2022,9,Setembro,Com. Leves,Varejo,47,IVECO/DAILY 30S13,1
2022,9,Setembro,Autos,Varejo,48,CAOA CHERY/ICAR,119
2022,9,Setembro,Com. Leves,Varejo,48,VW/KOMBI,1
2022,9,Setembro,Autos,Varejo,49,M.BENZ/GLE,116
2022,9,Setembro,Com. Leves,Varejo,49,EFFA/K01,1
2022,9,Setembro,Autos,Varejo,50,CITROEN/C4 CACTUS,114
2022,10,Outubro,Autos,Total,1,HYUNDAI/HB20,9084
2022,10,Outubro,Autos,Total,1,FIAT/STRADA,8046
2022,10,Outubro,Autos,Total,2,GM/TRACKER,8496
2022,10,Outubro,Autos,Total,2,VW/SAVEIRO,4447
2022,10,Outubro,Autos,Total,3,GM/ONIX,7768
2022,10,Outubro,Autos,Total,3,TOYOTA/HILUX,4203
2022,10,Outubro,Autos,Total,4,GM/ONIX PLUS,7354
2022,10,Outubro,Autos,Total,4,FIAT/TORO,2980
2022,10,Outubro,Autos,Total,5,FIAT/MOBI,6741
2022,10,Outubro,Autos,Total,5,FIAT/FIORINO,1905
2022,10,Outubro,Autos,Total,6,FIAT/ARGO,6628
2022,10,Outubro,Autos,Total,6,GM/S10,1625
2022,10,Outubro,Autos,Total,7,RENAULT/KWID,6041
2022,10,Outubro,Autos,Total,7,RENAULT/OROCH,1443
2022,10,Outubro,Autos,Total,8,VW/T CROSS,5590
2022,10,Outubro,Autos,Total,8,FORD/RANGER,1403
2022,10,Outubro,Autos,Total,9,JEEP/COMPASS,5307
2022,10,Outubro,Autos,Total,9,MITSUBISHI/L200,1242
2022,10,Outubro,Autos,Total,10,HYUNDAI/CRETA,5048
2022,10,Outubro,Autos,Total,10,RENAULT/MASTER,746
2022,10,Outubro,Autos,Total,11,FIAT/PULSE,4311
2022,10,Outubro,Autos,Total,11,NISSAN/FRONTIER,602
2022,10,Outubro,Autos,Total,12,VW/VOYAGE,4229
2022,10,Outubro,Autos,Total,12,VW/AMAROK,432
2022,10,Outubro,Autos,Total,13,JEEP/RENEGADE,3957
2022,10,Outubro,Autos,Total,13,PEUGEOT/EXPERT,314
2022,10,Outubro,Autos,Total,14,VW/NIVUS,3772
2022,10,Outubro,Autos,Total,14,RAM/3500,267
2022,10,Outubro,Autos,Total,15,FIAT/CRONOS,3716
2022,10,Outubro,Autos,Total,15,KIA/K2500,257
2022,10,Outubro,Autos,Total,16,TOYOTA/COROLLA,3286
2022,10,Outubro,Autos,Total,16,FIAT/SCUDO,220
2022,10,Outubro,Autos,Total,17,TOYOTA/COROLLA CROSS,3225
2022,10,Outubro,Autos,Total,17,PEUGEOT/PARTNER,205
2022,10,Outubro,Autos,Total,18,VW/GOL,3099
2022,10,Outubro,Autos,Total,18,RAM/1500,205
2022,10,Outubro,Autos,Total,19,FIAT/FASTBACK,2843
2022,10,Outubro,Autos,Total,19,FORD/TRANSIT,157
2022,10,Outubro,Autos,Total,20,CITROEN/C3,2620
2022,10,Outubro,Autos,Total,20,CITROEN/JUMPY,129
2022,10,Outubro,Autos,Total,21,NISSAN/KICKS,2604
2022,10,Outubro,Autos,Total,21,VW/MAN/EXPRESS,125
2022,10,Outubro,Autos,Total,22,HONDA/HR-V,2603
2022,10,Outubro,Autos,Total,22,IVECO/DAILY,121
2022,10,Outubro,Autos,Total,23,TOYOTA/YARIS HB,2254
2022,10,Outubro,Autos,Total,23,EFFA/V21,74
2022,10,Outubro,Autos,Total,24,HYUNDAI/HB20S,2155
2022,10,Outubro,Autos,Total,24,M.BENZ/SPRINTER 315,5
2022,10,Outubro,Autos,Total,25,JEEP/COMMANDER,2112
2022,10,Outubro,Autos,Total,25,RAM/CLASSIC,41
2022,10,Outubro,Autos,Total,26,RENAULT/DUSTER,1913
2022,10,Outubro,Autos,Total,26,FORD/MAVERICK,40
2022,10,Outubro,Autos,Total,27,GM/SPIN,1736
2022,10,Outubro,Autos,Total,27,EFFA/V22,27
2022,10,Outubro,Autos,Total,28,TOYOTA/YARIS SEDAN,1456
2022,10,Outubro,Autos,Total,28,RAM/2500,23
2022,10,Outubro,Autos,Total,29,HONDA/CITY HATCH,1322
2022,10,Outubro,Autos,Total,29,HYUNDAI/HR,21
2022,10,Outubro,Autos,Total,30,PEUGEOT/208,1232
2022,10,Outubro,Autos,Total,30,JEEP/GLADIATOR,17
2022,10,Outubro,Autos,Total,31,CITROEN/C4 CACTUS,1171
2022,10,Outubro,Autos,Total,31,FIAT/DUCATO,15
2022,10,Outubro,Autos,Total,32,HONDA/CITY,1137
2022,10,Outubro,Autos,Total,32,IVECO/DAILY 30-130,14
2022,10,Outubro,Autos,Total,33,VW/TAOS,989
2022,10,Outubro,Autos,Total,33,M.BENZ/SPRINTER 416,10
2022,10,Outubro,Autos,Total,34,CAOA CHERY/TIGGO 8,978
2022,10,Outubro,Autos,Total,34,M.BENZ/SPRINTER,9
2022,10,Outubro,Autos,Total,35,TOYOTA/HILUX SW4,869
2022,10,Outubro,Autos,Total,35,M.BENZ/SPRINTER 314,9
2022,10,Outubro,Autos,Total,36,VW/POLO,740
2022,10,Outubro,Autos,Total,36,EFFA/V25,7
2022,10,Outubro,Autos,Total,37,RENAULT/LOGAN,689
2022,10,Outubro,Autos,Total,37,FORD/ETRANSIT,5
2022,10,Outubro,Autos,Total,38,RENAULT/SANDERO,588
2022,10,Outubro,Autos,Total,38,FOTON/AUMARK 3.5-14DT,5
2022,10,Outubro,Autos,Total,39,CAOA CHERY/TIGGO 7,482
2022,10,Outubro,Autos,Total,39,IVECO/DAILY 35-150,4
2022,10,Outubro,Autos,Total,40,CAOA CHERY/TIGGO 5X,456
2022,10,Outubro,Autos,Total,40,JAC/V260,4
2022,10,Outubro,Autos,Total,41,BMW/320I,454
2022,10,Outubro,Autos,Total,41,CITROEN/JUMPER,3
2022,10,Outubro,Autos,Total,42,GM/CRUZE SEDAN,413
2022,10,Outubro,Autos,Total,42,FORD/F250,2
2022,10,Outubro,Autos,Total,43,VW/VIRTUS,382
2022,10,Outubro,Autos,Total,43,GM/SILVERADO,2
2022,10,Outubro,Autos,Total,44,GM/TRAILBLAZER,349
2022,10,Outubro,Autos,Total,44,PEUGEOT/BOXER,2
2022,10,Outubro,Autos,Total,45,GM/EQUINOX,289
2022,10,Outubro,Autos,Total,45,FOTON/AUMARK 1039,2
2022,10,Outubro,Autos,Total,46,MITSUBISHI/ECLIPSE CROSS,264
2022,10,Outubro,Autos,Total,46,FIAT/DOBLO,1
2022,10,Outubro,Autos,Total,47,VOLVO/XC40,264
2022,10,Outubro,Autos,Total,47,FORD/F75,1
2022,10,Outubro,Autos,Total,48,PEUGEOT/2008,225
2022,10,Outubro,Autos,Total,48,GMC/SIERRA,1
2022,10,Outubro,Autos,Total,49,AUDI/Q3,224
2022,10,Outubro,Autos,Total,49,TOYOTA/TUNDRA,1
2022,10,Outubro,Autos,Total,50,M.BENZ/CLASSE C,198
2022,10,Outubro,Autos,Direta,1,HYUNDAI/HB20,6216
2022,10,Outubro,Com. Leves,Direta,1,FIAT/STRADA,4600
2022,10,Outubro,Autos,Direta,2,FIAT/MOBI,5366
2022,10,Outubro,Com. Leves,Direta,2,VW/SAVEIRO,4312
2022,10,Outubro,Autos,Direta,3,FIAT/ARGO,4754
2022,10,Outubro,Com. Leves,Direta,3,FIAT/TORO,1927
2022,10,Outubro,Autos,Direta,4,GM/ONIX PLUS,4702
2022,10,Outubro,Com. Leves,Direta,4,TOYOTA/HILUX,1491
2022,10,Outubro,Autos,Direta,5,GM/TRACKER,4277
2022,10,Outubro,Com. Leves,Direta,5,FIAT/FIORINO,1468
2022,10,Outubro,Autos,Direta,6,VW/VOYAGE,4220
2022,10,Outubro,Com. Leves,Direta,6,GM/S10,1328
2022,10,Outubro,Autos,Direta,7,JEEP/COMPASS,4122
2022,10,Outubro,Com. Leves,Direta,7,RENAULT/OROCH,1158
2022,10,Outubro,Autos,Direta,8,RENAULT/KWID,3590
2022,10,Outubro,Com. Leves,Direta,8,MITSUBISHI/L200,721
2022,10,Outubro,Autos,Direta,9,GM/ONIX,3334
2022,10,Outubro,Com. Leves,Direta,9,FORD/RANGER,600
2022,10,Outubro,Autos,Direta,10,JEEP/RENEGADE,3104
2022,10,Outubro,Com. Leves,Direta,10,RENAULT/MASTER,588
2022,10,Outubro,Autos,Direta,11,FIAT/CRONOS,2785
2022,10,Outubro,Com. Leves,Direta,11,NISSAN/FRONTIER,333
2022,10,Outubro,Autos,Direta,12,VW/T CROSS,2757
2022,10,Outubro,Com. Leves,Direta,12,RAM/3500,263
2022,10,Outubro,Autos,Direta,13,VW/GOL,2078
2022,10,Outubro,Com. Leves,Direta,13,RAM/1500,198
2022,10,Outubro,Autos,Direta,14,JEEP/COMMANDER,1811
2022,10,Outubro,Com. Leves,Direta,14,FIAT/SCUDO,195
2022,10,Outubro,Autos,Direta,15,FIAT/PULSE,1616
2022,10,Outubro,Com. Leves,Direta,15,PEUGEOT/EXPERT,167
2022,10,Outubro,Autos,Direta,16,GM/SPIN,1331
2022,10,Outubro,Com. Leves,Direta,16,PEUGEOT/PARTNER,162
2022,10,Outubro,Autos,Direta,17,HYUNDAI/HB20S,1249
2022,10,Outubro,Com. Leves,Direta,17,VW/AMAROK,160
2022,10,Outubro,Autos,Direta,18,PEUGEOT/208,1076
2022,10,Outubro,Com. Leves,Direta,18,FORD/TRANSIT,43
2022,10,Outubro,Autos,Direta,19,RENAULT/DUSTER,1065
2022,10,Outubro,Com. Leves,Direta,19,RAM/CLASSIC,40
2022,10,Outubro,Autos,Direta,20,CITROEN/C3,1057
2022,10,Outubro,Com. Leves,Direta,20,VW/MAN/EXPRESS,37
2022,10,Outubro,Autos,Direta,21,VW/NIVUS,1026
2022,10,Outubro,Com. Leves,Direta,21,CITROEN/JUMPY,25
2022,10,Outubro,Autos,Direta,22,CITROEN/C4 CACTUS,1023
2022,10,Outubro,Com. Leves,Direta,22,RAM/2500,23
2022,10,Outubro,Autos,Direta,23,TOYOTA/COROLLA,730
2022,10,Outubro,Com. Leves,Direta,23,FORD/MAVERICK,21
2022,10,Outubro,Autos,Direta,24,RENAULT/LOGAN,615
2022,10,Outubro,Com. Leves,Direta,24,JEEP/GLADIATOR,1
2022,10,Outubro,Autos,Direta,25,NISSAN/KICKS,572
2022,10,Outubro,Com. Leves,Direta,25,HYUNDAI/HR,7
2022,10,Outubro,Autos,Direta,26,TOYOTA/YARIS HB,523
2022,10,Outubro,Com. Leves,Direta,26,FORD/ETRANSIT,5
2022,10,Outubro,Autos,Direta,27,TOYOTA/YARIS SEDAN,518
2022,10,Outubro,Com. Leves,Direta,27,FIAT/DUCATO,4
2022,10,Outubro,Autos,Direta,28,FIAT/FASTBACK,455
2022,10,Outubro,Com. Leves,Direta,28,FORD/F250,1
2022,10,Outubro,Autos,Direta,29,RENAULT/SANDERO,451
2022,10,Outubro,Com. Leves,Direta,29,KIA/K2500,1
2022,10,Outubro,Autos,Direta,30,TOYOTA/COROLLA CROSS,400
2022,10,Outubro,Autos,Direta,31,HYUNDAI/CRETA,343
2022,10,Outubro,Autos,Direta,32,GM/TRAILBLAZER,325
2022,10,Outubro,Autos,Direta,33,VOLVO/XC40,264
2022,10,Outubro,Autos,Direta,34,VW/VIRTUS,223
2022,10,Outubro,Autos,Direta,35,PEUGEOT/2008,207
2022,10,Outubro,Autos,Direta,36,HONDA/HR-V,139
2022,10,Outubro,Autos,Direta,37,HONDA/CITY,126
2022,10,Outubro,Autos,Direta,38,VW/TAOS,109
2022,10,Outubro,Autos,Direta,39,FORD/BRONCO,85
2022,10,Outubro,Autos,Direta,40,VOLVO/XC90,84
2022,10,Outubro,Autos,Direta,41,VOLVO/XC60,7
2022,10,Outubro,Autos,Direta,42,GM/CRUZE SEDAN,76
2022,10,Outubro,Autos,Direta,43,TOYOTA/HILUX SW4,72
2022,10,Outubro,Autos,Direta,44,HONDA/CITY HATCH,67
2022,10,Outubro,Autos,Direta,45,AUDI/Q5,56
2022,10,Outubro,Autos,Direta,46,GM/EQUINOX,5
2022,10,Outubro,Autos,Direta,47,MITSUBISHI/ECLIPSE CROSS,53
2022,10,Outubro,Autos,Direta,48,AUDI/Q8,48
2022,10,Outubro,Autos,Direta,49,VW/POLO,48
2022,10,Outubro,Autos,Direta,50,AUDI/Q3,47
2022,10,Outubro,Autos,Varejo,1,HYUNDAI/CRETA,4705
2022,10,Outubro,Com. Leves,Varejo,1,FIAT/STRADA,3446
2022,10,Outubro,Autos,Varejo,2,GM/ONIX,4434
2022,10,Outubro,Com. Leves,Varejo,2,TOYOTA/HILUX,2712
2022,10,Outubro,Autos,Varejo,3,GM/TRACKER,4219
2022,10,Outubro,Com. Leves,Varejo,3,FIAT/TORO,1053
2022,10,Outubro,Autos,Varejo,4,HYUNDAI/HB20,2868
2022,10,Outubro,Com. Leves,Varejo,4,FORD/RANGER,803
2022,10,Outubro,Autos,Varejo,5,VW/T CROSS,2833
2022,10,Outubro,Com. Leves,Varejo,5,MITSUBISHI/L200,521
2022,10,Outubro,Autos,Varejo,6,TOYOTA/COROLLA CROSS,2825
2022,10,Outubro,Com. Leves,Varejo,6,FIAT/FIORINO,437
2022,10,Outubro,Autos,Varejo,7,VW/NIVUS,2746
2022,10,Outubro,Com. Leves,Varejo,7,GM/S10,297
2022,10,Outubro,Autos,Varejo,8,FIAT/PULSE,2695
2022,10,Outubro,Com. Leves,Varejo,8,RENAULT/OROCH,285
2022,10,Outubro,Autos,Varejo,9,GM/ONIX PLUS,2652
2022,10,Outubro,Com. Leves,Varejo,9,VW/AMAROK,272
2022,10,Outubro,Autos,Varejo,10,TOYOTA/COROLLA,2556
2022,10,Outubro,Com. Leves,Varejo,10,NISSAN/FRONTIER,269
2022,10,Outubro,Autos,Varejo,11,HONDA/HR-V,2464
2022,10,Outubro,Com. Leves,Varejo,11,KIA/K2500,256
2022,10,Outubro,Autos,Varejo,12,RENAULT/KWID,2451
2022,10,Outubro,Com. Leves,Varejo,12,RENAULT/MASTER,158
2022,10,Outubro,Autos,Varejo,13,FIAT/FASTBACK,2388
2022,10,Outubro,Com. Leves,Varejo,13,PEUGEOT/EXPERT,147
2022,10,Outubro,Autos,Varejo,14,NISSAN/KICKS,2032
2022,10,Outubro,Com. Leves,Varejo,14,VW/SAVEIRO,135
2022,10,Outubro,Autos,Varejo,15,FIAT/ARGO,1874
2022,10,Outubro,Com. Leves,Varejo,15,IVECO/DAILY,121
2022,10,Outubro,Autos,Varejo,16,TOYOTA/YARIS HB,1731
2022,10,Outubro,Com. Leves,Varejo,16,FORD/TRANSIT,114
2022,10,Outubro,Autos,Varejo,17,CITROEN/C3,1563
2022,10,Outubro,Com. Leves,Varejo,17,CITROEN/JUMPY,104
2022,10,Outubro,Autos,Varejo,18,FIAT/MOBI,1375
2022,10,Outubro,Com. Leves,Varejo,18,VW/MAN/EXPRESS,8
2022,10,Outubro,Autos,Varejo,19,HONDA/CITY HATCH,1255
2022,10,Outubro,Com. Leves,Varejo,19,EFFA/V21,74
2022,10,Outubro,Autos,Varejo,20,JEEP/COMPASS,1185
2022,10,Outubro,Com. Leves,Varejo,20,M.BENZ/SPRINTER 315,5
2022,10,Outubro,Autos,Varejo,21,VW/GOL,1021
2022,10,Outubro,Com. Leves,Varejo,21,PEUGEOT/PARTNER,43
2022,10,Outubro,Autos,Varejo,22,HONDA/CITY,1011
2022,10,Outubro,Com. Leves,Varejo,22,EFFA/V22,27
2022,10,Outubro,Autos,Varejo,23,CAOA CHERY/TIGGO 8,965
2022,10,Outubro,Com. Leves,Varejo,23,FIAT/SCUDO,25
2022,10,Outubro,Autos,Varejo,24,TOYOTA/YARIS SEDAN,938
2022,10,Outubro,Com. Leves,Varejo,24,FORD/MAVERICK,19
2022,10,Outubro,Autos,Varejo,25,FIAT/CRONOS,931
2022,10,Outubro,Com. Leves,Varejo,25,HYUNDAI/HR,14
2022,10,Outubro,Autos,Varejo,26,HYUNDAI/HB20S,906
2022,10,Outubro,Com. Leves,Varejo,26,IVECO/DAILY 30-130,14
2022,10,Outubro,Autos,Varejo,27,VW/TAOS,880
2022,10,Outubro,Com. Leves,Varejo,27,FIAT/DUCATO,1
2022,10,Outubro,Autos,Varejo,28,JEEP/RENEGADE,853
2022,10,Outubro,Com. Leves,Varejo,28,M.BENZ/SPRINTER 416,10
2022,10,Outubro,Autos,Varejo,29,RENAULT/DUSTER,848
2022,10,Outubro,Com. Leves,Varejo,29,M.BENZ/SPRINTER,9
2022,10,Outubro,Autos,Varejo,30,TOYOTA/HILUX SW4,797
2022,10,Outubro,Com. Leves,Varejo,30,M.BENZ/SPRINTER 314,9
2022,10,Outubro,Autos,Varejo,31,VW/POLO,692
2022,10,Outubro,Com. Leves,Varejo,31,EFFA/V25,7
2022,10,Outubro,Autos,Varejo,32,CAOA CHERY/TIGGO 7,458
2022,10,Outubro,Com. Leves,Varejo,32,RAM/1500,7
2022,10,Outubro,Autos,Varejo,33,CAOA CHERY/TIGGO 5X,429
2022,10,Outubro,Com. Leves,Varejo,33,JEEP/GLADIATOR,6
2022,10,Outubro,Autos,Varejo,34,BMW/320I,409
2022,10,Outubro,Com. Leves,Varejo,34,FOTON/AUMARK 3.5-14DT,5
2022,10,Outubro,Autos,Varejo,35,GM/SPIN,405
2022,10,Outubro,Com. Leves,Varejo,35,IVECO/DAILY 35-150,4
2022,10,Outubro,Autos,Varejo,36,GM/CRUZE SEDAN,337
2022,10,Outubro,Com. Leves,Varejo,36,JAC/V260,4
2022,10,Outubro,Autos,Varejo,37,JEEP/COMMANDER,301
2022,10,Outubro,Com. Leves,Varejo,37,RAM/3500,4
2022,10,Outubro,Autos,Varejo,38,GM/EQUINOX,234
2022,10,Outubro,Com. Leves,Varejo,38,CITROEN/JUMPER,3
2022,10,Outubro,Autos,Varejo,39,MITSUBISHI/ECLIPSE CROSS,211
2022,10,Outubro,Com. Leves,Varejo,39,GM/SILVERADO,2
2022,10,Outubro,Autos,Varejo,40,M.BENZ/CLASSE C,198
2022,10,Outubro,Com. Leves,Varejo,40,FOTON/AUMARK 1039,2
2022,10,Outubro,Autos,Varejo,41,AUDI/Q3,177
2022,10,Outubro,Com. Leves,Varejo,41,FIAT/DOBLO,1
2022,10,Outubro,Autos,Varejo,42,LAND ROVER/DEFENDER,163
2022,10,Outubro,Com. Leves,Varejo,42,FORD/F250,1
2022,10,Outubro,Autos,Varejo,43,VW/VIRTUS,159
2022,10,Outubro,Com. Leves,Varejo,43,FORD/F75,1
2022,10,Outubro,Autos,Varejo,44,PEUGEOT/208,156
2022,10,Outubro,Com. Leves,Varejo,44,GMC/SIERRA,1
2022,10,Outubro,Autos,Varejo,45,BMW/X1,153
2022,10,Outubro,Com. Leves,Varejo,45,PEUGEOT/BOXER,1
2022,10,Outubro,Autos,Varejo,46,CITROEN/C4 CACTUS,148
2022,10,Outubro,Com. Leves,Varejo,46,TOYOTA/TUNDRA,1
2022,10,Outubro,Autos,Varejo,47,RENAULT/SANDERO,137
2022,10,Outubro,Com. Leves,Varejo,47,SHINERAY/P VAN,1
2022,10,Outubro,Autos,Varejo,48,LAND ROVER/DISCOVERY,108
2022,10,Outubro,Autos,Varejo,49,GM/CRUZE HB,102
2022,10,Outubro,Autos,Varejo,50,PORSCHE/MACAN,93
2022,11,Novembro,Autos,Total,1,HYUNDAI/HB20,9457
2022,11,Novembro,Com. Leves,Total,1,FIAT/STRADA,9240
2022,11,Novembro,Autos,Total,2,FIAT/MOBI,8724
2022,11,Novembro,Com. Leves,Total,2,TOYOTA/HILUX,4816
2022,11,Novembro,Autos,Total,3,GM/ONIX PLUS,8035
2022,11,Novembro,Com. Leves,Total,3,FIAT/TORO,3473
2022,11,Novembro,Autos,Total,4,FIAT/ARGO,7737
2022,11,Novembro,Com. Leves,Total,4,VW/SAVEIRO,2975
2022,11,Novembro,Autos,Total,5,GM/ONIX,7393
2022,11,Novembro,Com. Leves,Total,5,FIAT/FIORINO,2111
2022,11,Novembro,Autos,Total,6,VW/GOL,7320
2022,11,Novembro,Com. Leves,Total,6,RENAULT/OROCH,1410
2022,11,Novembro,Autos,Total,7,GM/TRACKER,7231
2022,11,Novembro,Com. Leves,Total,7,GM/S10,1404
2022,11,Novembro,Autos,Total,8,FIAT/CRONOS,6575
2022,11,Novembro,Com. Leves,Total,8,FORD/RANGER,1284
2022,11,Novembro,Autos,Total,9,JEEP/COMPASS,6409
2022,11,Novembro,Com. Leves,Total,9,MITSUBISHI/L200,1252
2022,11,Novembro,Autos,Total,10,RENAULT/KWID,6182
2022,11,Novembro,Com. Leves,Total,10,NISSAN/FRONTIER,1108
2022,11,Novembro,Autos,Total,11,HYUNDAI/CRETA,5269
2022,11,Novembro,Com. Leves,Total,11,VW/AMAROK,774
2022,11,Novembro,Autos,Total,12,VW/T CROSS,5174
2022,11,Novembro,Com. Leves,Total,12,RENAULT/MASTER,756
2022,11,Novembro,Autos,Total,13,VW/NIVUS,4859
2022,11,Novembro,Com. Leves,Total,13,RAM/3500,304
2022,11,Novembro,Autos,Total,14,VW/VOYAGE,4677
2022,11,Novembro,Com. Leves,Total,14,FORD/TRANSIT,274
2022,11,Novembro,Autos,Total,15,JEEP/RENEGADE,4474
2022,11,Novembro,Com. Leves,Total,15,KIA/K2500,266
2022,11,Novembro,Autos,Total,16,PEUGEOT/208,3978
2022,11,Novembro,Com. Leves,Total,16,RAM/CLASSIC,207
2022,11,Novembro,Autos,Total,17,FIAT/PULSE,3685
2022,11,Novembro,Com. Leves,Total,17,PEUGEOT/PARTNER,184
2022,11,Novembro,Autos,Total,18,TOYOTA/COROLLA,3656
2022,11,Novembro,Com. Leves,Total,18,RAM/1500,178
2022,11,Novembro,Autos,Total,19,TOYOTA/COROLLA CROSS,3402
2022,11,Novembro,Com. Leves,Total,19,FIAT/SCUDO,175
2022,11,Novembro,Autos,Total,20,CITROEN/C3,3191
2022,11,Novembro,Com. Leves,Total,20,CITROEN/JUMPY,167
2022,11,Novembro,Autos,Total,21,FIAT/FASTBACK,3190
2022,11,Novembro,Com. Leves,Total,21,PEUGEOT/EXPERT,155
2022,11,Novembro,Autos,Total,22,HONDA/HR-V,2904
2022,11,Novembro,Com. Leves,Total,22,IVECO/DAILY,139
2022,11,Novembro,Autos,Total,23,NISSAN/KICKS,2607
2022,11,Novembro,Com. Leves,Total,23,VW/MAN/EXPRESS,112
2022,11,Novembro,Autos,Total,24,JEEP/COMMANDER,2422
2022,11,Novembro,Com. Leves,Total,24,M.BENZ/SPRINTER 315,110
2022,11,Novembro,Autos,Total,25,TOYOTA/YARIS HB,2365
2022,11,Novembro,Com. Leves,Total,25,EFFA/V21,75
2022,11,Novembro,Autos,Total,26,RENAULT/DUSTER,2245
2022,11,Novembro,Com. Leves,Total,26,FORD/MAVERICK,62
2022,11,Novembro,Autos,Total,27,VW/POLO,2152
2022,11,Novembro,Com. Leves,Total,27,EFFA/V22,34
2022,11,Novembro,Autos,Total,28,GM/SPIN,1903
2022,11,Novembro,Com. Leves,Total,28,RAM/2500,31
2022,11,Novembro,Autos,Total,29,TOYOTA/YARIS SEDAN,1615
2022,11,Novembro,Com. Leves,Total,29,M.BENZ/SPRINTER,13
2022,11,Novembro,Autos,Total,30,TOYOTA/HILUX SW4,1522
2022,11,Novembro,Com. Leves,Total,30,M.BENZ/SPRINTER 314,1
2022,11,Novembro,Autos,Total,31,HYUNDAI/HB20S,1412
2022,11,Novembro,Com. Leves,Total,31,IVECO/DAILY 30-130,10
2022,11,Novembro,Autos,Total,32,HONDA/CITY HATCH,1381
2022,11,Novembro,Com. Leves,Total,32,JAC/IEV750,9
2022,11,Novembro,Autos,Total,33,RENAULT/SANDERO,1341
2022,11,Novembro,Com. Leves,Total,33,FIAT/DUCATO,8
2022,11,Novembro,Autos,Total,34,RENAULT/LOGAN,1206
2022,11,Novembro,Com. Leves,Total,34,JEEP/GLADIATOR,8
2022,11,Novembro,Autos,Total,35,CAOA CHERY/TIGGO 5X,1177
2022,11,Novembro,Com. Leves,Total,35,FORD/F150,4
2022,11,Novembro,Autos,Total,36,VW/TAOS,1149
2022,11,Novembro,Com. Leves,Total,36,M.BENZ/SPRINTER 416,4
2022,11,Novembro,Autos,Total,37,HONDA/CITY,1147
2022,11,Novembro,Com. Leves,Total,37,JAC/V260,4
2022,11,Novembro,Autos,Total,38,CITROEN/C4 CACTUS,1004
2022,11,Novembro,Com. Leves,Total,38,FOTON/AUMARK 1039,4
2022,11,Novembro,Autos,Total,39,CAOA CHERY/TIGGO 8,776
2022,11,Novembro,Com. Leves,Total,39,FOTON/AUMARK 3.5-14DT,4
2022,11,Novembro,Autos,Total,40,CAOA CHERY/TIGGO 7,672
2022,11,Novembro,Com. Leves,Total,40,CITROEN/JUMPER,3
2022,11,Novembro,Autos,Total,41,BMW/320I,666
2022,11,Novembro,Com. Leves,Total,41,HYUNDAI/HR,3
2022,11,Novembro,Autos,Total,42,VW/VIRTUS,600
2022,11,Novembro,Com. Leves,Total,42,GM/SILVERADO,2
2022,11,Novembro,Autos,Total,43,MITSUBISHI/ECLIPSE CROSS,476
2022,11,Novembro,Com. Leves,Total,43,IVECO/DAILY 35-150,2
2022,11,Novembro,Autos,Total,44,GM/CRUZE SEDAN,371
2022,11,Novembro,Com. Leves,Total,44,BYD/T3,2
2022,11,Novembro,Autos,Total,45,GM/TRAILBLAZER,337
2022,11,Novembro,Com. Leves,Total,45,FORD/F75,1
2022,11,Novembro,Autos,Total,46,GM/EQUINOX,288
2022,11,Novembro,Com. Leves,Total,46,FORD/PAMPA,1
2022,11,Novembro,Autos,Total,47,VOLVO/XC40,257
2022,11,Novembro,Com. Leves,Total,47,FORD/RANCHERO,1
2022,11,Novembro,Autos,Total,48,AUDI/Q3,213
2022,11,Novembro,Com. Leves,Total,48,GM/MONTANA,1
2022,11,Novembro,Autos,Total,49,PEUGEOT/2008,210
2022,11,Novembro,Com. Leves,Total,49,KIA/UK2500,1
2022,11,Novembro,Autos,Total,50,MITSUBISHI/PAJERO,186
2022,11,Novembro,Com. Leves,Total,50,M.BENZ/EQV 300,1
2022,11,Novembro,Autos,Direta,1,FIAT/MOBI,7478
2022,11,Novembro,Com. Leves,Direta,1,FIAT/STRADA,4967
2022,11,Novembro,Autos,Direta,2,HYUNDAI/HB20,6673
2022,11,Novembro,Com. Leves,Direta,2,VW/SAVEIRO,2835
2022,11,Novembro,Autos,Direta,3,VW/GOL,6335
2022,11,Novembro,Com. Leves,Direta,3,FIAT/TORO,2556
2022,11,Novembro,Autos,Direta,4,FIAT/ARGO,6077
2022,11,Novembro,Com. Leves,Direta,4,FIAT/FIORINO,1738
2022,11,Novembro,Autos,Direta,5,FIAT/CRONOS,5576
2022,11,Novembro,Com. Leves,Direta,5,TOYOTA/HILUX,1258
2022,11,Novembro,Autos,Direta,6,GM/ONIX PLUS,5383
2022,11,Novembro,Com. Leves,Direta,6,GM/S10,1190
2022,11,Novembro,Autos,Direta,7,JEEP/COMPASS,5147
2022,11,Novembro,Com. Leves,Direta,7,RENAULT/OROCH,1145
2022,11,Novembro,Autos,Direta,8,VW/VOYAGE,4672
2022,11,Novembro,Com. Leves,Direta,8,NISSAN/FRONTIER,724
2022,11,Novembro,Autos,Direta,9,PEUGEOT/208,3852
2022,11,Novembro,Com. Leves,Direta,9,MITSUBISHI/L200,656
2022,11,Novembro,Autos,Direta,10,RENAULT/KWID,3732
2022,11,Novembro,Com. Leves,Direta,10,RENAULT/MASTER,603
2022,11,Novembro,Autos,Direta,11,JEEP/RENEGADE,3311
2022,11,Novembro,Com. Leves,Direta,11,VW/AMAROK,587
2022,11,Novembro,Autos,Direta,12,GM/ONIX,2770
2022,11,Novembro,Com. Leves,Direta,12,FORD/RANGER,526
2022,11,Novembro,Autos,Direta,13,VW/T CROSS,2415
2022,11,Novembro,Com. Leves,Direta,13,RAM/3500,299
2022,11,Novembro,Autos,Direta,14,GM/TRACKER,2269
2022,11,Novembro,Com. Leves,Direta,14,RAM/CLASSIC,207
2022,11,Novembro,Autos,Direta,15,JEEP/COMMANDER,2150
2022,11,Novembro,Com. Leves,Direta,15,RAM/1500,171
2022,11,Novembro,Autos,Direta,16,VW/NIVUS,1674
2022,11,Novembro,Com. Leves,Direta,16,FIAT/SCUDO,146
2022,11,Novembro,Autos,Direta,17,CITROEN/C3,1618
2022,11,Novembro,Com. Leves,Direta,17,PEUGEOT/PARTNER,144
2022,11,Novembro,Autos,Direta,18,GM/SPIN,1519
2022,11,Novembro,Com. Leves,Direta,18,FORD/TRANSIT,111
2022,11,Novembro,Autos,Direta,19,RENAULT/DUSTER,1459
2022,11,Novembro,Com. Leves,Direta,19,PEUGEOT/EXPERT,46
2022,11,Novembro,Autos,Direta,20,FIAT/PULSE,1165
2022,11,Novembro,Com. Leves,Direta,20,FORD/MAVERICK,40
2022,11,Novembro,Autos,Direta,21,RENAULT/SANDERO,1126
2022,11,Novembro,Com. Leves,Direta,21,CITROEN/JUMPY,37
2022,11,Novembro,Autos,Direta,22,RENAULT/LOGAN,1113
2022,11,Novembro,Com. Leves,Direta,22,RAM/2500,31
2022,11,Novembro,Autos,Direta,23,TOYOTA/COROLLA,861
2022,11,Novembro,Com. Leves,Direta,23,VW/MAN/EXPRESS,26
2022,11,Novembro,Autos,Direta,24,CITROEN/C4 CACTUS,850
2022,11,Novembro,Com. Leves,Direta,24,JEEP/GLADIATOR,3
2022,11,Novembro,Autos,Direta,25,TOYOTA/YARIS SEDAN,783
2022,11,Novembro,Com. Leves,Direta,25,FIAT/DUCATO,2
2022,11,Novembro,Autos,Direta,26,NISSAN/KICKS,741
2022,11,Novembro,Com. Leves,Direta,26,KIA/K2500,2
2022,11,Novembro,Autos,Direta,27,TOYOTA/YARIS HB,737
2022,11,Novembro,Autos,Direta,28,CAOA CHERY/TIGGO 5X,709
2022,11,Novembro,Autos,Direta,29,HYUNDAI/HB20S,595
2022,11,Novembro,Autos,Direta,30,VW/VIRTUS,398
2022,11,Novembro,Autos,Direta,31,TOYOTA/COROLLA CROSS,362
2022,11,Novembro,Autos,Direta,32,VW/POLO,316
2022,11,Novembro,Autos,Direta,33,GM/TRAILBLAZER,313
2022,11,Novembro,Autos,Direta,34,CAOA CHERY/TIGGO 8,296
2022,11,Novembro,Autos,Direta,35,HONDA/HR-V,277
2022,11,Novembro,Autos,Direta,36,MITSUBISHI/ECLIPSE CROSS,275
2022,11,Novembro,Autos,Direta,37,VW/TAOS,273
2022,11,Novembro,Autos,Direta,38,HYUNDAI/CRETA,272
2022,11,Novembro,Autos,Direta,39,CAOA CHERY/TIGGO 7,262
2022,11,Novembro,Autos,Direta,40,VOLVO/XC40,257
2022,11,Novembro,Autos,Direta,41,PEUGEOT/2008,193
2022,11,Novembro,Autos,Direta,42,FIAT/FASTBACK,182
2022,11,Novembro,Autos,Direta,43,HONDA/CITY,174
2022,11,Novembro,Autos,Direta,44,GM/CRUZE SEDAN,158
2022,11,Novembro,Autos,Direta,45,VOLVO/XC60,109
2022,11,Novembro,Autos,Direta,46,AUDI/Q5,94
2022,11,Novembro,Autos,Direta,47,VOLVO/XC90,87
2022,11,Novembro,Autos,Direta,48,GM/EQUINOX,6
2022,11,Novembro,Autos,Direta,49,FORD/BRONCO,63
2022,11,Novembro,Autos,Direta,50,HONDA/CITY HATCH,61
2022,11,Novembro,Autos,Varejo,1,HYUNDAI/CRETA,4997
2022,11,Novembro,Com. Leves,Varejo,1,FIAT/STRADA,4273
2022,11,Novembro,Autos,Varejo,2,GM/TRACKER,4962
2022,11,Novembro,Com. Leves,Varejo,2,TOYOTA/HILUX,3558
2022,11,Novembro,Autos,Varejo,3,GM/ONIX,4623
2022,11,Novembro,Com. Leves,Varejo,3,FIAT/TORO,917
2022,11,Novembro,Autos,Varejo,4,VW/NIVUS,3185
2022,11,Novembro,Com. Leves,Varejo,4,FORD/RANGER,758
2022,11,Novembro,Autos,Varejo,5,TOYOTA/COROLLA CROSS,3040
2022,11,Novembro,Com. Leves,Varejo,5,MITSUBISHI/L200,596
2022,11,Novembro,Autos,Varejo,6,FIAT/FASTBACK,3008
2022,11,Novembro,Com. Leves,Varejo,6,NISSAN/FRONTIER,384
2022,11,Novembro,Autos,Varejo,7,TOYOTA/COROLLA,2795
2022,11,Novembro,Com. Leves,Varejo,7,FIAT/FIORINO,373
2022,11,Novembro,Autos,Varejo,8,HYUNDAI/HB20,2784
2022,11,Novembro,Com. Leves,Varejo,8,RENAULT/OROCH,265
2022,11,Novembro,Autos,Varejo,9,VW/T CROSS,2759
2022,11,Novembro,Com. Leves,Varejo,9,KIA/K2500,264
2022,11,Novembro,Autos,Varejo,10,GM/ONIX PLUS,2652
2022,11,Novembro,Com. Leves,Varejo,10,GM/S10,214
2022,11,Novembro,Autos,Varejo,11,HONDA/HR-V,2627
2022,11,Novembro,Com. Leves,Varejo,11,VW/AMAROK,187
2022,11,Novembro,Autos,Varejo,12,FIAT/PULSE,2520
2022,11,Novembro,Com. Leves,Varejo,12,FORD/TRANSIT,163
2022,11,Novembro,Autos,Varejo,13,RENAULT/KWID,2450
2022,11,Novembro,Com. Leves,Varejo,13,RENAULT/MASTER,153
2022,11,Novembro,Autos,Varejo,14,NISSAN/KICKS,1866
2022,11,Novembro,Com. Leves,Varejo,14,VW/SAVEIRO,140
2022,11,Novembro,Autos,Varejo,15,VW/POLO,1836
2022,11,Novembro,Com. Leves,Varejo,15,IVECO/DAILY,139
2022,11,Novembro,Autos,Varejo,16,FIAT/ARGO,1660
2022,11,Novembro,Com. Leves,Varejo,16,CITROEN/JUMPY,130
2022,11,Novembro,Autos,Varejo,17,TOYOTA/YARIS HB,1628
2022,11,Novembro,Com. Leves,Varejo,17,M.BENZ/SPRINTER 315,110
2022,11,Novembro,Autos,Varejo,18,CITROEN/C3,1573
2022,11,Novembro,Com. Leves,Varejo,18,PEUGEOT/EXPERT,109
2022,11,Novembro,Autos,Varejo,19,TOYOTA/HILUX SW4,1467
2022,11,Novembro,Com. Leves,Varejo,19,VW/MAN/EXPRESS,86
2022,11,Novembro,Autos,Varejo,20,HONDA/CITY HATCH,1320
2022,11,Novembro,Com. Leves,Varejo,20,EFFA/V21,75
2022,11,Novembro,Autos,Varejo,21,JEEP/COMPASS,1262
2022,11,Novembro,Com. Leves,Varejo,21,PEUGEOT/PARTNER,40
2022,11,Novembro,Autos,Varejo,22,FIAT/MOBI,1246
2022,11,Novembro,Com. Leves,Varejo,22,EFFA/V22,34
2022,11,Novembro,Autos,Varejo,23,JEEP/RENEGADE,1163
2022,11,Novembro,Com. Leves,Varejo,23,FIAT/SCUDO,29
2022,11,Novembro,Autos,Varejo,24,FIAT/CRONOS,999
2022,11,Novembro,Com. Leves,Varejo,24,FORD/MAVERICK,2
2022,11,Novembro,Autos,Varejo,25,VW/GOL,985
2022,11,Novembro,Com. Leves,Varejo,25,M.BENZ/SPRINTER,13
2022,11,Novembro,Autos,Varejo,26,HONDA/CITY,973
2022,11,Novembro,Com. Leves,Varejo,26,M.BENZ/SPRINTER 314,1
2022,11,Novembro,Autos,Varejo,27,VW/TAOS,876
2022,11,Novembro,Com. Leves,Varejo,27,IVECO/DAILY 30-130,10
2022,11,Novembro,Autos,Varejo,28,TOYOTA/YARIS SEDAN,832
2022,11,Novembro,Com. Leves,Varejo,28,JAC/IEV750,9
2022,11,Novembro,Autos,Varejo,29,HYUNDAI/HB20S,817
2022,11,Novembro,Com. Leves,Varejo,29,RAM/1500,7
2022,11,Novembro,Autos,Varejo,30,RENAULT/DUSTER,786
2022,11,Novembro,Com. Leves,Varejo,30,FIAT/DUCATO,6
2022,11,Novembro,Autos,Varejo,31,BMW/320I,611
2022,11,Novembro,Com. Leves,Varejo,31,JEEP/GLADIATOR,5
2022,11,Novembro,Autos,Varejo,32,CAOA CHERY/TIGGO 8,480
2022,11,Novembro,Com. Leves,Varejo,32,RAM/3500,5
2022,11,Novembro,Autos,Varejo,33,CAOA CHERY/TIGGO 5X,468
2022,11,Novembro,Com. Leves,Varejo,33,FORD/F150,4
2022,11,Novembro,Autos,Varejo,34,CAOA CHERY/TIGGO 7,410
2022,11,Novembro,Com. Leves,Varejo,34,M.BENZ/SPRINTER 416,4
2022,11,Novembro,Autos,Varejo,35,GM/SPIN,384
2022,11,Novembro,Com. Leves,Varejo,35,JAC/V260,4
2022,11,Novembro,Autos,Varejo,36,JEEP/COMMANDER,272
2022,11,Novembro,Com. Leves,Varejo,36,FOTON/AUMARK 1039,4
2022,11,Novembro,Autos,Varejo,37,GM/EQUINOX,222
2022,11,Novembro,Com. Leves,Varejo,37,FOTON/AUMARK 3.5-14DT,4
2022,11,Novembro,Autos,Varejo,38,RENAULT/SANDERO,215
2022,11,Novembro,Com. Leves,Varejo,38,CITROEN/JUMPER,3
2022,11,Novembro,Autos,Varejo,39,GM/CRUZE SEDAN,213
2022,11,Novembro,Com. Leves,Varejo,39,GM/SILVERADO,2
2022,11,Novembro,Autos,Varejo,40,VW/VIRTUS,202
2022,11,Novembro,Com. Leves,Varejo,40,HYUNDAI/HR,2
2022,11,Novembro,Autos,Varejo,41,MITSUBISHI/ECLIPSE CROSS,201
2022,11,Novembro,Com. Leves,Varejo,41,IVECO/DAILY 35-150,2
2022,11,Novembro,Autos,Varejo,42,MITSUBISHI/PAJERO,176
2022,11,Novembro,Com. Leves,Varejo,42,BYD/T3,2
2022,11,Novembro,Autos,Varejo,43,AUDI/Q3,163
2022,11,Novembro,Com. Leves,Varejo,43,FORD/F75,1
2022,11,Novembro,Autos,Varejo,44,CITROEN/C4 CACTUS,154
2022,11,Novembro,Com. Leves,Varejo,44,FORD/PAMPA,1
2022,11,Novembro,Autos,Varejo,45,PEUGEOT/208,126
2022,11,Novembro,Com. Leves,Varejo,45,FORD/RANCHERO,1
2022,11,Novembro,Autos,Varejo,46,TOYOTA/RAV4,109
2022,11,Novembro,Com. Leves,Varejo,46,GM/MONTANA,1
2022,11,Novembro,Autos,Varejo,47,PORSCHE/CAYENNE,108
2022,11,Novembro,Com. Leves,Varejo,47,KIA/UK2500,1
2022,11,Novembro,Autos,Varejo,48,LAND ROVER/DEFENDER,105
2022,11,Novembro,Com. Leves,Varejo,48,M.BENZ/EQV 300,1
2022,11,Novembro,Autos,Varejo,49,M.BENZ/CLASSE GLA,104
2022,11,Novembro,Com. Leves,Varejo,49,TOYOTA/TUNDRA,1
2022,11,Novembro,Autos,Varejo,50,M.BENZ/CLASSE C,96
2022,11,Novembro,Com. Leves,Varejo,50,EFFA/K01,1
2022,12,Dezembro,Autos,Total,1,GM/ONIX,9511
2022,12,Dezembro,Com. Leves,Total,1,FIAT/STRADA,9169
2022,12,Dezembro,Autos,Total,2,VW/GOL,9166
2022,12,Dezembro,Com. Leves,Total,2,TOYOTA/HILUX,5783
2022,12,Dezembro,Autos,Total,3,GM/TRACKER,8283
2022,12,Dezembro,Com. Leves,Total,3,FIAT/TORO,4296
2022,12,Dezembro,Autos,Total,4,GM/ONIX PLUS,8030
2022,12,Dezembro,Com. Leves,Total,4,GM/S10,3374
2022,12,Dezembro,Autos,Total,5,FIAT/MOBI,7258
2022,12,Dezembro,Com. Leves,Total,5,VW/SAVEIRO,3024
2022,12,Dezembro,Autos,Total,6,HYUNDAI/HB20,6970
2022,12,Dezembro,Com. Leves,Total,6,FIAT/FIORINO,2019
2022,12,Dezembro,Autos,Total,7,FIAT/ARGO,6737
2022,12,Dezembro,Com. Leves,Total,7,FORD/RANGER,1594
2022,12,Dezembro,Autos,Total,8,HYUNDAI/CRETA,6572
2022,12,Dezembro,Com. Leves,Total,8,MITSUBISHI/L200,1589
2022,12,Dezembro,Autos,Total,9,VW/T CROSS,6182
2022,12,Dezembro,Com. Leves,Total,9,RENAULT/OROCH,1192
2022,12,Dezembro,Autos,Total,10,JEEP/COMPASS,6092
2022,12,Dezembro,Com. Leves,Total,10,NISSAN/FRONTIER,945
2022,12,Dezembro,Autos,Total,11,JEEP/RENEGADE,5420
2022,12,Dezembro,Com. Leves,Total,11,RENAULT/MASTER,894
2022,12,Dezembro,Autos,Total,12,RENAULT/KWID,5083
2022,12,Dezembro,Com. Leves,Total,12,VW/AMAROK,888
2022,12,Dezembro,Autos,Total,13,VW/NIVUS,4756
2022,12,Dezembro,Com. Leves,Total,13,FORD/TRANSIT,555
2022,12,Dezembro,Autos,Total,14,FIAT/CRONOS,4598
2022,12,Dezembro,Com. Leves,Total,14,RAM/3500,452
2022,12,Dezembro,Autos,Total,15,TOYOTA/COROLLA,4330
2022,12,Dezembro,Com. Leves,Total,15,RAM/CLASSIC,304
2022,12,Dezembro,Autos,Total,16,FIAT/PULSE,4019
2022,12,Dezembro,Com. Leves,Total,16,FIAT/SCUDO,236
2022,12,Dezembro,Autos,Total,17,VW/VOYAGE,4002
2022,12,Dezembro,Com. Leves,Total,17,PEUGEOT/PARTNER,235
2022,12,Dezembro,Autos,Total,18,TOYOTA/COROLLA CROSS,3894
2022,12,Dezembro,Com. Leves,Total,18,KIA/K2500,226
2022,12,Dezembro,Autos,Total,19,NISSAN/KICKS,3667
2022,12,Dezembro,Com. Leves,Total,19,PEUGEOT/EXPERT,184
2022,12,Dezembro,Autos,Total,20,FIAT/FASTBACK,3411
2022,12,Dezembro,Com. Leves,Total,20,CITROEN/JUMPY,152
2022,12,Dezembro,Autos,Total,21,CITROEN/C3,3271
2022,12,Dezembro,Com. Leves,Total,21,VW/MAN/EXPRESS,150
2022,12,Dezembro,Autos,Total,22,TOYOTA/YARIS HB,3221
2022,12,Dezembro,Com. Leves,Total,22,RAM/2500,138
2022,12,Dezembro,Autos,Total,23,HONDA/HR-V,3198
2022,12,Dezembro,Com. Leves,Total,23,FORD/MAVERICK,128
2022,12,Dezembro,Autos,Total,24,HYUNDAI/HB20S,2920
2022,12,Dezembro,Com. Leves,Total,24,IVECO/DAILY,114
2022,12,Dezembro,Autos,Total,25,VW/POLO,2887
2022,12,Dezembro,Com. Leves,Total,25,RAM/1500,112
2022,12,Dezembro,Autos,Total,26,GM/SPIN,2432
2022,12,Dezembro,Com. Leves,Total,26,M.BENZ/SPRINTER 315,64
2022,12,Dezembro,Autos,Total,27,JEEP/COMMANDER,2281
2022,12,Dezembro,Com. Leves,Total,27,EFFA/V21,59
2022,12,Dezembro,Autos,Total,28,RENAULT/DUSTER,2268
2022,12,Dezembro,Com. Leves,Total,28,EFFA/V22,21
2022,12,Dezembro,Autos,Total,29,TOYOTA/YARIS SEDAN,2004
2022,12,Dezembro,Com. Leves,Total,29,FORD/F150,16
2022,12,Dezembro,Autos,Total,30,PEUGEOT/208,1787
2022,12,Dezembro,Com. Leves,Total,30,FIAT/DUCATO,1
2022,12,Dezembro,Autos,Total,31,HONDA/CITY HATCH,1507
2022,12,Dezembro,Com. Leves,Total,31,IVECO/DAILY 30-130,10
2022,12,Dezembro,Autos,Total,32,VW/TAOS,1495
2022,12,Dezembro,Com. Leves,Total,32,M.BENZ/SPRINTER,8
2022,12,Dezembro,Autos,Total,33,TOYOTA/HILUX SW4,1380
2022,12,Dezembro,Com. Leves,Total,33,EFFA/V25,7
2022,12,Dezembro,Autos,Total,34,RENAULT/SANDERO,1365
2022,12,Dezembro,Com. Leves,Total,34,JEEP/GLADIATOR,6
2022,12,Dezembro,Autos,Total,35,HONDA/CITY,1324
2022,12,Dezembro,Com. Leves,Total,35,HYUNDAI/HR,4
2022,12,Dezembro,Autos,Total,36,RENAULT/LOGAN,916
2022,12,Dezembro,Com. Leves,Total,36,M.BENZ/SPRINTER 314,4
2022,12,Dezembro,Autos,Total,37,CAOA CHERY/TIGGO 7,880
2022,12,Dezembro,Com. Leves,Total,37,M.BENZ/SPRINTER 416,4
2022,12,Dezembro,Autos,Total,38,VW/VIRTUS,796
2022,12,Dezembro,Com. Leves,Total,38,JAC/V260,4
2022,12,Dezembro,Autos,Total,39,CITROEN/C4 CACTUS,758
2022,12,Dezembro,Com. Leves,Total,39,FOTON/AUMARK 3.5-14DT,4
2022,12,Dezembro,Autos,Total,40,BMW/320I,745
2022,12,Dezembro,Com. Leves,Total,40,CITROEN/JUMPER,3
2022,12,Dezembro,Autos,Total,41,CAOA CHERY/TIGGO 8,715
2022,12,Dezembro,Com. Leves,Total,41,IVECO/DAILY 35-150,3
2022,12,Dezembro,Autos,Total,42,CAOA CHERY/TIGGO 5X,689
2022,12,Dezembro,Com. Leves,Total,42,JAC/IEV 330P,3
2022,12,Dezembro,Autos,Total,43,NISSAN/VERSA,482
2022,12,Dezembro,Com. Leves,Total,43,FOTON/AUMARK 1039,3
2022,12,Dezembro,Autos,Total,44,GM/EQUINOX,356
2022,12,Dezembro,Com. Leves,Total,44,GM/SILVERADO,2
2022,12,Dezembro,Autos,Total,45,MITSUBISHI/PAJERO,349
2022,12,Dezembro,Com. Leves,Total,45,IVECO/DAILY 30S13,2
2022,12,Dezembro,Autos,Total,46,VOLVO/XC60,312
2022,12,Dezembro,Com. Leves,Total,46,KIA/UK2500,2
2022,12,Dezembro,Autos,Total,47,VOLVO/XC40,309
2022,12,Dezembro,Com. Leves,Total,47,FORD/F250,1
2022,12,Dezembro,Autos,Total,48,GM/TRAILBLAZER,296
2022,12,Dezembro,Com. Leves,Total,48,FORD/RANCHERO,1
2022,12,Dezembro,Autos,Total,49,MITSUBISHI/ECLIPSE CROSS,284
2022,12,Dezembro,Com. Leves,Total,49,GM/C10,1
2022,12,Dezembro,Autos,Total,50,AUDI/Q3,269
2022,12,Dezembro,Com. Leves,Total,50,GM/MONTANA,1
2022,12,Dezembro,Autos,Direta,1,VW/GOL,8136
2022,12,Dezembro,Com. Leves,Direta,1,FIAT/STRADA,5987
2022,12,Dezembro,Autos,Direta,2,FIAT/MOBI,6000
2022,12,Dezembro,Com. Leves,Direta,2,FIAT/TORO,3206
2022,12,Dezembro,Autos,Direta,3,FIAT/ARGO,5050
2022,12,Dezembro,Com. Leves,Direta,3,GM/S10,3175
2022,12,Dezembro,Autos,Direta,4,JEEP/COMPASS,4903
2022,12,Dezembro,Com. Leves,Direta,4,VW/SAVEIRO,2862
2022,12,Dezembro,Autos,Direta,5,GM/ONIX PLUS,4709
2022,12,Dezembro,Com. Leves,Direta,5,TOYOTA/HILUX,1779
2022,12,Dezembro,Autos,Direta,6,JEEP/RENEGADE,4252
2022,12,Dezembro,Com. Leves,Direta,6,FIAT/FIORINO,1627
2022,12,Dezembro,Autos,Direta,7,HYUNDAI/HB20,4211
2022,12,Dezembro,Com. Leves,Direta,7,RENAULT/OROCH,913
2022,12,Dezembro,Autos,Direta,8,VW/VOYAGE,3996
2022,12,Dezembro,Com. Leves,Direta,8,MITSUBISHI/L200,858
2022,12,Dezembro,Autos,Direta,9,FIAT/CRONOS,3492
2022,12,Dezembro,Com. Leves,Direta,9,RENAULT/MASTER,643
2022,12,Dezembro,Autos,Direta,10,GM/ONIX,3468
2022,12,Dezembro,Com. Leves,Direta,10,FORD/RANGER,636
2022,12,Dezembro,Autos,Direta,11,VW/T CROSS,3280
2022,12,Dezembro,Com. Leves,Direta,11,NISSAN/FRONTIER,552
2022,12,Dezembro,Autos,Direta,12,GM/TRACKER,2558
2022,12,Dezembro,Com. Leves,Direta,12,VW/AMAROK,514
2022,12,Dezembro,Autos,Direta,13,RENAULT/KWID,2483
2022,12,Dezembro,Com. Leves,Direta,13,RAM/3500,450
2022,12,Dezembro,Autos,Direta,14,JEEP/COMMANDER,2044
2022,12,Dezembro,Com. Leves,Direta,14,FORD/TRANSIT,340
2022,12,Dezembro,Autos,Direta,15,HYUNDAI/HB20S,1981
2022,12,Dezembro,Com. Leves,Direta,15,RAM/CLASSIC,301
2022,12,Dezembro,Autos,Direta,16,CITROEN/C3,1945
2022,12,Dezembro,Com. Leves,Direta,16,FIAT/SCUDO,206
2022,12,Dezembro,Autos,Direta,17,GM/SPIN,1877
2022,12,Dezembro,Com. Leves,Direta,17,PEUGEOT/PARTNER,201
2022,12,Dezembro,Autos,Direta,18,PEUGEOT/208,1619
2022,12,Dezembro,Com. Leves,Direta,18,RAM/2500,136
2022,12,Dezembro,Autos,Direta,19,FIAT/PULSE,1447
2022,12,Dezembro,Com. Leves,Direta,19,RAM/1500,8
2022,12,Dezembro,Autos,Direta,20,RENAULT/DUSTER,1348
2022,12,Dezembro,Com. Leves,Direta,20,VW/MAN/EXPRESS,58
2022,12,Dezembro,Autos,Direta,21,VW/NIVUS,1342
2022,12,Dezembro,Com. Leves,Direta,21,FORD/MAVERICK,56
2022,12,Dezembro,Autos,Direta,22,NISSAN/KICKS,1305
2022,12,Dezembro,Com. Leves,Direta,22,PEUGEOT/EXPERT,41
2022,12,Dezembro,Autos,Direta,23,RENAULT/SANDERO,1159
2022,12,Dezembro,Com. Leves,Direta,23,CITROEN/JUMPY,18
2022,12,Dezembro,Autos,Direta,24,TOYOTA/COROLLA,1132
2022,12,Dezembro,Com. Leves,Direta,24,FORD/F150,5
2022,12,Dezembro,Autos,Direta,25,TOYOTA/YARIS HB,1124
2022,12,Dezembro,Com. Leves,Direta,25,HYUNDAI/HR,3
2022,12,Dezembro,Autos,Direta,26,TOYOTA/YARIS SEDAN,991
2022,12,Dezembro,Com. Leves,Direta,26,JEEP/GLADIATOR,3
2022,12,Dezembro,Autos,Direta,27,HYUNDAI/CRETA,853
2022,12,Dezembro,Com. Leves,Direta,27,FIAT/DUCATO,1
2022,12,Dezembro,Autos,Direta,28,RENAULT/LOGAN,832
2022,12,Dezembro,Com. Leves,Direta,28,GM/MONTANA,1
2022,12,Dezembro,Autos,Direta,29,CITROEN/C4 CACTUS,639
2022,12,Dezembro,Com. Leves,Direta,29,KIA/K2500,1
2022,12,Dezembro,Autos,Direta,30,VW/VIRTUS,558
2022,12,Dezembro,Com. Leves,Direta,30,M.BENZ/VITO,1
2022,12,Dezembro,Autos,Direta,31,TOYOTA/COROLLA CROSS,490
2022,12,Dezembro,Autos,Direta,32,VW/POLO,474
2022,12,Dezembro,Autos,Direta,33,VW/TAOS,364
2022,12,Dezembro,Autos,Direta,34,CAOA CHERY/TIGGO 7,332
2022,12,Dezembro,Autos,Direta,35,FIAT/FASTBACK,328
2022,12,Dezembro,Autos,Direta,36,VOLVO/XC60,312
2022,12,Dezembro,Autos,Direta,37,VOLVO/XC40,309
2022,12,Dezembro,Autos,Direta,38,GM/TRAILBLAZER,270
2022,12,Dezembro,Autos,Direta,39,CAOA CHERY/TIGGO 5X,234
2022,12,Dezembro,Autos,Direta,40,PEUGEOT/2008,220
2022,12,Dezembro,Autos,Direta,41,AUDI/Q5,207
2022,12,Dezembro,Autos,Direta,42,HONDA/CITY,204
2022,12,Dezembro,Autos,Direta,43,CAOA CHERY/TIGGO 8,176
2022,12,Dezembro,Autos,Direta,44,HONDA/HR-V,168
2022,12,Dezembro,Autos,Direta,45,VOLVO/XC90,125
2022,12,Dezembro,Autos,Direta,46,AUDI/Q3,110
2022,12,Dezembro,Autos,Direta,47,MITSUBISHI/PAJERO,106
2022,12,Dezembro,Autos,Direta,48,AUDI/A4,82
2022,12,Dezembro,Autos,Direta,49,NISSAN/VERSA,82
2022,12,Dezembro,Autos,Direta,50,AUDI/A3 SEDAN,7
2022,12,Dezembro,Autos,Varejo,1,GM/ONIX,6043
2022,12,Dezembro,Com. Leves,Varejo,1,TOYOTA/HILUX,4004
2022,12,Dezembro,Autos,Varejo,2,GM/TRACKER,5725
2022,12,Dezembro,Com. Leves,Varejo,2,FIAT/STRADA,3182
2022,12,Dezembro,Autos,Varejo,3,HYUNDAI/CRETA,5719
2022,12,Dezembro,Com. Leves,Varejo,3,FIAT/TORO,1090
2022,12,Dezembro,Autos,Varejo,4,VW/NIVUS,3414
2022,12,Dezembro,Com. Leves,Varejo,4,FORD/RANGER,958
2022,12,Dezembro,Autos,Varejo,5,TOYOTA/COROLLA CROSS,3404
2022,12,Dezembro,Com. Leves,Varejo,5,MITSUBISHI/L200,731
2022,12,Dezembro,Autos,Varejo,6,GM/ONIX PLUS,3321
2022,12,Dezembro,Com. Leves,Varejo,6,NISSAN/FRONTIER,393
2022,12,Dezembro,Autos,Varejo,7,TOYOTA/COROLLA,3198
2022,12,Dezembro,Com. Leves,Varejo,7,FIAT/FIORINO,392
2022,12,Dezembro,Autos,Varejo,8,FIAT/FASTBACK,3083
2022,12,Dezembro,Com. Leves,Varejo,8,VW/AMAROK,374
2022,12,Dezembro,Autos,Varejo,9,HONDA/HR-V,3030
2022,12,Dezembro,Com. Leves,Varejo,9,RENAULT/OROCH,279
2022,12,Dezembro,Autos,Varejo,10,VW/T CROSS,2902
2022,12,Dezembro,Com. Leves,Varejo,10,RENAULT/MASTER,251
2022,12,Dezembro,Autos,Varejo,11,HYUNDAI/HB20,2759
2022,12,Dezembro,Com. Leves,Varejo,11,KIA/K2500,225
2022,12,Dezembro,Autos,Varejo,12,RENAULT/KWID,2600
2022,12,Dezembro,Com. Leves,Varejo,12,FORD/TRANSIT,215
2022,12,Dezembro,Autos,Varejo,13,FIAT/PULSE,2572
2022,12,Dezembro,Com. Leves,Varejo,13,GM/S10,199
2022,12,Dezembro,Autos,Varejo,14,VW/POLO,2413
2022,12,Dezembro,Com. Leves,Varejo,14,VW/SAVEIRO,162
2022,12,Dezembro,Autos,Varejo,15,NISSAN/KICKS,2362
2022,12,Dezembro,Com. Leves,Varejo,15,PEUGEOT/EXPERT,143
2022,12,Dezembro,Autos,Varejo,16,TOYOTA/YARIS HB,2097
2022,12,Dezembro,Com. Leves,Varejo,16,CITROEN/JUMPY,134
2022,12,Dezembro,Autos,Varejo,17,FIAT/ARGO,1687
2022,12,Dezembro,Com. Leves,Varejo,17,IVECO/DAILY,114
2022,12,Dezembro,Autos,Varejo,18,HONDA/CITY HATCH,1447
2022,12,Dezembro,Com. Leves,Varejo,18,VW/MAN/EXPRESS,92
2022,12,Dezembro,Autos,Varejo,19,CITROEN/C3,1326
2022,12,Dezembro,Com. Leves,Varejo,19,FORD/MAVERICK,72
2022,12,Dezembro,Autos,Varejo,20,TOYOTA/HILUX SW4,1304
2022,12,Dezembro,Com. Leves,Varejo,20,M.BENZ/SPRINTER 315,64
2022,12,Dezembro,Autos,Varejo,21,FIAT/MOBI,1258
2022,12,Dezembro,Com. Leves,Varejo,21,EFFA/V21,59
2022,12,Dezembro,Autos,Varejo,22,JEEP/COMPASS,1189
2022,12,Dezembro,Com. Leves,Varejo,22,PEUGEOT/PARTNER,34
2022,12,Dezembro,Autos,Varejo,23,JEEP/RENEGADE,1168
2022,12,Dezembro,Com. Leves,Varejo,23,FIAT/SCUDO,30
2022,12,Dezembro,Autos,Varejo,24,VW/TAOS,1131
2022,12,Dezembro,Com. Leves,Varejo,24,RAM/1500,24
2022,12,Dezembro,Autos,Varejo,25,HONDA/CITY,1120
2022,12,Dezembro,Com. Leves,Varejo,25,EFFA/V22,21
2022,12,Dezembro,Autos,Varejo,26,FIAT/CRONOS,1106
2022,12,Dezembro,Com. Leves,Varejo,26,FORD/F150,1
2022,12,Dezembro,Autos,Varejo,27,VW/GOL,1030
2022,12,Dezembro,Com. Leves,Varejo,27,FIAT/DUCATO,10
2022,12,Dezembro,Autos,Varejo,28,TOYOTA/YARIS SEDAN,1013
2022,12,Dezembro,Com. Leves,Varejo,28,IVECO/DAILY 30-130,10
2022,12,Dezembro,Autos,Varejo,29,HYUNDAI/HB20S,939
2022,12,Dezembro,Com. Leves,Varejo,29,M.BENZ/SPRINTER,8
2022,12,Dezembro,Autos,Varejo,30,RENAULT/DUSTER,920
2022,12,Dezembro,Com. Leves,Varejo,30,EFFA/V25,7
2022,12,Dezembro,Autos,Varejo,31,BMW/320I,691
2022,12,Dezembro,Com. Leves,Varejo,31,M.BENZ/SPRINTER 314,4
2022,12,Dezembro,Autos,Varejo,32,GM/SPIN,555
2022,12,Dezembro,Com. Leves,Varejo,32,M.BENZ/SPRINTER 416,4
2022,12,Dezembro,Autos,Varejo,33,CAOA CHERY/TIGGO 7,548
2022,12,Dezembro,Com. Leves,Varejo,33,JAC/V260,4
2022,12,Dezembro,Autos,Varejo,34,CAOA CHERY/TIGGO 8,539
2022,12,Dezembro,Com. Leves,Varejo,34,FOTON/AUMARK 3.5-14DT,4
2022,12,Dezembro,Autos,Varejo,35,CAOA CHERY/TIGGO 5X,455
2022,12,Dezembro,Com. Leves,Varejo,35,CITROEN/JUMPER,3
2022,12,Dezembro,Autos,Varejo,36,NISSAN/VERSA,400
2022,12,Dezembro,Com. Leves,Varejo,36,IVECO/DAILY 35-150,3
2022,12,Dezembro,Autos,Varejo,37,GM/EQUINOX,297
2022,12,Dezembro,Com. Leves,Varejo,37,JEEP/GLADIATOR,3
2022,12,Dezembro,Autos,Varejo,38,MITSUBISHI/PAJERO,243
2022,12,Dezembro,Com. Leves,Varejo,38,JAC/IEV 330P,3
2022,12,Dezembro,Autos,Varejo,39,VW/VIRTUS,238
2022,12,Dezembro,Com. Leves,Varejo,39,FOTON/AUMARK 1039,3
2022,12,Dezembro,Autos,Varejo,40,JEEP/COMMANDER,237
2022,12,Dezembro,Com. Leves,Varejo,40,RAM/CLASSIC,3
2022,12,Dezembro,Autos,Varejo,41,MITSUBISHI/ECLIPSE CROSS,217
2022,12,Dezembro,Com. Leves,Varejo,41,GM/SILVERADO,2
2022,12,Dezembro,Autos,Varejo,42,RENAULT/SANDERO,206
2022,12,Dezembro,Com. Leves,Varejo,42,IVECO/DAILY 30S13,2
2022,12,Dezembro,Autos,Varejo,43,PEUGEOT/208,168
2022,12,Dezembro,Com. Leves,Varejo,43,KIA/UK2500,2
2022,12,Dezembro,Autos,Varejo,44,KIA/SPORTAGE,165
2022,12,Dezembro,Com. Leves,Varejo,44,RAM/2500,2
2022,12,Dezembro,Autos,Varejo,45,AUDI/Q3,159
2022,12,Dezembro,Com. Leves,Varejo,45,RAM/3500,2
2022,12,Dezembro,Autos,Varejo,46,GM/CRUZE SEDAN,153
2022,12,Dezembro,Com. Leves,Varejo,46,FORD/F250,1
2022,12,Dezembro,Autos,Varejo,47,M.BENZ/CLASSE GLA,149
2022,12,Dezembro,Com. Leves,Varejo,47,FORD/RANCHERO,1
2022,12,Dezembro,Autos,Varejo,48,PORSCHE/CAYENNE,124
2022,12,Dezembro,Com. Leves,Varejo,48,GM/C10,1
2022,12,Dezembro,Autos,Varejo,49,KIA/STONIC,120
2022,12,Dezembro,Com. Leves,Varejo,49,GMC/HUMMER EV EDITION 1,1
2022,12,Dezembro,Autos,Varejo,50,CITROEN/C4 CACTUS,119
2022,12,Dezembro,Com. Leves,Varejo,50,GMC/SIERRA,1
2023,1,Janeiro,Autos,Total,1,GM/ONIX,7162
2023,1,Janeiro,Com. Leves,Total,1,FIAT/STRADA,7000
2023,1,Janeiro,Autos,Total,2,GM/ONIX PLUS,6164
2023,1,Janeiro,Com. Leves,Total,2,TOYOTA/HILUX,3435
2023,1,Janeiro,Autos,Total,3,GM/TRACKER,5296
2023,1,Janeiro,Com. Leves,Total,3,FIAT/TORO,3281
2023,1,Janeiro,Autos,Total,4,HYUNDAI/CRETA,4969
2023,1,Janeiro,Com. Leves,Total,4,VW/SAVEIRO,2714
2023,1,Janeiro,Autos,Total,5,HYUNDAI/HB20,4840
2023,1,Janeiro,Com. Leves,Total,5,GM/S10,2039
2023,1,Janeiro,Autos,Total,6,VW/T CROSS,4454
2023,1,Janeiro,Com. Leves,Total,6,FIAT/FIORINO,1303
2023,1,Janeiro,Autos,Total,7,FIAT/ARGO,4282
2023,1,Janeiro,Com. Leves,Total,7,FORD/RANGER,977
2023,1,Janeiro,Autos,Total,8,FIAT/MOBI,4208
2023,1,Janeiro,Com. Leves,Total,8,MITSUBISHI/L200,783
2023,1,Janeiro,Autos,Total,9,JEEP/COMPASS,4139
2023,1,Janeiro,Com. Leves,Total,9,RENAULT/OROCH,716
2023,1,Janeiro,Autos,Total,10,VW/GOL,3387
2023,1,Janeiro,Com. Leves,Total,10,RENAULT/MASTER,664
2023,1,Janeiro,Autos,Total,11,RENAULT/KWID,3307
2023,1,Janeiro,Com. Leves,Total,11,NISSAN/FRONTIER,661
2023,1,Janeiro,Autos,Total,12,VW/NIVUS,3100
2023,1,Janeiro,Com. Leves,Total,12,VW/AMAROK,567
2023,1,Janeiro,Autos,Total,13,JEEP/RENEGADE,3049
2023,1,Janeiro,Com. Leves,Total,13,FIAT/SCUDO,277
2023,1,Janeiro,Autos,Total,14,FIAT/PULSE,3015
2023,1,Janeiro,Com. Leves,Total,14,RAM/3500,270
2023,1,Janeiro,Autos,Total,15,NISSAN/KICKS,2984
2023,1,Janeiro,Com. Leves,Total,15,FORD/TRANSIT,260
2023,1,Janeiro,Autos,Total,16,FIAT/FASTBACK,2707
2023,1,Janeiro,Com. Leves,Total,16,KIA/K2500,214
2023,1,Janeiro,Autos,Total,17,TOYOTA/COROLLA CROSS,2604
2023,1,Janeiro,Com. Leves,Total,17,CITROEN/JUMPY,173
2023,1,Janeiro,Autos,Total,18,FIAT/CRONOS,2481
2023,1,Janeiro,Com. Leves,Total,18,RAM/CLASSIC,166
2023,1,Janeiro,Autos,Total,19,TOYOTA/COROLLA,2238
2023,1,Janeiro,Com. Leves,Total,19,PEUGEOT/EXPERT,148
2023,1,Janeiro,Autos,Total,20,VW/POLO,2115
2023,1,Janeiro,Com. Leves,Total,20,IVECO/DAILY,134
2023,1,Janeiro,Autos,Total,21,TOYOTA/YARIS HB,2072
2023,1,Janeiro,Com. Leves,Total,21,VW/MAN/EXPRESS,125
2023,1,Janeiro,Autos,Total,22,VW/VOYAGE,2004
2023,1,Janeiro,Com. Leves,Total,22,RAM/2500,107
2023,1,Janeiro,Autos,Total,23,HYUNDAI/HB20S,1684
2023,1,Janeiro,Com. Leves,Total,23,PEUGEOT/PARTNER,102
2023,1,Janeiro,Autos,Total,24,RENAULT/DUSTER,1495
2023,1,Janeiro,Com. Leves,Total,24,GM/MONTANA,90
2023,1,Janeiro,Autos,Total,25,CITROEN/C3,1488
2023,1,Janeiro,Com. Leves,Total,25,FORD/MAVERICK,79
2023,1,Janeiro,Autos,Total,26,HONDA/CITY HATCH,1442
2023,1,Janeiro,Com. Leves,Total,26,M.BENZ/SPRINTER 315,64
2023,1,Janeiro,Autos,Total,27,GM/SPIN,1415
2023,1,Janeiro,Com. Leves,Total,27,EFFA/V21,62
2023,1,Janeiro,Autos,Total,28,JEEP/COMMANDER,1289
2023,1,Janeiro,Com. Leves,Total,28,RAM/1500,50
2023,1,Janeiro,Autos,Total,29,PEUGEOT/208,1201
2023,1,Janeiro,Com. Leves,Total,29,EFFA/V22,23
2023,1,Janeiro,Autos,Total,30,VW/TAOS,1184
2023,1,Janeiro,Com. Leves,Total,30,JEEP/GLADIATOR,16
2023,1,Janeiro,Autos,Total,31,TOYOTA/YARIS SEDAN,1099
2023,1,Janeiro,Com. Leves,Total,31,M.BENZ/SPRINTER,12
2023,1,Janeiro,Autos,Total,32,HONDA/CITY,1091
2023,1,Janeiro,Com. Leves,Total,32,FIAT/DUCATO,10
2023,1,Janeiro,Autos,Total,33,TOYOTA/HILUX SW4,937
2023,1,Janeiro,Com. Leves,Total,33,IVECO/DAILY 30-130,9
2023,1,Janeiro,Autos,Total,34,HONDA/HR-V,698
2023,1,Janeiro,Com. Leves,Total,34,BYD/T3,7
2023,1,Janeiro,Autos,Total,35,CAOA CHERY/TIGGO 8,588
2023,1,Janeiro,Com. Leves,Total,35,FORD/F150,3
2023,1,Janeiro,Autos,Total,36,VOLVO/XC60,578
2023,1,Janeiro,Com. Leves,Total,36,GMC/HUMMER EV EDITION 1,3
2023,1,Janeiro,Autos,Total,37,VW/VIRTUS,490
2023,1,Janeiro,Com. Leves,Total,37,M.BENZ/SPRINTER 416,3
2023,1,Janeiro,Autos,Total,38,RENAULT/SANDERO,488
2023,1,Janeiro,Com. Leves,Total,38,TOYOTA/BANDEIRANTE,3
2023,1,Janeiro,Autos,Total,39,CAOA CHERY/TIGGO 7,372
2023,1,Janeiro,Com. Leves,Total,39,EFFA/V25,3
2023,1,Janeiro,Autos,Total,40,GM/EQUINOX,316
2023,1,Janeiro,Com. Leves,Total,40,JAC/EJV5.5,3
2023,1,Janeiro,Autos,Total,41,NISSAN/VERSA,313
2023,1,Janeiro,Com. Leves,Total,41,JAC/IEV 330P,3
2023,1,Janeiro,Autos,Total,42,CAOA CHERY/TIGGO 5X,293
2023,1,Janeiro,Com. Leves,Total,42,JAC/IEV750,3
2023,1,Janeiro,Autos,Total,43,RENAULT/LOGAN,286
2023,1,Janeiro,Com. Leves,Total,43,FOTON/AUMARK 1039,3
2023,1,Janeiro,Autos,Total,44,BMW/320I,254
2023,1,Janeiro,Com. Leves,Total,44,FOTON/AUMARK 3.5-14DT,3
2023,1,Janeiro,Autos,Total,45,CITROEN/C4 CACTUS,253
2023,1,Janeiro,Com. Leves,Total,45,GM/SILVERADO,2
2023,1,Janeiro,Autos,Total,46,MITSUBISHI/ECLIPSE CROSS,215
2023,1,Janeiro,Com. Leves,Total,46,GMC/SIERRA,2
2023,1,Janeiro,Autos,Total,47,PEUGEOT/2008,158
2023,1,Janeiro,Com. Leves,Total,47,HYUNDAI/HR,2
2023,1,Janeiro,Autos,Total,48,VOLVO/XC40,156
2023,1,Janeiro,Com. Leves,Total,48,TOYOTA/TUNDRA,2
2023,1,Janeiro,Autos,Total,49,MITSUBISHI/PAJERO,138
2023,1,Janeiro,Com. Leves,Total,49,CITROEN/BERLINGO,1
2023,1,Janeiro,Autos,Total,50,BMW/X3,119
2023,1,Janeiro,Com. Leves,Total,50,FIAT/DOBLO,1
2023,1,Janeiro,Autos,Direta,1,GM/ONIX PLUS,3678
2023,1,Janeiro,Com. Leves,Direta,1,FIAT/STRADA,4194
2023,1,Janeiro,Autos,Direta,2,JEEP/COMPASS,3093
2023,1,Janeiro,Com. Leves,Direta,2,VW/SAVEIRO,2549
2023,1,Janeiro,Autos,Direta,3,FIAT/MOBI,2830
2023,1,Janeiro,Com. Leves,Direta,3,FIAT/TORO,2203
2023,1,Janeiro,Autos,Direta,4,FIAT/ARGO,2569
2023,1,Janeiro,Com. Leves,Direta,4,GM/S10,1881
2023,1,Janeiro,Autos,Direta,5,HYUNDAI/HB20,2487
2023,1,Janeiro,Com. Leves,Direta,5,FIAT/FIORINO,948
2023,1,Janeiro,Autos,Direta,6,VW/GOL,2345
2023,1,Janeiro,Com. Leves,Direta,6,TOYOTA/HILUX,929
2023,1,Janeiro,Autos,Direta,7,GM/ONIX,2018
2023,1,Janeiro,Com. Leves,Direta,7,RENAULT/OROCH,432
2023,1,Janeiro,Autos,Direta,8,VW/VOYAGE,2001
2023,1,Janeiro,Com. Leves,Direta,8,RENAULT/MASTER,431
2023,1,Janeiro,Autos,Direta,9,JEEP/RENEGADE,1998
2023,1,Janeiro,Com. Leves,Direta,9,NISSAN/FRONTIER,411
2023,1,Janeiro,Autos,Direta,10,VW/T CROSS,1932
2023,1,Janeiro,Com. Leves,Direta,10,MITSUBISHI/L200,386
2023,1,Janeiro,Autos,Direta,11,FIAT/CRONOS,1237
2023,1,Janeiro,Com. Leves,Direta,11,FORD/RANGER,325
2023,1,Janeiro,Autos,Direta,12,GM/TRACKER,1220
2023,1,Janeiro,Com. Leves,Direta,12,VW/AMAROK,325
2023,1,Janeiro,Autos,Direta,13,RENAULT/KWID,1155
2023,1,Janeiro,Com. Leves,Direta,13,RAM/3500,254
2023,1,Janeiro,Autos,Direta,14,JEEP/COMMANDER,1041
2023,1,Janeiro,Com. Leves,Direta,14,FIAT/SCUDO,182
2023,1,Janeiro,Autos,Direta,15,GM/SPIN,1040
2023,1,Janeiro,Com. Leves,Direta,15,RAM/CLASSIC,156
2023,1,Janeiro,Autos,Direta,16,PEUGEOT/208,1015
2023,1,Janeiro,Com. Leves,Direta,16,RAM/2500,105
2023,1,Janeiro,Autos,Direta,17,HYUNDAI/HB20S,952
2023,1,Janeiro,Com. Leves,Direta,17,GM/MONTANA,90
2023,1,Janeiro,Autos,Direta,18,TOYOTA/YARIS HB,813
2023,1,Janeiro,Com. Leves,Direta,18,FORD/TRANSIT,82
2023,1,Janeiro,Autos,Direta,19,NISSAN/KICKS,669
2023,1,Janeiro,Com. Leves,Direta,19,PEUGEOT/PARTNER,37
2023,1,Janeiro,Autos,Direta,20,VW/NIVUS,601
2023,1,Janeiro,Com. Leves,Direta,20,RAM/1500,32
2023,1,Janeiro,Autos,Direta,21,TOYOTA/YARIS SEDAN,600
2023,1,Janeiro,Com. Leves,Direta,21,PEUGEOT/EXPERT,28
2023,1,Janeiro,Autos,Direta,22,VOLVO/XC60,578
2023,1,Janeiro,Com. Leves,Direta,22,FORD/MAVERICK,27
2023,1,Janeiro,Autos,Direta,23,RENAULT/DUSTER,560
2023,1,Janeiro,Com. Leves,Direta,23,VW/MAN/EXPRESS,21
2023,1,Janeiro,Autos,Direta,24,FIAT/PULSE,537
2023,1,Janeiro,Com. Leves,Direta,24,CITROEN/JUMPY,15
2023,1,Janeiro,Autos,Direta,25,TOYOTA/COROLLA,456
2023,1,Janeiro,Com. Leves,Direta,25,JEEP/GLADIATOR,5
2023,1,Janeiro,Autos,Direta,26,TOYOTA/COROLLA CROSS,363
2023,1,Janeiro,Com. Leves,Direta,26,FIAT/DUCATO,2
2023,1,Janeiro,Autos,Direta,27,CITROEN/C3,328
2023,1,Janeiro,Com. Leves,Direta,27,KIA/K2500,2
2023,1,Janeiro,Autos,Direta,28,RENAULT/SANDERO,327
2023,1,Janeiro,Com. Leves,Direta,28,TOYOTA/BANDEIRANTE,2
2023,1,Janeiro,Autos,Direta,29,FIAT/FASTBACK,316
2023,1,Janeiro,Com. Leves,Direta,29,CITROEN/BERLINGO,1
2023,1,Janeiro,Autos,Direta,30,VW/TAOS,306
2023,1,Janeiro,Com. Leves,Direta,30,FIAT/DOBLO,1
2023,1,Janeiro,Autos,Direta,31,VW/POLO,293
2023,1,Janeiro,Com. Leves,Direta,31,FORD/F150,1
2023,1,Janeiro,Autos,Direta,32,RENAULT/LOGAN,244
2023,1,Janeiro,Com. Leves,Direta,32,FORD/F250,1
2023,1,Janeiro,Autos,Direta,33,HYUNDAI/CRETA,182
2023,1,Janeiro,Autos,Direta,34,VW/VIRTUS,166
2023,1,Janeiro,Autos,Direta,35,VOLVO/XC40,156
2023,1,Janeiro,Autos,Direta,36,PEUGEOT/2008,129
2023,1,Janeiro,Autos,Direta,37,AUDI/Q5,97
2023,1,Janeiro,Autos,Direta,38,NISSAN/LEAF,79
2023,1,Janeiro,Autos,Direta,39,CITROEN/C4 CACTUS,73
2023,1,Janeiro,Autos,Direta,40,HONDA/CITY,57
2023,1,Janeiro,Autos,Direta,41,VOLVO/XC90,57
2023,1,Janeiro,Autos,Direta,42,TOYOTA/HILUX SW4,50
2023,1,Janeiro,Autos,Direta,43,AUDI/A3 SEDAN,46
2023,1,Janeiro,Autos,Direta,44,GM/TRAILBLAZER,42
2023,1,Janeiro,Autos,Direta,45,CAOA CHERY/TIGGO 7,37
2023,1,Janeiro,Autos,Direta,46,AUDI/A3,32
2023,1,Janeiro,Autos,Direta,47,GM/EQUINOX,32
2023,1,Janeiro,Autos,Direta,48,NISSAN/VERSA,32
2023,1,Janeiro,Autos,Direta,49,PEUGEOT/3008,32
2023,1,Janeiro,Autos,Direta,50,VOLVO/C40,30
2023,1,Janeiro,Autos,Varejo,1,GM/ONIX,5144
2023,1,Janeiro,Com. Leves,Varejo,1,FIAT/STRADA,2806
2023,1,Janeiro,Autos,Varejo,2,HYUNDAI/CRETA,4787
2023,1,Janeiro,Com. Leves,Varejo,2,TOYOTA/HILUX,2506
2023,1,Janeiro,Autos,Varejo,3,GM/TRACKER,4076
2023,1,Janeiro,Com. Leves,Varejo,3,FIAT/TORO,1078
2023,1,Janeiro,Autos,Varejo,4,VW/T CROSS,2522
2023,1,Janeiro,Com. Leves,Varejo,4,FORD/RANGER,652
2023,1,Janeiro,Autos,Varejo,5,VW/NIVUS,2499
2023,1,Janeiro,Com. Leves,Varejo,5,MITSUBISHI/L200,397
2023,1,Janeiro,Autos,Varejo,6,GM/ONIX PLUS,2486
2023,1,Janeiro,Com. Leves,Varejo,6,FIAT/FIORINO,355
2023,1,Janeiro,Autos,Varejo,7,FIAT/PULSE,2478
2023,1,Janeiro,Com. Leves,Varejo,7,RENAULT/OROCH,284
2023,1,Janeiro,Autos,Varejo,8,FIAT/FASTBACK,2391
2023,1,Janeiro,Com. Leves,Varejo,8,NISSAN/FRONTIER,250
2023,1,Janeiro,Autos,Varejo,9,HYUNDAI/HB20,2353
2023,1,Janeiro,Com. Leves,Varejo,9,VW/AMAROK,242
2023,1,Janeiro,Autos,Varejo,10,NISSAN/KICKS,2315
2023,1,Janeiro,Com. Leves,Varejo,10,RENAULT/MASTER,233
2023,1,Janeiro,Autos,Varejo,11,TOYOTA/COROLLA CROSS,2241
2023,1,Janeiro,Com. Leves,Varejo,11,KIA/K2500,212
2023,1,Janeiro,Autos,Varejo,12,RENAULT/KWID,2152
2023,1,Janeiro,Com. Leves,Varejo,12,FORD/TRANSIT,178
2023,1,Janeiro,Autos,Varejo,13,VW/POLO,1822
2023,1,Janeiro,Com. Leves,Varejo,13,VW/SAVEIRO,165
2023,1,Janeiro,Autos,Varejo,14,TOYOTA/COROLLA,1782
2023,1,Janeiro,Com. Leves,Varejo,14,CITROEN/JUMPY,158
2023,1,Janeiro,Autos,Varejo,15,FIAT/ARGO,1713
2023,1,Janeiro,Com. Leves,Varejo,15,GM/S10,158
2023,1,Janeiro,Autos,Varejo,16,HONDA/CITY HATCH,1427
2023,1,Janeiro,Com. Leves,Varejo,16,IVECO/DAILY,134
2023,1,Janeiro,Autos,Varejo,17,FIAT/MOBI,1378
2023,1,Janeiro,Com. Leves,Varejo,17,PEUGEOT/EXPERT,120
2023,1,Janeiro,Autos,Varejo,18,TOYOTA/YARIS HB,1259
2023,1,Janeiro,Com. Leves,Varejo,18,VW/MAN/EXPRESS,104
2023,1,Janeiro,Autos,Varejo,19,FIAT/CRONOS,1244
2023,1,Janeiro,Com. Leves,Varejo,19,FIAT/SCUDO,95
2023,1,Janeiro,Autos,Varejo,20,CITROEN/C3,1160
2023,1,Janeiro,Com. Leves,Varejo,20,PEUGEOT/PARTNER,65
2023,1,Janeiro,Autos,Varejo,21,JEEP/RENEGADE,1051
2023,1,Janeiro,Com. Leves,Varejo,21,M.BENZ/SPRINTER 315,64
2023,1,Janeiro,Autos,Varejo,22,JEEP/COMPASS,1046
2023,1,Janeiro,Com. Leves,Varejo,22,EFFA/V21,62
2023,1,Janeiro,Autos,Varejo,23,VW/GOL,1042
2023,1,Janeiro,Com. Leves,Varejo,23,FORD/MAVERICK,52
2023,1,Janeiro,Autos,Varejo,24,HONDA/CITY,1034
2023,1,Janeiro,Com. Leves,Varejo,24,EFFA/V22,23
2023,1,Janeiro,Autos,Varejo,25,RENAULT/DUSTER,935
2023,1,Janeiro,Com. Leves,Varejo,25,RAM/1500,18
2023,1,Janeiro,Autos,Varejo,26,TOYOTA/HILUX SW4,887
2023,1,Janeiro,Com. Leves,Varejo,26,RAM/3500,16
2023,1,Janeiro,Autos,Varejo,27,VW/TAOS,878
2023,1,Janeiro,Com. Leves,Varejo,27,M.BENZ/SPRINTER,12
2023,1,Janeiro,Autos,Varejo,28,HYUNDAI/HB20S,732
2023,1,Janeiro,Com. Leves,Varejo,28,JEEP/GLADIATOR,1
2023,1,Janeiro,Autos,Varejo,29,HONDA/HR-V,676
2023,1,Janeiro,Com. Leves,Varejo,29,RAM/CLASSIC,10
2023,1,Janeiro,Autos,Varejo,30,CAOA CHERY/TIGGO 8,564
2023,1,Janeiro,Com. Leves,Varejo,30,IVECO/DAILY 30-130,9
2023,1,Janeiro,Autos,Varejo,31,TOYOTA/YARIS SEDAN,499
2023,1,Janeiro,Com. Leves,Varejo,31,FIAT/DUCATO,8
2023,1,Janeiro,Autos,Varejo,32,GM/SPIN,375
2023,1,Janeiro,Com. Leves,Varejo,32,BYD/T3,7
2023,1,Janeiro,Autos,Varejo,33,CAOA CHERY/TIGGO 7,335
2023,1,Janeiro,Com. Leves,Varejo,33,GMC/HUMMER EV EDITION 1,3
2023,1,Janeiro,Autos,Varejo,34,VW/VIRTUS,324
2023,1,Janeiro,Com. Leves,Varejo,34,M.BENZ/SPRINTER 416,3
2023,1,Janeiro,Autos,Varejo,35,GM/EQUINOX,284
2023,1,Janeiro,Com. Leves,Varejo,35,EFFA/V25,3
2023,1,Janeiro,Autos,Varejo,36,NISSAN/VERSA,281
2023,1,Janeiro,Com. Leves,Varejo,36,JAC/EJV5.5,3
2023,1,Janeiro,Autos,Varejo,37,CAOA CHERY/TIGGO 5X,278
2023,1,Janeiro,Com. Leves,Varejo,37,JAC/IEV 330P,3
2023,1,Janeiro,Autos,Varejo,38,JEEP/COMMANDER,248
2023,1,Janeiro,Com. Leves,Varejo,38,JAC/IEV750,3
2023,1,Janeiro,Autos,Varejo,39,BMW/320I,241
2023,1,Janeiro,Com. Leves,Varejo,39,FOTON/AUMARK 1039,3
2023,1,Janeiro,Autos,Varejo,40,MITSUBISHI/ECLIPSE CROSS,205
2023,1,Janeiro,Com. Leves,Varejo,40,FOTON/AUMARK 3.5-14DT,3
2023,1,Janeiro,Autos,Varejo,41,PEUGEOT/208,186
2023,1,Janeiro,Com. Leves,Varejo,41,FORD/F150,2
2023,1,Janeiro,Autos,Varejo,42,CITROEN/C4 CACTUS,180
2023,1,Janeiro,Com. Leves,Varejo,42,GM/SILVERADO,2
2023,1,Janeiro,Autos,Varejo,43,RENAULT/SANDERO,161
2023,1,Janeiro,Com. Leves,Varejo,43,GMC/SIERRA,2
2023,1,Janeiro,Autos,Varejo,44,MITSUBISHI/PAJERO,134
2023,1,Janeiro,Com. Leves,Varejo,44,TOYOTA/TUNDRA,2
2023,1,Janeiro,Autos,Varejo,45,BMW/X3,115
2023,1,Janeiro,Com. Leves,Varejo,45,RAM/2500,2
2023,1,Janeiro,Autos,Varejo,46,M.BENZ/CLASSE C,108
2023,1,Janeiro,Com. Leves,Varejo,46,HYUNDAI/HR,1
2023,1,Janeiro,Autos,Varejo,47,KIA/STONIC,87
2023,1,Janeiro,Com. Leves,Varejo,47,IVECO/DAILY 35-150,1
2023,1,Janeiro,Autos,Varejo,48,M.BENZ/CLASSE GLA,85
2023,1,Janeiro,Com. Leves,Varejo,48,IVECO/DAILY 5516,1
2023,1,Janeiro,Autos,Varejo,49,PORSCHE/MACAN,85
2023,1,Janeiro,Com. Leves,Varejo,49,M.BENZ/SPRINTER 314,1
2023,1,Janeiro,Autos,Varejo,50,GM/CRUZE SEDAN,84
2023,1,Janeiro,Com. Leves,Varejo,50,PEUGEOT/BOXER,1
2023,2,Fevereiro,Autos,Total,1,GM/ONIX,6084
2023,2,Fevereiro,Com. Leves,Total,1,FIAT/STRADA,6837
2023,2,Fevereiro,Autos,Total,2,GM/ONIX PLUS,5125
2023,2,Fevereiro,Com. Leves,Total,2,FIAT/TORO,3191
2023,2,Fevereiro,Autos,Total,3,HYUNDAI/CRETA,4606
2023,2,Fevereiro,Com. Leves,Total,3,TOYOTA/HILUX,2814
2023,2,Fevereiro,Autos,Total,4,FIAT/ARGO,4536
2023,2,Fevereiro,Com. Leves,Total,4,VW/SAVEIRO,2092
2023,2,Fevereiro,Autos,Total,5,JEEP/COMPASS,4430
2023,2,Fevereiro,Com. Leves,Total,5,GM/S10,1512
2023,2,Fevereiro,Autos,Total,6,VW/T CROSS,4294
2023,2,Fevereiro,Com. Leves,Total,6,FORD/RANGER,1025
2023,2,Fevereiro,Autos,Total,7,FIAT/MOBI,4074
2023,2,Fevereiro,Com. Leves,Total,7,FIAT/FIORINO,911
2023,2,Fevereiro,Autos,Total,8,RENAULT/KWID,3827
2023,2,Fevereiro,Com. Leves,Total,8,MITSUBISHI/L200,787
2023,2,Fevereiro,Autos,Total,9,GM/TRACKER,3769
2023,2,Fevereiro,Com. Leves,Total,9,RENAULT/OROCH,718
2023,2,Fevereiro,Autos,Total,10,VW/POLO,3762
2023,2,Fevereiro,Com. Leves,Total,10,RENAULT/MASTER,482
2023,2,Fevereiro,Autos,Total,11,NISSAN/KICKS,3495
2023,2,Fevereiro,Com. Leves,Total,11,VW/AMAROK,453
2023,2,Fevereiro,Autos,Total,12,TOYOTA/COROLLA CROSS,3335
2023,2,Fevereiro,Com. Leves,Total,12,NISSAN/FRONTIER,429
2023,2,Fevereiro,Autos,Total,13,JEEP/RENEGADE,3019
2023,2,Fevereiro,Com. Leves,Total,13,GM/MONTANA,350
2023,2,Fevereiro,Autos,Total,14,HYUNDAI/HB20,2992
2023,2,Fevereiro,Com. Leves,Total,14,CITROEN/JUMPY,248
2023,2,Fevereiro,Autos,Total,15,TOYOTA/COROLLA,2847
2023,2,Fevereiro,Com. Leves,Total,15,RAM/3500,239
2023,2,Fevereiro,Autos,Total,16,VW/NIVUS,2774
2023,2,Fevereiro,Com. Leves,Total,16,FIAT/SCUDO,224
2023,2,Fevereiro,Autos,Total,17,FIAT/PULSE,2761
2023,2,Fevereiro,Com. Leves,Total,17,FORD/TRANSIT,222
2023,2,Fevereiro,Autos,Total,18,FIAT/FASTBACK,2393
2023,2,Fevereiro,Com. Leves,Total,18,KIA/K2500,208
2023,2,Fevereiro,Autos,Total,19,RENAULT/DUSTER,2152
2023,2,Fevereiro,Com. Leves,Total,19,RAM/CLASSIC,161
2023,2,Fevereiro,Autos,Total,20,HONDA/HR-V,1709
2023,2,Fevereiro,Com. Leves,Total,20,RAM/2500,146
2023,2,Fevereiro,Autos,Total,21,FIAT/CRONOS,1653
2023,2,Fevereiro,Com. Leves,Total,21,FORD/MAVERICK,123
2023,2,Fevereiro,Autos,Total,22,JEEP/COMMANDER,1577
2023,2,Fevereiro,Com. Leves,Total,22,RAM/1500,122
2023,2,Fevereiro,Autos,Total,23,TOYOTA/YARIS HB,1576
2023,2,Fevereiro,Com. Leves,Total,23,PEUGEOT/EXPERT,114
2023,2,Fevereiro,Autos,Total,24,CITROEN/C3,1313
2023,2,Fevereiro,Com. Leves,Total,24,IVECO/DAILY,112
2023,2,Fevereiro,Autos,Total,25,GM/SPIN,1309
2023,2,Fevereiro,Com. Leves,Total,25,VW/MAN/EXPRESS,112
2023,2,Fevereiro,Autos,Total,26,HONDA/CITY HATCH,1232
2023,2,Fevereiro,Com. Leves,Total,26,M.BENZ/SPRINTER 315,85
2023,2,Fevereiro,Autos,Total,27,VW/GOL,1172
2023,2,Fevereiro,Com. Leves,Total,27,PEUGEOT/PARTNER,65
2023,2,Fevereiro,Autos,Total,28,PEUGEOT/208,1163
2023,2,Fevereiro,Com. Leves,Total,28,EFFA/V21,56
2023,2,Fevereiro,Autos,Total,29,HYUNDAI/HB20S,1098
2023,2,Fevereiro,Com. Leves,Total,29,IVECO/DAILY 30-130,18
2023,2,Fevereiro,Autos,Total,30,HONDA/CITY,1084
2023,2,Fevereiro,Com. Leves,Total,30,EFFA/V22,16
2023,2,Fevereiro,Autos,Total,31,VW/TAOS,995
2023,2,Fevereiro,Com. Leves,Total,31,PEUGEOT/BOXER,14
2023,2,Fevereiro,Autos,Total,32,TOYOTA/HILUX SW4,915
2023,2,Fevereiro,Com. Leves,Total,32,BYD/T3,1
2023,2,Fevereiro,Autos,Total,33,TOYOTA/YARIS SEDAN,773
2023,2,Fevereiro,Com. Leves,Total,33,CITROEN/JUMPER,8
2023,2,Fevereiro,Autos,Total,34,VW/VIRTUS,614
2023,2,Fevereiro,Com. Leves,Total,34,FIAT/DUCATO,8
2023,2,Fevereiro,Autos,Total,35,CAOA CHERY/TIGGO 8,577
2023,2,Fevereiro,Com. Leves,Total,35,JEEP/GLADIATOR,6
2023,2,Fevereiro,Autos,Total,36,RENAULT/SANDERO,392
2023,2,Fevereiro,Com. Leves,Total,36,M.BENZ/SPRINTER,5
2023,2,Fevereiro,Autos,Total,37,CAOA CHERY/TIGGO 7,375
2023,2,Fevereiro,Com. Leves,Total,37,M.BENZ/SPRINTER 416,4
2023,2,Fevereiro,Autos,Total,38,NISSAN/VERSA,370
2023,2,Fevereiro,Com. Leves,Total,38,EFFA/V25,3
2023,2,Fevereiro,Autos,Total,39,BMW/320I,330
2023,2,Fevereiro,Com. Leves,Total,39,FORD/F150,2
2023,2,Fevereiro,Autos,Total,40,CAOA CHERY/TIGGO 5X,293
2023,2,Fevereiro,Com. Leves,Total,40,VW/KOMBI,2
2023,2,Fevereiro,Autos,Total,41,CITROEN/C4 CACTUS,289
2023,2,Fevereiro,Com. Leves,Total,41,FORD/F250,1
2023,2,Fevereiro,Autos,Total,42,GM/EQUINOX,269
2023,2,Fevereiro,Com. Leves,Total,42,GM/C10,1
2023,2,Fevereiro,Autos,Total,43,MITSUBISHI/ECLIPSE CROSS,234
2023,2,Fevereiro,Com. Leves,Total,43,GM/D10,1
2023,2,Fevereiro,Autos,Total,44,VOLVO/XC60,198
2023,2,Fevereiro,Com. Leves,Total,44,IVECO/DAILY 30S13,1
2023,2,Fevereiro,Autos,Total,45,VOLVO/XC40,180
2023,2,Fevereiro,Com. Leves,Total,45,IVECO/DAILY 5516,1
2023,2,Fevereiro,Autos,Total,46,HONDA/CIVIC,157
2023,2,Fevereiro,Com. Leves,Total,46,M.BENZ/SPRINTER 314,1
2023,2,Fevereiro,Autos,Total,47,BYD/SONG PLUS,145
2023,2,Fevereiro,Com. Leves,Total,47,TOYOTA/RIBEIRAUTO,1
2023,2,Fevereiro,Autos,Total,48,AUDI/Q5,124
2023,2,Fevereiro,Com. Leves,Total,48,TOYOTA/TUNDRA,1
2023,2,Fevereiro,Autos,Total,49,MITSUBISHI/PAJERO,124
2023,2,Fevereiro,Com. Leves,Total,49,JAC/IEV750,1
2023,2,Fevereiro,Autos,Total,50,AUDI/Q3,119
2023,2,Fevereiro,Com. Leves,Total,50,JAC/V260,1
2023,2,Fevereiro,Autos,Direta,1,JEEP/COMPASS,3195
2023,2,Fevereiro,Com. Leves,Direta,1,FIAT/STRADA,4336
2023,2,Fevereiro,Autos,Direta,2,GM/ONIX PLUS,3113
2023,2,Fevereiro,Com. Leves,Direta,2,FIAT/TORO,2435
2023,2,Fevereiro,Autos,Direta,3,FIAT/ARGO,2931
2023,2,Fevereiro,Com. Leves,Direta,3,VW/SAVEIRO,1962
2023,2,Fevereiro,Autos,Direta,4,FIAT/MOBI,2747
2023,2,Fevereiro,Com. Leves,Direta,4,GM/S10,1309
2023,2,Fevereiro,Autos,Direta,5,GM/ONIX,2164
2023,2,Fevereiro,Com. Leves,Direta,5,TOYOTA/HILUX,757
2023,2,Fevereiro,Autos,Direta,6,JEEP/RENEGADE,1943
2023,2,Fevereiro,Com. Leves,Direta,6,FIAT/FIORINO,640
2023,2,Fevereiro,Autos,Direta,7,VW/T CROSS,1939
2023,2,Fevereiro,Com. Leves,Direta,7,RENAULT/OROCH,405
2023,2,Fevereiro,Autos,Direta,8,RENAULT/KWID,1737
2023,2,Fevereiro,Com. Leves,Direta,8,MITSUBISHI/L200,338
2023,2,Fevereiro,Autos,Direta,9,RENAULT/DUSTER,1462
2023,2,Fevereiro,Com. Leves,Direta,9,RENAULT/MASTER,315
2023,2,Fevereiro,Autos,Direta,10,VW/POLO,1387
2023,2,Fevereiro,Com. Leves,Direta,10,FORD/RANGER,278
2023,2,Fevereiro,Autos,Direta,11,NISSAN/KICKS,1304
2023,2,Fevereiro,Com. Leves,Direta,11,VW/AMAROK,274
2023,2,Fevereiro,Autos,Direta,12,JEEP/COMMANDER,1206
2023,2,Fevereiro,Com. Leves,Direta,12,NISSAN/FRONTIER,212
2023,2,Fevereiro,Autos,Direta,13,GM/TRACKER,1138
2023,2,Fevereiro,Com. Leves,Direta,13,RAM/3500,189
2023,2,Fevereiro,Autos,Direta,14,GM/SPIN,1025
2023,2,Fevereiro,Com. Leves,Direta,14,RAM/2500,137
2023,2,Fevereiro,Autos,Direta,15,PEUGEOT/208,1021
2023,2,Fevereiro,Com. Leves,Direta,15,RAM/CLASSIC,136
2023,2,Fevereiro,Autos,Direta,16,FIAT/PULSE,973
2023,2,Fevereiro,Com. Leves,Direta,16,FIAT/SCUDO,119
2023,2,Fevereiro,Autos,Direta,17,HYUNDAI/HB20,863
2023,2,Fevereiro,Com. Leves,Direta,17,RAM/1500,100
2023,2,Fevereiro,Autos,Direta,18,FIAT/CRONOS,839
2023,2,Fevereiro,Com. Leves,Direta,18,CITROEN/JUMPY,85
2023,2,Fevereiro,Autos,Direta,19,TOYOTA/YARIS HB,639
2023,2,Fevereiro,Com. Leves,Direta,19,FORD/TRANSIT,76
2023,2,Fevereiro,Autos,Direta,20,TOYOTA/COROLLA,552
2023,2,Fevereiro,Com. Leves,Direta,20,FORD/MAVERICK,5
2023,2,Fevereiro,Autos,Direta,21,VW/NIVUS,518
2023,2,Fevereiro,Com. Leves,Direta,21,PEUGEOT/PARTNER,26
2023,2,Fevereiro,Autos,Direta,22,VW/GOL,458
2023,2,Fevereiro,Com. Leves,Direta,22,VW/MAN/EXPRESS,19
2023,2,Fevereiro,Autos,Direta,23,HYUNDAI/HB20S,443
2023,2,Fevereiro,Com. Leves,Direta,23,PEUGEOT/EXPERT,12
2023,2,Fevereiro,Autos,Direta,24,TOYOTA/YARIS SEDAN,422
2023,2,Fevereiro,Com. Leves,Direta,24,GM/MONTANA,4
2023,2,Fevereiro,Autos,Direta,25,CITROEN/C3,415
2023,2,Fevereiro,Com. Leves,Direta,25,PEUGEOT/BOXER,4
2023,2,Fevereiro,Autos,Direta,26,VW/VIRTUS,381
2023,2,Fevereiro,Com. Leves,Direta,26,FORD/F250,1
2023,2,Fevereiro,Autos,Direta,27,TOYOTA/COROLLA CROSS,344
2023,2,Fevereiro,Autos,Direta,28,FIAT/FASTBACK,282
2023,2,Fevereiro,Autos,Direta,29,RENAULT/SANDERO,265
2023,2,Fevereiro,Autos,Direta,30,VW/TAOS,265
2023,2,Fevereiro,Autos,Direta,31,HYUNDAI/CRETA,237
2023,2,Fevereiro,Autos,Direta,32,VOLVO/XC60,197
2023,2,Fevereiro,Autos,Direta,33,VOLVO/XC40,180
2023,2,Fevereiro,Autos,Direta,34,CITROEN/C4 CACTUS,147
2023,2,Fevereiro,Autos,Direta,35,AUDI/Q5,119
2023,2,Fevereiro,Autos,Direta,36,HONDA/CITY,118
2023,2,Fevereiro,Autos,Direta,37,NISSAN/VERSA,95
2023,2,Fevereiro,Autos,Direta,38,VOLVO/XC90,86
2023,2,Fevereiro,Autos,Direta,39,CAOA CHERY/TIGGO 5X,79
2023,2,Fevereiro,Autos,Direta,40,HONDA/HR-V,76
2023,2,Fevereiro,Autos,Direta,41,CAOA CHERY/TIGGO 8,74
2023,2,Fevereiro,Autos,Direta,42,AUDI/Q3,62
2023,2,Fevereiro,Autos,Direta,43,PEUGEOT/2008,61
2023,2,Fevereiro,Autos,Direta,44,TOYOTA/HILUX SW4,61
2023,2,Fevereiro,Autos,Direta,45,VOLVO/C40,59
2023,2,Fevereiro,Autos,Direta,46,VW/VOYAGE,54
2023,2,Fevereiro,Autos,Direta,47,GM/EQUINOX,50
2023,2,Fevereiro,Autos,Direta,48,GM/TRAILBLAZER,43
2023,2,Fevereiro,Autos,Direta,49,BMW/X1,34
2023,2,Fevereiro,Autos,Direta,50,PEUGEOT/3008,34
2023,2,Fevereiro,Autos,Varejo,1,HYUNDAI/CRETA,4369
2023,2,Fevereiro,Com. Leves,Varejo,1,FIAT/STRADA,2501
2023,2,Fevereiro,Autos,Varejo,2,GM/ONIX,3920
2023,2,Fevereiro,Com. Leves,Varejo,2,TOYOTA/HILUX,2057
2023,2,Fevereiro,Autos,Varejo,3,TOYOTA/COROLLA CROSS,2991
2023,2,Fevereiro,Com. Leves,Varejo,3,FIAT/TORO,756
2023,2,Fevereiro,Autos,Varejo,4,GM/TRACKER,2631
2023,2,Fevereiro,Com. Leves,Varejo,4,FORD/RANGER,747
2023,2,Fevereiro,Autos,Varejo,5,VW/POLO,2375
2023,2,Fevereiro,Com. Leves,Varejo,5,MITSUBISHI/L200,449
2023,2,Fevereiro,Autos,Varejo,6,VW/T CROSS,2355
2023,2,Fevereiro,Com. Leves,Varejo,6,GM/MONTANA,346
2023,2,Fevereiro,Autos,Varejo,7,TOYOTA/COROLLA,2295
2023,2,Fevereiro,Com. Leves,Varejo,7,RENAULT/OROCH,313
2023,2,Fevereiro,Autos,Varejo,8,VW/NIVUS,2256
2023,2,Fevereiro,Com. Leves,Varejo,8,FIAT/FIORINO,271
2023,2,Fevereiro,Autos,Varejo,9,NISSAN/KICKS,2191
2023,2,Fevereiro,Com. Leves,Varejo,9,NISSAN/FRONTIER,217
2023,2,Fevereiro,Autos,Varejo,10,HYUNDAI/HB20,2129
2023,2,Fevereiro,Com. Leves,Varejo,10,KIA/K2500,208
2023,2,Fevereiro,Autos,Varejo,11,FIAT/FASTBACK,2111
2023,2,Fevereiro,Com. Leves,Varejo,11,GM/S10,203
2023,2,Fevereiro,Autos,Varejo,12,RENAULT/KWID,2090
2023,2,Fevereiro,Com. Leves,Varejo,12,VW/AMAROK,179
2023,2,Fevereiro,Autos,Varejo,13,GM/ONIX PLUS,2012
2023,2,Fevereiro,Com. Leves,Varejo,13,RENAULT/MASTER,167
2023,2,Fevereiro,Autos,Varejo,14,FIAT/PULSE,1788
2023,2,Fevereiro,Com. Leves,Varejo,14,CITROEN/JUMPY,163
2023,2,Fevereiro,Autos,Varejo,15,HONDA/HR-V,1633
2023,2,Fevereiro,Com. Leves,Varejo,15,FORD/TRANSIT,146
2023,2,Fevereiro,Autos,Varejo,16,FIAT/ARGO,1605
2023,2,Fevereiro,Com. Leves,Varejo,16,VW/SAVEIRO,130
2023,2,Fevereiro,Autos,Varejo,17,FIAT/MOBI,1327
2023,2,Fevereiro,Com. Leves,Varejo,17,IVECO/DAILY,112
2023,2,Fevereiro,Autos,Varejo,18,JEEP/COMPASS,1235
2023,2,Fevereiro,Com. Leves,Varejo,18,FIAT/SCUDO,105
2023,2,Fevereiro,Autos,Varejo,19,HONDA/CITY HATCH,1202
2023,2,Fevereiro,Com. Leves,Varejo,19,PEUGEOT/EXPERT,102
2023,2,Fevereiro,Autos,Varejo,20,JEEP/RENEGADE,1076
2023,2,Fevereiro,Com. Leves,Varejo,20,VW/MAN/EXPRESS,93
2023,2,Fevereiro,Autos,Varejo,21,HONDA/CITY,966
2023,2,Fevereiro,Com. Leves,Varejo,21,M.BENZ/SPRINTER 315,85
2023,2,Fevereiro,Autos,Varejo,22,TOYOTA/YARIS HB,937
2023,2,Fevereiro,Com. Leves,Varejo,22,FORD/MAVERICK,68
2023,2,Fevereiro,Autos,Varejo,23,CITROEN/C3,898
2023,2,Fevereiro,Com. Leves,Varejo,23,EFFA/V21,56
2023,2,Fevereiro,Autos,Varejo,24,TOYOTA/HILUX SW4,854
2023,2,Fevereiro,Com. Leves,Varejo,24,RAM/3500,50
2023,2,Fevereiro,Autos,Varejo,25,FIAT/CRONOS,814
2023,2,Fevereiro,Com. Leves,Varejo,25,PEUGEOT/PARTNER,39
2023,2,Fevereiro,Autos,Varejo,26,VW/TAOS,730
2023,2,Fevereiro,Com. Leves,Varejo,26,RAM/CLASSIC,25
2023,2,Fevereiro,Autos,Varejo,27,VW/GOL,714
2023,2,Fevereiro,Com. Leves,Varejo,27,RAM/1500,2
2023,2,Fevereiro,Autos,Varejo,28,RENAULT/DUSTER,690
2023,2,Fevereiro,Com. Leves,Varejo,28,IVECO/DAILY 30-130,18
2023,2,Fevereiro,Autos,Varejo,29,HYUNDAI/HB20S,655
2023,2,Fevereiro,Com. Leves,Varejo,29,EFFA/V22,16
2023,2,Fevereiro,Autos,Varejo,30,CAOA CHERY/TIGGO 8,503
2023,2,Fevereiro,Com. Leves,Varejo,30,BYD/T3,1
2023,2,Fevereiro,Autos,Varejo,31,JEEP/COMMANDER,371
2023,2,Fevereiro,Com. Leves,Varejo,31,PEUGEOT/BOXER,10
2023,2,Fevereiro,Autos,Varejo,32,TOYOTA/YARIS SEDAN,351
2023,2,Fevereiro,Com. Leves,Varejo,32,RAM/2500,9
2023,2,Fevereiro,Autos,Varejo,33,CAOA CHERY/TIGGO 7,346
2023,2,Fevereiro,Com. Leves,Varejo,33,CITROEN/JUMPER,8
2023,2,Fevereiro,Autos,Varejo,34,BMW/320I,304
2023,2,Fevereiro,Com. Leves,Varejo,34,FIAT/DUCATO,8
2023,2,Fevereiro,Autos,Varejo,35,GM/SPIN,284
2023,2,Fevereiro,Com. Leves,Varejo,35,JEEP/GLADIATOR,6
2023,2,Fevereiro,Autos,Varejo,36,NISSAN/VERSA,275
2023,2,Fevereiro,Com. Leves,Varejo,36,M.BENZ/SPRINTER,5
2023,2,Fevereiro,Autos,Varejo,37,VW/VIRTUS,233
2023,2,Fevereiro,Com. Leves,Varejo,37,M.BENZ/SPRINTER 416,4
2023,2,Fevereiro,Autos,Varejo,38,GM/EQUINOX,219
2023,2,Fevereiro,Com. Leves,Varejo,38,EFFA/V25,3
2023,2,Fevereiro,Autos,Varejo,39,CAOA CHERY/TIGGO 5X,214
2023,2,Fevereiro,Com. Leves,Varejo,39,FORD/F150,2
2023,2,Fevereiro,Autos,Varejo,40,MITSUBISHI/ECLIPSE CROSS,206
2023,2,Fevereiro,Com. Leves,Varejo,40,VW/KOMBI,2
2023,2,Fevereiro,Autos,Varejo,41,BYD/SONG PLUS,145
2023,2,Fevereiro,Com. Leves,Varejo,41,GM/C10,1
2023,2,Fevereiro,Autos,Varejo,42,CITROEN/C4 CACTUS,142
2023,2,Fevereiro,Com. Leves,Varejo,42,GM/D10,1
2023,2,Fevereiro,Autos,Varejo,43,PEUGEOT/208,142
2023,2,Fevereiro,Com. Leves,Varejo,43,IVECO/DAILY 30S13,1
2023,2,Fevereiro,Autos,Varejo,44,HONDA/CIVIC,129
2023,2,Fevereiro,Com. Leves,Varejo,44,IVECO/DAILY 5516,1
2023,2,Fevereiro,Autos,Varejo,45,RENAULT/SANDERO,127
2023,2,Fevereiro,Com. Leves,Varejo,45,M.BENZ/SPRINTER 314,1
2023,2,Fevereiro,Autos,Varejo,46,MITSUBISHI/PAJERO,124
2023,2,Fevereiro,Com. Leves,Varejo,46,TOYOTA/TUNDRA,1
2023,2,Fevereiro,Autos,Varejo,47,PORSCHE/CAYENNE,109
2023,2,Fevereiro,Com. Leves,Varejo,47,JAC/IEV750,1
2023,2,Fevereiro,Autos,Varejo,48,SUZUKI/JIMNY SIERRA,93
2023,2,Fevereiro,Com. Leves,Varejo,48,JAC/V260,1
2023,2,Fevereiro,Autos,Varejo,49,PORSCHE/MACAN,92
2023,2,Fevereiro,Autos,Varejo,50,M.BENZ/CLASSE C,81
2023,3,Março,Autos,Total,1,HYUNDAI/HB20,8363
2023,3,Março,Com. Leves,Total,1,FIAT/STRADA,9935
2023,3,Março,Autos,Total,2,GM/ONIX,8283
2023,3,Março,Com. Leves,Total,2,FIAT/TORO,5607
2023,3,Março,Autos,Total,3,VW/POLO,8197
2023,3,Março,Com. Leves,Total,3,TOYOTA/HILUX,4362
2023,3,Março,Autos,Total,4,GM/ONIX PLUS,7104
2023,3,Março,Com. Leves,Total,4,GM/MONTANA,3988
2023,3,Março,Autos,Total,5,JEEP/COMPASS,6988
2023,3,Março,Com. Leves,Total,5,GM/S10,2701
2023,3,Março,Autos,Total,6,RENAULT/KWID,6704
2023,3,Março,Com. Leves,Total,6,VW/SAVEIRO,2637
2023,3,Março,Autos,Total,7,FIAT/MOBI,6384
2023,3,Março,Com. Leves,Total,7,FORD/RANGER,1978
2023,3,Março,Autos,Total,8,FIAT/ARGO,6171
2023,3,Março,Com. Leves,Total,8,FIAT/FIORINO,1634
2023,3,Março,Autos,Total,9,HYUNDAI/CRETA,5851
2023,3,Março,Com. Leves,Total,9,RENAULT/OROCH,1208
2023,3,Março,Autos,Total,10,GM/TRACKER,5431
2023,3,Março,Com. Leves,Total,10,MITSUBISHI/L200,952
2023,3,Março,Autos,Total,11,VW/T CROSS,5420
2023,3,Março,Com. Leves,Total,11,RENAULT/MASTER,789
2023,3,Março,Autos,Total,12,NISSAN/KICKS,4844
2023,3,Março,Com. Leves,Total,12,VW/AMAROK,601
2023,3,Março,Autos,Total,13,JEEP/RENEGADE,4674
2023,3,Março,Com. Leves,Total,13,NISSAN/FRONTIER,571
2023,3,Março,Autos,Total,14,TOYOTA/COROLLA CROSS,4511
2023,3,Março,Com. Leves,Total,14,RAM/3500,553
2023,3,Março,Autos,Total,15,FIAT/PULSE,4276
2023,3,Março,Com. Leves,Total,15,FIAT/SCUDO,378
2023,3,Março,Autos,Total,16,HONDA/HR-V,4063
2023,3,Março,Com. Leves,Total,16,FORD/TRANSIT,337
2023,3,Março,Autos,Total,17,TOYOTA/COROLLA,3865
2023,3,Março,Com. Leves,Total,17,KIA/K2500,286
2023,3,Março,Autos,Total,18,FIAT/FASTBACK,3605
2023,3,Março,Com. Leves,Total,18,RAM/CLASSIC,251
2023,3,Março,Autos,Total,19,FIAT/CRONOS,3442
2023,3,Março,Com. Leves,Total,19,CITROEN/JUMPY,231
2023,3,Março,Autos,Total,20,VW/NIVUS,3210
2023,3,Março,Com. Leves,Total,20,VW/MAN/EXPRESS,224
2023,3,Março,Autos,Total,21,JEEP/COMMANDER,2522
2023,3,Março,Com. Leves,Total,21,RAM/2500,191
2023,3,Março,Autos,Total,22,PEUGEOT/208,2101
2023,3,Março,Com. Leves,Total,22,RAM/1500,176
2023,3,Março,Autos,Total,23,CITROEN/C3,2035
2023,3,Março,Com. Leves,Total,23,M.BENZ/SPRINTER 315,157
2023,3,Março,Autos,Total,24,RENAULT/DUSTER,2031
2023,3,Março,Com. Leves,Total,24,PEUGEOT/EXPERT,154
2023,3,Março,Autos,Total,25,HYUNDAI/HB20S,2025
2023,3,Março,Com. Leves,Total,25,IVECO/DAILY,125
2023,3,Março,Autos,Total,26,TOYOTA/YARIS HB,2016
2023,3,Março,Com. Leves,Total,26,PEUGEOT/PARTNER,85
2023,3,Março,Autos,Total,27,GM/SPIN,1781
2023,3,Março,Com. Leves,Total,27,FORD/MAVERICK,80
2023,3,Março,Autos,Total,28,VW/VIRTUS,1562
2023,3,Março,Com. Leves,Total,28,EFFA/V21,70
2023,3,Março,Autos,Total,29,TOYOTA/HILUX SW4,1412
2023,3,Março,Com. Leves,Total,29,EFFA/V22,46
2023,3,Março,Autos,Total,30,HONDA/CITY HATCH,1340
2023,3,Março,Com. Leves,Total,30,IVECO/DAILY 30-130,15
2023,3,Março,Autos,Total,31,HONDA/CITY,1249
2023,3,Março,Com. Leves,Total,31,PEUGEOT/BOXER,1
2023,3,Março,Autos,Total,32,TOYOTA/YARIS SEDAN,932
2023,3,Março,Com. Leves,Total,32,JEEP/GLADIATOR,9
2023,3,Março,Autos,Total,33,VW/TAOS,855
2023,3,Março,Com. Leves,Total,33,FORD/F150,7
2023,3,Março,Autos,Total,34,NISSAN/VERSA,741
2023,3,Março,Com. Leves,Total,34,EFFA/V25,7
2023,3,Março,Autos,Total,35,VW/GOL,741
2023,3,Março,Com. Leves,Total,35,CITROEN/JUMPER,5
2023,3,Março,Autos,Total,36,RENAULT/SANDERO,658
2023,3,Março,Com. Leves,Total,36,M.BENZ/SPRINTER,4
2023,3,Março,Autos,Total,37,CAOA CHERY/TIGGO 8,653
2023,3,Março,Com. Leves,Total,37,M.BENZ/SPRINTER 517,4
2023,3,Março,Autos,Total,38,CITROEN/C4 CACTUS,564
2023,3,Março,Com. Leves,Total,38,BYD/T3,4
2023,3,Março,Autos,Total,39,BMW/320I,551
2023,3,Março,Com. Leves,Total,39,FIAT/DUCATO,3
2023,3,Março,Autos,Total,40,VOLVO/XC60,504
2023,3,Março,Com. Leves,Total,40,IVECO/DAILY 35-150,3
2023,3,Março,Autos,Total,41,CAOA CHERY/TIGGO 5X,479
2023,3,Março,Com. Leves,Total,41,M.BENZ/SPRINTER 416,3
2023,3,Março,Autos,Total,42,CAOA CHERY/TIGGO 7,475
2023,3,Março,Com. Leves,Total,42,VW/KOMBI,3
2023,3,Março,Autos,Total,43,NISSAN/SENTRA,453
2023,3,Março,Com. Leves,Total,43,FOTON/AUMARK 3.5-14DT,3
2023,3,Março,Autos,Total,44,GM/EQUINOX,342
2023,3,Março,Com. Leves,Total,44,AGRALE/AGRALE MARRUA,2
2023,3,Março,Autos,Total,45,MITSUBISHI/ECLIPSE CROSS,258
2023,3,Março,Com. Leves,Total,45,M.BENZ/SPRINTER 314,2
2023,3,Março,Autos,Total,46,BMW/X1,245
2023,3,Março,Com. Leves,Total,46,TOYOTA/BANDEIRANTE,2
2023,3,Março,Autos,Total,47,RENAULT/LOGAN,240
2023,3,Março,Com. Leves,Total,47,FORD/F250,1
2023,3,Março,Autos,Total,48,PORSCHE/MACAN,228
2023,3,Março,Com. Leves,Total,48,GM/C10,1
2023,3,Março,Autos,Total,49,GM/TRAILBLAZER,210
2023,3,Março,Com. Leves,Total,49,GM/SILVERADO,1
2023,3,Março,Autos,Total,50,BYD/SONG PLUS,205
2023,3,Março,Com. Leves,Total,50,GMC/HUMMER EV EDITION 1,1
2023,3,Março,Autos,Direta,1,JEEP/COMPASS,5171
2023,3,Março,Com. Leves,Direta,1,FIAT/STRADA,6884
2023,3,Março,Autos,Direta,2,HYUNDAI/HB20,5027
2023,3,Março,Com. Leves,Direta,2,FIAT/TORO,4562
2023,3,Março,Autos,Direta,3,VW/POLO,4737
2023,3,Março,Com. Leves,Direta,3,VW/SAVEIRO,2483
2023,3,Março,Autos,Direta,4,GM/ONIX PLUS,4694
2023,3,Março,Com. Leves,Direta,4,GM/S10,2328
2023,3,Março,Autos,Direta,5,FIAT/MOBI,4512
2023,3,Março,Com. Leves,Direta,5,TOYOTA/HILUX,1525
2023,3,Março,Autos,Direta,6,RENAULT/KWID,4069
2023,3,Março,Com. Leves,Direta,6,FIAT/FIORINO,1246
2023,3,Março,Autos,Direta,7,FIAT/ARGO,3938
2023,3,Março,Com. Leves,Direta,7,GM/MONTANA,1096
2023,3,Março,Autos,Direta,8,GM/ONIX,3592
2023,3,Março,Com. Leves,Direta,8,RENAULT/OROCH,801
2023,3,Março,Autos,Direta,9,JEEP/RENEGADE,2993
2023,3,Março,Com. Leves,Direta,9,RENAULT/MASTER,636
2023,3,Março,Autos,Direta,10,VW/T CROSS,2737
2023,3,Março,Com. Leves,Direta,10,RAM/3500,458
2023,3,Março,Autos,Direta,11,FIAT/CRONOS,2611
2023,3,Março,Com. Leves,Direta,11,FORD/RANGER,418
2023,3,Março,Autos,Direta,12,GM/TRACKER,2146
2023,3,Março,Com. Leves,Direta,12,VW/AMAROK,367
2023,3,Março,Autos,Direta,13,NISSAN/KICKS,1947
2023,3,Março,Com. Leves,Direta,13,MITSUBISHI/L200,365
2023,3,Março,Autos,Direta,14,JEEP/COMMANDER,1730
2023,3,Março,Com. Leves,Direta,14,NISSAN/FRONTIER,307
2023,3,Março,Autos,Direta,15,PEUGEOT/208,1708
2023,3,Março,Com. Leves,Direta,15,RAM/CLASSIC,201
2023,3,Março,Autos,Direta,16,FIAT/PULSE,1419
2023,3,Março,Com. Leves,Direta,16,RAM/2500,164
2023,3,Março,Autos,Direta,17,GM/SPIN,1337
2023,3,Março,Com. Leves,Direta,17,FIAT/SCUDO,162
2023,3,Março,Autos,Direta,18,TOYOTA/YARIS HB,960
2023,3,Março,Com. Leves,Direta,18,RAM/1500,140
2023,3,Março,Autos,Direta,19,RENAULT/DUSTER,944
2023,3,Março,Com. Leves,Direta,19,FORD/TRANSIT,102
2023,3,Março,Autos,Direta,20,CITROEN/C3,923
2023,3,Março,Com. Leves,Direta,20,VW/MAN/EXPRESS,56
2023,3,Março,Autos,Direta,21,HYUNDAI/HB20S,910
2023,3,Março,Com. Leves,Direta,21,PEUGEOT/PARTNER,34
2023,3,Março,Autos,Direta,22,TOYOTA/COROLLA,859
2023,3,Março,Com. Leves,Direta,22,CITROEN/JUMPY,25
2023,3,Março,Autos,Direta,23,VW/NIVUS,751
2023,3,Março,Com. Leves,Direta,23,PEUGEOT/EXPERT,21
2023,3,Março,Autos,Direta,24,RENAULT/SANDERO,528
2023,3,Março,Com. Leves,Direta,24,FORD/MAVERICK,1
2023,3,Março,Autos,Direta,25,VOLVO/XC60,504
2023,3,Março,Com. Leves,Direta,25,JEEP/GLADIATOR,3
2023,3,Março,Autos,Direta,26,TOYOTA/YARIS SEDAN,500
2023,3,Março,Com. Leves,Direta,26,PEUGEOT/BOXER,3
2023,3,Março,Autos,Direta,27,VW/VIRTUS,495
2023,3,Março,Com. Leves,Direta,27,AGRALE/AGRALE MARRUA,2
2023,3,Março,Autos,Direta,28,FIAT/FASTBACK,424
2023,3,Março,Com. Leves,Direta,28,FIAT/DUCATO,2
2023,3,Março,Autos,Direta,29,HYUNDAI/CRETA,417
2023,3,Março,Com. Leves,Direta,29,KIA/K2500,2
2023,3,Março,Autos,Direta,30,TOYOTA/COROLLA CROSS,411
2023,3,Março,Autos,Direta,31,CITROEN/C4 CACTUS,409
2023,3,Março,Autos,Direta,32,NISSAN/VERSA,366
2023,3,Março,Autos,Direta,33,NISSAN/SENTRA,321
2023,3,Março,Autos,Direta,34,HONDA/HR-V,283
2023,3,Março,Autos,Direta,35,RENAULT/LOGAN,221
2023,3,Março,Autos,Direta,36,AUDI/Q5,182
2023,3,Março,Autos,Direta,37,GM/TRAILBLAZER,172
2023,3,Março,Autos,Direta,38,CAOA CHERY/TIGGO 5X,140
2023,3,Março,Autos,Direta,39,VW/GOL,138
2023,3,Março,Autos,Direta,40,VOLVO/XC90,120
2023,3,Março,Autos,Direta,41,VOLVO/XC40,117
2023,3,Março,Autos,Direta,42,CAOA CHERY/TIGGO 8,95
2023,3,Março,Autos,Direta,43,HONDA/CITY,92
2023,3,Março,Autos,Direta,44,PEUGEOT/2008,90
2023,3,Março,Autos,Direta,45,VW/TAOS,8
2023,3,Março,Autos,Direta,46,TOYOTA/HILUX SW4,71
2023,3,Março,Autos,Direta,47,AUDI/Q3,63
2023,3,Março,Autos,Direta,48,SUBARU/XV,62
2023,3,Março,Autos,Direta,49,FORD/TERRITORY,56
2023,3,Março,Autos,Direta,50,HONDA/CITY HATCH,56
2023,3,Março,Autos,Varejo,1,HYUNDAI/CRETA,5434
2023,3,Março,Com. Leves,Varejo,1,FIAT/STRADA,3051
2023,3,Março,Autos,Varejo,2,GM/ONIX,4691
2023,3,Março,Com. Leves,Varejo,2,GM/MONTANA,2892
2023,3,Março,Autos,Varejo,3,TOYOTA/COROLLA CROSS,4100
2023,3,Março,Com. Leves,Varejo,3,TOYOTA/HILUX,2837
2023,3,Março,Autos,Varejo,4,HONDA/HR-V,3780
2023,3,Março,Com. Leves,Varejo,4,FORD/RANGER,1560
2023,3,Março,Autos,Varejo,5,VW/POLO,3460
2023,3,Março,Com. Leves,Varejo,5,FIAT/TORO,1045
2023,3,Março,Autos,Varejo,6,HYUNDAI/HB20,3336
2023,3,Março,Com. Leves,Varejo,6,MITSUBISHI/L200,587
2023,3,Março,Autos,Varejo,7,GM/TRACKER,3285
2023,3,Março,Com. Leves,Varejo,7,RENAULT/OROCH,407
2023,3,Março,Autos,Varejo,8,FIAT/FASTBACK,3181
2023,3,Março,Com. Leves,Varejo,8,FIAT/FIORINO,388
2023,3,Março,Autos,Varejo,9,TOYOTA/COROLLA,3006
2023,3,Março,Com. Leves,Varejo,9,GM/S10,373
2023,3,Março,Autos,Varejo,10,NISSAN/KICKS,2897
2023,3,Março,Com. Leves,Varejo,10,KIA/K2500,284
2023,3,Março,Autos,Varejo,11,FIAT/PULSE,2857
2023,3,Março,Com. Leves,Varejo,11,NISSAN/FRONTIER,264
2023,3,Março,Autos,Varejo,12,VW/T CROSS,2683
2023,3,Março,Com. Leves,Varejo,12,FORD/TRANSIT,235
2023,3,Março,Autos,Varejo,13,RENAULT/KWID,2635
2023,3,Março,Com. Leves,Varejo,13,VW/AMAROK,234
2023,3,Março,Autos,Varejo,14,VW/NIVUS,2459
2023,3,Março,Com. Leves,Varejo,14,FIAT/SCUDO,216
2023,3,Março,Autos,Varejo,15,GM/ONIX PLUS,2410
2023,3,Março,Com. Leves,Varejo,15,CITROEN/JUMPY,206
2023,3,Março,Autos,Varejo,16,FIAT/ARGO,2233
2023,3,Março,Com. Leves,Varejo,16,VW/MAN/EXPRESS,168
2023,3,Março,Autos,Varejo,17,FIAT/MOBI,1872
2023,3,Março,Com. Leves,Varejo,17,M.BENZ/SPRINTER 315,157
2023,3,Março,Autos,Varejo,18,JEEP/COMPASS,1817
2023,3,Março,Com. Leves,Varejo,18,VW/SAVEIRO,154
2023,3,Março,Autos,Varejo,19,JEEP/RENEGADE,1681
2023,3,Março,Com. Leves,Varejo,19,RENAULT/MASTER,153
2023,3,Março,Autos,Varejo,20,TOYOTA/HILUX SW4,1341
2023,3,Março,Com. Leves,Varejo,20,PEUGEOT/EXPERT,133
2023,3,Março,Autos,Varejo,21,HONDA/CITY HATCH,1284
2023,3,Março,Com. Leves,Varejo,21,IVECO/DAILY,125
2023,3,Março,Autos,Varejo,22,HONDA/CITY,1157
2023,3,Março,Com. Leves,Varejo,22,RAM/3500,95
2023,3,Março,Autos,Varejo,23,HYUNDAI/HB20S,1115
2023,3,Março,Com. Leves,Varejo,23,EFFA/V21,70
2023,3,Março,Autos,Varejo,24,CITROEN/C3,1112
2023,3,Março,Com. Leves,Varejo,24,FORD/MAVERICK,69
2023,3,Março,Autos,Varejo,25,RENAULT/DUSTER,1087
2023,3,Março,Com. Leves,Varejo,25,PEUGEOT/PARTNER,51
2023,3,Março,Autos,Varejo,26,VW/VIRTUS,1067
2023,3,Março,Com. Leves,Varejo,26,RAM/CLASSIC,50
2023,3,Março,Autos,Varejo,27,TOYOTA/YARIS HB,1056
2023,3,Março,Com. Leves,Varejo,27,EFFA/V22,46
2023,3,Março,Autos,Varejo,28,FIAT/CRONOS,831
2023,3,Março,Com. Leves,Varejo,28,RAM/1500,36
2023,3,Março,Autos,Varejo,29,JEEP/COMMANDER,792
2023,3,Março,Com. Leves,Varejo,29,RAM/2500,27
2023,3,Março,Autos,Varejo,30,VW/TAOS,767
2023,3,Março,Com. Leves,Varejo,30,IVECO/DAILY 30-130,15
2023,3,Março,Autos,Varejo,31,VW/GOL,603
2023,3,Março,Com. Leves,Varejo,31,PEUGEOT/BOXER,8
2023,3,Março,Autos,Varejo,32,CAOA CHERY/TIGGO 8,558
2023,3,Março,Com. Leves,Varejo,32,FORD/F150,7
2023,3,Março,Autos,Varejo,33,BMW/320I,505
2023,3,Março,Com. Leves,Varejo,33,EFFA/V25,7
2023,3,Março,Autos,Varejo,34,GM/SPIN,444
2023,3,Março,Com. Leves,Varejo,34,JEEP/GLADIATOR,6
2023,3,Março,Autos,Varejo,35,CAOA CHERY/TIGGO 7,434
2023,3,Março,Com. Leves,Varejo,35,CITROEN/JUMPER,5
2023,3,Março,Autos,Varejo,36,TOYOTA/YARIS SEDAN,432
2023,3,Março,Com. Leves,Varejo,36,M.BENZ/SPRINTER,4
2023,3,Março,Autos,Varejo,37,PEUGEOT/208,393
2023,3,Março,Com. Leves,Varejo,37,M.BENZ/SPRINTER 517,4
2023,3,Março,Autos,Varejo,38,NISSAN/VERSA,375
2023,3,Março,Com. Leves,Varejo,38,BYD/T3,4
2023,3,Março,Autos,Varejo,39,CAOA CHERY/TIGGO 5X,339
2023,3,Março,Com. Leves,Varejo,39,IVECO/DAILY 35-150,3
2023,3,Março,Autos,Varejo,40,GM/EQUINOX,310
2023,3,Março,Com. Leves,Varejo,40,M.BENZ/SPRINTER 416,3
2023,3,Março,Autos,Varejo,41,MITSUBISHI/ECLIPSE CROSS,233
2023,3,Março,Com. Leves,Varejo,41,VW/KOMBI,3
2023,3,Março,Autos,Varejo,42,PORSCHE/MACAN,228
2023,3,Março,Com. Leves,Varejo,42,FOTON/AUMARK 3.5-14DT,3
2023,3,Março,Autos,Varejo,43,BMW/X1,210
2023,3,Março,Com. Leves,Varejo,43,M.BENZ/SPRINTER 314,2
2023,3,Março,Autos,Varejo,44,BYD/SONG PLUS,205
2023,3,Março,Com. Leves,Varejo,44,TOYOTA/BANDEIRANTE,2
2023,3,Março,Autos,Varejo,45,PORSCHE/CAYENNE,195
2023,3,Março,Com. Leves,Varejo,45,FIAT/DUCATO,1
2023,3,Março,Autos,Varejo,46,LAND ROVER/DISCOVERY,189
2023,3,Março,Com. Leves,Varejo,46,FORD/F250,1
2023,3,Março,Autos,Varejo,47,TOYOTA/RAV4,174
2023,3,Março,Com. Leves,Varejo,47,GM/C10,1
2023,3,Março,Autos,Varejo,48,CITROEN/C4 CACTUS,155
2023,3,Março,Com. Leves,Varejo,48,GM/SILVERADO,1
2023,3,Março,Autos,Varejo,49,MITSUBISHI/PAJERO,151
2023,3,Março,Com. Leves,Varejo,49,GMC/HUMMER EV EDITION 1,1
2023,3,Março,Autos,Varejo,50,M.BENZ/CLASSE GLB,147
2023,3,Março,Com. Leves,Varejo,50,GMC/SIERRA,1
2023,4,Abril,Autos,Total,1,GM/ONIX,7376
2023,4,Abril,Com. Leves,Total,1,FIAT/STRADA,8051
2023,4,Abril,Autos,Total,2,HYUNDAI/HB20,7143
2023,4,Abril,Com. Leves,Total,2,FIAT/TORO,3812
2023,4,Abril,Autos,Total,3,VW/POLO,6063
2023,4,Abril,Com. Leves,Total,3,TOYOTA/HILUX,3199
2023,4,Abril,Autos,Total,4,FIAT/ARGO,5475
2023,4,Abril,Com. Leves,Total,4,VW/SAVEIRO,3152
2023,4,Abril,Autos,Total,5,GM/ONIX PLUS,5295
2023,4,Abril,Com. Leves,Total,5,GM/MONTANA,3087
2023,4,Abril,Autos,Total,6,JEEP/COMPASS,4898
2023,4,Abril,Com. Leves,Total,6,GM/S10,2752
2023,4,Abril,Autos,Total,7,HONDA/HR-V,4688
2023,4,Abril,Com. Leves,Total,7,FIAT/FIORINO,1374
2023,4,Abril,Autos,Total,8,FIAT/MOBI,4686
2023,4,Abril,Com. Leves,Total,8,FORD/RANGER,1361
2023,4,Abril,Autos,Total,9,HYUNDAI/CRETA,4660
2023,4,Abril,Com. Leves,Total,9,RENAULT/OROCH,1158
2023,4,Abril,Autos,Total,10,VW/T CROSS,4592
2023,4,Abril,Com. Leves,Total,10,RENAULT/MASTER,887
2023,4,Abril,Autos,Total,11,RENAULT/KWID,4152
2023,4,Abril,Com. Leves,Total,11,MITSUBISHI/L200,810
2023,4,Abril,Autos,Total,12,GM/TRACKER,4078
2023,4,Abril,Com. Leves,Total,12,VW/AMAROK,716
2023,4,Abril,Autos,Total,13,TOYOTA/COROLLA CROSS,3946
2023,4,Abril,Com. Leves,Total,13,RAM/3500,550
2023,4,Abril,Autos,Total,14,VW/NIVUS,3702
2023,4,Abril,Com. Leves,Total,14,NISSAN/FRONTIER,452
2023,4,Abril,Autos,Total,15,FIAT/CRONOS,3701
2023,4,Abril,Com. Leves,Total,15,FIAT/SCUDO,307
2023,4,Abril,Autos,Total,16,FIAT/PULSE,3504
2023,4,Abril,Com. Leves,Total,16,FORD/TRANSIT,286
2023,4,Abril,Autos,Total,17,TOYOTA/COROLLA,3261
2023,4,Abril,Com. Leves,Total,17,KIA/K2500,194
2023,4,Abril,Autos,Total,18,JEEP/RENEGADE,3219
2023,4,Abril,Com. Leves,Total,18,FORD/MAVERICK,169
2023,4,Abril,Autos,Total,19,NISSAN/KICKS,3055
2023,4,Abril,Com. Leves,Total,19,CITROEN/JUMPY,168
2023,4,Abril,Autos,Total,20,FIAT/FASTBACK,2466
2023,4,Abril,Com. Leves,Total,20,VW/MAN/EXPRESS,159
2023,4,Abril,Autos,Total,21,VW/VIRTUS,2091
2023,4,Abril,Com. Leves,Total,21,M.BENZ/SPRINTER 315,134
2023,4,Abril,Autos,Total,22,CITROEN/C3,1965
2023,4,Abril,Com. Leves,Total,22,RAM/CLASSIC,129
2023,4,Abril,Autos,Total,23,HYUNDAI/HB20S,1916
2023,4,Abril,Com. Leves,Total,23,IVECO/DAILY,117
2023,4,Abril,Autos,Total,24,PEUGEOT/208,1901
2023,4,Abril,Com. Leves,Total,24,RAM/2500,82
2023,4,Abril,Autos,Total,25,JEEP/COMMANDER,1835
2023,4,Abril,Com. Leves,Total,25,RAM/1500,81
2023,4,Abril,Autos,Total,26,TOYOTA/YARIS HB,1818
2023,4,Abril,Com. Leves,Total,26,PEUGEOT/EXPERT,76
2023,4,Abril,Autos,Total,27,RENAULT/DUSTER,1377
2023,4,Abril,Com. Leves,Total,27,PEUGEOT/PARTNER,71
2023,4,Abril,Autos,Total,28,TOYOTA/HILUX SW4,1113
2023,4,Abril,Com. Leves,Total,28,EFFA/V21,59
2023,4,Abril,Autos,Total,29,GM/SPIN,1084
2023,4,Abril,Com. Leves,Total,29,FIAT/DUCATO,28
2023,4,Abril,Autos,Total,30,HONDA/CITY,964
2023,4,Abril,Com. Leves,Total,30,EFFA/V22,28
2023,4,Abril,Autos,Total,31,TOYOTA/YARIS SEDAN,891
2023,4,Abril,Com. Leves,Total,31,KIA/UK2500,25
2023,4,Abril,Autos,Total,32,HONDA/CITY HATCH,867
2023,4,Abril,Com. Leves,Total,32,JEEP/GLADIATOR,16
2023,4,Abril,Autos,Total,33,VW/TAOS,792
2023,4,Abril,Com. Leves,Total,33,FORD/F150,15
2023,4,Abril,Autos,Total,34,NISSAN/VERSA,632
2023,4,Abril,Com. Leves,Total,34,IVECO/DAILY 30-130,15
2023,4,Abril,Autos,Total,35,CAOA CHERY/TIGGO 8,544
2023,4,Abril,Com. Leves,Total,35,PEUGEOT/BOXER,12
2023,4,Abril,Autos,Total,36,CAOA CHERY/TIGGO 5X,516
2023,4,Abril,Com. Leves,Total,36,M.BENZ/SPRINTER,1
2023,4,Abril,Autos,Total,37,NISSAN/SENTRA,450
2023,4,Abril,Com. Leves,Total,37,BYD/T3,8
2023,4,Abril,Autos,Total,38,RENAULT/SANDERO,419
2023,4,Abril,Com. Leves,Total,38,CITROEN/JUMPER,5
2023,4,Abril,Autos,Total,39,CAOA CHERY/TIGGO 7,418
2023,4,Abril,Com. Leves,Total,39,M.BENZ/SPRINTER 416,4
2023,4,Abril,Autos,Total,40,BMW/X1,367
2023,4,Abril,Com. Leves,Total,40,VW/KOMBI,4
2023,4,Abril,Autos,Total,41,CITROEN/C4 CACTUS,344
2023,4,Abril,Com. Leves,Total,41,EFFA/V25,4
2023,4,Abril,Autos,Total,42,BMW/320I,336
2023,4,Abril,Com. Leves,Total,42,JAC/EJV5.5,3
2023,4,Abril,Autos,Total,43,VW/GOL,318
2023,4,Abril,Com. Leves,Total,43,GMC/HUMMER EV EDITION 1,2
2023,4,Abril,Autos,Total,44,GM/EQUINOX,292
2023,4,Abril,Com. Leves,Total,44,HYUNDAI/HR,2
2023,4,Abril,Autos,Total,45,GM/TRAILBLAZER,231
2023,4,Abril,Com. Leves,Total,45,IVECO/DAILY 35-150,2
2023,4,Abril,Autos,Total,46,MITSUBISHI/ECLIPSE CROSS,206
2023,4,Abril,Com. Leves,Total,46,IVECO/DAILY 5516,2
2023,4,Abril,Autos,Total,47,AUDI/Q5,185
2023,4,Abril,Com. Leves,Total,47,M.BENZ/SPRINTER 417,2
2023,4,Abril,Autos,Total,48,VOLVO/XC60,157
2023,4,Abril,Com. Leves,Total,48,M.BENZ/SPRINTER 517,2
2023,4,Abril,Autos,Total,49,PORSCHE/MACAN,149
2023,4,Abril,Com. Leves,Total,49,JAC/IEV750,2
2023,4,Abril,Autos,Total,50,PORSCHE/CAYENNE,145
2023,4,Abril,Com. Leves,Total,50,GM/C10,1
2023,4,Abril,Autos,Direta,1,HYUNDAI/HB20,5082
2023,4,Abril,Com. Leves,Direta,1,FIAT/STRADA,5954
2023,4,Abril,Autos,Direta,2,FIAT/ARGO,3695
2023,4,Abril,Com. Leves,Direta,2,VW/SAVEIRO,3011
2023,4,Abril,Autos,Direta,3,GM/ONIX,3279
2023,4,Abril,Com. Leves,Direta,3,FIAT/TORO,2943
2023,4,Abril,Autos,Direta,4,FIAT/MOBI,3263
2023,4,Abril,Com. Leves,Direta,4,GM/S10,2331
2023,4,Abril,Autos,Direta,5,GM/ONIX PLUS,3210
2023,4,Abril,Com. Leves,Direta,5,GM/MONTANA,1412
2023,4,Abril,Autos,Direta,6,VW/POLO,3086
2023,4,Abril,Com. Leves,Direta,6,FIAT/FIORINO,1139
2023,4,Abril,Autos,Direta,7,FIAT/CRONOS,3084
2023,4,Abril,Com. Leves,Direta,7,TOYOTA/HILUX,943
2023,4,Abril,Autos,Direta,8,JEEP/COMPASS,2986
2023,4,Abril,Com. Leves,Direta,8,RENAULT/OROCH,860
2023,4,Abril,Autos,Direta,9,RENAULT/KWID,2524
2023,4,Abril,Com. Leves,Direta,9,RENAULT/MASTER,742
2023,4,Abril,Autos,Direta,10,VW/T CROSS,2292
2023,4,Abril,Com. Leves,Direta,10,VW/AMAROK,520
2023,4,Abril,Autos,Direta,11,JEEP/RENEGADE,1643
2023,4,Abril,Com. Leves,Direta,11,RAM/3500,372
2023,4,Abril,Autos,Direta,12,VW/NIVUS,1455
2023,4,Abril,Com. Leves,Direta,12,MITSUBISHI/L200,364
2023,4,Abril,Autos,Direta,13,GM/TRACKER,1333
2023,4,Abril,Com. Leves,Direta,13,FORD/RANGER,313
2023,4,Abril,Autos,Direta,14,PEUGEOT/208,1326
2023,4,Abril,Com. Leves,Direta,14,NISSAN/FRONTIER,268
2023,4,Abril,Autos,Direta,15,FIAT/PULSE,1243
2023,4,Abril,Com. Leves,Direta,15,FIAT/SCUDO,154
2023,4,Abril,Autos,Direta,16,HYUNDAI/HB20S,1208
2023,4,Abril,Com. Leves,Direta,16,RAM/CLASSIC,94
2023,4,Abril,Autos,Direta,17,NISSAN/KICKS,1113
2023,4,Abril,Com. Leves,Direta,17,FORD/TRANSIT,86
2023,4,Abril,Autos,Direta,18,TOYOTA/YARIS HB,1109
2023,4,Abril,Com. Leves,Direta,18,FORD/MAVERICK,7
2023,4,Abril,Autos,Direta,19,JEEP/COMMANDER,991
2023,4,Abril,Com. Leves,Direta,19,RAM/1500,58
2023,4,Abril,Autos,Direta,20,CITROEN/C3,983
2023,4,Abril,Com. Leves,Direta,20,RAM/2500,51
2023,4,Abril,Autos,Direta,21,TOYOTA/COROLLA CROSS,789
2023,4,Abril,Com. Leves,Direta,21,CITROEN/JUMPY,42
2023,4,Abril,Autos,Direta,22,TOYOTA/COROLLA,743
2023,4,Abril,Com. Leves,Direta,22,PEUGEOT/PARTNER,42
2023,4,Abril,Autos,Direta,23,VW/VIRTUS,740
2023,4,Abril,Com. Leves,Direta,23,FIAT/DUCATO,28
2023,4,Abril,Autos,Direta,24,GM/SPIN,705
2023,4,Abril,Com. Leves,Direta,24,PEUGEOT/EXPERT,2
2023,4,Abril,Autos,Direta,25,RENAULT/DUSTER,617
2023,4,Abril,Com. Leves,Direta,25,VW/MAN/EXPRESS,15
2023,4,Abril,Autos,Direta,26,TOYOTA/YARIS SEDAN,603
2023,4,Abril,Com. Leves,Direta,26,FORD/F150,13
2023,4,Abril,Autos,Direta,27,HYUNDAI/CRETA,454
2023,4,Abril,Com. Leves,Direta,27,JEEP/GLADIATOR,4
2023,4,Abril,Autos,Direta,28,HONDA/HR-V,374
2023,4,Abril,Com. Leves,Direta,28,KIA/K2500,3
2023,4,Abril,Autos,Direta,29,RENAULT/SANDERO,339
2023,4,Abril,Com. Leves,Direta,29,CITROEN/JUMPER,1
2023,4,Abril,Autos,Direta,30,FIAT/FASTBACK,331
2023,4,Abril,Com. Leves,Direta,30,KIA/UK2500,1
2023,4,Abril,Autos,Direta,31,VW/TAOS,288
2023,4,Abril,Com. Leves,Direta,31,PEUGEOT/BOXER,1
2023,4,Abril,Autos,Direta,32,NISSAN/VERSA,278
2023,4,Abril,Autos,Direta,33,CITROEN/C4 CACTUS,238
2023,4,Abril,Autos,Direta,34,GM/TRAILBLAZER,195
2023,4,Abril,Autos,Direta,35,AUDI/Q5,161
2023,4,Abril,Autos,Direta,36,VOLVO/XC60,157
2023,4,Abril,Autos,Direta,37,NISSAN/SENTRA,155
2023,4,Abril,Autos,Direta,38,CAOA CHERY/TIGGO 5X,155
2023,4,Abril,Autos,Direta,39,VOLVO/XC40,140
2023,4,Abril,Autos,Direta,40,CAOA CHERY/TIGGO 8,133
2023,4,Abril,Autos,Direta,41,RENAULT/LOGAN,126
2023,4,Abril,Autos,Direta,42,VOLVO/XC90,123
2023,4,Abril,Autos,Direta,43,CAOA CHERY/TIGGO 7,93
2023,4,Abril,Autos,Direta,44,TOYOTA/HILUX SW4,68
2023,4,Abril,Autos,Direta,45,AUDI/Q3,65
2023,4,Abril,Autos,Direta,46,PEUGEOT/2008,62
2023,4,Abril,Autos,Direta,47,HONDA/CITY,60
2023,4,Abril,Autos,Direta,48,VOLVO/C40,53
2023,4,Abril,Autos,Direta,49,GM/EQUINOX,52
2023,4,Abril,Autos,Direta,50,VW/GOL,41
2023,4,Abril,Autos,Varejo,1,HONDA/HR-V,4314
2023,4,Abril,Com. Leves,Varejo,1,TOYOTA/HILUX,2256
2023,4,Abril,Autos,Varejo,2,HYUNDAI/CRETA,4206
2023,4,Abril,Com. Leves,Varejo,2,FIAT/STRADA,2097
2023,4,Abril,Autos,Varejo,3,GM/ONIX,4097
2023,4,Abril,Com. Leves,Varejo,3,GM/MONTANA,1675
2023,4,Abril,Autos,Varejo,4,TOYOTA/COROLLA CROSS,3157
2023,4,Abril,Com. Leves,Varejo,4,FORD/RANGER,1048
2023,4,Abril,Autos,Varejo,5,VW/POLO,2977
2023,4,Abril,Com. Leves,Varejo,5,FIAT/TORO,869
2023,4,Abril,Autos,Varejo,6,GM/TRACKER,2745
2023,4,Abril,Com. Leves,Varejo,6,MITSUBISHI/L200,446
2023,4,Abril,Autos,Varejo,7,TOYOTA/COROLLA,2518
2023,4,Abril,Com. Leves,Varejo,7,GM/S10,421
2023,4,Abril,Autos,Varejo,8,VW/T CROSS,2300
2023,4,Abril,Com. Leves,Varejo,8,RENAULT/OROCH,298
2023,4,Abril,Autos,Varejo,9,FIAT/PULSE,2261
2023,4,Abril,Com. Leves,Varejo,9,FIAT/FIORINO,235
2023,4,Abril,Autos,Varejo,10,VW/NIVUS,2247
2023,4,Abril,Com. Leves,Varejo,10,FORD/TRANSIT,200
2023,4,Abril,Autos,Varejo,11,FIAT/FASTBACK,2135
2023,4,Abril,Com. Leves,Varejo,11,VW/AMAROK,196
2023,4,Abril,Autos,Varejo,12,GM/ONIX PLUS,2085
2023,4,Abril,Com. Leves,Varejo,12,KIA/K2500,191
2023,4,Abril,Autos,Varejo,13,HYUNDAI/HB20,2061
2023,4,Abril,Com. Leves,Varejo,13,NISSAN/FRONTIER,184
2023,4,Abril,Autos,Varejo,14,NISSAN/KICKS,1942
2023,4,Abril,Com. Leves,Varejo,14,RAM/3500,178
2023,4,Abril,Autos,Varejo,15,JEEP/COMPASS,1912
2023,4,Abril,Com. Leves,Varejo,15,FIAT/SCUDO,153
2023,4,Abril,Autos,Varejo,16,FIAT/ARGO,1780
2023,4,Abril,Com. Leves,Varejo,16,RENAULT/MASTER,145
2023,4,Abril,Autos,Varejo,17,RENAULT/KWID,1628
2023,4,Abril,Com. Leves,Varejo,17,VW/MAN/EXPRESS,144
2023,4,Abril,Autos,Varejo,18,JEEP/RENEGADE,1576
2023,4,Abril,Com. Leves,Varejo,18,VW/SAVEIRO,141
2023,4,Abril,Autos,Varejo,19,FIAT/MOBI,1423
2023,4,Abril,Com. Leves,Varejo,19,M.BENZ/SPRINTER 315,134
2023,4,Abril,Autos,Varejo,20,VW/VIRTUS,1351
2023,4,Abril,Com. Leves,Varejo,20,CITROEN/JUMPY,126
2023,4,Abril,Autos,Varejo,21,TOYOTA/HILUX SW4,1045
2023,4,Abril,Com. Leves,Varejo,21,IVECO/DAILY,117
2023,4,Abril,Autos,Varejo,22,CITROEN/C3,982
2023,4,Abril,Com. Leves,Varejo,22,FORD/MAVERICK,92
2023,4,Abril,Autos,Varejo,23,HONDA/CITY,904
2023,4,Abril,Com. Leves,Varejo,23,EFFA/V21,59
2023,4,Abril,Autos,Varejo,24,HONDA/CITY HATCH,847
2023,4,Abril,Com. Leves,Varejo,24,PEUGEOT/EXPERT,54
2023,4,Abril,Autos,Varejo,25,JEEP/COMMANDER,844
2023,4,Abril,Com. Leves,Varejo,25,RAM/CLASSIC,35
2023,4,Abril,Autos,Varejo,26,RENAULT/DUSTER,760
2023,4,Abril,Com. Leves,Varejo,26,RAM/2500,31
2023,4,Abril,Autos,Varejo,27,TOYOTA/YARIS HB,709
2023,4,Abril,Com. Leves,Varejo,27,PEUGEOT/PARTNER,29
2023,4,Abril,Autos,Varejo,28,HYUNDAI/HB20S,708
2023,4,Abril,Com. Leves,Varejo,28,EFFA/V22,28
2023,4,Abril,Autos,Varejo,29,FIAT/CRONOS,617
2023,4,Abril,Com. Leves,Varejo,29,KIA/UK2500,24
2023,4,Abril,Autos,Varejo,30,PEUGEOT/208,575
2023,4,Abril,Com. Leves,Varejo,30,RAM/1500,23
2023,4,Abril,Autos,Varejo,31,VW/TAOS,504
2023,4,Abril,Com. Leves,Varejo,31,IVECO/DAILY 30-130,15
2023,4,Abril,Autos,Varejo,32,CAOA CHERY/TIGGO 8,411
2023,4,Abril,Com. Leves,Varejo,32,JEEP/GLADIATOR,12
2023,4,Abril,Autos,Varejo,33,GM/SPIN,379
2023,4,Abril,Com. Leves,Varejo,33,M.BENZ/SPRINTER,1
2023,4,Abril,Autos,Varejo,34,CAOA CHERY/TIGGO 5X,361
2023,4,Abril,Com. Leves,Varejo,34,PEUGEOT/BOXER,1
2023,4,Abril,Autos,Varejo,35,BMW/X1,360
2023,4,Abril,Com. Leves,Varejo,35,BYD/T3,8
2023,4,Abril,Autos,Varejo,36,NISSAN/VERSA,354
2023,4,Abril,Com. Leves,Varejo,36,CITROEN/JUMPER,4
2023,4,Abril,Autos,Varejo,37,CAOA CHERY/TIGGO 7,325
2023,4,Abril,Com. Leves,Varejo,37,M.BENZ/SPRINTER 416,4
2023,4,Abril,Autos,Varejo,38,BMW/320I,320
2023,4,Abril,Com. Leves,Varejo,38,VW/KOMBI,4
2023,4,Abril,Autos,Varejo,39,NISSAN/SENTRA,295
2023,4,Abril,Com. Leves,Varejo,39,EFFA/V25,4
2023,4,Abril,Autos,Varejo,40,TOYOTA/YARIS SEDAN,288
2023,4,Abril,Com. Leves,Varejo,40,JAC/EJV5.5,3
2023,4,Abril,Autos,Varejo,41,VW/GOL,277
2023,4,Abril,Com. Leves,Varejo,41,FORD/F150,2
2023,4,Abril,Autos,Varejo,42,GM/EQUINOX,240
2023,4,Abril,Com. Leves,Varejo,42,GMC/HUMMER EV EDITION 1,2
2023,4,Abril,Autos,Varejo,43,MITSUBISHI/ECLIPSE CROSS,182
2023,4,Abril,Com. Leves,Varejo,43,HYUNDAI/HR,2
2023,4,Abril,Autos,Varejo,44,PORSCHE/MACAN,149
2023,4,Abril,Com. Leves,Varejo,44,IVECO/DAILY 35-150,2
2023,4,Abril,Autos,Varejo,45,PORSCHE/CAYENNE,145
2023,4,Abril,Com. Leves,Varejo,45,IVECO/DAILY 5516,2
2023,4,Abril,Autos,Varejo,46,CITROEN/C4 CACTUS,106
2023,4,Abril,Com. Leves,Varejo,46,M.BENZ/SPRINTER 417,2
2023,4,Abril,Autos,Varejo,47,LAND ROVER/DEFENDER,105
2023,4,Abril,Com. Leves,Varejo,47,M.BENZ/SPRINTER 517,2
2023,4,Abril,Autos,Varejo,48,MITSUBISHI/PAJERO,105
2023,4,Abril,Com. Leves,Varejo,48,JAC/IEV750,2
2023,4,Abril,Autos,Varejo,49,LAND ROVER/DISCOVERY,100
2023,4,Abril,Com. Leves,Varejo,49,GM/C10,1
2023,4,Abril,Autos,Varejo,50,GM/CRUZE SEDAN,97
2023,4,Abril,Com. Leves,Varejo,50,GM/SILVERADO,1
2023,5,Maio,Autos,Total,1,VW/POLO,7636
2023,5,Maio,Com. Leves,Total,1,FIAT/STRADA,9716
2023,5,Maio,Autos,Total,2,GM/ONIX,6947
2023,5,Maio,Com. Leves,Total,2,FIAT/TORO,4986
2023,5,Maio,Autos,Total,3,VW/T CROSS,6012
2023,5,Maio,Com. Leves,Total,3,TOYOTA/HILUX,3986
2023,5,Maio,Autos,Total,4,GM/ONIX PLUS,5624
2023,5,Maio,Com. Leves,Total,4,VW/SAVEIRO,3873
2023,5,Maio,Autos,Total,5,JEEP/COMPASS,5560
2023,5,Maio,Com. Leves,Total,5,GM/MONTANA,3593
2023,5,Maio,Autos,Total,6,GM/TRACKER,5436
2023,5,Maio,Com. Leves,Total,6,GM/S10,2376
2023,5,Maio,Autos,Total,7,HYUNDAI/CRETA,5268
2023,5,Maio,Com. Leves,Total,7,FORD/RANGER,1561
2023,5,Maio,Autos,Total,8,FIAT/ARGO,4710
2023,5,Maio,Com. Leves,Total,8,RENAULT/OROCH,1135
2023,5,Maio,Autos,Total,9,HONDA/HR-V,4578
2023,5,Maio,Com. Leves,Total,9,RENAULT/MASTER,1072
2023,5,Maio,Autos,Total,10,VW/NIVUS,4340
2023,5,Maio,Com. Leves,Total,10,FIAT/FIORINO,1071
2023,5,Maio,Autos,Total,11,JEEP/RENEGADE,4279
2023,5,Maio,Com. Leves,Total,11,MITSUBISHI/L200,937
2023,5,Maio,Autos,Total,12,HYUNDAI/HB20,4245
2023,5,Maio,Com. Leves,Total,12,VW/AMAROK,812
2023,5,Maio,Autos,Total,13,NISSAN/KICKS,4212
2023,5,Maio,Com. Leves,Total,13,NISSAN/FRONTIER,810
2023,5,Maio,Autos,Total,14,FIAT/MOBI,4196
2023,5,Maio,Com. Leves,Total,14,RAM/3500,379
2023,5,Maio,Autos,Total,15,TOYOTA/COROLLA,3891
2023,5,Maio,Com. Leves,Total,15,FIAT/SCUDO,280
2023,5,Maio,Autos,Total,16,TOYOTA/COROLLA CROSS,3731
2023,5,Maio,Com. Leves,Total,16,FORD/TRANSIT,256
2023,5,Maio,Autos,Total,17,FIAT/PULSE,3490
2023,5,Maio,Com. Leves,Total,17,RAM/CLASSIC,227
2023,5,Maio,Autos,Total,18,FIAT/CRONOS,2950
2023,5,Maio,Com. Leves,Total,18,IVECO/DAILY,223
2023,5,Maio,Autos,Total,19,FIAT/FASTBACK,2943
2023,5,Maio,Com. Leves,Total,19,FORD/F150,190
2023,5,Maio,Autos,Total,20,VW/VIRTUS,2744
2023,5,Maio,Com. Leves,Total,20,KIA/K2500,189
2023,5,Maio,Autos,Total,21,RENAULT/KWID,2725
2023,5,Maio,Com. Leves,Total,21,VW/MAN/EXPRESS,158
2023,5,Maio,Autos,Total,22,PEUGEOT/208,2463
2023,5,Maio,Com. Leves,Total,22,CITROEN/JUMPY,134
2023,5,Maio,Autos,Total,23,TOYOTA/YARIS HB,2458
2023,5,Maio,Com. Leves,Total,23,PEUGEOT/PARTNER,134
2023,5,Maio,Autos,Total,24,RENAULT/DUSTER,2231
2023,5,Maio,Com. Leves,Total,24,PEUGEOT/EXPERT,131
2023,5,Maio,Autos,Total,25,JEEP/COMMANDER,1955
2023,5,Maio,Com. Leves,Total,25,M.BENZ/SPRINTER 315,116
2023,5,Maio,Autos,Total,26,CITROEN/C3,1607
2023,5,Maio,Com. Leves,Total,26,FORD/MAVERICK,107
2023,5,Maio,Autos,Total,27,VW/TAOS,1535
2023,5,Maio,Com. Leves,Total,27,FIAT/DUCATO,83
2023,5,Maio,Autos,Total,28,GM/SPIN,1492
2023,5,Maio,Com. Leves,Total,28,RAM/1500,79
2023,5,Maio,Autos,Total,29,HYUNDAI/HB20S,1384
2023,5,Maio,Com. Leves,Total,29,EFFA/V21,73
2023,5,Maio,Autos,Total,30,TOYOTA/HILUX SW4,1238
2023,5,Maio,Com. Leves,Total,30,RAM/2500,53
2023,5,Maio,Autos,Total,31,HONDA/CITY,1151
2023,5,Maio,Com. Leves,Total,31,EFFA/V22,29
2023,5,Maio,Autos,Total,32,TOYOTA/YARIS SEDAN,1068
2023,5,Maio,Com. Leves,Total,32,PEUGEOT/BOXER,16
2023,5,Maio,Autos,Total,33,HONDA/CITY HATCH,968
2023,5,Maio,Com. Leves,Total,33,M.BENZ/SPRINTER,1
2023,5,Maio,Autos,Total,34,GWM/HAVAL H6,960
2023,5,Maio,Com. Leves,Total,34,M.BENZ/SPRINTER 517,1
2023,5,Maio,Autos,Total,35,CAOA CHERY/TIGGO 8,675
2023,5,Maio,Com. Leves,Total,35,HYUNDAI/HR,10
2023,5,Maio,Autos,Total,36,NISSAN/VERSA,674
2023,5,Maio,Com. Leves,Total,36,EFFA/V25,9
2023,5,Maio,Autos,Total,37,CAOA CHERY/TIGGO 5X,644
2023,5,Maio,Com. Leves,Total,37,IVECO/DAILY 30-130,8
2023,5,Maio,Autos,Total,38,NISSAN/SENTRA,636
2023,5,Maio,Com. Leves,Total,38,JEEP/GLADIATOR,8
2023,5,Maio,Autos,Total,39,RENAULT/SANDERO,598
2023,5,Maio,Com. Leves,Total,39,VW/KOMBI,5
2023,5,Maio,Autos,Total,40,CAOA CHERY/TIGGO 7,582
2023,5,Maio,Com. Leves,Total,40,WILLYS/OVERLAND,4
2023,5,Maio,Autos,Total,41,BMW/X1,509
2023,5,Maio,Com. Leves,Total,41,IVECO/DAILY 5516,3
2023,5,Maio,Autos,Total,42,BMW/320I,420
2023,5,Maio,Com. Leves,Total,42,BYD/T3,3
2023,5,Maio,Autos,Total,43,VOLVO/XC60,380
2023,5,Maio,Com. Leves,Total,43,FORD/F250,2
2023,5,Maio,Autos,Total,44,GM/EQUINOX,349
2023,5,Maio,Com. Leves,Total,44,IVECO/DAILY 30S13,2
2023,5,Maio,Autos,Total,45,BYD/SONG PLUS,322
2023,5,Maio,Com. Leves,Total,45,JAC/EJV5.5,2
2023,5,Maio,Autos,Total,46,PORSCHE/CAYENNE,253
2023,5,Maio,Com. Leves,Total,46,HITECH/ECOCARGO,2
2023,5,Maio,Autos,Total,47,CITROEN/C4 CACTUS,238
2023,5,Maio,Com. Leves,Total,47,CITROEN/JUMPER,1
2023,5,Maio,Autos,Total,48,VW/GOL,225
2023,5,Maio,Com. Leves,Total,48,FORD/F1000,1
2023,5,Maio,Autos,Total,49,MITSUBISHI/ECLIPSE CROSS,211
2023,5,Maio,Com. Leves,Total,49,FORD/JEEP,1
2023,5,Maio,Autos,Total,50,GM/TRAILBLAZER,200
2023,5,Maio,Com. Leves,Total,50,FORD/RANCHERO,1
2023,5,Maio,Autos,Direta,1,VW/POLO,4049
2023,5,Maio,Com. Leves,Direta,1,FIAT/STRADA,6932
2023,5,Maio,Autos,Direta,2,JEEP/COMPASS,3508
2023,5,Maio,Com. Leves,Direta,2,FIAT/TORO,3949
2023,5,Maio,Autos,Direta,3,GM/ONIX PLUS,3442
2023,5,Maio,Com. Leves,Direta,3,VW/SAVEIRO,3698
2023,5,Maio,Autos,Direta,4,VW/T CROSS,2951
2023,5,Maio,Com. Leves,Direta,4,GM/S10,2019
2023,5,Maio,Autos,Direta,5,JEEP/RENEGADE,2724
2023,5,Maio,Com. Leves,Direta,5,GM/MONTANA,1725
2023,5,Maio,Autos,Direta,6,FIAT/MOBI,2675
2023,5,Maio,Com. Leves,Direta,6,TOYOTA/HILUX,1167
2023,5,Maio,Autos,Direta,7,FIAT/ARGO,2620
2023,5,Maio,Com. Leves,Direta,7,RENAULT/OROCH,874
2023,5,Maio,Autos,Direta,8,GM/ONIX,2269
2023,5,Maio,Com. Leves,Direta,8,RENAULT/MASTER,799
2023,5,Maio,Autos,Direta,9,GM/TRACKER,2251
2023,5,Maio,Com. Leves,Direta,9,FIAT/FIORINO,796
2023,5,Maio,Autos,Direta,10,FIAT/CRONOS,2052
2023,5,Maio,Com. Leves,Direta,10,VW/AMAROK,620
2023,5,Maio,Autos,Direta,11,NISSAN/KICKS,2044
2023,5,Maio,Com. Leves,Direta,11,NISSAN/FRONTIER,593
2023,5,Maio,Autos,Direta,12,VW/NIVUS,2009
2023,5,Maio,Com. Leves,Direta,12,MITSUBISHI/L200,409
2023,5,Maio,Autos,Direta,13,HYUNDAI/HB20,1735
2023,5,Maio,Com. Leves,Direta,13,FORD/RANGER,314
2023,5,Maio,Autos,Direta,14,TOYOTA/YARIS HB,1618
2023,5,Maio,Com. Leves,Direta,14,FORD/F150,189
2023,5,Maio,Autos,Direta,15,RENAULT/DUSTER,1459
2023,5,Maio,Com. Leves,Direta,15,RAM/CLASSIC,152
2023,5,Maio,Autos,Direta,16,VW/VIRTUS,1190
2023,5,Maio,Com. Leves,Direta,16,FIAT/SCUDO,144
2023,5,Maio,Autos,Direta,17,FIAT/PULSE,1037
2023,5,Maio,Com. Leves,Direta,17,RAM/3500,132
2023,5,Maio,Autos,Direta,18,GM/SPIN,999
2023,5,Maio,Com. Leves,Direta,18,FORD/TRANSIT,95
2023,5,Maio,Autos,Direta,19,PEUGEOT/208,979
2023,5,Maio,Com. Leves,Direta,19,PEUGEOT/PARTNER,84
2023,5,Maio,Autos,Direta,20,TOYOTA/COROLLA,969
2023,5,Maio,Com. Leves,Direta,20,FIAT/DUCATO,82
2023,5,Maio,Autos,Direta,21,GWM/HAVAL H6,960
2023,5,Maio,Com. Leves,Direta,21,RAM/1500,49
2023,5,Maio,Autos,Direta,22,JEEP/COMMANDER,901
2023,5,Maio,Com. Leves,Direta,22,PEUGEOT/EXPERT,36
2023,5,Maio,Autos,Direta,23,FIAT/FASTBACK,832
2023,5,Maio,Com. Leves,Direta,23,FORD/MAVERICK,30
2023,5,Maio,Autos,Direta,24,RENAULT/KWID,811
2023,5,Maio,Com. Leves,Direta,24,VW/MAN/EXPRESS,25
2023,5,Maio,Autos,Direta,25,VW/TAOS,811
2023,5,Maio,Com. Leves,Direta,25,RAM/2500,19
2023,5,Maio,Autos,Direta,26,TOYOTA/YARIS SEDAN,771
2023,5,Maio,Com. Leves,Direta,26,CITROEN/JUMPY,17
2023,5,Maio,Autos,Direta,27,CITROEN/C3,727
2023,5,Maio,Com. Leves,Direta,27,PEUGEOT/BOXER,3
2023,5,Maio,Autos,Direta,28,HYUNDAI/HB20S,686
2023,5,Maio,Com. Leves,Direta,28,JEEP/GLADIATOR,2
2023,5,Maio,Autos,Direta,29,HYUNDAI/CRETA,655
2023,5,Maio,Com. Leves,Direta,29,HYUNDAI/HR,1
2023,5,Maio,Autos,Direta,30,TOYOTA/COROLLA CROSS,626
2023,5,Maio,Autos,Direta,31,HONDA/HR-V,515
2023,5,Maio,Autos,Direta,32,RENAULT/SANDERO,499
2023,5,Maio,Autos,Direta,33,VOLVO/XC60,380
2023,5,Maio,Autos,Direta,34,NISSAN/SENTRA,309
2023,5,Maio,Autos,Direta,35,HONDA/CITY,300
2023,5,Maio,Autos,Direta,36,HONDA/CITY HATCH,259
2023,5,Maio,Autos,Direta,37,VOLVO/XC40,191
2023,5,Maio,Autos,Direta,38,GM/TRAILBLAZER,165
2023,5,Maio,Autos,Direta,39,NISSAN/VERSA,156
2023,5,Maio,Autos,Direta,40,RENAULT/LOGAN,149
2023,5,Maio,Autos,Direta,41,CAOA CHERY/TIGGO 8,127
2023,5,Maio,Autos,Direta,42,AUDI/Q5,121
2023,5,Maio,Autos,Direta,43,VOLVO/XC90,113
2023,5,Maio,Autos,Direta,44,CITROEN/C4 CACTUS,103
2023,5,Maio,Autos,Direta,45,CAOA CHERY/TIGGO 7,79
2023,5,Maio,Autos,Direta,46,FORD/BRONCO,75
2023,5,Maio,Autos,Direta,47,GM/EQUINOX,73
2023,5,Maio,Autos,Direta,48,VOLVO/C40,73
2023,5,Maio,Autos,Direta,49,PEUGEOT/2008,56
2023,5,Maio,Autos,Direta,50,TOYOTA/HILUX SW4,56
2023,5,Maio,Autos,Varejo,1,GM/ONIX,4678
2023,5,Maio,Com. Leves,Varejo,1,TOYOTA/HILUX,2819
2023,5,Maio,Autos,Varejo,2,HYUNDAI/CRETA,4613
2023,5,Maio,Com. Leves,Varejo,2,FIAT/STRADA,2784
2023,5,Maio,Autos,Varejo,3,HONDA/HR-V,4063
2023,5,Maio,Com. Leves,Varejo,3,GM/MONTANA,1868
2023,5,Maio,Autos,Varejo,4,VW/POLO,3587
2023,5,Maio,Com. Leves,Varejo,4,FORD/RANGER,1247
2023,5,Maio,Autos,Varejo,5,GM/TRACKER,3185
2023,5,Maio,Com. Leves,Varejo,5,FIAT/TORO,1037
2023,5,Maio,Autos,Varejo,6,TOYOTA/COROLLA CROSS,3105
2023,5,Maio,Com. Leves,Varejo,6,MITSUBISHI/L200,528
2023,5,Maio,Autos,Varejo,7,VW/T CROSS,3061
2023,5,Maio,Com. Leves,Varejo,7,GM/S10,357
2023,5,Maio,Autos,Varejo,8,TOYOTA/COROLLA,2922
2023,5,Maio,Com. Leves,Varejo,8,FIAT/FIORINO,275
2023,5,Maio,Autos,Varejo,9,HYUNDAI/HB20,2510
2023,5,Maio,Com. Leves,Varejo,9,RENAULT/MASTER,273
2023,5,Maio,Autos,Varejo,10,FIAT/PULSE,2453
2023,5,Maio,Com. Leves,Varejo,10,RENAULT/OROCH,261
2023,5,Maio,Autos,Varejo,11,VW/NIVUS,2331
2023,5,Maio,Com. Leves,Varejo,11,RAM/3500,247
2023,5,Maio,Autos,Varejo,12,GM/ONIX PLUS,2182
2023,5,Maio,Com. Leves,Varejo,12,IVECO/DAILY,223
2023,5,Maio,Autos,Varejo,13,NISSAN/KICKS,2168
2023,5,Maio,Com. Leves,Varejo,13,NISSAN/FRONTIER,217
2023,5,Maio,Autos,Varejo,14,FIAT/FASTBACK,2111
2023,5,Maio,Com. Leves,Varejo,14,VW/AMAROK,192
2023,5,Maio,Autos,Varejo,15,FIAT/ARGO,2090
2023,5,Maio,Com. Leves,Varejo,15,KIA/K2500,188
2023,5,Maio,Autos,Varejo,16,JEEP/COMPASS,2052
2023,5,Maio,Com. Leves,Varejo,16,VW/SAVEIRO,175
2023,5,Maio,Autos,Varejo,17,RENAULT/KWID,1914
2023,5,Maio,Com. Leves,Varejo,17,FORD/TRANSIT,161
2023,5,Maio,Autos,Varejo,18,JEEP/RENEGADE,1555
2023,5,Maio,Com. Leves,Varejo,18,FIAT/SCUDO,136
2023,5,Maio,Autos,Varejo,19,VW/VIRTUS,1554
2023,5,Maio,Com. Leves,Varejo,19,VW/MAN/EXPRESS,133
2023,5,Maio,Autos,Varejo,20,FIAT/MOBI,1521
2023,5,Maio,Com. Leves,Varejo,20,CITROEN/JUMPY,117
2023,5,Maio,Autos,Varejo,21,PEUGEOT/208,1484
2023,5,Maio,Com. Leves,Varejo,21,M.BENZ/SPRINTER 315,116
2023,5,Maio,Autos,Varejo,22,TOYOTA/HILUX SW4,1182
2023,5,Maio,Com. Leves,Varejo,22,PEUGEOT/EXPERT,95
2023,5,Maio,Autos,Varejo,23,JEEP/COMMANDER,1054
2023,5,Maio,Com. Leves,Varejo,23,FORD/MAVERICK,7
2023,5,Maio,Autos,Varejo,24,FIAT/CRONOS,898
2023,5,Maio,Com. Leves,Varejo,24,RAM/CLASSIC,75
2023,5,Maio,Autos,Varejo,25,CITROEN/C3,880
2023,5,Maio,Com. Leves,Varejo,25,EFFA/V21,73
2023,5,Maio,Autos,Varejo,26,HONDA/CITY,851
2023,5,Maio,Com. Leves,Varejo,26,PEUGEOT/PARTNER,50
2023,5,Maio,Autos,Varejo,27,TOYOTA/YARIS HB,840
2023,5,Maio,Com. Leves,Varejo,27,RAM/2500,34
2023,5,Maio,Autos,Varejo,28,RENAULT/DUSTER,772
2023,5,Maio,Com. Leves,Varejo,28,RAM/1500,30
2023,5,Maio,Autos,Varejo,29,VW/TAOS,724
2023,5,Maio,Com. Leves,Varejo,29,EFFA/V22,29
2023,5,Maio,Autos,Varejo,30,HONDA/CITY HATCH,709
2023,5,Maio,Com. Leves,Varejo,30,PEUGEOT/BOXER,13
2023,5,Maio,Autos,Varejo,31,HYUNDAI/HB20S,698
2023,5,Maio,Com. Leves,Varejo,31,M.BENZ/SPRINTER,1
2023,5,Maio,Autos,Varejo,32,CAOA CHERY/TIGGO 5X,589
2023,5,Maio,Com. Leves,Varejo,32,M.BENZ/SPRINTER 517,1
2023,5,Maio,Autos,Varejo,33,CAOA CHERY/TIGGO 8,548
2023,5,Maio,Com. Leves,Varejo,33,HYUNDAI/HR,9
2023,5,Maio,Autos,Varejo,34,NISSAN/VERSA,518
2023,5,Maio,Com. Leves,Varejo,34,EFFA/V25,9
2023,5,Maio,Autos,Varejo,35,CAOA CHERY/TIGGO 7,503
2023,5,Maio,Com. Leves,Varejo,35,IVECO/DAILY 30-130,8
2023,5,Maio,Autos,Varejo,36,GM/SPIN,493
2023,5,Maio,Com. Leves,Varejo,36,JEEP/GLADIATOR,6
2023,5,Maio,Autos,Varejo,37,BMW/X1,492
2023,5,Maio,Com. Leves,Varejo,37,VW/KOMBI,5
2023,5,Maio,Autos,Varejo,38,BMW/320I,386
2023,5,Maio,Com. Leves,Varejo,38,WILLYS/OVERLAND,4
2023,5,Maio,Autos,Varejo,39,NISSAN/SENTRA,327
2023,5,Maio,Com. Leves,Varejo,39,IVECO/DAILY 5516,3
2023,5,Maio,Autos,Varejo,40,BYD/SONG PLUS,322
2023,5,Maio,Com. Leves,Varejo,40,BYD/T3,3
2023,5,Maio,Autos,Varejo,41,TOYOTA/YARIS SEDAN,297
2023,5,Maio,Com. Leves,Varejo,41,FORD/F250,2
2023,5,Maio,Autos,Varejo,42,GM/EQUINOX,276
2023,5,Maio,Com. Leves,Varejo,42,IVECO/DAILY 30S13,2
2023,5,Maio,Autos,Varejo,43,PORSCHE/CAYENNE,253
2023,5,Maio,Com. Leves,Varejo,43,JAC/EJV5.5,2
2023,5,Maio,Autos,Varejo,44,VW/GOL,199
2023,5,Maio,Com. Leves,Varejo,44,HITECH/ECOCARGO,2
2023,5,Maio,Autos,Varejo,45,MITSUBISHI/ECLIPSE CROSS,175
2023,5,Maio,Com. Leves,Varejo,45,CITROEN/JUMPER,1
2023,5,Maio,Autos,Varejo,46,VW/JETTA,175
2023,5,Maio,Com. Leves,Varejo,46,FIAT/DUCATO,1
2023,5,Maio,Autos,Varejo,47,LAND ROVER/RANGE ROVER,141
2023,5,Maio,Com. Leves,Varejo,47,FORD/F1000,1
2023,5,Maio,Autos,Varejo,48,CITROEN/C4 CACTUS,135
2023,5,Maio,Com. Leves,Varejo,48,FORD/F150,1
2023,5,Maio,Autos,Varejo,49,GM/CRUZE SEDAN,123
2023,5,Maio,Com. Leves,Varejo,49,FORD/JEEP,1
2023,5,Maio,Autos,Varejo,50,LAND ROVER/DISCOVERY,121
2023,5,Maio,Com. Leves,Varejo,50,FORD/RANCHERO,1
2023,6,Junho,Autos,Total,1,VW/POLO,9949
2023,6,Junho,Com. Leves,Total,1,FIAT/STRADA,9007
2023,6,Junho,Autos,Total,2,GM/ONIX,8261
2023,6,Junho,Com. Leves,Total,2,VW/SAVEIRO,4638
2023,6,Junho,Autos,Total,3,VW/T CROSS,7264
2023,6,Junho,Com. Leves,Total,3,FIAT/TORO,4411
2023,6,Junho,Autos,Total,4,FIAT/MOBI,6895
2023,6,Junho,Com. Leves,Total,4,TOYOTA/HILUX,3732
2023,6,Junho,Autos,Total,5,FIAT/ARGO,6747
2023,6,Junho,Com. Leves,Total,5,GM/MONTANA,2957
2023,6,Junho,Autos,Total,6,HYUNDAI/HB20,6420
2023,6,Junho,Com. Leves,Total,6,GM/S10,2436
2023,6,Junho,Autos,Total,7,GM/ONIX PLUS,6419
2023,6,Junho,Com. Leves,Total,7,FIAT/FIORINO,2275
2023,6,Junho,Autos,Total,8,RENAULT/KWID,5933
2023,6,Junho,Com. Leves,Total,8,FORD/RANGER,1425
2023,6,Junho,Autos,Total,9,FIAT/CRONOS,4969
2023,6,Junho,Com. Leves,Total,9,MITSUBISHI/L200,965
2023,6,Junho,Autos,Total,10,GM/TRACKER,4957
2023,6,Junho,Com. Leves,Total,10,NISSAN/FRONTIER,955
2023,6,Junho,Autos,Total,11,HONDA/HR-V,4810
2023,6,Junho,Com. Leves,Total,11,RENAULT/MASTER,931
2023,6,Junho,Autos,Total,12,HYUNDAI/CRETA,4597
2023,6,Junho,Com. Leves,Total,12,RENAULT/OROCH,730
2023,6,Junho,Autos,Total,13,FIAT/PULSE,4401
2023,6,Junho,Com. Leves,Total,13,VW/AMAROK,630
2023,6,Junho,Autos,Total,14,JEEP/COMPASS,4338
2023,6,Junho,Com. Leves,Total,14,FIAT/SCUDO,286
2023,6,Junho,Autos,Total,15,JEEP/RENEGADE,4084
2023,6,Junho,Com. Leves,Total,15,RAM/1500,248
2023,6,Junho,Autos,Total,16,TOYOTA/COROLLA,3751
2023,6,Junho,Com. Leves,Total,16,IVECO/DAILY,238
2023,6,Junho,Autos,Total,17,VW/NIVUS,3751
2023,6,Junho,Com. Leves,Total,17,RAM/3500,174
2023,6,Junho,Autos,Total,18,NISSAN/KICKS,3473
2023,6,Junho,Com. Leves,Total,18,FORD/F150,173
2023,6,Junho,Autos,Total,19,FIAT/FASTBACK,3384
2023,6,Junho,Com. Leves,Total,19,FORD/MAVERICK,169
2023,6,Junho,Autos,Total,20,TOYOTA/COROLLA CROSS,3357
2023,6,Junho,Com. Leves,Total,20,PEUGEOT/PARTNER,157
2023,6,Junho,Autos,Total,21,CITROEN/C3,2930
2023,6,Junho,Com. Leves,Total,21,RAM/CLASSIC,153
2023,6,Junho,Autos,Total,22,PEUGEOT/208,2718
2023,6,Junho,Com. Leves,Total,22,VW/MAN/EXPRESS,149
2023,6,Junho,Autos,Total,23,VW/VIRTUS,2188
2023,6,Junho,Com. Leves,Total,23,PEUGEOT/EXPERT,117
2023,6,Junho,Autos,Total,24,TOYOTA/YARIS HB,1940
2023,6,Junho,Com. Leves,Total,24,FORD/TRANSIT,114
2023,6,Junho,Autos,Total,25,CAOA CHERY/TIGGO 5X,1571
2023,6,Junho,Com. Leves,Total,25,CITROEN/JUMPY,92
2023,6,Junho,Autos,Total,26,GM/SPIN,1510
2023,6,Junho,Com. Leves,Total,26,KIA/K2500,8
2023,6,Junho,Autos,Total,27,RENAULT/DUSTER,1488
2023,6,Junho,Com. Leves,Total,27,M.BENZ/SPRINTER 315,8
2023,6,Junho,Autos,Total,28,HYUNDAI/HB20S,1393
2023,6,Junho,Com. Leves,Total,28,EFFA/V21,7
2023,6,Junho,Autos,Total,29,JEEP/COMMANDER,1338
2023,6,Junho,Com. Leves,Total,29,EFFA/V22,35
2023,6,Junho,Autos,Total,30,TOYOTA/YARIS SEDAN,1294
2023,6,Junho,Com. Leves,Total,30,RAM/2500,3
2023,6,Junho,Autos,Total,31,TOYOTA/HILUX SW4,1258
2023,6,Junho,Com. Leves,Total,31,HYUNDAI/HR,32
2023,6,Junho,Autos,Total,32,VW/TAOS,1069
2023,6,Junho,Com. Leves,Total,32,M.BENZ/SPRINTER,28
2023,6,Junho,Autos,Total,33,HONDA/CITY,1060
2023,6,Junho,Com. Leves,Total,33,FIAT/DUCATO,17
2023,6,Junho,Autos,Total,34,RENAULT/SANDERO,1004
2023,6,Junho,Com. Leves,Total,34,IVECO/DAILY 30-130,15
2023,6,Junho,Autos,Total,35,GWM/HAVAL H6,969
2023,6,Junho,Com. Leves,Total,35,PEUGEOT/BOXER,15
2023,6,Junho,Autos,Total,36,NISSAN/VERSA,842
2023,6,Junho,Com. Leves,Total,36,JEEP/GLADIATOR,14
2023,6,Junho,Autos,Total,37,HONDA/CITY HATCH,791
2023,6,Junho,Com. Leves,Total,37,RAM/RAMPAGE,13
2023,6,Junho,Autos,Total,38,CAOA CHERY/TIGGO 8,677
2023,6,Junho,Com. Leves,Total,38,CITROEN/JUMPER,10
2023,6,Junho,Autos,Total,39,RENAULT/LOGAN,473
2023,6,Junho,Com. Leves,Total,39,M.BENZ/SPRINTER 417,6
2023,6,Junho,Autos,Total,40,CAOA CHERY/TIGGO 7,457
2023,6,Junho,Com. Leves,Total,40,EFFA/V25,5
2023,6,Junho,Autos,Total,41,BMW/X1,433
2023,6,Junho,Com. Leves,Total,41,M.BENZ/SPRINTER 517,4
2023,6,Junho,Autos,Total,42,NISSAN/SENTRA,408
2023,6,Junho,Com. Leves,Total,42,RENAULT/MARCOPOLO/VOLARE V9L EO,4
2023,6,Junho,Autos,Total,43,BMW/320I,402
2023,6,Junho,Com. Leves,Total,43,JAC/IEV 330P,4
2023,6,Junho,Autos,Total,44,VOLVO/XC60,392
2023,6,Junho,Com. Leves,Total,44,M.BENZ/SPRINTER 416,3
2023,6,Junho,Autos,Total,45,BYD/SONG PLUS,353
2023,6,Junho,Com. Leves,Total,45,GM/SILVERADO,2
2023,6,Junho,Autos,Total,46,GM/EQUINOX,325
2023,6,Junho,Com. Leves,Total,46,GMC/HUMMER EV EDITION 1,2
2023,6,Junho,Autos,Total,47,MITSUBISHI/ECLIPSE CROSS,294
2023,6,Junho,Com. Leves,Total,47,GMC/SIERRA,2
2023,6,Junho,Autos,Total,48,AUDI/Q5,217
2023,6,Junho,Com. Leves,Total,48,IVECO/DAILY 5516,2
2023,6,Junho,Autos,Total,49,MITSUBISHI/PAJERO,214
2023,6,Junho,Com. Leves,Total,49,FOTON/AUMARK 1039,2
2023,6,Junho,Autos,Total,50,PORSCHE/CAYENNE,208
2023,6,Junho,Com. Leves,Total,50,GM/C10,1
2023,6,Junho,Autos,Direta,1,GM/ONIX PLUS,3956
2023,6,Junho,Com. Leves,Direta,1,FIAT/STRADA,6475
2023,6,Junho,Autos,Direta,2,VW/POLO,3624
2023,6,Junho,Com. Leves,Direta,2,VW/SAVEIRO,4460
2023,6,Junho,Autos,Direta,3,VW/T CROSS,3431
2023,6,Junho,Com. Leves,Direta,3,FIAT/TORO,3615
2023,6,Junho,Autos,Direta,4,JEEP/COMPASS,3364
2023,6,Junho,Com. Leves,Direta,4,GM/S10,2147
2023,6,Junho,Autos,Direta,5,JEEP/RENEGADE,3076
2023,6,Junho,Com. Leves,Direta,5,FIAT/FIORINO,2006
2023,6,Junho,Autos,Direta,6,FIAT/ARGO,3050
2023,6,Junho,Com. Leves,Direta,6,GM/MONTANA,1514
2023,6,Junho,Autos,Direta,7,FIAT/CRONOS,3031
2023,6,Junho,Com. Leves,Direta,7,TOYOTA/HILUX,1104
2023,6,Junho,Autos,Direta,8,FIAT/MOBI,2810
2023,6,Junho,Com. Leves,Direta,8,NISSAN/FRONTIER,747
2023,6,Junho,Autos,Direta,9,GM/ONIX,2806
2023,6,Junho,Com. Leves,Direta,9,RENAULT/MASTER,686
2023,6,Junho,Autos,Direta,10,GM/TRACKER,2085
2023,6,Junho,Com. Leves,Direta,10,RENAULT/OROCH,558
2023,6,Junho,Autos,Direta,11,VW/NIVUS,1664
2023,6,Junho,Com. Leves,Direta,11,MITSUBISHI/L200,538
2023,6,Junho,Autos,Direta,12,RENAULT/KWID,1483
2023,6,Junho,Com. Leves,Direta,12,VW/AMAROK,501
2023,6,Junho,Autos,Direta,13,TOYOTA/YARIS HB,1285
2023,6,Junho,Com. Leves,Direta,13,FORD/RANGER,361
2023,6,Junho,Autos,Direta,14,NISSAN/KICKS,1102
2023,6,Junho,Com. Leves,Direta,14,FIAT/SCUDO,181
2023,6,Junho,Autos,Direta,15,GM/SPIN,1060
2023,6,Junho,Com. Leves,Direta,15,RAM/1500,181
2023,6,Junho,Autos,Direta,16,TOYOTA/YARIS SEDAN,982
2023,6,Junho,Com. Leves,Direta,16,FORD/F150,167
2023,6,Junho,Autos,Direta,17,GWM/HAVAL H6,969
2023,6,Junho,Com. Leves,Direta,17,PEUGEOT/PARTNER,118
2023,6,Junho,Autos,Direta,18,TOYOTA/COROLLA,959
2023,6,Junho,Com. Leves,Direta,18,RAM/CLASSIC,63
2023,6,Junho,Autos,Direta,19,CITROEN/C3,847
2023,6,Junho,Com. Leves,Direta,19,FORD/TRANSIT,49
2023,6,Junho,Autos,Direta,20,RENAULT/DUSTER,843
2023,6,Junho,Com. Leves,Direta,20,PEUGEOT/EXPERT,49
2023,6,Junho,Autos,Direta,21,JEEP/COMMANDER,802
2023,6,Junho,Com. Leves,Direta,21,FORD/MAVERICK,48
2023,6,Junho,Autos,Direta,22,PEUGEOT/208,764
2023,6,Junho,Com. Leves,Direta,22,RAM/3500,4
2023,6,Junho,Autos,Direta,23,FIAT/PULSE,742
2023,6,Junho,Com. Leves,Direta,23,VW/MAN/EXPRESS,26
2023,6,Junho,Autos,Direta,24,TOYOTA/COROLLA CROSS,703
2023,6,Junho,Com. Leves,Direta,24,CITROEN/JUMPY,24
2023,6,Junho,Autos,Direta,25,FIAT/FASTBACK,677
2023,6,Junho,Com. Leves,Direta,25,RAM/2500,16
2023,6,Junho,Autos,Direta,26,VW/TAOS,590
2023,6,Junho,Com. Leves,Direta,26,FIAT/DUCATO,14
2023,6,Junho,Autos,Direta,27,VW/VIRTUS,588
2023,6,Junho,Com. Leves,Direta,27,RAM/RAMPAGE,13
2023,6,Junho,Autos,Direta,28,HONDA/HR-V,563
2023,6,Junho,Com. Leves,Direta,28,JEEP/GLADIATOR,7
2023,6,Junho,Autos,Direta,29,RENAULT/LOGAN,469
2023,6,Junho,Com. Leves,Direta,29,PEUGEOT/BOXER,5
2023,6,Junho,Autos,Direta,30,VOLVO/XC60,392
2023,6,Junho,Com. Leves,Direta,30,RENAULT/MARCOPOLO/VOLARE V9L EO,4
2023,6,Junho,Autos,Direta,31,NISSAN/VERSA,364
2023,6,Junho,Com. Leves,Direta,31,CITROEN/JUMPER,2
2023,6,Junho,Autos,Direta,32,HYUNDAI/HB20,339
2023,6,Junho,Autos,Direta,33,RENAULT/SANDERO,331
2023,6,Junho,Autos,Direta,34,HYUNDAI/CRETA,306
2023,6,Junho,Autos,Direta,35,CAOA CHERY/TIGGO 8,193
2023,6,Junho,Autos,Direta,36,CAOA CHERY/TIGGO 5X,183
2023,6,Junho,Autos,Direta,37,AUDI/Q5,181
2023,6,Junho,Autos,Direta,38,NISSAN/SENTRA,147
2023,6,Junho,Autos,Direta,39,HYUNDAI/HB20S,125
2023,6,Junho,Autos,Direta,40,VOLVO/XC40,119
2023,6,Junho,Autos,Direta,41,GM/EQUINOX,107
2023,6,Junho,Autos,Direta,42,AUDI/A3 SEDAN,92
2023,6,Junho,Autos,Direta,43,VOLVO/XC90,8
2023,6,Junho,Autos,Direta,44,HONDA/CITY,7
2023,6,Junho,Autos,Direta,45,AUDI/Q3,70
2023,6,Junho,Autos,Direta,46,HONDA/CITY HATCH,69
2023,6,Junho,Autos,Direta,47,GM/TRAILBLAZER,63
2023,6,Junho,Autos,Direta,48,CAOA CHERY/TIGGO 7,63
2023,6,Junho,Autos,Direta,49,FORD/TERRITORY,61
2023,6,Junho,Autos,Direta,50,NISSAN/LEAF,56
2023,6,Junho,Autos,Varejo,1,VW/POLO,6325
2023,6,Junho,Com. Leves,Varejo,1,TOYOTA/HILUX,2628
2023,6,Junho,Autos,Varejo,2,HYUNDAI/HB20,6081
2023,6,Junho,Com. Leves,Varejo,2,FIAT/STRADA,2532
2023,6,Junho,Autos,Varejo,3,GM/ONIX,5455
2023,6,Junho,Com. Leves,Varejo,3,GM/MONTANA,1443
2023,6,Junho,Autos,Varejo,4,RENAULT/KWID,4450
2023,6,Junho,Com. Leves,Varejo,4,FORD/RANGER,1064
2023,6,Junho,Autos,Varejo,5,HYUNDAI/CRETA,4291
2023,6,Junho,Com. Leves,Varejo,5,FIAT/TORO,796
2023,6,Junho,Autos,Varejo,6,HONDA/HR-V,4247
2023,6,Junho,Com. Leves,Varejo,6,MITSUBISHI/L200,427
2023,6,Junho,Autos,Varejo,7,FIAT/MOBI,4085
2023,6,Junho,Com. Leves,Varejo,7,GM/S10,289
2023,6,Junho,Autos,Varejo,8,VW/T CROSS,3833
2023,6,Junho,Com. Leves,Varejo,8,FIAT/FIORINO,269
2023,6,Junho,Autos,Varejo,9,FIAT/ARGO,3697
2023,6,Junho,Com. Leves,Varejo,9,RENAULT/MASTER,245
2023,6,Junho,Autos,Varejo,10,FIAT/PULSE,3659
2023,6,Junho,Com. Leves,Varejo,10,IVECO/DAILY,238
2023,6,Junho,Autos,Varejo,11,GM/TRACKER,2872
2023,6,Junho,Com. Leves,Varejo,11,NISSAN/FRONTIER,208
2023,6,Junho,Autos,Varejo,12,TOYOTA/COROLLA,2792
2023,6,Junho,Com. Leves,Varejo,12,VW/SAVEIRO,178
2023,6,Junho,Autos,Varejo,13,FIAT/FASTBACK,2707
2023,6,Junho,Com. Leves,Varejo,13,RENAULT/OROCH,172
2023,6,Junho,Autos,Varejo,14,TOYOTA/COROLLA CROSS,2654
2023,6,Junho,Com. Leves,Varejo,14,RAM/3500,130
2023,6,Junho,Autos,Varejo,15,GM/ONIX PLUS,2463
2023,6,Junho,Com. Leves,Varejo,15,VW/AMAROK,129
2023,6,Junho,Autos,Varejo,16,NISSAN/KICKS,2371
2023,6,Junho,Com. Leves,Varejo,16,VW/MAN/EXPRESS,123
2023,6,Junho,Autos,Varejo,17,VW/NIVUS,2087
2023,6,Junho,Com. Leves,Varejo,17,FORD/MAVERICK,121
2023,6,Junho,Autos,Varejo,18,CITROEN/C3,2083
2023,6,Junho,Com. Leves,Varejo,18,FIAT/SCUDO,105
2023,6,Junho,Autos,Varejo,19,PEUGEOT/208,1954
2023,6,Junho,Com. Leves,Varejo,19,RAM/CLASSIC,90
2023,6,Junho,Autos,Varejo,20,FIAT/CRONOS,1938
2023,6,Junho,Com. Leves,Varejo,20,KIA/K2500,8
2023,6,Junho,Autos,Varejo,21,VW/VIRTUS,1600
2023,6,Junho,Com. Leves,Varejo,21,M.BENZ/SPRINTER 315,8
2023,6,Junho,Autos,Varejo,22,CAOA CHERY/TIGGO 5X,1388
2023,6,Junho,Com. Leves,Varejo,22,EFFA/V21,7
2023,6,Junho,Autos,Varejo,23,HYUNDAI/HB20S,1268
2023,6,Junho,Com. Leves,Varejo,23,CITROEN/JUMPY,68
2023,6,Junho,Autos,Varejo,24,TOYOTA/HILUX SW4,1216
2023,6,Junho,Com. Leves,Varejo,24,PEUGEOT/EXPERT,68
2023,6,Junho,Autos,Varejo,25,JEEP/RENEGADE,1008
2023,6,Junho,Com. Leves,Varejo,25,RAM/1500,67
2023,6,Junho,Autos,Varejo,26,HONDA/CITY,983
2023,6,Junho,Com. Leves,Varejo,26,FORD/TRANSIT,65
2023,6,Junho,Autos,Varejo,27,JEEP/COMPASS,974
2023,6,Junho,Com. Leves,Varejo,27,PEUGEOT/PARTNER,39
2023,6,Junho,Autos,Varejo,28,HONDA/CITY HATCH,722
2023,6,Junho,Com. Leves,Varejo,28,EFFA/V22,35
2023,6,Junho,Autos,Varejo,29,RENAULT/SANDERO,673
2023,6,Junho,Com. Leves,Varejo,29,HYUNDAI/HR,30
2023,6,Junho,Autos,Varejo,30,TOYOTA/YARIS HB,655
2023,6,Junho,Com. Leves,Varejo,30,M.BENZ/SPRINTER,28
2023,6,Junho,Autos,Varejo,31,RENAULT/DUSTER,645
2023,6,Junho,Com. Leves,Varejo,31,RAM/2500,17
2023,6,Junho,Autos,Varejo,32,JEEP/COMMANDER,536
2023,6,Junho,Com. Leves,Varejo,32,IVECO/DAILY 30-130,15
2023,6,Junho,Autos,Varejo,33,CAOA CHERY/TIGGO 8,484
2023,6,Junho,Com. Leves,Varejo,33,PEUGEOT/BOXER,10
2023,6,Junho,Autos,Varejo,34,VW/TAOS,479
2023,6,Junho,Com. Leves,Varejo,34,CITROEN/JUMPER,8
2023,6,Junho,Autos,Varejo,35,NISSAN/VERSA,478
2023,6,Junho,Com. Leves,Varejo,35,JEEP/GLADIATOR,7
2023,6,Junho,Autos,Varejo,36,GM/SPIN,450
2023,6,Junho,Com. Leves,Varejo,36,FORD/F150,6
2023,6,Junho,Autos,Varejo,37,BMW/X1,414
2023,6,Junho,Com. Leves,Varejo,37,M.BENZ/SPRINTER 417,6
2023,6,Junho,Autos,Varejo,38,CAOA CHERY/TIGGO 7,394
2023,6,Junho,Com. Leves,Varejo,38,EFFA/V25,5
2023,6,Junho,Autos,Varejo,39,BMW/320I,383
2023,6,Junho,Com. Leves,Varejo,39,M.BENZ/SPRINTER 517,4
2023,6,Junho,Autos,Varejo,40,BYD/SONG PLUS,353
2023,6,Junho,Com. Leves,Varejo,40,JAC/IEV 330P,4
2023,6,Junho,Autos,Varejo,41,TOYOTA/YARIS SEDAN,312
2023,6,Junho,Com. Leves,Varejo,41,FIAT/DUCATO,3
2023,6,Junho,Autos,Varejo,42,NISSAN/SENTRA,261
2023,6,Junho,Com. Leves,Varejo,42,M.BENZ/SPRINTER 416,3
2023,6,Junho,Autos,Varejo,43,MITSUBISHI/ECLIPSE CROSS,240
2023,6,Junho,Com. Leves,Varejo,43,GM/SILVERADO,2
2023,6,Junho,Autos,Varejo,44,GM/EQUINOX,218
2023,6,Junho,Com. Leves,Varejo,44,GMC/HUMMER EV EDITION 1,2
2023,6,Junho,Autos,Varejo,45,PORSCHE/CAYENNE,208
2023,6,Junho,Com. Leves,Varejo,45,GMC/SIERRA,2
2023,6,Junho,Autos,Varejo,46,MITSUBISHI/PAJERO,189
2023,6,Junho,Com. Leves,Varejo,46,IVECO/DAILY 5516,2
2023,6,Junho,Autos,Varejo,47,VW/JETTA,180
2023,6,Junho,Com. Leves,Varejo,47,FOTON/AUMARK 1039,2
2023,6,Junho,Autos,Varejo,48,PEUGEOT/2008,118
2023,6,Junho,Com. Leves,Varejo,48,GM/C10,1
2023,6,Junho,Autos,Varejo,49,BMW/X4,109
2023,6,Junho,Com. Leves,Varejo,49,GM/D10,1
2023,6,Junho,Autos,Varejo,50,LAND ROVER/DISCOVERY,101
2023,6,Junho,Com. Leves,Varejo,50,IVECO/DAILY 35-150,1
2023,7,Julho,Autos,Total,1,VW/POLO,16471
2023,7,Julho,Com. Leves,Total,1,FIAT/STRADA,10387
2023,7,Julho,Autos,Total,2,HYUNDAI/HB20,12126
2023,7,Julho,Com. Leves,Total,2,VW/SAVEIRO,5337
2023,7,Julho,Autos,Total,3,GM/ONIX,10260
2023,7,Julho,Com. Leves,Total,3,TOYOTA/HILUX,4354
2023,7,Julho,Autos,Total,4,FIAT/MOBI,8582
2023,7,Julho,Com. Leves,Total,4,FIAT/TORO,4132
2023,7,Julho,Autos,Total,5,VW/T CROSS,8553
2023,7,Julho,Com. Leves,Total,5,GM/MONTANA,2948
2023,7,Julho,Autos,Total,6,FIAT/ARGO,7159
2023,7,Julho,Com. Leves,Total,6,GM/S10,1937
2023,7,Julho,Autos,Total,7,RENAULT/KWID,6602
2023,7,Julho,Com. Leves,Total,7,RENAULT/OROCH,1360
2023,7,Julho,Autos,Total,8,VW/NIVUS,6498
2023,7,Julho,Com. Leves,Total,8,FIAT/FIORINO,1159
2023,7,Julho,Autos,Total,9,GM/ONIX PLUS,6412
2023,7,Julho,Com. Leves,Total,9,FORD/RANGER,1131
2023,7,Julho,Autos,Total,10,JEEP/RENEGADE,5556
2023,7,Julho,Com. Leves,Total,10,MITSUBISHI/L200,964
2023,7,Julho,Autos,Total,11,GM/TRACKER,5438
2023,7,Julho,Com. Leves,Total,11,RENAULT/MASTER,896
2023,7,Julho,Autos,Total,12,HYUNDAI/CRETA,5314
2023,7,Julho,Com. Leves,Total,12,NISSAN/FRONTIER,748
2023,7,Julho,Autos,Total,13,FIAT/CRONOS,5036
2023,7,Julho,Com. Leves,Total,13,VW/AMAROK,466
2023,7,Julho,Autos,Total,14,HONDA/HR-V,4983
2023,7,Julho,Com. Leves,Total,14,PEUGEOT/PARTNER,306
2023,7,Julho,Autos,Total,15,HYUNDAI/HB20S,4811
2023,7,Julho,Com. Leves,Total,15,FIAT/SCUDO,257
2023,7,Julho,Autos,Total,16,NISSAN/KICKS,4752
2023,7,Julho,Com. Leves,Total,16,FORD/F150,249
2023,7,Julho,Autos,Total,17,JEEP/COMPASS,4707
2023,7,Julho,Com. Leves,Total,17,FORD/TRANSIT,218
2023,7,Julho,Autos,Total,18,FIAT/PULSE,3994
2023,7,Julho,Com. Leves,Total,18,RAM/1500,204
2023,7,Julho,Autos,Total,19,TOYOTA/COROLLA,3812
2023,7,Julho,Com. Leves,Total,19,KIA/K2500,203
2023,7,Julho,Autos,Total,20,FIAT/FASTBACK,3635
2023,7,Julho,Com. Leves,Total,20,FORD/MAVERICK,193
2023,7,Julho,Autos,Total,21,TOYOTA/COROLLA CROSS,3630
2023,7,Julho,Com. Leves,Total,21,PEUGEOT/EXPERT,185
2023,7,Julho,Autos,Total,22,PEUGEOT/208,3104
2023,7,Julho,Com. Leves,Total,22,RAM/CLASSIC,184
2023,7,Julho,Autos,Total,23,CITROEN/C3,3030
2023,7,Julho,Com. Leves,Total,23,IVECO/DAILY,178
2023,7,Julho,Autos,Total,24,VW/VIRTUS,2729
2023,7,Julho,Com. Leves,Total,24,RAM/2500,168
2023,7,Julho,Autos,Total,25,TOYOTA/YARIS SEDAN,2505
2023,7,Julho,Com. Leves,Total,25,RAM/3500,165
2023,7,Julho,Autos,Total,26,GM/SPIN,2026
2023,7,Julho,Com. Leves,Total,26,VW TRUCK E BUS/EXPRESS,139
2023,7,Julho,Autos,Total,27,RENAULT/LOGAN,1923
2023,7,Julho,Com. Leves,Total,27,M.BENZ/SPRINTER 315,94
2023,7,Julho,Autos,Total,28,RENAULT/DUSTER,1801
2023,7,Julho,Com. Leves,Total,28,EFFA/V21,65
2023,7,Julho,Autos,Total,29,TOYOTA/YARIS HB,1609
2023,7,Julho,Com. Leves,Total,29,CITROEN/JUMPY,64
2023,7,Julho,Autos,Total,30,JEEP/COMMANDER,1408
2023,7,Julho,Com. Leves,Total,30,FIAT/DUCATO,56
2023,7,Julho,Autos,Total,31,RENAULT/SANDERO,1348
2023,7,Julho,Com. Leves,Total,31,IVECO/DAILY 30-130,40
2023,7,Julho,Autos,Total,32,TOYOTA/HILUX SW4,1261
2023,7,Julho,Com. Leves,Total,32,EFFA/V22,40
2023,7,Julho,Autos,Total,33,VW/TAOS,1203
2023,7,Julho,Com. Leves,Total,33,JEEP/GLADIATOR,2
2023,7,Julho,Autos,Total,34,CAOA CHERY/TIGGO 5X,1201
2023,7,Julho,Com. Leves,Total,34,HYUNDAI/HR,18
2023,7,Julho,Autos,Total,35,NISSAN/VERSA,1086
2023,7,Julho,Com. Leves,Total,35,M.BENZ/SPRINTER,17
2023,7,Julho,Autos,Total,36,HONDA/CITY,1060
2023,7,Julho,Com. Leves,Total,36,PEUGEOT/BOXER,15
2023,7,Julho,Autos,Total,37,GWM/HAVAL H6,953
2023,7,Julho,Com. Leves,Total,37,RAM/RAMPAGE,15
2023,7,Julho,Autos,Total,38,CAOA CHERY/TIGGO 8,901
2023,7,Julho,Com. Leves,Total,38,M.BENZ/SPRINTER 517,14
2023,7,Julho,Autos,Total,39,HONDA/CITY HATCH,673
2023,7,Julho,Com. Leves,Total,39,CITROEN/JUMPER,9
2023,7,Julho,Autos,Total,40,CAOA CHERY/TIGGO 7,555
2023,7,Julho,Com. Leves,Total,40,EFFA/V25,8
2023,7,Julho,Autos,Total,41,BYD/SONG PLUS,445
2023,7,Julho,Com. Leves,Total,41,VW/KOMBI,3
2023,7,Julho,Autos,Total,42,VOLVO/XC60,395
2023,7,Julho,Com. Leves,Total,42,GM/SILVERADO,2
2023,7,Julho,Autos,Total,43,BMW/X1,390
2023,7,Julho,Com. Leves,Total,43,IVECO/DAILY 35-150,2
2023,7,Julho,Autos,Total,44,BMW/320I,350
2023,7,Julho,Com. Leves,Total,44,M.BENZ/SPRINTER 416,2
2023,7,Julho,Autos,Total,45,GM/EQUINOX,335
2023,7,Julho,Com. Leves,Total,45,M.BENZ/SPRINTER 417,2
2023,7,Julho,Autos,Total,46,HYUNDAI/KONA,275
2023,7,Julho,Com. Leves,Total,46,BYD/T3,2
2023,7,Julho,Autos,Total,47,NISSAN/SENTRA,275
2023,7,Julho,Com. Leves,Total,47,CITROEN/BERLINGO,1
2023,7,Julho,Autos,Total,48,MITSUBISHI/ECLIPSE CROSS,264
2023,7,Julho,Com. Leves,Total,48,FORD/F1000,1
2023,7,Julho,Autos,Total,49,CITROEN/C4 CACTUS,227
2023,7,Julho,Com. Leves,Total,49,GMC/HUMMER EV EDITION 1,1
2023,7,Julho,Autos,Total,50,MITSUBISHI/PAJERO,227
2023,7,Julho,Com. Leves,Total,50,GMC/SIERRA,1
2023,7,Julho,Autos,Direta,1,VW/POLO,8360
2023,7,Julho,Com. Leves,Direta,1,FIAT/STRADA,8127
2023,7,Julho,Autos,Direta,2,HYUNDAI/HB20,5486
2023,7,Julho,Com. Leves,Direta,2,VW/SAVEIRO,5173
2023,7,Julho,Autos,Direta,3,VW/T CROSS,4906
2023,7,Julho,Com. Leves,Direta,3,FIAT/TORO,3036
2023,7,Julho,Autos,Direta,4,JEEP/RENEGADE,4724
2023,7,Julho,Com. Leves,Direta,4,TOYOTA/HILUX,1711
2023,7,Julho,Autos,Direta,5,FIAT/MOBI,3341
2023,7,Julho,Com. Leves,Direta,5,GM/S10,1678
2023,7,Julho,Autos,Direta,6,JEEP/COMPASS,3327
2023,7,Julho,Com. Leves,Direta,6,GM/MONTANA,1674
2023,7,Julho,Autos,Direta,7,HYUNDAI/HB20S,3201
2023,7,Julho,Com. Leves,Direta,7,RENAULT/OROCH,1145
2023,7,Julho,Autos,Direta,8,VW/NIVUS,3175
2023,7,Julho,Com. Leves,Direta,8,FIAT/FIORINO,874
2023,7,Julho,Autos,Direta,9,FIAT/ARGO,2801
2023,7,Julho,Com. Leves,Direta,9,RENAULT/MASTER,695
2023,7,Julho,Autos,Direta,10,GM/ONIX PLUS,2645
2023,7,Julho,Com. Leves,Direta,10,NISSAN/FRONTIER,569
2023,7,Julho,Autos,Direta,11,RENAULT/KWID,2431
2023,7,Julho,Com. Leves,Direta,11,FORD/RANGER,537
2023,7,Julho,Autos,Direta,12,FIAT/CRONOS,2368
2023,7,Julho,Com. Leves,Direta,12,MITSUBISHI/L200,463
2023,7,Julho,Autos,Direta,13,GM/TRACKER,2362
2023,7,Julho,Com. Leves,Direta,13,VW/AMAROK,374
2023,7,Julho,Autos,Direta,14,PEUGEOT/208,2157
2023,7,Julho,Com. Leves,Direta,14,PEUGEOT/PARTNER,259
2023,7,Julho,Autos,Direta,15,TOYOTA/YARIS SEDAN,1931
2023,7,Julho,Com. Leves,Direta,15,FORD/F150,248
2023,7,Julho,Autos,Direta,16,RENAULT/LOGAN,1910
2023,7,Julho,Com. Leves,Direta,16,RAM/1500,150
2023,7,Julho,Autos,Direta,17,GM/ONIX,1828
2023,7,Julho,Com. Leves,Direta,17,RAM/2500,149
2023,7,Julho,Autos,Direta,18,GM/SPIN,1486
2023,7,Julho,Com. Leves,Direta,18,FIAT/SCUDO,134
2023,7,Julho,Autos,Direta,19,NISSAN/KICKS,1456
2023,7,Julho,Com. Leves,Direta,19,FORD/TRANSIT,114
2023,7,Julho,Autos,Direta,20,VW/VIRTUS,1121
2023,7,Julho,Com. Leves,Direta,20,PEUGEOT/EXPERT,9
2023,7,Julho,Autos,Direta,21,TOYOTA/YARIS HB,1009
2023,7,Julho,Com. Leves,Direta,21,RAM/CLASSIC,75
2023,7,Julho,Autos,Direta,22,TOYOTA/COROLLA,994
2023,7,Julho,Com. Leves,Direta,22,RAM/3500,62
2023,7,Julho,Autos,Direta,23,GWM/HAVAL H6,953
2023,7,Julho,Com. Leves,Direta,23,FORD/MAVERICK,5
2023,7,Julho,Autos,Direta,24,FIAT/PULSE,948
2023,7,Julho,Com. Leves,Direta,24,FIAT/DUCATO,54
2023,7,Julho,Autos,Direta,25,RENAULT/DUSTER,928
2023,7,Julho,Com. Leves,Direta,25,CITROEN/JUMPY,23
2023,7,Julho,Autos,Direta,26,JEEP/COMMANDER,873
2023,7,Julho,Com. Leves,Direta,26,VW TRUCK E BUS/EXPRESS,23
2023,7,Julho,Autos,Direta,27,HYUNDAI/CRETA,807
2023,7,Julho,Com. Leves,Direta,27,JEEP/GLADIATOR,16
2023,7,Julho,Autos,Direta,28,TOYOTA/COROLLA CROSS,747
2023,7,Julho,Com. Leves,Direta,28,RAM/RAMPAGE,15
2023,7,Julho,Autos,Direta,29,CITROEN/C3,660
2023,7,Julho,Com. Leves,Direta,29,HYUNDAI/HR,3
2023,7,Julho,Autos,Direta,30,FIAT/FASTBACK,556
2023,7,Julho,Com. Leves,Direta,30,PEUGEOT/BOXER,3
2023,7,Julho,Autos,Direta,31,RENAULT/SANDERO,524
2023,7,Julho,Com. Leves,Direta,31,CITROEN/JUMPER,2
2023,7,Julho,Autos,Direta,32,VW/TAOS,517
2023,7,Julho,Com. Leves,Direta,32,CITROEN/BERLINGO,1
2023,7,Julho,Autos,Direta,33,NISSAN/VERSA,435
2023,7,Julho,Autos,Direta,34,HONDA/HR-V,424
2023,7,Julho,Autos,Direta,35,VOLVO/XC60,394
2023,7,Julho,Autos,Direta,36,HYUNDAI/KONA,275
2023,7,Julho,Autos,Direta,37,CAOA CHERY/TIGGO 8,166
2023,7,Julho,Autos,Direta,38,GM/EQUINOX,152
2023,7,Julho,Autos,Direta,39,VOLVO/XC40,106
2023,7,Julho,Autos,Direta,40,HONDA/CITY,103
2023,7,Julho,Autos,Direta,41,GM/TRAILBLAZER,95
2023,7,Julho,Autos,Direta,42,AUDI/Q5,89
2023,7,Julho,Autos,Direta,43,MITSUBISHI/PAJERO,89
2023,7,Julho,Autos,Direta,44,NISSAN/SENTRA,87
2023,7,Julho,Autos,Direta,45,GM/BOLT EUV,84
2023,7,Julho,Autos,Direta,46,AUDI/Q3,69
2023,7,Julho,Autos,Direta,47,VOLVO/XC90,65
2023,7,Julho,Autos,Direta,48,PEUGEOT/2008,64
2023,7,Julho,Autos,Direta,49,TOYOTA/HILUX SW4,58
2023,7,Julho,Autos,Direta,50,LAND ROVER/DEFENDER,56
2023,7,Julho,Autos,Varejo,1,GM/ONIX,8432
2023,7,Julho,Com. Leves,Varejo,1,TOYOTA/HILUX,2643
2023,7,Julho,Autos,Varejo,2,VW/POLO,8111
2023,7,Julho,Com. Leves,Varejo,2,FIAT/STRADA,2260
2023,7,Julho,Autos,Varejo,3,HYUNDAI/HB20,6640
2023,7,Julho,Com. Leves,Varejo,3,GM/MONTANA,1274
2023,7,Julho,Autos,Varejo,4,FIAT/MOBI,5241
2023,7,Julho,Com. Leves,Varejo,4,FIAT/TORO,1096
2023,7,Julho,Autos,Varejo,5,HONDA/HR-V,4559
2023,7,Julho,Com. Leves,Varejo,5,FORD/RANGER,594
2023,7,Julho,Autos,Varejo,6,HYUNDAI/CRETA,4507
2023,7,Julho,Com. Leves,Varejo,6,MITSUBISHI/L200,501
2023,7,Julho,Autos,Varejo,7,FIAT/ARGO,4358
2023,7,Julho,Com. Leves,Varejo,7,FIAT/FIORINO,285
2023,7,Julho,Autos,Varejo,8,RENAULT/KWID,4171
2023,7,Julho,Com. Leves,Varejo,8,GM/S10,259
2023,7,Julho,Autos,Varejo,9,GM/ONIX PLUS,3767
2023,7,Julho,Com. Leves,Varejo,9,RENAULT/OROCH,215
2023,7,Julho,Autos,Varejo,10,VW/T CROSS,3647
2023,7,Julho,Com. Leves,Varejo,10,KIA/K2500,202
2023,7,Julho,Autos,Varejo,11,VW/NIVUS,3323
2023,7,Julho,Com. Leves,Varejo,11,RENAULT/MASTER,201
2023,7,Julho,Autos,Varejo,12,NISSAN/KICKS,3296
2023,7,Julho,Com. Leves,Varejo,12,NISSAN/FRONTIER,179
2023,7,Julho,Autos,Varejo,13,FIAT/FASTBACK,3079
2023,7,Julho,Com. Leves,Varejo,13,IVECO/DAILY,178
2023,7,Julho,Autos,Varejo,14,GM/TRACKER,3076
2023,7,Julho,Com. Leves,Varejo,14,VW/SAVEIRO,164
2023,7,Julho,Autos,Varejo,15,FIAT/PULSE,3046
2023,7,Julho,Com. Leves,Varejo,15,FORD/MAVERICK,138
2023,7,Julho,Autos,Varejo,16,TOYOTA/COROLLA CROSS,2883
2023,7,Julho,Com. Leves,Varejo,16,FIAT/SCUDO,123
2023,7,Julho,Autos,Varejo,17,TOYOTA/COROLLA,2818
2023,7,Julho,Com. Leves,Varejo,17,VW TRUCK E BUS/EXPRESS,116
2023,7,Julho,Autos,Varejo,18,FIAT/CRONOS,2668
2023,7,Julho,Com. Leves,Varejo,18,RAM/CLASSIC,109
2023,7,Julho,Autos,Varejo,19,CITROEN/C3,2370
2023,7,Julho,Com. Leves,Varejo,19,FORD/TRANSIT,104
2023,7,Julho,Autos,Varejo,20,HYUNDAI/HB20S,1610
2023,7,Julho,Com. Leves,Varejo,20,RAM/3500,103
2023,7,Julho,Autos,Varejo,21,VW/VIRTUS,1608
2023,7,Julho,Com. Leves,Varejo,21,M.BENZ/SPRINTER 315,94
2023,7,Julho,Autos,Varejo,22,JEEP/COMPASS,1380
2023,7,Julho,Com. Leves,Varejo,22,VW/AMAROK,92
2023,7,Julho,Autos,Varejo,23,TOYOTA/HILUX SW4,1203
2023,7,Julho,Com. Leves,Varejo,23,PEUGEOT/EXPERT,86
2023,7,Julho,Autos,Varejo,24,CAOA CHERY/TIGGO 5X,1152
2023,7,Julho,Com. Leves,Varejo,24,EFFA/V21,65
2023,7,Julho,Autos,Varejo,25,HONDA/CITY,957
2023,7,Julho,Com. Leves,Varejo,25,RAM/1500,54
2023,7,Julho,Autos,Varejo,26,PEUGEOT/208,947
2023,7,Julho,Com. Leves,Varejo,26,PEUGEOT/PARTNER,47
2023,7,Julho,Autos,Varejo,27,RENAULT/DUSTER,873
2023,7,Julho,Com. Leves,Varejo,27,CITROEN/JUMPY,41
2023,7,Julho,Autos,Varejo,28,JEEP/RENEGADE,832
2023,7,Julho,Com. Leves,Varejo,28,IVECO/DAILY 30-130,40
2023,7,Julho,Autos,Varejo,29,RENAULT/SANDERO,824
2023,7,Julho,Com. Leves,Varejo,29,EFFA/V22,40
2023,7,Julho,Autos,Varejo,30,CAOA CHERY/TIGGO 8,735
2023,7,Julho,Com. Leves,Varejo,30,RAM/2500,19
2023,7,Julho,Autos,Varejo,31,VW/TAOS,686
2023,7,Julho,Com. Leves,Varejo,31,M.BENZ/SPRINTER,17
2023,7,Julho,Autos,Varejo,32,NISSAN/VERSA,651
2023,7,Julho,Com. Leves,Varejo,32,HYUNDAI/HR,15
2023,7,Julho,Autos,Varejo,33,HONDA/CITY HATCH,639
2023,7,Julho,Com. Leves,Varejo,33,M.BENZ/SPRINTER 517,14
2023,7,Julho,Autos,Varejo,34,TOYOTA/YARIS HB,600
2023,7,Julho,Com. Leves,Varejo,34,PEUGEOT/BOXER,12
2023,7,Julho,Autos,Varejo,35,TOYOTA/YARIS SEDAN,574
2023,7,Julho,Com. Leves,Varejo,35,EFFA/V25,8
2023,7,Julho,Autos,Varejo,36,GM/SPIN,540
2023,7,Julho,Com. Leves,Varejo,36,CITROEN/JUMPER,7
2023,7,Julho,Autos,Varejo,37,JEEP/COMMANDER,535
2023,7,Julho,Com. Leves,Varejo,37,JEEP/GLADIATOR,6
2023,7,Julho,Autos,Varejo,38,CAOA CHERY/TIGGO 7,527
2023,7,Julho,Com. Leves,Varejo,38,VW/KOMBI,3
2023,7,Julho,Autos,Varejo,39,BYD/SONG PLUS,445
2023,7,Julho,Com. Leves,Varejo,39,FIAT/DUCATO,2
2023,7,Julho,Autos,Varejo,40,BMW/X1,370
2023,7,Julho,Com. Leves,Varejo,40,GM/SILVERADO,2
2023,7,Julho,Autos,Varejo,41,BMW/320I,311
2023,7,Julho,Com. Leves,Varejo,41,IVECO/DAILY 35-150,2
2023,7,Julho,Autos,Varejo,42,MITSUBISHI/ECLIPSE CROSS,216
2023,7,Julho,Com. Leves,Varejo,42,M.BENZ/SPRINTER 416,2
2023,7,Julho,Autos,Varejo,43,CITROEN/C4 CACTUS,202
2023,7,Julho,Com. Leves,Varejo,43,M.BENZ/SPRINTER 417,2
2023,7,Julho,Autos,Varejo,44,PORSCHE/CAYENNE,190
2023,7,Julho,Com. Leves,Varejo,44,BYD/T3,2
2023,7,Julho,Autos,Varejo,45,NISSAN/SENTRA,188
2023,7,Julho,Com. Leves,Varejo,45,FORD/F1000,1
2023,7,Julho,Autos,Varejo,46,GM/EQUINOX,183
2023,7,Julho,Com. Leves,Varejo,46,FORD/F150,1
2023,7,Julho,Autos,Varejo,47,VW/JETTA,159
2023,7,Julho,Com. Leves,Varejo,47,GMC/HUMMER EV EDITION 1,1
2023,7,Julho,Autos,Varejo,48,BYD/D1,143
2023,7,Julho,Com. Leves,Varejo,48,GMC/SIERRA,1
2023,7,Julho,Autos,Varejo,49,MITSUBISHI/PAJERO,138
2023,7,Julho,Com. Leves,Varejo,49,IVECO/DAILY 5516,1
2023,7,Julho,Autos,Varejo,50,BMW/X4,129
2023,7,Julho,Com. Leves,Varejo,50,TOYOTA/BANDEIRANTE,1
2023,8,Agosto,Autos,Total,1,GM/ONIX,8345
2023,8,Agosto,Com. Leves,Total,1,FIAT/STRADA,12870
2023,8,Agosto,Autos,Total,2,VW/POLO,8220
2023,8,Agosto,Com. Leves,Total,2,FIAT/TORO,4639
2023,8,Agosto,Autos,Total,3,HYUNDAI/HB20,8053
2023,8,Agosto,Com. Leves,Total,3,VW/SAVEIRO,4593
2023,8,Agosto,Autos,Total,4,GM/ONIX PLUS,7055
2023,8,Agosto,Com. Leves,Total,4,TOYOTA/HILUX,4435
2023,8,Agosto,Autos,Total,5,FIAT/MOBI,6593
2023,8,Agosto,Com. Leves,Total,5,GM/MONTANA,2884
2023,8,Agosto,Autos,Total,6,GM/TRACKER,6372
2023,8,Agosto,Com. Leves,Total,6,GM/S10,2037
2023,8,Agosto,Autos,Total,7,FIAT/ARGO,5892
2023,8,Agosto,Com. Leves,Total,7,FIAT/FIORINO,1884
2023,8,Agosto,Autos,Total,8,HONDA/HR-V,5775
2023,8,Agosto,Com. Leves,Total,8,FORD/RANGER,1825
2023,8,Agosto,Autos,Total,9,VW/T CROSS,5452
2023,8,Agosto,Com. Leves,Total,9,RENAULT/OROCH,1395
2023,8,Agosto,Autos,Total,10,JEEP/COMPASS,5315
2023,8,Agosto,Com. Leves,Total,10,RENAULT/MASTER,1128
2023,8,Agosto,Autos,Total,11,HYUNDAI/CRETA,5195
2023,8,Agosto,Com. Leves,Total,11,MITSUBISHI/L200,1004
2023,8,Agosto,Autos,Total,12,FIAT/CRONOS,5093
2023,8,Agosto,Com. Leves,Total,12,NISSAN/FRONTIER,803
2023,8,Agosto,Autos,Total,13,JEEP/RENEGADE,5044
2023,8,Agosto,Com. Leves,Total,13,VW/AMAROK,554
2023,8,Agosto,Autos,Total,14,VW/NIVUS,4936
2023,8,Agosto,Com. Leves,Total,14,FIAT/SCUDO,340
2023,8,Agosto,Autos,Total,15,RENAULT/KWID,4569
2023,8,Agosto,Com. Leves,Total,15,RAM/2500,255
2023,8,Agosto,Autos,Total,16,FIAT/FASTBACK,4308
2023,8,Agosto,Com. Leves,Total,16,M.BENZ/SPRINTER 315,213
2023,8,Agosto,Autos,Total,17,TOYOTA/COROLLA,4175
2023,8,Agosto,Com. Leves,Total,17,FORD/TRANSIT,211
2023,8,Agosto,Autos,Total,18,NISSAN/KICKS,4136
2023,8,Agosto,Com. Leves,Total,18,RAM/CLASSIC,209
2023,8,Agosto,Autos,Total,19,FIAT/PULSE,3742
2023,8,Agosto,Com. Leves,Total,19,PEUGEOT/EXPERT,207
2023,8,Agosto,Autos,Total,20,PEUGEOT/208,3318
2023,8,Agosto,Com. Leves,Total,20,RAM/3500,202
2023,8,Agosto,Autos,Total,21,TOYOTA/COROLLA CROSS,3247
2023,8,Agosto,Com. Leves,Total,21,PEUGEOT/PARTNER,186
2023,8,Agosto,Autos,Total,22,VW/VIRTUS,3107
2023,8,Agosto,Com. Leves,Total,22,RAM/RAMPAGE,175
2023,8,Agosto,Autos,Total,23,TOYOTA/YARIS SEDAN,2597
2023,8,Agosto,Com. Leves,Total,23,IVECO/DAILY,168
2023,8,Agosto,Autos,Total,24,GM/SPIN,2341
2023,8,Agosto,Com. Leves,Total,24,VW TRUCK E BUS/EXPRESS,163
2023,8,Agosto,Autos,Total,25,HYUNDAI/HB20S,2294
2023,8,Agosto,Com. Leves,Total,25,FORD/MAVERICK,153
2023,8,Agosto,Autos,Total,26,CITROEN/C3,2182
2023,8,Agosto,Com. Leves,Total,26,RAM/1500,146
2023,8,Agosto,Autos,Total,27,TOYOTA/YARIS HB,1996
2023,8,Agosto,Com. Leves,Total,27,CITROEN/JUMPY,132
2023,8,Agosto,Autos,Total,28,RENAULT/DUSTER,1973
2023,8,Agosto,Com. Leves,Total,28,KIA/K2500,111
2023,8,Agosto,Autos,Total,29,JEEP/COMMANDER,1922
2023,8,Agosto,Com. Leves,Total,29,FIAT/DUCATO,107
2023,8,Agosto,Autos,Total,30,TOYOTA/HILUX SW4,1491
2023,8,Agosto,Com. Leves,Total,30,EFFA/V21,97
2023,8,Agosto,Autos,Total,31,VW/TAOS,1481
2023,8,Agosto,Com. Leves,Total,31,FORD/F150,87
2023,8,Agosto,Autos,Total,32,GWM/HAVAL H6,1452
2023,8,Agosto,Com. Leves,Total,32,JEEP/GLADIATOR,38
2023,8,Agosto,Autos,Total,33,CAOA CHERY/TIGGO 8,1290
2023,8,Agosto,Com. Leves,Total,33,EFFA/V22,35
2023,8,Agosto,Autos,Total,34,NISSAN/VERSA,977
2023,8,Agosto,Com. Leves,Total,34,PEUGEOT/BOXER,31
2023,8,Agosto,Autos,Total,35,CAOA CHERY/TIGGO 5X,968
2023,8,Agosto,Com. Leves,Total,35,IVECO/DAILY 30-130,14
2023,8,Agosto,Autos,Total,36,HONDA/CITY,935
2023,8,Agosto,Com. Leves,Total,36,JAC/EJV5.5,1
2023,8,Agosto,Autos,Total,37,BYD/SONG PLUS,762
2023,8,Agosto,Com. Leves,Total,37,M.BENZ/SPRINTER 517,9
2023,8,Agosto,Autos,Total,38,CAOA CHERY/TIGGO 7,693
2023,8,Agosto,Com. Leves,Total,38,CITROEN/JUMPER,8
2023,8,Agosto,Autos,Total,39,RENAULT/SANDERO,677
2023,8,Agosto,Com. Leves,Total,39,HYUNDAI/HR,8
2023,8,Agosto,Autos,Total,40,HONDA/CITY HATCH,647
2023,8,Agosto,Com. Leves,Total,40,M.BENZ/SPRINTER,7
2023,8,Agosto,Autos,Total,41,CITROEN/C4 CACTUS,428
2023,8,Agosto,Com. Leves,Total,41,EFFA/V25,7
2023,8,Agosto,Autos,Total,42,BMW/320I,425
2023,8,Agosto,Com. Leves,Total,42,M.BENZ/SPRINTER 417,5
2023,8,Agosto,Autos,Total,43,VOLVO/XC60,412
2023,8,Agosto,Com. Leves,Total,43,VW/KOMBI,3
2023,8,Agosto,Autos,Total,44,BMW/X1,385
2023,8,Agosto,Com. Leves,Total,44,IVECO/DAILY 30S13,2
2023,8,Agosto,Autos,Total,45,NISSAN/SENTRA,376
2023,8,Agosto,Com. Leves,Total,45,IVECO/DAILY 35-150,2
2023,8,Agosto,Autos,Total,46,VW/JETTA,371
2023,8,Agosto,Com. Leves,Total,46,IVECO/DAILY 5516,2
2023,8,Agosto,Autos,Total,47,BYD/DOLPHIN,371
2023,8,Agosto,Com. Leves,Total,47,FORD/F250,1
2023,8,Agosto,Autos,Total,48,MITSUBISHI/ECLIPSE CROSS,366
2023,8,Agosto,Com. Leves,Total,48,GM/SILVERADO,1
2023,8,Agosto,Autos,Total,49,GM/EQUINOX,328
2023,8,Agosto,Com. Leves,Total,49,M.BENZ/SPRINTER 314,1
2023,8,Agosto,Autos,Total,50,MITSUBISHI/PAJERO,207
2023,8,Agosto,Com. Leves,Total,50,FOTON/AUMARK 3.5-14DT,1
2023,8,Agosto,Autos,Direta,1,HYUNDAI/HB20,4999
2023,8,Agosto,Com. Leves,Direta,1,FIAT/STRADA,9982
2023,8,Agosto,Autos,Direta,2,FIAT/MOBI,4413
2023,8,Agosto,Com. Leves,Direta,2,VW/SAVEIRO,4413
2023,8,Agosto,Autos,Direta,3,VW/POLO,4316
2023,8,Agosto,Com. Leves,Direta,3,FIAT/TORO,3075
2023,8,Agosto,Autos,Direta,4,GM/ONIX PLUS,3899
2023,8,Agosto,Com. Leves,Direta,4,TOYOTA/HILUX,1679
2023,8,Agosto,Autos,Direta,5,GM/ONIX,3532
2023,8,Agosto,Com. Leves,Direta,5,FIAT/FIORINO,1613
2023,8,Agosto,Autos,Direta,6,JEEP/RENEGADE,3454
2023,8,Agosto,Com. Leves,Direta,6,GM/MONTANA,1507
2023,8,Agosto,Autos,Direta,7,FIAT/CRONOS,3416
2023,8,Agosto,Com. Leves,Direta,7,GM/S10,1305
2023,8,Agosto,Autos,Direta,8,FIAT/ARGO,3202
2023,8,Agosto,Com. Leves,Direta,8,FORD/RANGER,1186
2023,8,Agosto,Autos,Direta,9,GM/TRACKER,2777
2023,8,Agosto,Com. Leves,Direta,9,RENAULT/OROCH,1121
2023,8,Agosto,Autos,Direta,10,PEUGEOT/208,2687
2023,8,Agosto,Com. Leves,Direta,10,RENAULT/MASTER,858
2023,8,Agosto,Autos,Direta,11,VW/NIVUS,2577
2023,8,Agosto,Com. Leves,Direta,11,NISSAN/FRONTIER,628
2023,8,Agosto,Autos,Direta,12,VW/T CROSS,2570
2023,8,Agosto,Com. Leves,Direta,12,MITSUBISHI/L200,457
2023,8,Agosto,Autos,Direta,13,JEEP/COMPASS,2439
2023,8,Agosto,Com. Leves,Direta,13,VW/AMAROK,416
2023,8,Agosto,Autos,Direta,14,RENAULT/KWID,2385
2023,8,Agosto,Com. Leves,Direta,14,RAM/RAMPAGE,175
2023,8,Agosto,Autos,Direta,15,GM/SPIN,1879
2023,8,Agosto,Com. Leves,Direta,15,FIAT/SCUDO,162
2023,8,Agosto,Autos,Direta,16,VW/VIRTUS,1843
2023,8,Agosto,Com. Leves,Direta,16,PEUGEOT/PARTNER,147
2023,8,Agosto,Autos,Direta,17,TOYOTA/YARIS SEDAN,1832
2023,8,Agosto,Com. Leves,Direta,17,RAM/2500,142
2023,8,Agosto,Autos,Direta,18,GWM/HAVAL H6,1450
2023,8,Agosto,Com. Leves,Direta,18,FIAT/DUCATO,98
2023,8,Agosto,Autos,Direta,19,NISSAN/KICKS,1374
2023,8,Agosto,Com. Leves,Direta,19,RAM/3500,98
2023,8,Agosto,Autos,Direta,20,HYUNDAI/HB20S,1286
2023,8,Agosto,Com. Leves,Direta,20,FORD/F150,87
2023,8,Agosto,Autos,Direta,21,FIAT/PULSE,1216
2023,8,Agosto,Com. Leves,Direta,21,FORD/TRANSIT,86
2023,8,Agosto,Autos,Direta,22,RENAULT/DUSTER,1120
2023,8,Agosto,Com. Leves,Direta,22,PEUGEOT/EXPERT,85
2023,8,Agosto,Autos,Direta,23,TOYOTA/COROLLA,1080
2023,8,Agosto,Com. Leves,Direta,23,CITROEN/JUMPY,81
2023,8,Agosto,Autos,Direta,24,TOYOTA/YARIS HB,920
2023,8,Agosto,Com. Leves,Direta,24,RAM/1500,79
2023,8,Agosto,Autos,Direta,25,FIAT/FASTBACK,905
2023,8,Agosto,Com. Leves,Direta,25,RAM/CLASSIC,56
2023,8,Agosto,Autos,Direta,26,CITROEN/C3,839
2023,8,Agosto,Com. Leves,Direta,26,VW TRUCK E BUS/EXPRESS,49
2023,8,Agosto,Autos,Direta,27,JEEP/COMMANDER,798
2023,8,Agosto,Com. Leves,Direta,27,JEEP/GLADIATOR,23
2023,8,Agosto,Autos,Direta,28,VW/TAOS,713
2023,8,Agosto,Com. Leves,Direta,28,FORD/MAVERICK,12
2023,8,Agosto,Autos,Direta,29,HYUNDAI/CRETA,691
2023,8,Agosto,Com. Leves,Direta,29,PEUGEOT/BOXER,6
2023,8,Agosto,Autos,Direta,30,TOYOTA/COROLLA CROSS,561
2023,8,Agosto,Com. Leves,Direta,30,CITROEN/JUMPER,4
2023,8,Agosto,Autos,Direta,31,HONDA/HR-V,453
2023,8,Agosto,Com. Leves,Direta,31,KIA/K2500,2
2023,8,Agosto,Autos,Direta,32,VOLVO/XC60,412
2023,8,Agosto,Autos,Direta,33,RENAULT/SANDERO,360
2023,8,Agosto,Autos,Direta,34,NISSAN/VERSA,293
2023,8,Agosto,Autos,Direta,35,CITROEN/C4 CACTUS,216
2023,8,Agosto,Autos,Direta,36,NISSAN/SENTRA,155
2023,8,Agosto,Autos,Direta,37,VOLVO/XC90,127
2023,8,Agosto,Autos,Direta,38,GM/EQUINOX,108
2023,8,Agosto,Autos,Direta,39,HONDA/CITY,102
2023,8,Agosto,Autos,Direta,40,HYUNDAI/IONIQ,9
2023,8,Agosto,Autos,Direta,41,AUDI/Q5,86
2023,8,Agosto,Autos,Direta,42,MITSUBISHI/PAJERO,86
2023,8,Agosto,Autos,Direta,43,RENAULT/LOGAN,73
2023,8,Agosto,Autos,Direta,44,PEUGEOT/2008,72
2023,8,Agosto,Autos,Direta,45,GM/TRAILBLAZER,69
2023,8,Agosto,Autos,Direta,46,CAOA CHERY/TIGGO 8,65
2023,8,Agosto,Autos,Direta,47,AUDI/Q3,64
2023,8,Agosto,Autos,Direta,48,VOLVO/XC40,62
2023,8,Agosto,Autos,Direta,49,MITSUBISHI/ECLIPSE CROSS,61
2023,8,Agosto,Autos,Direta,50,LAND ROVER/DISCOVERY,59
2023,8,Agosto,Autos,Varejo,1,HONDA/HR-V,5322
2023,8,Agosto,Com. Leves,Varejo,1,FIAT/STRADA,2888
2023,8,Agosto,Autos,Varejo,2,GM/ONIX,4813
2023,8,Agosto,Com. Leves,Varejo,2,TOYOTA/HILUX,2756
2023,8,Agosto,Autos,Varejo,3,HYUNDAI/CRETA,4504
2023,8,Agosto,Com. Leves,Varejo,3,FIAT/TORO,1564
2023,8,Agosto,Autos,Varejo,4,VW/POLO,3904
2023,8,Agosto,Com. Leves,Varejo,4,GM/MONTANA,1377
2023,8,Agosto,Autos,Varejo,5,GM/TRACKER,3595
2023,8,Agosto,Com. Leves,Varejo,5,GM/S10,732
2023,8,Agosto,Autos,Varejo,6,FIAT/FASTBACK,3403
2023,8,Agosto,Com. Leves,Varejo,6,FORD/RANGER,639
2023,8,Agosto,Autos,Varejo,7,GM/ONIX PLUS,3156
2023,8,Agosto,Com. Leves,Varejo,7,MITSUBISHI/L200,547
2023,8,Agosto,Autos,Varejo,8,TOYOTA/COROLLA,3095
2023,8,Agosto,Com. Leves,Varejo,8,RENAULT/OROCH,274
2023,8,Agosto,Autos,Varejo,9,HYUNDAI/HB20,3054
2023,8,Agosto,Com. Leves,Varejo,9,FIAT/FIORINO,271
2023,8,Agosto,Autos,Varejo,10,VW/T CROSS,2882
2023,8,Agosto,Com. Leves,Varejo,10,RENAULT/MASTER,270
2023,8,Agosto,Autos,Varejo,11,JEEP/COMPASS,2876
2023,8,Agosto,Com. Leves,Varejo,11,M.BENZ/SPRINTER 315,213
2023,8,Agosto,Autos,Varejo,12,NISSAN/KICKS,2762
2023,8,Agosto,Com. Leves,Varejo,12,VW/SAVEIRO,180
2023,8,Agosto,Autos,Varejo,13,FIAT/ARGO,2690
2023,8,Agosto,Com. Leves,Varejo,13,FIAT/SCUDO,178
2023,8,Agosto,Autos,Varejo,14,TOYOTA/COROLLA CROSS,2686
2023,8,Agosto,Com. Leves,Varejo,14,NISSAN/FRONTIER,175
2023,8,Agosto,Autos,Varejo,15,FIAT/PULSE,2526
2023,8,Agosto,Com. Leves,Varejo,15,IVECO/DAILY,168
2023,8,Agosto,Autos,Varejo,16,VW/NIVUS,2359
2023,8,Agosto,Com. Leves,Varejo,16,RAM/CLASSIC,153
2023,8,Agosto,Autos,Varejo,17,RENAULT/KWID,2184
2023,8,Agosto,Com. Leves,Varejo,17,FORD/MAVERICK,141
2023,8,Agosto,Autos,Varejo,18,FIAT/MOBI,2180
2023,8,Agosto,Com. Leves,Varejo,18,VW/AMAROK,138
2023,8,Agosto,Autos,Varejo,19,FIAT/CRONOS,1677
2023,8,Agosto,Com. Leves,Varejo,19,FORD/TRANSIT,125
2023,8,Agosto,Autos,Varejo,20,JEEP/RENEGADE,1590
2023,8,Agosto,Com. Leves,Varejo,20,PEUGEOT/EXPERT,122
2023,8,Agosto,Autos,Varejo,21,TOYOTA/HILUX SW4,1465
2023,8,Agosto,Com. Leves,Varejo,21,VW TRUCK E BUS/EXPRESS,114
2023,8,Agosto,Autos,Varejo,22,CITROEN/C3,1343
2023,8,Agosto,Com. Leves,Varejo,22,RAM/2500,113
2023,8,Agosto,Autos,Varejo,23,VW/VIRTUS,1264
2023,8,Agosto,Com. Leves,Varejo,23,KIA/K2500,109
2023,8,Agosto,Autos,Varejo,24,CAOA CHERY/TIGGO 8,1225
2023,8,Agosto,Com. Leves,Varejo,24,RAM/3500,104
2023,8,Agosto,Autos,Varejo,25,JEEP/COMMANDER,1124
2023,8,Agosto,Com. Leves,Varejo,25,EFFA/V21,97
2023,8,Agosto,Autos,Varejo,26,TOYOTA/YARIS HB,1076
2023,8,Agosto,Com. Leves,Varejo,26,RAM/1500,67
2023,8,Agosto,Autos,Varejo,27,HYUNDAI/HB20S,1008
2023,8,Agosto,Com. Leves,Varejo,27,CITROEN/JUMPY,51
2023,8,Agosto,Autos,Varejo,28,CAOA CHERY/TIGGO 5X,929
2023,8,Agosto,Com. Leves,Varejo,28,PEUGEOT/PARTNER,39
2023,8,Agosto,Autos,Varejo,29,RENAULT/DUSTER,853
2023,8,Agosto,Com. Leves,Varejo,29,EFFA/V22,35
2023,8,Agosto,Autos,Varejo,30,HONDA/CITY,833
2023,8,Agosto,Com. Leves,Varejo,30,PEUGEOT/BOXER,25
2023,8,Agosto,Autos,Varejo,31,VW/TAOS,768
2023,8,Agosto,Com. Leves,Varejo,31,JEEP/GLADIATOR,15
2023,8,Agosto,Autos,Varejo,32,TOYOTA/YARIS SEDAN,765
2023,8,Agosto,Com. Leves,Varejo,32,IVECO/DAILY 30-130,14
2023,8,Agosto,Autos,Varejo,33,BYD/SONG PLUS,762
2023,8,Agosto,Com. Leves,Varejo,33,JAC/EJV5.5,1
2023,8,Agosto,Autos,Varejo,34,NISSAN/VERSA,684
2023,8,Agosto,Com. Leves,Varejo,34,FIAT/DUCATO,9
2023,8,Agosto,Autos,Varejo,35,CAOA CHERY/TIGGO 7,636
2023,8,Agosto,Com. Leves,Varejo,35,M.BENZ/SPRINTER 517,9
2023,8,Agosto,Autos,Varejo,36,PEUGEOT/208,631
2023,8,Agosto,Com. Leves,Varejo,36,HYUNDAI/HR,8
2023,8,Agosto,Autos,Varejo,37,HONDA/CITY HATCH,602
2023,8,Agosto,Com. Leves,Varejo,37,M.BENZ/SPRINTER,7
2023,8,Agosto,Autos,Varejo,38,GM/SPIN,462
2023,8,Agosto,Com. Leves,Varejo,38,EFFA/V25,7
2023,8,Agosto,Autos,Varejo,39,BMW/320I,386
2023,8,Agosto,Com. Leves,Varejo,39,M.BENZ/SPRINTER 417,5
2023,8,Agosto,Autos,Varejo,40,BYD/DOLPHIN,371
2023,8,Agosto,Com. Leves,Varejo,40,CITROEN/JUMPER,4
2023,8,Agosto,Autos,Varejo,41,BMW/X1,369
2023,8,Agosto,Com. Leves,Varejo,41,VW/KOMBI,3
2023,8,Agosto,Autos,Varejo,42,VW/JETTA,365
2023,8,Agosto,Com. Leves,Varejo,42,IVECO/DAILY 35-150,2
2023,8,Agosto,Autos,Varejo,43,RENAULT/SANDERO,317
2023,8,Agosto,Com. Leves,Varejo,43,IVECO/DAILY 5516,2
2023,8,Agosto,Autos,Varejo,44,MITSUBISHI/ECLIPSE CROSS,305
2023,8,Agosto,Com. Leves,Varejo,44,FORD/F250,1
2023,8,Agosto,Autos,Varejo,45,NISSAN/SENTRA,221
2023,8,Agosto,Com. Leves,Varejo,45,GM/SILVERADO,1
2023,8,Agosto,Autos,Varejo,46,GM/EQUINOX,220
2023,8,Agosto,Com. Leves,Varejo,46,IVECO/DAILY 30S13,1
2023,8,Agosto,Autos,Varejo,47,CITROEN/C4 CACTUS,212
2023,8,Agosto,Com. Leves,Varejo,47,M.BENZ/SPRINTER 314,1
2023,8,Agosto,Autos,Varejo,48,BMW/X5,181
2023,8,Agosto,Com. Leves,Varejo,48,FOTON/AUMARK 3.5-14DT,1
2023,8,Agosto,Autos,Varejo,49,CAOA CHERY/ARRIZO 6,170
2023,8,Agosto,Autos,Varejo,50,BYD/D1,153
2023,9,Setembro,Autos,Varejo,1,HONDA/HR-V,4270
2023,9,Setembro,Com. Leves,Varejo,1,FIAT/STRADA,2606
2023,9,Setembro,Autos,Varejo,2,HYUNDAI/CRETA,3625
2023,9,Setembro,Com. Leves,Varejo,2,TOYOTA/HILUX,2318
2023,9,Setembro,Autos,Varejo,3,GM/TRACKER,3432
2023,9,Setembro,Com. Leves,Varejo,3,FIAT/TORO,1320
2023,9,Setembro,Autos,Varejo,4,GM/ONIX,3241
2023,9,Setembro,Com. Leves,Varejo,4,GM/MONTANA,1183
2023,9,Setembro,Autos,Varejo,5,VW/T CROSS,2943
2023,9,Setembro,Com. Leves,Varejo,5,FORD/RANGER,687
2023,9,Setembro,Autos,Varejo,6,VW/POLO,2760
2023,9,Setembro,Com. Leves,Varejo,6,MITSUBISHI /L200,443
2023,9,Setembro,Autos,Varejo,7,FIAT /FASTBACK,2757
2023,9,Setembro,Com. Leves,Varejo,7,GM/SIO,421
2023,9,Setembro,Autos,Varejo,8,NISSAN/KICKS,2674
2023,9,Setembro,Com. Leves,Varejo,8,RENAULT /OROCH,267
2023,9,Setembro,Autos,Varejo,9,TOYOTA/COROLLA,2637
2023,9,Setembro,Com. Leves,Varejo,9,KIA/K2500,247
2023,9,Setembro,Autos,Varejo,10,TOYOTA/COROLLA CROSS,2556
2023,9,Setembro,Com. Leves,Varejo,10,FIAT/FIORINO,232
2023,9,Setembro,Autos,Varejo,12,HYUNDAI/HB20,2463
2023,9,Setembro,Com. Leves,Varejo,12,NISSAN/FRONTIER,187
2023,9,Setembro,Autos,Varejo,13,FIAT/PULSE,2243
2023,9,Setembro,Com. Leves,Varejo,13,FIAT/SCUDO,179
2023,9,Setembro,Autos,Varejo,14,VW/NIVUS,2217
2023,9,Setembro,Com. Leves,Varejo,14,VW/SAVEIRO,165
2023,9,Setembro,Autos,Varejo,15,FIAT/ARGO,2044
2023,9,Setembro,Com. Leves,Varejo,15,RAM/CLASSIC,148
2023,9,Setembro,Autos,Varejo,16,GM/ONIX PLUS,1967
2023,9,Setembro,Com. Leves,Varejo,16,VW TRUCK E BUS/EXPRESS,132
2023,9,Setembro,Autos,Varejo,17,FIAT/MOBI,1648
2023,9,Setembro,Com. Leves,Varejo,17,RAM/3500,126
2023,9,Setembro,Autos,Varejo,18,RENAULT /KWID,1604
2023,9,Setembro,Com. Leves,Varejo,18,PEUGEOT /EXPERT,103
2023,9,Setembro,Autos,Varejo,19,JEEP/RENEGADE,1521
2023,9,Setembro,Com. Leves,Varejo,19,IVECO /DAILY,101
2023,9,Setembro,Autos,Varejo,20,FIAT/CRONOS,1519
2023,9,Setembro,Com. Leves,Varejo,20,RAM/2500,100
2023,9,Setembro,Autos,Varejo,21,TOYOTA/ HILUX SW4,1332
2023,9,Setembro,Com. Leves,Varejo,21,VW/AMAROK,94
2023,9,Setembro,Autos,Varejo,22,CAOA CHERY/TIGGO 5X,1274
2023,9,Setembro,Com. Leves,Varejo,22,M.BENZ/SPRINTER 315,90
2023,9,Setembro,Autos,Varejo,23,PEUGEOT/208,1265
2023,9,Setembro,Com. Leves,Varejo,23,EFFA/V21,83
2023,9,Setembro,Autos,Varejo,24,CITROEN/C3,1067
2023,9,Setembro,Com. Leves,Varejo,24,FORD/TRANSIT,75
2023,9,Setembro,Autos,Varejo,25,VW/VIRTUS,1055
2023,9,Setembro,Com. Leves,Varejo,25,FORD/MAVERICK,67
2023,9,Setembro,Autos,Varejo,26,BYD/DOLPHIN,1036
2023,9,Setembro,Com. Leves,Varejo,26,RAM/RAMPAGE,67
2023,9,Setembro,Autos,Varejo,27,VW/TAOS,979
2023,9,Setembro,Com. Leves,Varejo,27,CITROEN/JUMPY,56
2023,9,Setembro,Autos,Varejo,28,JEEP/COMMANDER,974
2023,9,Setembro,Com. Leves,Varejo,28,RAM/1500,48
2023,9,Setembro,Autos,Varejo,29,TOYOTA/YARIS SEDAN,919
2023,9,Setembro,Com. Leves,Varejo,29,PEUGEOT /PARTNER,32
2023,9,Setembro,Autos,Varejo,30,TOYOTA/YARIS HB,913
2023,9,Setembro,Com. Leves,Varejo,30,EFFA/V22,29
2023,9,Setembro,Autos,Varejo,31,BYD/SONG PLUS,863
2023,9,Setembro,Com. Leves,Varejo,31,PEUGEOT /BOXER,15
2023,9,Setembro,Autos,Varejo,32,HYUNDAI/HB20S,826
2023,9,Setembro,Autos,Varejo,33,RENAULT/DUSTER,783
2023,9,Setembro,Com. Leves,Varejo,33,JEEP/GLADIATOR,9
2023,9,Setembro,Autos,Varejo,34,CAOA CHERY/TIGGO 8,723
2023,9,Setembro,Com. Leves,Varejo,34,M.BENZ/SPRINTER 517,9
2023,9,Setembro,Autos,Varejo,35,HONDA/CITY,620
2023,9,Setembro,Com. Leves,Varejo,35,IVECO/DAILY 30-130,8
2023,9,Setembro,Autos,Varejo,36,HONDA/CITY HATCH,614
2023,9,Setembro,Com. Leves,Varejo,36,M.BENZ/SPRINTER,8
2023,9,Setembro,Autos,Varejo,37,CAOA CHERY/TIGGO 7,576
2023,9,Setembro,Com. Leves,Varejo,37,M.BENZ/SPRINTER 417,8
2023,9,Setembro,Autos,Varejo,38,NISSAN/VERSA,450
2023,9,Setembro,Com. Leves,Varejo,38,JAC/EJVS.5,8
2023,9,Setembro,Autos,Varejo,39,GM/SPIN,417
2023,9,Setembro,Com. Leves,Varejo,39,EFFA/V25,6
2023,9,Setembro,Autos,Varejo,40,BMW/X1,335
2023,9,Setembro,Com. Leves,Varejo,40,HYUNDAI/HR,4
2023,9,Setembro,Autos,Varejo,41,BMW/320I,315
2023,9,Setembro,Com. Leves,Varejo,41,BYD/T3,3
2023,9,Setembro,Autos,Varejo,42,GM/EQUINOX,245
2023,9,Setembro,Com. Leves,Varejo,42,HITECH/ECOCARGO,3
2023,9,Setembro,Autos,Varejo,43,MITSUBISHI /ECLIPSE CROSS,227
2023,9,Setembro,Com. Leves,Varejo,43,FORD/F150,2
2023,9,Setembro,Autos,Varejo,44,RENAULT /SANDERO,227
2023,9,Setembro,Com. Leves,Varejo,44,M.BENZ/SPRINTER 416,2
2023,9,Setembro,Autos,Varejo,45,CAOA CHERY /ARRIZO 6,213
2023,9,Setembro,Com. Leves,Varejo,45,TOYOTA/BANDEIRANTE,2
2023,9,Setembro,Autos,Varejo,46,NISSAN/SENTRA,200
2023,9,Setembro,Com. Leves,Varejo,46,TOYOTA/TUNDRA,2
2023,9,Setembro,Autos,Varejo,47,VW/JETTA,178
2023,9,Setembro,Com. Leves,Varejo,47,JAC/IEV 330P,2
2023,9,Setembro,Autos,Varejo,48,BMW/X5,170
2023,9,Setembro,Com. Leves,Varejo,48,RIVIAN/RIT,2
2023,9,Setembro,Autos,Varejo,49,CITROEN/C4 CACTUS,152
2023,9,Setembro,Com. Leves,Varejo,49,FORD/JEEP,1
2023,9,Setembro,Autos,Varejo,50,BYD/YUAN PLUS,145
2023,9,Setembro,Com. Leves,Varejo,50,GM/DIO,1
2023,10,Outubro,Autos,Total,1,VW/POLO,11123
2023,10,Outubro,Com. Leves,Total,1,FIAT/STRADA,11874
2023,10,Outubro,Autos,Total,2,GM/ONIX,10657
2023,10,Outubro,Com. Leves,Total,2,VW/SAVEIRO,4214
2023,10,Outubro,Autos,Total,3,FIAT/MOBI,8037
2023,10,Outubro,Com. Leves,Total,3,FIAT/TORO,4087
2023,10,Outubro,Autos,Total,4,HYUNDAI/HB20,7421
2023,10,Outubro,Com. Leves,Total,4,TOYOTA/HILUX,4026
2023,10,Outubro,Autos,Total,5,GM/ONIX PLUS,7114
2023,10,Outubro,Com. Leves,Total,5,GM/MONTANA,2924
2023,10,Outubro,Autos,Total,6,VW/T CROSS,6724
2023,10,Outubro,Com. Leves,Total,6,FORD/RANGER,2591
2023,10,Outubro,Autos,Total,7,GM/TRACKER,6669
2023,10,Outubro,Com. Leves,Total,7,RAM/RAMPAGE,2542
2023,10,Outubro,Autos,Total,8,RENAULT/KWID,6394
2023,10,Outubro,Com. Leves,Total,8,FIAT/FIORINO,2051
2023,10,Outubro,Autos,Total,9,NISSAN/KICKS,6115
2023,10,Outubro,Com. Leves,Total,9,GM/S10,2037
2023,10,Outubro,Autos,Total,10,HYUNDAI/CRETA,5354
2023,10,Outubro,Com. Leves,Total,10,MITSUBISHI/L200,1206
2023,10,Outubro,Autos,Total,11,FIAT/ARGO,5257
2023,10,Outubro,Com. Leves,Total,11,RENAULT/OROCH,991
2023,10,Outubro,Autos,Total,12,VW/NIVUS,4957
2023,10,Outubro,Com. Leves,Total,12,RENAULT/MASTER,980
2023,10,Outubro,Autos,Total,13,FIAT/CRONOS,4929
2023,10,Outubro,Com. Leves,Total,13,VW/AMAROK,735
2023,10,Outubro,Autos,Total,14,JEEP/COMPASS,4640
2023,10,Outubro,Com. Leves,Total,14,NISSAN/FRONTIER,648
2023,10,Outubro,Autos,Total,15,FIAT/PULSE,4157
2023,10,Outubro,Com. Leves,Total,15,FIAT/SCUDO,311
2023,10,Outubro,Autos,Total,16,HONDA/HR-V,4049
2023,10,Outubro,Com. Leves,Total,16,KIA/K2500,236
2023,10,Outubro,Autos,Total,17,TOYOTA/COROLLA,3996
2023,10,Outubro,Com. Leves,Total,17,FORD/MAVERICK,197
2023,10,Outubro,Autos,Total,18,TOYOTA/COROLLA CROSS,3682
2023,10,Outubro,Com. Leves,Total,18,PEUGEOT/EXPERT,197
2023,10,Outubro,Autos,Total,19,FIAT/FASTBACK,3640
2023,10,Outubro,Com. Leves,Total,19,RAM/3500,168
2023,10,Outubro,Autos,Total,20,HYUNDAI/HB20S,3442
2023,10,Outubro,Com. Leves,Total,20,RAM/CLASSIC,163
2023,10,Outubro,Autos,Total,21,JEEP/RENEGADE,3249
2023,10,Outubro,Com. Leves,Total,21,RAM/2500,159
2023,10,Outubro,Autos,Total,22,VW/VIRTUS,2910
2023,10,Outubro,Com. Leves,Total,22,VW TRUCK E BUS/EXPRESS,149
2023,10,Outubro,Autos,Total,23,RENAULT/DUSTER,2891
2023,10,Outubro,Com. Leves,Total,23,FORD/TRANSIT,140
2023,10,Outubro,Autos,Total,24,PEUGEOT/208,2832
2023,10,Outubro,Com. Leves,Total,24,IVECO/DAILY,116
2023,10,Outubro,Autos,Total,25,CITROEN/C3,2714
2023,10,Outubro,Com. Leves,Total,25,FIAT/DUCATO,105
2023,10,Outubro,Autos,Total,26,CAOA CHERY/TIGGO 5X,2483
2023,10,Outubro,Com. Leves,Total,26,M.BENZ/SPRINTER 315,104
2023,10,Outubro,Autos,Total,27,TOYOTA/YARIS SEDAN,2426
2023,10,Outubro,Com. Leves,Total,27,PEUGEOT/PARTNER,87
2023,10,Outubro,Autos,Total,28,GM/SPIN,2051
2023,10,Outubro,Com. Leves,Total,28,EFFA/V21,86
2023,10,Outubro,Autos,Total,29,VW/TAOS,1865
2023,10,Outubro,Com. Leves,Total,29,CITROEN/JUMPY,83
2023,10,Outubro,Autos,Total,30,TOYOTA/YARIS HB,1862
2023,10,Outubro,Com. Leves,Total,30,FORD/F150,78
2023,10,Outubro,Autos,Total,31,JEEP/COMMANDER,1577
2023,10,Outubro,Com. Leves,Total,31,RAM/1500,45
2023,10,Outubro,Autos,Total,32,TOYOTA/HILUX SW4,1548
2023,10,Outubro,Com. Leves,Total,32,JEEP/GLADIATOR,34
2023,10,Outubro,Autos,Total,33,GWM/HAVAL H6,1450
2023,10,Outubro,Com. Leves,Total,33,PEUGEOT/BOXER,2
2023,10,Outubro,Autos,Total,34,BYD/DOLPHIN,1366
2023,10,Outubro,Com. Leves,Total,34,IVECO/DAILY 30-130,20
2023,10,Outubro,Autos,Total,35,BYD/SONG PLUS,1100
2023,10,Outubro,Com. Leves,Total,35,EFFA/V22,18
2023,10,Outubro,Autos,Total,36,NISSAN/VERSA,767
2023,10,Outubro,Com. Leves,Total,36,HYUNDAI/HR,15
2023,10,Outubro,Autos,Total,37,HONDA/CITY,751
2023,10,Outubro,Com. Leves,Total,37,M.BENZ/SPRINTER 517,12
2023,10,Outubro,Autos,Total,38,HONDA/CITY HATCH,684
2023,10,Outubro,Com. Leves,Total,38,M.BENZ/SPRINTER,1
2023,10,Outubro,Autos,Total,39,CAOA CHERY/TIGGO 8,678
2023,10,Outubro,Com. Leves,Total,39,EFFA/V25,1
2023,10,Outubro,Autos,Total,40,CAOA CHERY/TIGGO 7,510
2023,10,Outubro,Com. Leves,Total,40,JAC/EJV5.5,10
2023,10,Outubro,Autos,Total,41,NISSAN/SENTRA,490
2023,10,Outubro,Com. Leves,Total,41,VW/KOMBI,7
2023,10,Outubro,Autos,Total,42,MITSUBISHI/ECLIPSE CROSS,464
2023,10,Outubro,Com. Leves,Total,42,CITROEN/JUMPER,6
2023,10,Outubro,Autos,Total,43,RENAULT/SANDERO,443
2023,10,Outubro,Com. Leves,Total,43,M.BENZ/SPRINTER 417,5
2023,10,Outubro,Autos,Total,44,GM/EQUINOX,425
2023,10,Outubro,Com. Leves,Total,44,JAC/IEV750,5
2023,10,Outubro,Autos,Total,45,BMW/X1,418
2023,10,Outubro,Com. Leves,Total,45,CITROEN/BERLINGO,4
2023,10,Outubro,Autos,Total,46,CITROEN/C4 CACTUS,332
2023,10,Outubro,Com. Leves,Total,46,JAC/IEV 330P,3
2023,10,Outubro,Autos,Total,47,VOLVO/XC60,323
2023,10,Outubro,Com. Leves,Total,47,HITECH/ECOCARGO,3
2023,10,Outubro,Autos,Total,48,VW/JETTA,313
2023,10,Outubro,Com. Leves,Total,48,IVECO/DAILY 35-150,2
2023,10,Outubro,Autos,Total,49,BMW/320I,310
2023,10,Outubro,Com. Leves,Total,49,WILLYS/OVERLAND,2
2023,10,Outubro,Autos,Total,50,FORD/BRONCO,257
2023,10,Outubro,Com. Leves,Total,50,BYD/T3,2
2023,10,Outubro,Autos,Direta,1,VW/POLO,8313
2023,10,Outubro,Com. Leves,Direta,1,FIAT/STRADA,9142
2023,10,Outubro,Autos,Direta,2,GM/ONIX,6485
2023,10,Outubro,Com. Leves,Direta,2,VW/SAVEIRO,3921
2023,10,Outubro,Autos,Direta,3,FIAT/MOBI,6330
2023,10,Outubro,Com. Leves,Direta,3,FIAT/TORO,2843
2023,10,Outubro,Autos,Direta,4,RENAULT/KWID,5327
2023,10,Outubro,Com. Leves,Direta,4,RAM/RAMPAGE,2064
2023,10,Outubro,Autos,Direta,5,GM/ONIX PLUS,4985
2023,10,Outubro,Com. Leves,Direta,5,FIAT/FIORINO,1779
2023,10,Outubro,Autos,Direta,6,HYUNDAI/HB20,4449
2023,10,Outubro,Com. Leves,Direta,6,GM/MONTANA,1723
2023,10,Outubro,Autos,Direta,7,VW/T CROSS,4085
2023,10,Outubro,Com. Leves,Direta,7,FORD/RANGER,1693
2023,10,Outubro,Autos,Direta,8,NISSAN/KICKS,3473
2023,10,Outubro,Com. Leves,Direta,8,GM/S10,1624
2023,10,Outubro,Autos,Direta,9,FIAT/CRONOS,3424
2023,10,Outubro,Com. Leves,Direta,9,TOYOTA/HILUX,1585
2023,10,Outubro,Autos,Direta,10,FIAT/ARGO,3087
2023,10,Outubro,Com. Leves,Direta,10,RENAULT/MASTER,748
2023,10,Outubro,Autos,Direta,11,GM/TRACKER,2556
2023,10,Outubro,Com. Leves,Direta,11,RENAULT/OROCH,736
2023,10,Outubro,Autos,Direta,12,VW/NIVUS,2543
2023,10,Outubro,Com. Leves,Direta,12,VW/AMAROK,649
2023,10,Outubro,Autos,Direta,13,HYUNDAI/HB20S,2510
2023,10,Outubro,Com. Leves,Direta,13,MITSUBISHI/L200,604
2023,10,Outubro,Autos,Direta,14,RENAULT/DUSTER,2065
2023,10,Outubro,Com. Leves,Direta,14,NISSAN/FRONTIER,452
2023,10,Outubro,Autos,Direta,15,VW/VIRTUS,1919
2023,10,Outubro,Com. Leves,Direta,15,FIAT/SCUDO,103
2023,10,Outubro,Autos,Direta,16,GM/SPIN,1631
2023,10,Outubro,Com. Leves,Direta,16,PEUGEOT/EXPERT,100
2023,10,Outubro,Autos,Direta,17,CITROEN/C3,1516
2023,10,Outubro,Com. Leves,Direta,17,FIAT/DUCATO,93
2023,10,Outubro,Autos,Direta,18,PEUGEOT/208,1514
2023,10,Outubro,Com. Leves,Direta,18,FORD/F150,76
2023,10,Outubro,Autos,Direta,19,JEEP/COMPASS,1468
2023,10,Outubro,Com. Leves,Direta,19,FORD/TRANSIT,64
2023,10,Outubro,Autos,Direta,20,TOYOTA/YARIS SEDAN,1423
2023,10,Outubro,Com. Leves,Direta,20,RAM/2500,63
2023,10,Outubro,Autos,Direta,21,JEEP/RENEGADE,1304
2023,10,Outubro,Com. Leves,Direta,21,PEUGEOT/PARTNER,59
2023,10,Outubro,Autos,Direta,22,GWM/HAVAL H6,1289
2023,10,Outubro,Com. Leves,Direta,22,RAM/3500,52
2023,10,Outubro,Autos,Direta,23,TOYOTA/COROLLA,1206
2023,10,Outubro,Com. Leves,Direta,23,FORD/MAVERICK,43
2023,10,Outubro,Autos,Direta,24,FIAT/PULSE,1178
2023,10,Outubro,Com. Leves,Direta,24,VW TRUCK E BUS/EXPRESS,26
2023,10,Outubro,Autos,Direta,25,HYUNDAI/CRETA,967
2023,10,Outubro,Com. Leves,Direta,25,CITROEN/JUMPY,25
2023,10,Outubro,Autos,Direta,26,TOYOTA/YARIS HB,908
2023,10,Outubro,Com. Leves,Direta,26,RAM/CLASSIC,23
2023,10,Outubro,Autos,Direta,27,FIAT/FASTBACK,900
2023,10,Outubro,Com. Leves,Direta,27,RAM/1500,20
2023,10,Outubro,Autos,Direta,28,TOYOTA/COROLLA CROSS,867
2023,10,Outubro,Com. Leves,Direta,28,JEEP/GLADIATOR,16
2023,10,Outubro,Autos,Direta,29,VW/TAOS,702
2023,10,Outubro,Com. Leves,Direta,29,PEUGEOT/BOXER,9
2023,10,Outubro,Autos,Direta,30,JEEP/COMMANDER,564
2023,10,Outubro,Com. Leves,Direta,30,HYUNDAI/HR,8
2023,10,Outubro,Autos,Direta,31,VOLVO/XC60,323
2023,10,Outubro,Com. Leves,Direta,31,CITROEN/BERLINGO,4
2023,10,Outubro,Autos,Direta,32,HONDA/HR-V,282
2023,10,Outubro,Com. Leves,Direta,32,CITROEN/JUMPER,1
2023,10,Outubro,Autos,Direta,33,RENAULT/SANDERO,257
2023,10,Outubro,Com. Leves,Direta,33,KIA/K2500,1
2023,10,Outubro,Autos,Direta,34,NISSAN/VERSA,251
2023,10,Outubro,Com. Leves,Direta,34,RENAULT/KANGOO,1
2023,10,Outubro,Autos,Direta,35,CITROEN/C4 CACTUS,230
2023,10,Outubro,Autos,Direta,36,NISSAN/SENTRA,221
2023,10,Outubro,Autos,Direta,37,AUDI/Q5,209
2023,10,Outubro,Autos,Direta,38,GM/TRAILBLAZER,183
2023,10,Outubro,Autos,Direta,39,RENAULT/LOGAN,171
2023,10,Outubro,Autos,Direta,40,FORD/TERRITORY,149
2023,10,Outubro,Autos,Direta,41,GM/EQUINOX,136
2023,10,Outubro,Autos,Direta,42,VOLVO/XC40,133
2023,10,Outubro,Autos,Direta,43,VOLVO/C40,119
2023,10,Outubro,Autos,Direta,44,FORD/BRONCO,86
2023,10,Outubro,Autos,Direta,45,VOLVO/XC90,72
2023,10,Outubro,Autos,Direta,46,HYUNDAI/TUCSON,58
2023,10,Outubro,Autos,Direta,47,HONDA/CITY,54
2023,10,Outubro,Autos,Direta,48,PEUGEOT/2008,51
2023,10,Outubro,Autos,Direta,49,AUDI/A3 SEDAN,43
2023,10,Outubro,Autos,Direta,50,MITSUBISHI/PAJERO,40
2023,10,Outubro,Autos,Varejo,1,HYUNDAI/CRETA,4387
2023,10,Outubro,Com. Leves,Varejo,1,FIAT/STRADA,2732
2023,10,Outubro,Autos,Varejo,2,GM/ONIX,4172
2023,10,Outubro,Com. Leves,Varejo,2,TOYOTA/HILUX,2441
2023,10,Outubro,Autos,Varejo,3,GM/TRACKER,4113
2023,10,Outubro,Com. Leves,Varejo,3,FIAT/TORO,1244
2023,10,Outubro,Autos,Varejo,4,HONDA/HR-V,3767
2023,10,Outubro,Com. Leves,Varejo,4,GM/MONTANA,1201
2023,10,Outubro,Autos,Varejo,5,JEEP/COMPASS,3172
2023,10,Outubro,Com. Leves,Varejo,5,FORD/RANGER,898
2023,10,Outubro,Autos,Varejo,6,FIAT/PULSE,2979
2023,10,Outubro,Com. Leves,Varejo,6,MITSUBISHI/L200,602
2023,10,Outubro,Autos,Varejo,7,HYUNDAI/HB20,2972
2023,10,Outubro,Com. Leves,Varejo,7,RAM/RAMPAGE,478
2023,10,Outubro,Autos,Varejo,8,TOYOTA/COROLLA CROSS,2815
2023,10,Outubro,Com. Leves,Varejo,8,GM/S10,413
2023,10,Outubro,Autos,Varejo,9,VW/POLO,2810
2023,10,Outubro,Com. Leves,Varejo,9,VW/SAVEIRO,293
2023,10,Outubro,Autos,Varejo,10,TOYOTA/COROLLA,2790
2023,10,Outubro,Com. Leves,Varejo,10,FIAT/FIORINO,272
2023,10,Outubro,Autos,Varejo,11,FIAT/FASTBACK,2740
2023,10,Outubro,Com. Leves,Varejo,11,RENAULT/OROCH,255
2023,10,Outubro,Autos,Varejo,12,NISSAN/KICKS,2642
2023,10,Outubro,Com. Leves,Varejo,12,KIA/K2500,235
2023,10,Outubro,Autos,Varejo,13,VW/T CROSS,2639
2023,10,Outubro,Com. Leves,Varejo,13,RENAULT/MASTER,232
2023,10,Outubro,Autos,Varejo,14,CAOA CHERY/TIGGO 5X,2466
2023,10,Outubro,Com. Leves,Varejo,14,FIAT/SCUDO,208
2023,10,Outubro,Autos,Varejo,15,VW/NIVUS,2414
2023,10,Outubro,Com. Leves,Varejo,15,NISSAN/FRONTIER,196
2023,10,Outubro,Autos,Varejo,16,FIAT/ARGO,2170
2023,10,Outubro,Com. Leves,Varejo,16,FORD/MAVERICK,154
2023,10,Outubro,Autos,Varejo,17,GM/ONIX PLUS,2129
2023,10,Outubro,Com. Leves,Varejo,17,RAM/CLASSIC,140
2023,10,Outubro,Autos,Varejo,18,JEEP/RENEGADE,1945
2023,10,Outubro,Com. Leves,Varejo,18,VW TRUCK E BUS/EXPRESS,123
2023,10,Outubro,Autos,Varejo,19,FIAT/MOBI,1707
2023,10,Outubro,Com. Leves,Varejo,19,IVECO/DAILY,116
2023,10,Outubro,Autos,Varejo,20,TOYOTA/HILUX SW4,1544
2023,10,Outubro,Com. Leves,Varejo,20,RAM/3500,116
2023,10,Outubro,Autos,Varejo,21,FIAT/CRONOS,1505
2023,10,Outubro,Com. Leves,Varejo,21,M.BENZ/SPRINTER 315,104
2023,10,Outubro,Autos,Varejo,22,BYD/DOLPHIN,1366
2023,10,Outubro,Com. Leves,Varejo,22,PEUGEOT/EXPERT,97
2023,10,Outubro,Autos,Varejo,23,PEUGEOT/208,1318
2023,10,Outubro,Com. Leves,Varejo,23,RAM/2500,96
2023,10,Outubro,Autos,Varejo,24,CITROEN/C3,1198
2023,10,Outubro,Com. Leves,Varejo,24,VW/AMAROK,86
2023,10,Outubro,Autos,Varejo,25,VW/TAOS,1163
2023,10,Outubro,Com. Leves,Varejo,25,EFFA/V21,86
2023,10,Outubro,Autos,Varejo,26,BYD/SONG PLUS,1100
2023,10,Outubro,Com. Leves,Varejo,26,FORD/TRANSIT,76
2023,10,Outubro,Autos,Varejo,27,RENAULT/KWID,1067
2023,10,Outubro,Com. Leves,Varejo,27,CITROEN/JUMPY,58
2023,10,Outubro,Autos,Varejo,28,JEEP/COMMANDER,1013
2023,10,Outubro,Com. Leves,Varejo,28,PEUGEOT/PARTNER,28
2023,10,Outubro,Autos,Varejo,29,TOYOTA/YARIS SEDAN,1003
2023,10,Outubro,Com. Leves,Varejo,29,RAM/1500,25
2023,10,Outubro,Autos,Varejo,30,VW/VIRTUS,991
2023,10,Outubro,Com. Leves,Varejo,30,IVECO/DAILY 30-130,20
2023,10,Outubro,Autos,Varejo,31,TOYOTA/YARIS HB,954
2023,10,Outubro,Com. Leves,Varejo,31,JEEP/GLADIATOR,18
2023,10,Outubro,Autos,Varejo,32,HYUNDAI/HB20S,932
2023,10,Outubro,Com. Leves,Varejo,32,EFFA/V22,18
2023,10,Outubro,Autos,Varejo,33,RENAULT/DUSTER,826
2023,10,Outubro,Com. Leves,Varejo,33,PEUGEOT/BOXER,13
2023,10,Outubro,Autos,Varejo,34,HONDA/CITY,697
2023,10,Outubro,Com. Leves,Varejo,34,FIAT/DUCATO,12
2023,10,Outubro,Autos,Varejo,35,CAOA CHERY/TIGGO 8,655
2023,10,Outubro,Com. Leves,Varejo,35,M.BENZ/SPRINTER 517,12
2023,10,Outubro,Autos,Varejo,36,HONDA/CITY HATCH,649
2023,10,Outubro,Com. Leves,Varejo,36,M.BENZ/SPRINTER,1
2023,10,Outubro,Autos,Varejo,37,NISSAN/VERSA,516
2023,10,Outubro,Com. Leves,Varejo,37,EFFA/V25,1
2023,10,Outubro,Autos,Varejo,38,CAOA CHERY/TIGGO 7,481
2023,10,Outubro,Com. Leves,Varejo,38,JAC/EJV5.5,10
2023,10,Outubro,Autos,Varejo,39,MITSUBISHI/ECLIPSE CROSS,439
2023,10,Outubro,Com. Leves,Varejo,39,HYUNDAI/HR,7
2023,10,Outubro,Autos,Varejo,40,GM/SPIN,420
2023,10,Outubro,Com. Leves,Varejo,40,VW/KOMBI,6
2023,10,Outubro,Autos,Varejo,41,BMW/X1,398
2023,10,Outubro,Com. Leves,Varejo,41,CITROEN/JUMPER,5
2023,10,Outubro,Autos,Varejo,42,VW/JETTA,307
2023,10,Outubro,Com. Leves,Varejo,42,M.BENZ/SPRINTER 417,5
2023,10,Outubro,Autos,Varejo,43,BMW/320I,297
2023,10,Outubro,Com. Leves,Varejo,43,JAC/IEV750,5
2023,10,Outubro,Autos,Varejo,44,GM/EQUINOX,289
2023,10,Outubro,Com. Leves,Varejo,44,JAC/IEV 330P,3
2023,10,Outubro,Autos,Varejo,45,NISSAN/SENTRA,269
2023,10,Outubro,Com. Leves,Varejo,45,HITECH/ECOCARGO,3
2023,10,Outubro,Autos,Varejo,46,BYD/YUAN PLUS,215
2023,10,Outubro,Com. Leves,Varejo,46,FORD/F150,2
2023,10,Outubro,Autos,Varejo,47,RENAULT/SANDERO,186
2023,10,Outubro,Com. Leves,Varejo,47,IVECO/DAILY 35-150,2
2023,10,Outubro,Autos,Varejo,48,FORD/BRONCO,171
2023,10,Outubro,Com. Leves,Varejo,48,WILLYS/OVERLAND,2
2023,10,Outubro,Autos,Varejo,49,GWM/HAVAL H6,161
2023,10,Outubro,Com. Leves,Varejo,49,BYD/T3,2
2023,10,Outubro,Autos,Varejo,50,MITSUBISHI/PAJERO,145
2023,10,Outubro,Com. Leves,Varejo,50,RIVIAN/R1T,2
2023,11,Novembro,Autos,Total,1,VW/POLO,10197
2023,11,Novembro,Com. Leves,Total,1,FIAT/STRADA,11518
2023,11,Novembro,Autos,Total,2,HYUNDAI/HB20,10057
2023,11,Novembro,Com. Leves,Total,2,FIAT/TORO,4418
2023,11,Novembro,Autos,Total,3,GM/ONIX,9802
2023,11,Novembro,Com. Leves,Total,3,TOYOTA/HILUX,3783
2023,11,Novembro,Autos,Total,4,HYUNDAI/CRETA,6989
2023,11,Novembro,Com. Leves,Total,4,VW/SAVEIRO,3095
2023,11,Novembro,Autos,Total,5,VW/T CROSS,6525
2023,11,Novembro,Com. Leves,Total,5,RAM/RAMPAGE,3026
2023,11,Novembro,Autos,Total,6,FIAT/MOBI,6367
2023,11,Novembro,Com. Leves,Total,6,GM/MONTANA,2263
2023,11,Novembro,Autos,Total,7,RENAULT/KWID,5972
2023,11,Novembro,Com. Leves,Total,7,FIAT/FIORINO,2194
2023,11,Novembro,Autos,Total,8,GM/TRACKER,5899
2023,11,Novembro,Com. Leves,Total,8,FORD/RANGER,2141
2023,11,Novembro,Autos,Total,9,JEEP/COMPASS,5751
2023,11,Novembro,Com. Leves,Total,9,GM/S10,1373
2023,11,Novembro,Autos,Total,10,FIAT/CRONOS,5572
2023,11,Novembro,Com. Leves,Total,10,MITSUBISHI/L200,1152
2023,11,Novembro,Autos,Total,11,GM/ONIX PLUS,5423
2023,11,Novembro,Com. Leves,Total,11,VW/AMAROK,932
2023,11,Novembro,Autos,Total,12,FIAT/ARGO,5335
2023,11,Novembro,Com. Leves,Total,12,RENAULT/OROCH,891
2023,11,Novembro,Autos,Total,13,FIAT/PULSE,4719
2023,11,Novembro,Com. Leves,Total,13,RENAULT/MASTER,774
2023,11,Novembro,Autos,Total,14,VW/NIVUS,4421
2023,11,Novembro,Com. Leves,Total,14,NISSAN/FRONTIER,689
2023,11,Novembro,Autos,Total,15,JEEP/RENEGADE,4236
2023,11,Novembro,Com. Leves,Total,15,PEUGEOT/EXPERT,254
2023,11,Novembro,Autos,Total,16,NISSAN/KICKS,4189
2023,11,Novembro,Com. Leves,Total,16,FORD/TRANSIT,241
2023,11,Novembro,Autos,Total,17,HONDA/HR-V,3924
2023,11,Novembro,Com. Leves,Total,17,FIAT/SCUDO,218
2023,11,Novembro,Autos,Total,18,FIAT/FASTBACK,3709
2023,11,Novembro,Com. Leves,Total,18,KIA/K2500,213
2023,11,Novembro,Autos,Total,19,TOYOTA/COROLLA,3571
2023,11,Novembro,Com. Leves,Total,19,FIAT/DUCATO,211
2023,11,Novembro,Autos,Total,20,HYUNDAI/HB20S,3345
2023,11,Novembro,Com. Leves,Total,20,CITROEN/JUMPY,162
2023,11,Novembro,Autos,Total,21,CITROEN/C3,3307
2023,11,Novembro,Com. Leves,Total,21,VW TRUCK E BUS/EXPRESS,161
2023,11,Novembro,Autos,Total,22,RENAULT/DUSTER,3295
2023,11,Novembro,Com. Leves,Total,22,FORD/MAVERICK,159
2023,11,Novembro,Autos,Total,23,PEUGEOT/208,2910
2023,11,Novembro,Com. Leves,Total,23,RAM/CLASSIC,149
2023,11,Novembro,Autos,Total,24,TOYOTA/COROLLA CROSS,2648
2023,11,Novembro,Com. Leves,Total,24,RAM/2500,124
2023,11,Novembro,Autos,Total,25,CAOA CHERY/TIGGO 5X,2433
2023,11,Novembro,Com. Leves,Total,25,IVECO/DAILY,119
2023,11,Novembro,Autos,Total,26,VW/VIRTUS,2431
2023,11,Novembro,Com. Leves,Total,26,RAM/3500,117
2023,11,Novembro,Autos,Total,27,VW/TAOS,1863
2023,11,Novembro,Com. Leves,Total,27,PEUGEOT/PARTNER,89
2023,11,Novembro,Autos,Total,28,JEEP/COMMANDER,1736
2023,11,Novembro,Com. Leves,Total,28,EFFA/V21,75
2023,11,Novembro,Autos,Total,29,TOYOTA/YARIS SEDAN,1734
2023,11,Novembro,Com. Leves,Total,29,HYUNDAI/HR,65
2023,11,Novembro,Autos,Total,30,BYD/DOLPHIN,1694
2023,11,Novembro,Com. Leves,Total,30,FORD/F150,61
2023,11,Novembro,Autos,Total,31,GM/SPIN,1630
2023,11,Novembro,Com. Leves,Total,31,M.BENZ/SPRINTER 315,56
2023,11,Novembro,Autos,Total,32,TOYOTA/HILUX SW4,1544
2023,11,Novembro,Com. Leves,Total,32,RENAULT/KANGOO E-TECH,49
2023,11,Novembro,Autos,Total,33,BYD/SONG PLUS,1523
2023,11,Novembro,Com. Leves,Total,33,IVECO/DAILY 30-130,40
2023,11,Novembro,Autos,Total,34,TOYOTA/YARIS HB,1405
2023,11,Novembro,Com. Leves,Total,34,RAM/1500,25
2023,11,Novembro,Autos,Total,35,GWM/HAVAL H6,1295
2023,11,Novembro,Com. Leves,Total,35,EFFA/V22,24
2023,11,Novembro,Autos,Total,36,CAOA CHERY/TIGGO 8,1057
2023,11,Novembro,Com. Leves,Total,36,JEEP/GLADIATOR,16
2023,11,Novembro,Autos,Total,37,HONDA/CITY,887
2023,11,Novembro,Com. Leves,Total,37,M.BENZ/SPRINTER 417,14
2023,11,Novembro,Autos,Total,38,NISSAN/VERSA,772
2023,11,Novembro,Com. Leves,Total,38,M.BENZ/SPRINTER 517,12
2023,11,Novembro,Autos,Total,39,HONDA/CITY HATCH,662
2023,11,Novembro,Com. Leves,Total,39,JAC/EJV5.5,12
2023,11,Novembro,Autos,Total,40,CAOA CHERY/TIGGO 7,600
2023,11,Novembro,Com. Leves,Total,40,PEUGEOT/BOXER,8
2023,11,Novembro,Autos,Total,41,MITSUBISHI/ECLIPSE CROSS,539
2023,11,Novembro,Com. Leves,Total,41,CITROEN/JUMPER,6
2023,11,Novembro,Autos,Total,42,RENAULT/SANDERO,524
2023,11,Novembro,Com. Leves,Total,42,GMC/HUMMER EV EDITION 1,3
2023,11,Novembro,Autos,Total,43,BMW/X1,382
2023,11,Novembro,Com. Leves,Total,43,M.BENZ/SPRINTER 416,2
2023,11,Novembro,Autos,Total,44,GM/EQUINOX,350
2023,11,Novembro,Com. Leves,Total,44,EFFA/V25,2
2023,11,Novembro,Autos,Total,45,RENAULT/LOGAN,350
2023,11,Novembro,Com. Leves,Total,45,JAC/IEV750,2
2023,11,Novembro,Autos,Total,46,VW/TIGUAN,334
2023,11,Novembro,Com. Leves,Total,46,BYD/T3,2
2023,11,Novembro,Autos,Total,47,NISSAN/SENTRA,326
2023,11,Novembro,Com. Leves,Total,47,HITECH/ECOCARGO,2
2023,11,Novembro,Autos,Total,48,BYD/YUAN PLUS,286
2023,11,Novembro,Com. Leves,Total,48,DODGE/CHARGER,1
2023,11,Novembro,Autos,Total,49,VW/JETTA,280
2023,11,Novembro,Com. Leves,Total,49,FORD/F250,1
2023,11,Novembro,Autos,Total,50,BMW/320I,256
2023,11,Novembro,Com. Leves,Total,50,GM/D20,1
2023,11,Novembro,Autos,Direta,1,HYUNDAI/HB20,7595
2023,11,Novembro,Com. Leves,Direta,1,FIAT/STRADA,8218
2023,11,Novembro,Autos,Direta,2,VW/POLO,7216
2023,11,Novembro,Com. Leves,Direta,2,FIAT/TORO,3117
2023,11,Novembro,Autos,Direta,3,RENAULT/KWID,5452
2023,11,Novembro,Com. Leves,Direta,3,VW/SAVEIRO,2804
2023,11,Novembro,Autos,Direta,4,GM/ONIX,5364
2023,11,Novembro,Com. Leves,Direta,4,RAM/RAMPAGE,2270
2023,11,Novembro,Autos,Direta,5,FIAT/MOBI,4869
2023,11,Novembro,Com. Leves,Direta,5,FIAT/FIORINO,1957
2023,11,Novembro,Autos,Direta,6,FIAT/CRONOS,4327
2023,11,Novembro,Com. Leves,Direta,6,FORD/RANGER,1298
2023,11,Novembro,Autos,Direta,7,VW/T CROSS,3464
2023,11,Novembro,Com. Leves,Direta,7,TOYOTA/HILUX,1288
2023,11,Novembro,Autos,Direta,8,GM/ONIX PLUS,3206
2023,11,Novembro,Com. Leves,Direta,8,GM/MONTANA,1122
2023,11,Novembro,Autos,Direta,9,FIAT/ARGO,2689
2023,11,Novembro,Com. Leves,Direta,9,GM/S10,954
2023,11,Novembro,Autos,Direta,10,HYUNDAI/HB20S,2425
2023,11,Novembro,Com. Leves,Direta,10,VW/AMAROK,874
2023,11,Novembro,Autos,Direta,11,RENAULT/DUSTER,2306
2023,11,Novembro,Com. Leves,Direta,11,RENAULT/OROCH,666
2023,11,Novembro,Autos,Direta,12,CITROEN/C3,2043
2023,11,Novembro,Com. Leves,Direta,12,MITSUBISHI/L200,589
2023,11,Novembro,Autos,Direta,13,GM/TRACKER,1797
2023,11,Novembro,Com. Leves,Direta,13,RENAULT/MASTER,589
2023,11,Novembro,Autos,Direta,14,FIAT/PULSE,1729
2023,11,Novembro,Com. Leves,Direta,14,NISSAN/FRONTIER,507
2023,11,Novembro,Autos,Direta,15,NISSAN/KICKS,1723
2023,11,Novembro,Com. Leves,Direta,15,FIAT/DUCATO,191
2023,11,Novembro,Autos,Direta,16,JEEP/COMPASS,1666
2023,11,Novembro,Com. Leves,Direta,16,PEUGEOT/EXPERT,158
2023,11,Novembro,Autos,Direta,17,PEUGEOT/208,1525
2023,11,Novembro,Com. Leves,Direta,17,FORD/TRANSIT,147
2023,11,Novembro,Autos,Direta,18,VW/NIVUS,1465
2023,11,Novembro,Com. Leves,Direta,18,CITROEN/JUMPY,110
2023,11,Novembro,Autos,Direta,19,VW/VIRTUS,1336
2023,11,Novembro,Com. Leves,Direta,19,FIAT/SCUDO,73
2023,11,Novembro,Autos,Direta,20,JEEP/RENEGADE,1308
2023,11,Novembro,Com. Leves,Direta,20,FORD/F150,54
2023,11,Novembro,Autos,Direta,21,GM/SPIN,1200
2023,11,Novembro,Com. Leves,Direta,21,PEUGEOT/PARTNER,52
2023,11,Novembro,Autos,Direta,22,HYUNDAI/CRETA,1139
2023,11,Novembro,Com. Leves,Direta,22,RENAULT/KANGOO E-TECH,49
2023,11,Novembro,Autos,Direta,23,FIAT/FASTBACK,1123
2023,11,Novembro,Com. Leves,Direta,23,VW TRUCK E BUS/EXPRESS,42
2023,11,Novembro,Autos,Direta,24,TOYOTA/COROLLA,996
2023,11,Novembro,Com. Leves,Direta,24,RAM/3500,30
2023,11,Novembro,Autos,Direta,25,TOYOTA/YARIS SEDAN,979
2023,11,Novembro,Com. Leves,Direta,25,RAM/2500,28
2023,11,Novembro,Autos,Direta,26,GWM/HAVAL H6,871
2023,11,Novembro,Com. Leves,Direta,26,RAM/CLASSIC,24
2023,11,Novembro,Autos,Direta,27,VW/TAOS,649
2023,11,Novembro,Com. Leves,Direta,27,RAM/1500,19
2023,11,Novembro,Autos,Direta,28,TOYOTA/COROLLA CROSS,541
2023,11,Novembro,Com. Leves,Direta,28,FORD/MAVERICK,18
2023,11,Novembro,Autos,Direta,29,TOYOTA/YARIS HB,533
2023,11,Novembro,Com. Leves,Direta,29,HYUNDAI/HR,13
2023,11,Novembro,Autos,Direta,30,JEEP/COMMANDER,494
2023,11,Novembro,Com. Leves,Direta,30,CITROEN/JUMPER,4
2023,11,Novembro,Autos,Direta,31,RENAULT/SANDERO,384
2023,11,Novembro,Com. Leves,Direta,31,PEUGEOT/BOXER,4
2023,11,Novembro,Autos,Direta,32,HONDA/HR-V,353
2023,11,Novembro,Com. Leves,Direta,32,KIA/K2500,3
2023,11,Novembro,Autos,Direta,33,RENAULT/LOGAN,348
2023,11,Novembro,Com. Leves,Direta,33,JEEP/GLADIATOR,2
2023,11,Novembro,Autos,Direta,34,VOLVO/XC60,228
2023,11,Novembro,Autos,Direta,35,VOLVO/XC40,207
2023,11,Novembro,Autos,Direta,36,NISSAN/VERSA,175
2023,11,Novembro,Autos,Direta,37,CAOA CHERY/TIGGO 5X,173
2023,11,Novembro,Autos,Direta,38,VOLVO/C40,160
2023,11,Novembro,Autos,Direta,39,CITROEN/C4 CACTUS,150
2023,11,Novembro,Autos,Direta,40,AUDI/Q5,146
2023,11,Novembro,Autos,Direta,41,GM/EQUINOX,140
2023,11,Novembro,Autos,Direta,42,VOLVO/XC90,130
2023,11,Novembro,Autos,Direta,43,GM/TRAILBLAZER,117
2023,11,Novembro,Autos,Direta,44,NISSAN/SENTRA,105
2023,11,Novembro,Autos,Direta,45,HONDA/CITY,104
2023,11,Novembro,Autos,Direta,46,AUDI/Q3,89
2023,11,Novembro,Autos,Direta,47,GWM/ORA 03,61
2023,11,Novembro,Autos,Direta,48,MITSUBISHI/PAJERO,58
2023,11,Novembro,Autos,Direta,49,HONDA/ZR-V,56
2023,11,Novembro,Autos,Direta,50,CITROEN/C3 AIRCROSS,54
2023,11,Novembro,Autos,Varejo,1,HYUNDAI/CRETA,5850
2023,11,Novembro,Com. Leves,Varejo,1,FIAT/STRADA,3300
2023,11,Novembro,Autos,Varejo,2,GM/ONIX,4438
2023,11,Novembro,Com. Leves,Varejo,2,TOYOTA/HILUX,2495
2023,11,Novembro,Autos,Varejo,3,GM/TRACKER,4102
2023,11,Novembro,Com. Leves,Varejo,3,FIAT/TORO,1301
2023,11,Novembro,Autos,Varejo,4,JEEP/COMPASS,4085
2023,11,Novembro,Com. Leves,Varejo,4,GM/MONTANA,1141
2023,11,Novembro,Autos,Varejo,5,HONDA/HR-V,3571
2023,11,Novembro,Com. Leves,Varejo,5,FORD/RANGER,843
2023,11,Novembro,Autos,Varejo,6,VW/T CROSS,3061
2023,11,Novembro,Com. Leves,Varejo,6,RAM/RAMPAGE,756
2023,11,Novembro,Autos,Varejo,7,FIAT/PULSE,2990
2023,11,Novembro,Com. Leves,Varejo,7,MITSUBISHI/L200,563
2023,11,Novembro,Autos,Varejo,8,VW/POLO,2981
2023,11,Novembro,Com. Leves,Varejo,8,GM/S10,419
2023,11,Novembro,Autos,Varejo,9,VW/NIVUS,2956
2023,11,Novembro,Com. Leves,Varejo,9,VW/SAVEIRO,291
2023,11,Novembro,Autos,Varejo,10,JEEP/RENEGADE,2928
2023,11,Novembro,Com. Leves,Varejo,10,FIAT/FIORINO,237
2023,11,Novembro,Autos,Varejo,11,FIAT/ARGO,2646
2023,11,Novembro,Com. Leves,Varejo,11,RENAULT/OROCH,225
2023,11,Novembro,Autos,Varejo,12,FIAT/FASTBACK,2586
2023,11,Novembro,Com. Leves,Varejo,12,KIA/K2500,210
2023,11,Novembro,Autos,Varejo,13,TOYOTA/COROLLA,2575
2023,11,Novembro,Com. Leves,Varejo,13,RENAULT/MASTER,185
2023,11,Novembro,Autos,Varejo,14,NISSAN/KICKS,2466
2023,11,Novembro,Com. Leves,Varejo,14,NISSAN/FRONTIER,182
2023,11,Novembro,Autos,Varejo,15,HYUNDAI/HB20,2462
2023,11,Novembro,Com. Leves,Varejo,15,FIAT/SCUDO,145
2023,11,Novembro,Autos,Varejo,16,CAOA CHERY/TIGGO 5X,2260
2023,11,Novembro,Com. Leves,Varejo,16,FORD/MAVERICK,141
2023,11,Novembro,Autos,Varejo,17,GM/ONIX PLUS,2217
2023,11,Novembro,Com. Leves,Varejo,17,RAM/CLASSIC,125
2023,11,Novembro,Autos,Varejo,18,TOYOTA/COROLLA CROSS,2107
2023,11,Novembro,Com. Leves,Varejo,18,IVECO/DAILY,119
2023,11,Novembro,Autos,Varejo,19,BYD/DOLPHIN,1694
2023,11,Novembro,Com. Leves,Varejo,19,VW TRUCK E BUS/EXPRESS,119
2023,11,Novembro,Autos,Varejo,20,BYD/SONG PLUS,1523
2023,11,Novembro,Com. Leves,Varejo,20,PEUGEOT/EXPERT,96
2023,11,Novembro,Autos,Varejo,21,TOYOTA/HILUX SW4,1522
2023,11,Novembro,Com. Leves,Varejo,21,RAM/2500,96
2023,11,Novembro,Autos,Varejo,22,FIAT/MOBI,1498
2023,11,Novembro,Com. Leves,Varejo,22,FORD/TRANSIT,94
2023,11,Novembro,Autos,Varejo,23,PEUGEOT/208,1385
2023,11,Novembro,Com. Leves,Varejo,23,RAM/3500,87
2023,11,Novembro,Autos,Varejo,24,CITROEN/C3,1264
2023,11,Novembro,Com. Leves,Varejo,24,EFFA/V21,75
2023,11,Novembro,Autos,Varejo,25,FIAT/CRONOS,1245
2023,11,Novembro,Com. Leves,Varejo,25,VW/AMAROK,58
2023,11,Novembro,Autos,Varejo,26,JEEP/COMMANDER,1242
2023,11,Novembro,Com. Leves,Varejo,26,M.BENZ/SPRINTER 315,56
2023,11,Novembro,Autos,Varejo,27,VW/TAOS,1214
2023,11,Novembro,Com. Leves,Varejo,27,CITROEN/JUMPY,52
2023,11,Novembro,Autos,Varejo,28,VW/VIRTUS,1095
2023,11,Novembro,Com. Leves,Varejo,28,HYUNDAI/HR,52
2023,11,Novembro,Autos,Varejo,29,CAOA CHERY/TIGGO 8,1022
2023,11,Novembro,Com. Leves,Varejo,29,IVECO/DAILY 30-130,40
2023,11,Novembro,Autos,Varejo,30,RENAULT/DUSTER,989
2023,11,Novembro,Com. Leves,Varejo,30,PEUGEOT/PARTNER,37
2023,11,Novembro,Autos,Varejo,31,HYUNDAI/HB20S,920
2023,11,Novembro,Com. Leves,Varejo,31,EFFA/V22,24
2023,11,Novembro,Autos,Varejo,32,TOYOTA/YARIS HB,872
2023,11,Novembro,Com. Leves,Varejo,32,FIAT/DUCATO,20
2023,11,Novembro,Autos,Varejo,33,HONDA/CITY,783
2023,11,Novembro,Com. Leves,Varejo,33,JEEP/GLADIATOR,14
2023,11,Novembro,Autos,Varejo,34,TOYOTA/YARIS SEDAN,755
2023,11,Novembro,Com. Leves,Varejo,34,M.BENZ/SPRINTER 417,14
2023,11,Novembro,Autos,Varejo,35,HONDA/CITY HATCH,634
2023,11,Novembro,Com. Leves,Varejo,35,M.BENZ/SPRINTER 517,12
2023,11,Novembro,Autos,Varejo,36,NISSAN/VERSA,597
2023,11,Novembro,Com. Leves,Varejo,36,JAC/EJV5.5,12
2023,11,Novembro,Autos,Varejo,37,CAOA CHERY/TIGGO 7,567
2023,11,Novembro,Com. Leves,Varejo,37,FORD/F150,7
2023,11,Novembro,Autos,Varejo,38,RENAULT/KWID,520
2023,11,Novembro,Com. Leves,Varejo,38,RAM/1500,6
2023,11,Novembro,Autos,Varejo,39,MITSUBISHI/ECLIPSE CROSS,506
2023,11,Novembro,Com. Leves,Varejo,39,PEUGEOT/BOXER,4
2023,11,Novembro,Autos,Varejo,40,GM/SPIN,430
2023,11,Novembro,Com. Leves,Varejo,40,GMC/HUMMER EV EDITION 1,3
2023,11,Novembro,Autos,Varejo,41,GWM/HAVAL H6,424
2023,11,Novembro,Com. Leves,Varejo,41,CITROEN/JUMPER,2
2023,11,Novembro,Autos,Varejo,42,BMW/X1,370
2023,11,Novembro,Com. Leves,Varejo,42,M.BENZ/SPRINTER 416,2
2023,11,Novembro,Autos,Varejo,43,VW/TIGUAN,328
2023,11,Novembro,Com. Leves,Varejo,43,EFFA/V25,2
2023,11,Novembro,Autos,Varejo,44,BYD/YUAN PLUS,286
2023,11,Novembro,Com. Leves,Varejo,44,JAC/IEV750,2
2023,11,Novembro,Autos,Varejo,45,VW/JETTA,280
2023,11,Novembro,Com. Leves,Varejo,45,BYD/T3,2
2023,11,Novembro,Autos,Varejo,46,BMW/320I,244
2023,11,Novembro,Com. Leves,Varejo,46,HITECH/ECOCARGO,2
2023,11,Novembro,Autos,Varejo,47,NISSAN/SENTRA,221
2023,11,Novembro,Com. Leves,Varejo,47,DODGE/CHARGER,1
2023,11,Novembro,Autos,Varejo,48,GM/EQUINOX,210
2023,11,Novembro,Com. Leves,Varejo,48,GM/D20,1
2023,11,Novembro,Autos,Varejo,49,BMW/X5,174
2023,11,Novembro,Com. Leves,Varejo,49,IVECO/DAILY 35-150,1
2023,11,Novembro,Autos,Varejo,50,BMW/X4,146
2023,11,Novembro,Com. Leves,Varejo,50,IVECO/DAILY 5516,1
2023,12,Dezembro,Autos,Total,1,VW/POLO,17999
2023,12,Dezembro,Com. Leves,Total,1,FIAT/STRADA,10573
2023,12,Dezembro,Autos,Total,2,GM/ONIX,10839
2023,12,Dezembro,Com. Leves,Total,2,VW/SAVEIRO,5283
2023,12,Dezembro,Autos,Total,3,HYUNDAI/HB20,9627
2023,12,Dezembro,Com. Leves,Total,3,FIAT/TORO,4708
2023,12,Dezembro,Autos,Total,4,HYUNDAI/CRETA,8579
2023,12,Dezembro,Com. Leves,Total,4,TOYOTA/HILUX,4344
2023,12,Dezembro,Autos,Total,5,RENAULT/KWID,8104
2023,12,Dezembro,Com. Leves,Total,5,FIAT/FIORINO,3485
2023,12,Dezembro,Autos,Total,6,VW/T CROSS,7792
2023,12,Dezembro,Com. Leves,Total,6,GM/S10,3133
2023,12,Dezembro,Autos,Total,7,FIAT/MOBI,7395
2023,12,Dezembro,Com. Leves,Total,7,RAM/RAMPAGE,2490
2023,12,Dezembro,Autos,Total,8,GM/TRACKER,6769
2023,12,Dezembro,Com. Leves,Total,8,GM/MONTANA,2483
2023,12,Dezembro,Autos,Total,9,GM/ONIX PLUS,6375
2023,12,Dezembro,Com. Leves,Total,9,FORD/RANGER,2451
2023,12,Dezembro,Autos,Total,10,FIAT/CRONOS,6332
2023,12,Dezembro,Com. Leves,Total,10,MITSUBISHI/L200,1821
2023,12,Dezembro,Autos,Total,11,VW/NIVUS,5646
2023,12,Dezembro,Com. Leves,Total,11,RENAULT/OROCH,1359
2023,12,Dezembro,Autos,Total,12,FIAT/ARGO,5218
2023,12,Dezembro,Com. Leves,Total,12,RENAULT/MASTER,1133
2023,12,Dezembro,Autos,Total,13,NISSAN/KICKS,4820
2023,12,Dezembro,Com. Leves,Total,13,NISSAN/FRONTIER,1024
2023,12,Dezembro,Autos,Total,14,FIAT/PULSE,4537
2023,12,Dezembro,Com. Leves,Total,14,VW/AMAROK,699
2023,12,Dezembro,Autos,Total,15,TOYOTA/COROLLA CROSS,4389
2023,12,Dezembro,Com. Leves,Total,15,FIAT/SCUDO,367
2023,12,Dezembro,Autos,Total,16,HONDA/HR-V,4201
2023,12,Dezembro,Com. Leves,Total,16,GM/SILVERADO,295
2023,12,Dezembro,Autos,Total,17,TOYOTA/COROLLA,4050
2023,12,Dezembro,Com. Leves,Total,17,KIA/K2500,240
2023,12,Dezembro,Autos,Total,18,FIAT/FASTBACK,3949
2023,12,Dezembro,Com. Leves,Total,18,FORD/TRANSIT,239
2023,12,Dezembro,Autos,Total,19,JEEP/COMPASS,3937
2023,12,Dezembro,Com. Leves,Total,19,FIAT/DUCATO,238
2023,12,Dezembro,Autos,Total,20,VW/VIRTUS,3629
2023,12,Dezembro,Com. Leves,Total,20,M.BENZ/SPRINTER 315,234
2023,12,Dezembro,Autos,Total,21,JEEP/RENEGADE,3234
2023,12,Dezembro,Com. Leves,Total,21,PEUGEOT/PARTNER,204
2023,12,Dezembro,Autos,Total,22,RENAULT/DUSTER,3175
2023,12,Dezembro,Com. Leves,Total,22,RAM/CLASSIC,203
2023,12,Dezembro,Autos,Total,23,HYUNDAI/HB20S,3035
2023,12,Dezembro,Com. Leves,Total,23,PEUGEOT/EXPERT,200
2023,12,Dezembro,Autos,Total,24,TOYOTA/YARIS HB,2762
2023,12,Dezembro,Com. Leves,Total,24,VW TRUCK E BUS/EXPRESS,194
2023,12,Dezembro,Autos,Total,25,TOYOTA/YARIS SEDAN,2702
2023,12,Dezembro,Com. Leves,Total,25,RAM/2500,179
2023,12,Dezembro,Autos,Total,26,PEUGEOT/208,2636
2023,12,Dezembro,Com. Leves,Total,26,CITROEN/JUMPY,178
2023,12,Dezembro,Autos,Total,27,BYD/DOLPHIN,2248
2023,12,Dezembro,Com. Leves,Total,27,FORD/MAVERICK,155
2023,12,Dezembro,Autos,Total,28,CAOA CHERY/TIGGO 5X,2225
2023,12,Dezembro,Com. Leves,Total,28,RAM/3500,153
2023,12,Dezembro,Autos,Total,29,GWM/HAVAL H6,2085
2023,12,Dezembro,Com. Leves,Total,29,RENAULT/KANGOO E-TECH,141
2023,12,Dezembro,Autos,Total,30,CITROEN/C3,2020
2023,12,Dezembro,Com. Leves,Total,30,JEEP/GLADIATOR,111
2023,12,Dezembro,Autos,Total,31,TOYOTA/HILUX SW4,1922
2023,12,Dezembro,Com. Leves,Total,31,IVECO/DAILY,107
2023,12,Dezembro,Autos,Total,32,BYD/SONG PLUS,1883
2023,12,Dezembro,Com. Leves,Total,32,EFFA/V21,81
2023,12,Dezembro,Autos,Total,33,GM/SPIN,1814
2023,12,Dezembro,Com. Leves,Total,33,RAM/1500,76
2023,12,Dezembro,Autos,Total,34,VW/TAOS,1761
2023,12,Dezembro,Com. Leves,Total,34,HYUNDAI/HR,57
2023,12,Dezembro,Autos,Total,35,JEEP/COMMANDER,1185
2023,12,Dezembro,Com. Leves,Total,35,IVECO/DAILY 30-130,53
2023,12,Dezembro,Autos,Total,36,CAOA CHERY/TIGGO 8,1155
2023,12,Dezembro,Com. Leves,Total,36,FORD/F150,4
2023,12,Dezembro,Autos,Total,37,NISSAN/VERSA,1024
2023,12,Dezembro,Com. Leves,Total,37,EFFA/V22,30
2023,12,Dezembro,Autos,Total,38,HONDA/CITY,931
2023,12,Dezembro,Com. Leves,Total,38,PEUGEOT/BOXER,16
2023,12,Dezembro,Autos,Total,39,BYD/SEAL,857
2023,12,Dezembro,Com. Leves,Total,39,JAC/EJV5.5,10
2023,12,Dezembro,Autos,Total,40,HONDA/CITY HATCH,813
2023,12,Dezembro,Com. Leves,Total,40,M.BENZ/SPRINTER,8
2023,12,Dezembro,Autos,Total,41,RENAULT/SANDERO,758
2023,12,Dezembro,Com. Leves,Total,41,M.BENZ/SPRINTER 417,8
2023,12,Dezembro,Autos,Total,42,GWM/ORA 03,711
2023,12,Dezembro,Com. Leves,Total,42,M.BENZ/SPRINTER 517,7
2023,12,Dezembro,Autos,Total,43,CAOA CHERY/TIGGO 7,676
2023,12,Dezembro,Com. Leves,Total,43,CITROEN/JUMPER,5
2023,12,Dezembro,Autos,Total,44,MITSUBISHI/ECLIPSE CROSS,655
2023,12,Dezembro,Com. Leves,Total,44,BYD/T3,5
2023,12,Dezembro,Autos,Total,45,HONDA/ZR-V,563
2023,12,Dezembro,Com. Leves,Total,45,ARROW/ONE,4
2023,12,Dezembro,Autos,Total,46,VOLVO/XC60,499
2023,12,Dezembro,Com. Leves,Total,46,GMC/HUMMER EV EDITION 1,3
2023,12,Dezembro,Autos,Total,47,BYD/YUAN PLUS,475
2023,12,Dezembro,Com. Leves,Total,47,VW/KOMBI,2
2023,12,Dezembro,Autos,Total,48,VW/TIGUAN,450
2023,12,Dezembro,Com. Leves,Total,48,JAC/EJV7L,2
2023,12,Dezembro,Autos,Total,49,BMW/X1,440
2023,12,Dezembro,Com. Leves,Total,49,JAC/IEV750,2
2023,12,Dezembro,Autos,Total,50,BMW/320I,434
2023,12,Dezembro,Com. Leves,Total,50,CITROEN/BERLINGO,1
2023,12,Dezembro,Autos,Direta,1,VW/POLO,14364
2023,12,Dezembro,Com. Leves,Direta,1,FIAT/STRADA,7494
2023,12,Dezembro,Autos,Direta,2,RENAULT/KWID,7450
2023,12,Dezembro,Com. Leves,Direta,2,VW/SAVEIRO,5000
2023,12,Dezembro,Autos,Direta,3,HYUNDAI/HB20,6978
2023,12,Dezembro,Com. Leves,Direta,3,FIAT/FIORINO,3238
2023,12,Dezembro,Autos,Direta,4,FIAT/MOBI,6024
2023,12,Dezembro,Com. Leves,Direta,4,FIAT/TORO,3056
2023,12,Dezembro,Autos,Direta,5,GM/ONIX,5451
2023,12,Dezembro,Com. Leves,Direta,5,GM/S10,2685
2023,12,Dezembro,Autos,Direta,6,FIAT/CRONOS,5091
2023,12,Dezembro,Com. Leves,Direta,6,RAM/RAMPAGE,1894
2023,12,Dezembro,Autos,Direta,7,VW/T CROSS,3896
2023,12,Dezembro,Com. Leves,Direta,7,TOYOTA/HILUX,1673
2023,12,Dezembro,Autos,Direta,8,GM/ONIX PLUS,3232
2023,12,Dezembro,Com. Leves,Direta,8,FORD/RANGER,1266
2023,12,Dezembro,Autos,Direta,9,FIAT/ARGO,2410
2023,12,Dezembro,Com. Leves,Direta,9,MITSUBISHI/L200,1230
2023,12,Dezembro,Autos,Direta,10,VW/VIRTUS,2405
2023,12,Dezembro,Com. Leves,Direta,10,GM/MONTANA,1190
2023,12,Dezembro,Autos,Direta,11,RENAULT/DUSTER,2280
2023,12,Dezembro,Com. Leves,Direta,11,RENAULT/OROCH,1085
2023,12,Dezembro,Autos,Direta,12,HYUNDAI/HB20S,2212
2023,12,Dezembro,Com. Leves,Direta,12,RENAULT/MASTER,869
2023,12,Dezembro,Autos,Direta,13,NISSAN/KICKS,2207
2023,12,Dezembro,Com. Leves,Direta,13,NISSAN/FRONTIER,808
2023,12,Dezembro,Autos,Direta,14,GM/TRACKER,1984
2023,12,Dezembro,Com. Leves,Direta,14,VW/AMAROK,641
2023,12,Dezembro,Autos,Direta,15,VW/NIVUS,1981
2023,12,Dezembro,Com. Leves,Direta,15,GM/SILVERADO,295
2023,12,Dezembro,Autos,Direta,16,FIAT/PULSE,1831
2023,12,Dezembro,Com. Leves,Direta,16,FIAT/DUCATO,206
2023,12,Dezembro,Autos,Direta,17,TOYOTA/YARIS SEDAN,1797
2023,12,Dezembro,Com. Leves,Direta,17,FIAT/SCUDO,197
2023,12,Dezembro,Autos,Direta,18,GWM/HAVAL H6,1739
2023,12,Dezembro,Com. Leves,Direta,18,PEUGEOT/PARTNER,175
2023,12,Dezembro,Autos,Direta,19,PEUGEOT/208,1356
2023,12,Dezembro,Com. Leves,Direta,19,RENAULT/KANGOO E-TECH,141
2023,12,Dezembro,Autos,Direta,20,GM/SPIN,1298
2023,12,Dezembro,Com. Leves,Direta,20,FORD/TRANSIT,138
2023,12,Dezembro,Autos,Direta,21,TOYOTA/YARIS HB,1297
2023,12,Dezembro,Com. Leves,Direta,21,RAM/CLASSIC,112
2023,12,Dezembro,Autos,Direta,22,JEEP/COMPASS,1273
2023,12,Dezembro,Com. Leves,Direta,22,CITROEN/JUMPY,96
2023,12,Dezembro,Autos,Direta,23,TOYOTA/COROLLA,1229
2023,12,Dezembro,Com. Leves,Direta,23,PEUGEOT/EXPERT,87
2023,12,Dezembro,Autos,Direta,24,FIAT/FASTBACK,1188
2023,12,Dezembro,Com. Leves,Direta,24,JEEP/GLADIATOR,69
2023,12,Dezembro,Autos,Direta,25,JEEP/RENEGADE,1090
2023,12,Dezembro,Com. Leves,Direta,25,VW TRUCK E BUS/EXPRESS,67
2023,12,Dezembro,Autos,Direta,26,TOYOTA/COROLLA CROSS,1030
2023,12,Dezembro,Com. Leves,Direta,26,RAM/1500,57
2023,12,Dezembro,Autos,Direta,27,HYUNDAI/CRETA,938
2023,12,Dezembro,Com. Leves,Direta,27,RAM/3500,54
2023,12,Dezembro,Autos,Direta,28,GWM/ORA 03,709
2023,12,Dezembro,Com. Leves,Direta,28,FORD/F150,40
2023,12,Dezembro,Autos,Direta,29,CITROEN/C3,676
2023,12,Dezembro,Com. Leves,Direta,29,RAM/2500,39
2023,12,Dezembro,Autos,Direta,30,VW/TAOS,589
2023,12,Dezembro,Com. Leves,Direta,30,FORD/MAVERICK,5
2023,12,Dezembro,Autos,Direta,31,RENAULT/SANDERO,517
2023,12,Dezembro,Com. Leves,Direta,31,PEUGEOT/BOXER,4
2023,12,Dezembro,Autos,Direta,32,VOLVO/XC60,499
2023,12,Dezembro,Com. Leves,Direta,32,CITROEN/JUMPER,3
2023,12,Dezembro,Autos,Direta,33,RENAULT/LOGAN,410
2023,12,Dezembro,Com. Leves,Direta,33,KIA/K2500,2
2023,12,Dezembro,Autos,Direta,34,HONDA/HR-V,389
2023,12,Dezembro,Autos,Direta,35,JEEP/COMMANDER,346
2023,12,Dezembro,Autos,Direta,36,VOLVO/XC40,316
2023,12,Dezembro,Autos,Direta,37,AUDI/Q5,255
2023,12,Dezembro,Autos,Direta,38,TOYOTA/HILUX SW4,245
2023,12,Dezembro,Autos,Direta,39,NISSAN/VERSA,228
2023,12,Dezembro,Autos,Direta,40,HONDA/ZR-V,209
2023,12,Dezembro,Autos,Direta,41,FORD/TERRITORY,188
2023,12,Dezembro,Autos,Direta,42,CITROEN/C4 CACTUS,161
2023,12,Dezembro,Autos,Direta,43,NISSAN/SENTRA,154
2023,12,Dezembro,Autos,Direta,44,NISSAN/LEAF,151
2023,12,Dezembro,Autos,Direta,45,VOLVO/XC90,134
2023,12,Dezembro,Autos,Direta,46,CITROEN/C3 AIRCROSS,131
2023,12,Dezembro,Autos,Direta,47,CAOA CHERY/TIGGO 5X,125
2023,12,Dezembro,Autos,Direta,48,MITSUBISHI/PAJERO,117
2023,12,Dezembro,Autos,Direta,49,VOLVO/C40,117
2023,12,Dezembro,Autos,Direta,50,AUDI/Q8,91
2023,12,Dezembro,Autos,Varejo,1,HYUNDAI/CRETA,7641
2023,12,Dezembro,Com. Leves,Varejo,1,FIAT/STRADA,3079
2023,12,Dezembro,Autos,Varejo,2,GM/ONIX,5388
2023,12,Dezembro,Com. Leves,Varejo,2,TOYOTA/HILUX,2671
2023,12,Dezembro,Autos,Varejo,3,GM/TRACKER,4785
2023,12,Dezembro,Com. Leves,Varejo,3,FIAT/TORO,1652
2023,12,Dezembro,Autos,Varejo,4,VW/T CROSS,3896
2023,12,Dezembro,Com. Leves,Varejo,4,GM/MONTANA,1293
2023,12,Dezembro,Autos,Varejo,5,HONDA/HR-V,3812
2023,12,Dezembro,Com. Leves,Varejo,5,FORD/RANGER,1185
2023,12,Dezembro,Autos,Varejo,6,VW/NIVUS,3665
2023,12,Dezembro,Com. Leves,Varejo,6,RAM/RAMPAGE,596
2023,12,Dezembro,Autos,Varejo,7,VW/POLO,3635
2023,12,Dezembro,Com. Leves,Varejo,7,MITSUBISHI/L200,591
2023,12,Dezembro,Autos,Varejo,8,TOYOTA/COROLLA CROSS,3359
2023,12,Dezembro,Com. Leves,Varejo,8,GM/S10,448
2023,12,Dezembro,Autos,Varejo,9,GM/ONIX PLUS,3143
2023,12,Dezembro,Com. Leves,Varejo,9,VW/SAVEIRO,283
2023,12,Dezembro,Autos,Varejo,10,TOYOTA/COROLLA,2821
2023,12,Dezembro,Com. Leves,Varejo,10,RENAULT/OROCH,274
2023,12,Dezembro,Autos,Varejo,11,FIAT/ARGO,2808
2023,12,Dezembro,Com. Leves,Varejo,11,RENAULT/MASTER,264
2023,12,Dezembro,Autos,Varejo,12,FIAT/FASTBACK,2761
2023,12,Dezembro,Com. Leves,Varejo,12,FIAT/FIORINO,247
2023,12,Dezembro,Autos,Varejo,13,FIAT/PULSE,2706
2023,12,Dezembro,Com. Leves,Varejo,13,KIA/K2500,238
2023,12,Dezembro,Autos,Varejo,14,JEEP/COMPASS,2664
2023,12,Dezembro,Com. Leves,Varejo,14,M.BENZ/SPRINTER 315,234
2023,12,Dezembro,Autos,Varejo,15,HYUNDAI/HB20,2649
2023,12,Dezembro,Com. Leves,Varejo,15,NISSAN/FRONTIER,216
2023,12,Dezembro,Autos,Varejo,16,NISSAN/KICKS,2613
2023,12,Dezembro,Com. Leves,Varejo,16,FIAT/SCUDO,170
2023,12,Dezembro,Autos,Varejo,17,BYD/DOLPHIN,2248
2023,12,Dezembro,Com. Leves,Varejo,17,FORD/MAVERICK,150
2023,12,Dezembro,Autos,Varejo,18,JEEP/RENEGADE,2144
2023,12,Dezembro,Com. Leves,Varejo,18,RAM/2500,140
2023,12,Dezembro,Autos,Varejo,19,CAOA CHERY/TIGGO 5X,2100
2023,12,Dezembro,Com. Leves,Varejo,19,VW TRUCK E BUS/EXPRESS,127
2023,12,Dezembro,Autos,Varejo,20,BYD/SONG PLUS,1883
2023,12,Dezembro,Com. Leves,Varejo,20,PEUGEOT/EXPERT,113
2023,12,Dezembro,Autos,Varejo,21,TOYOTA/HILUX SW4,1677
2023,12,Dezembro,Com. Leves,Varejo,21,IVECO/DAILY,107
2023,12,Dezembro,Autos,Varejo,22,TOYOTA/YARIS HB,1465
2023,12,Dezembro,Com. Leves,Varejo,22,FORD/TRANSIT,101
2023,12,Dezembro,Autos,Varejo,23,FIAT/MOBI,1371
2023,12,Dezembro,Com. Leves,Varejo,23,RAM/3500,9
2023,12,Dezembro,Autos,Varejo,24,CITROEN/C3,1344
2023,12,Dezembro,Com. Leves,Varejo,24,RAM/CLASSIC,91
2023,12,Dezembro,Autos,Varejo,25,PEUGEOT/208,1280
2023,12,Dezembro,Com. Leves,Varejo,25,CITROEN/JUMPY,82
2023,12,Dezembro,Autos,Varejo,26,FIAT/CRONOS,1241
2023,12,Dezembro,Com. Leves,Varejo,26,EFFA/V21,81
2023,12,Dezembro,Autos,Varejo,27,VW/VIRTUS,1224
2023,12,Dezembro,Com. Leves,Varejo,27,VW/AMAROK,58
2023,12,Dezembro,Autos,Varejo,28,VW/TAOS,1172
2023,12,Dezembro,Com. Leves,Varejo,28,HYUNDAI/HR,57
2023,12,Dezembro,Autos,Varejo,29,CAOA CHERY/TIGGO 8,1066
2023,12,Dezembro,Com. Leves,Varejo,29,IVECO/DAILY 30-130,53
2023,12,Dezembro,Autos,Varejo,30,TOYOTA/YARIS SEDAN,905
2023,12,Dezembro,Com. Leves,Varejo,30,JEEP/GLADIATOR,42
2023,12,Dezembro,Autos,Varejo,31,RENAULT/DUSTER,895
2023,12,Dezembro,Com. Leves,Varejo,31,FIAT/DUCATO,32
2023,12,Dezembro,Autos,Varejo,32,HONDA/CITY,879
2023,12,Dezembro,Com. Leves,Varejo,32,EFFA/V22,30
2023,12,Dezembro,Autos,Varejo,33,BYD/SEAL,857
2023,12,Dezembro,Com. Leves,Varejo,33,PEUGEOT/PARTNER,29
2023,12,Dezembro,Autos,Varejo,34,JEEP/COMMANDER,839
2023,12,Dezembro,Com. Leves,Varejo,34,RAM/1500,19
2023,12,Dezembro,Autos,Varejo,35,HYUNDAI/HB20S,823
2023,12,Dezembro,Com. Leves,Varejo,35,PEUGEOT/BOXER,12
2023,12,Dezembro,Autos,Varejo,36,NISSAN/VERSA,796
2023,12,Dezembro,Com. Leves,Varejo,36,JAC/EJV5.5,10
2023,12,Dezembro,Autos,Varejo,37,HONDA/CITY HATCH,775
2023,12,Dezembro,Com. Leves,Varejo,37,M.BENZ/SPRINTER,8
2023,12,Dezembro,Autos,Varejo,38,RENAULT/KWID,654
2023,12,Dezembro,Com. Leves,Varejo,38,M.BENZ/SPRINTER 417,8
2023,12,Dezembro,Autos,Varejo,39,CAOA CHERY/TIGGO 7,612
2023,12,Dezembro,Com. Leves,Varejo,39,M.BENZ/SPRINTER 517,7
2023,12,Dezembro,Autos,Varejo,40,MITSUBISHI/ECLIPSE CROSS,597
2023,12,Dezembro,Com. Leves,Varejo,40,BYD/T3,5
2023,12,Dezembro,Autos,Varejo,41,GM/SPIN,516
2023,12,Dezembro,Com. Leves,Varejo,41,FORD/F150,4
2023,12,Dezembro,Autos,Varejo,42,BYD/YUAN PLUS,475
2023,12,Dezembro,Com. Leves,Varejo,42,ARROW/ONE,4
2023,12,Dezembro,Autos,Varejo,43,BMW/X1,409
2023,12,Dezembro,Com. Leves,Varejo,43,GMC/HUMMER EV EDITION 1,3
2023,12,Dezembro,Autos,Varejo,44,BMW/320I,400
2023,12,Dezembro,Com. Leves,Varejo,44,CITROEN/JUMPER,2
2023,12,Dezembro,Autos,Varejo,45,VW/TIGUAN,395
2023,12,Dezembro,Com. Leves,Varejo,45,VW/KOMBI,2
2023,12,Dezembro,Autos,Varejo,46,HONDA/ZR-V,354
2023,12,Dezembro,Com. Leves,Varejo,46,JAC/EJV7L,2
2023,12,Dezembro,Autos,Varejo,47,GWM/HAVAL H6,346
2023,12,Dezembro,Com. Leves,Varejo,47,JAC/IEV750,2
2023,12,Dezembro,Autos,Varejo,48,GM/EQUINOX,273
2023,12,Dezembro,Com. Leves,Varejo,48,FIAT/CITY,1
2023,12,Dezembro,Autos,Varejo,49,VW/JETTA,270
2023,12,Dezembro,Com. Leves,Varejo,49,GM/C1404,1
2023,12,Dezembro,Autos,Varejo,50,RENAULT/SANDERO,241
2023,12,Dezembro,Com. Leves,Varejo,50,IVECO/DAILY 35-180,1
2024,1,Janeiro,Autos,Varejo,1,GM/ONIX,4346
2024,1,Janeiro,Com. Leves,Varejo,1,FIAT/STRADA,2907
2024,1,Janeiro,Autos,Varejo,2,HYUNDAI/CRETA,4257
2024,1,Janeiro,Com. Leves,Varejo,2,TOYOTA/ HILUX,1972
2024,1,Janeiro,Autos,Varejo,3,GM/TRACKER,3582
2024,1,Janeiro,Com. Leves,Varejo,3,FIAT/TORO,1558
2024,1,Janeiro,Autos,Varejo,4,VW/POLO,3212
2024,1,Janeiro,Com. Leves,Varejo,4,FORD/RANGER,1067
2024,1,Janeiro,Autos,Varejo,5,FIAT /FASTBACK,2961
2024,1,Janeiro,Com. Leves,Varejo,5,GM/MONTANA,1066
2024,1,Janeiro,Autos,Varejo,6,FIAT/ARGO,2878
2024,1,Janeiro,Com. Leves,Varejo,6,RAM/RAMPAGE,653
2024,1,Janeiro,Autos,Varejo,7,HYUNDAI/HB20,2699
2024,1,Janeiro,Com. Leves,Varejo,7,MITSUBISHI /L200,428
2024,1,Janeiro,Autos,Varejo,8,HONDA/HR-V,2629
2024,1,Janeiro,Com. Leves,Varejo,8,GM/S1O,408
2024,1,Janeiro,Autos,Varejo,9,JEEP/COMPASS,2621
2024,1,Janeiro,Com. Leves,Varejo,9,FIAT/FIORINO,295
2024,1,Janeiro,Autos,Varejo,10,GM/ONIX PLUS,2555
2024,1,Janeiro,Com. Leves,Varejo,10,VW/SAVEIRO,294
2024,1,Janeiro,Autos,Varejo,1,FIAT/PULSE,2527
2024,1,Janeiro,Com. Leves,Varejo,1,KIA/K2500,199
2024,1,Janeiro,Autos,Varejo,12,VW/T CROSS,2451
2024,1,Janeiro,Com. Leves,Varejo,12,RENAULT/MASTER,181
2024,1,Janeiro,Autos,Varejo,13,NISSAN/KICKS,2444
2024,1,Janeiro,Com. Leves,Varejo,13,FIAT/SCUDO,173
2024,1,Janeiro,Autos,Varejo,14,VW/NIVUS,2380
2024,1,Janeiro,Com. Leves,Varejo,14,RENAULT/OROCH,158
2024,1,Janeiro,Autos,Varejo,15,JEEP/RENEGADE,2314
2024,1,Janeiro,Com. Leves,Varejo,15,NISSAN /FRONTIER,136
2024,1,Janeiro,Autos,Varejo,16,TOYOTA/COROLLA CROSS,2180
2024,1,Janeiro,Com. Leves,Varejo,16,FORD/MAVERICK,122
2024,1,Janeiro,Autos,Varejo,17,CAOA CHERY/TIGGO 5X,1892
2024,1,Janeiro,Com. Leves,Varejo,17,EFFA/V21,121
2024,1,Janeiro,Autos,Varejo,18,BYD/DOLPHIN,1734
2024,1,Janeiro,Com. Leves,Varejo,18,VW TRUCK E BUS /EXPRESS,107
2024,1,Janeiro,Autos,Varejo,19,BYD/SONG PLUS,1462
2024,1,Janeiro,Com. Leves,Varejo,19,PEUGEOT /EXPERT,94
2024,1,Janeiro,Autos,Varejo,20,TOYOTA/COROLLA,1460
2024,1,Janeiro,Com. Leves,Varejo,20,IVECO/DAILY,8
2024,1,Janeiro,Autos,Varejo,21,FIAT/MOBI,1435
2024,1,Janeiro,Com. Leves,Varejo,21,IVECO/DAILY 30-130,86
2024,1,Janeiro,Autos,Varejo,22,CITROEN/C3,1355
2024,1,Janeiro,Com. Leves,Varejo,22,GM/SILVERADO,84
2024,1,Janeiro,Autos,Varejo,23,TOYOTA/YARIS HB,1316
2024,1,Janeiro,Com. Leves,Varejo,23,M.BENZ/SPRINTER 315,7
2024,1,Janeiro,Autos,Varejo,24,PEUGEOT/208,1298
2024,1,Janeiro,Com. Leves,Varejo,24,CITROEN /JUMPY,76
2024,1,Janeiro,Autos,Varejo,25,TOYOTA/ HILUX SW4,1282
2024,1,Janeiro,Com. Leves,Varejo,25,FORD/TRANSIT,75
2024,1,Janeiro,Autos,Varejo,26,FIAT/CRONOS,1143
2024,1,Janeiro,Com. Leves,Varejo,26,RAM/3500,69
2024,1,Janeiro,Autos,Varejo,27,VW/VIRTUS,1067
2024,1,Janeiro,Com. Leves,Varejo,27,RAM/1500,65
2024,1,Janeiro,Autos,Varejo,28,HONDA/CITY,913
2024,1,Janeiro,Com. Leves,Varejo,28,RAM/2500,59
2024,1,Janeiro,Autos,Varejo,29,HYUNDAI/HB20S,868
2024,1,Janeiro,Com. Leves,Varejo,29,RAM/CLASSIC,58
2024,1,Janeiro,Autos,Varejo,30,RENAULT /DUSTER,834
2024,1,Janeiro,Com. Leves,Varejo,30,FIAT/DUCATO,54
2024,1,Janeiro,Autos,Varejo,31,CAOA CHERY/TIGGO 8,807
2024,1,Janeiro,Com. Leves,Varejo,31,HYUNDAI/HR,48
2024,1,Janeiro,Autos,Varejo,32,HONDA/CITY HATCH,783
2024,1,Janeiro,Com. Leves,Varejo,32,PEUGEOT/PARTNER,4
2024,1,Janeiro,Autos,Varejo,33,NISSAN/VERSA,780
2024,1,Janeiro,Com. Leves,Varejo,33,VW/AMAROK,30
2024,1,Janeiro,Autos,Varejo,34,VW/TAOS,742
2024,1,Janeiro,Com. Leves,Varejo,34,EFFA/V22,29
2024,1,Janeiro,Autos,Varejo,35,JEEP/COMMANDER,736
2024,1,Janeiro,Com. Leves,Varejo,35,JEEP/GLADIATOR,19
2024,1,Janeiro,Autos,Varejo,36,BYD/SEAL,602
2024,1,Janeiro,Com. Leves,Varejo,36,M.BENZ/SPRINTER 517,15
2024,1,Janeiro,Autos,Varejo,37,TOYOTA/YARIS SEDAN,593
2024,1,Janeiro,Autos,Varejo,38,GM/SPIN,582
2024,1,Janeiro,Com. Leves,Varejo,38,EFFA/V25,9
2024,1,Janeiro,Autos,Varejo,39,CAOA CHERY/TIGGO 7,539
2024,1,Janeiro,Com. Leves,Varejo,39,CITROEN /JUMPER,7
2024,1,Janeiro,Autos,Varejo,40,MITSUBISHI /ECLIPSE CROSS,481
2024,1,Janeiro,Com. Leves,Varejo,40,M.BENZ/SPRINTER 417,7
2024,1,Janeiro,Autos,Varejo,41,RENAULT/KWID,480
2024,1,Janeiro,Com. Leves,Varejo,41,FORD/F150,5
2024,1,Janeiro,Autos,Varejo,42,HONDA/ZR-V,358
2024,1,Janeiro,Com. Leves,Varejo,42,JAC/EJV5.5,5
2024,1,Janeiro,Autos,Varejo,43,BYD/YUAN PLUS,268
2024,1,Janeiro,Com. Leves,Varejo,43,IVECO/DAILY 35-180,3
2024,1,Janeiro,Autos,Varejo,44,PEUGEOT/E2008,263
2024,1,Janeiro,Com. Leves,Varejo,44,JAC/IEV750,3
2024,1,Janeiro,Autos,Varejo,45,VW/TIGUAN,245
2024,1,Janeiro,Com. Leves,Varejo,45,JAC/IEV 330P,2
2024,1,Janeiro,Autos,Varejo,46,BMW/X1,225
2024,1,Janeiro,Com. Leves,Varejo,46,HITECH/ECOCARGO,2
2024,1,Janeiro,Autos,Varejo,47,VW/JETTA,220
2024,1,Janeiro,Com. Leves,Varejo,47,FORD/F100,1
2024,1,Janeiro,Autos,Varejo,48,BMW/320I,216
2024,1,Janeiro,Com. Leves,Varejo,48,GMC/SIERRA,1
2024,1,Janeiro,Autos,Varejo,49,NISSAN/SENTRA,213
2024,1,Janeiro,Com. Leves,Varejo,49,HYUNDAI/SANTA CRUZ,1
2024,1,Janeiro,Autos,Varejo,50,RENAULT/SANDERO,161
2024,1,Janeiro,Com. Leves,Varejo,50,TOYOTA/BANDEIRANTE,1
2024,2,Fevereiro,Autos,Total,1,VW/POLO,8063
2024,2,Fevereiro,Com. Leves,Total,1,FIAT/STRADA,8568
2024,2,Fevereiro,Autos,Total,2,FIAT/ARGO,6507
2024,2,Fevereiro,Com. Leves,Total,2,VW/SAVEIRO,4127
2024,2,Fevereiro,Autos,Total,3,FIAT/MOBI,6288
2024,2,Fevereiro,Com. Leves,Total,3,TOYOTA/HILUX,3436
2024,2,Fevereiro,Autos,Total,4,RENAULT/KWID,6046
2024,2,Fevereiro,Com. Leves,Total,4,FIAT/TORO,3044
2024,2,Fevereiro,Autos,Total,5,HYUNDAI/HB20,5287
2024,2,Fevereiro,Com. Leves,Total,5,RAM/RAMPAGE,2101
2024,2,Fevereiro,Autos,Total,6,HYUNDAI/CRETA,4385
2024,2,Fevereiro,Com. Leves,Total,6,GM/S10,2020
2024,2,Fevereiro,Autos,Total,7,GM/ONIX,4299
2024,2,Fevereiro,Com. Leves,Total,7,FORD/RANGER,1885
2024,2,Fevereiro,Autos,Total,8,JEEP/COMPASS,4074
2024,2,Fevereiro,Com. Leves,Total,8,GM/MONTANA,1858
2024,2,Fevereiro,Autos,Total,9,VW/T CROSS,4039
2024,2,Fevereiro,Com. Leves,Total,9,FIAT/FIORINO,1422
2024,2,Fevereiro,Autos,Total,10,NISSAN/KICKS,3907
2024,2,Fevereiro,Com. Leves,Total,10,RENAULT/OROCH,977
2024,2,Fevereiro,Autos,Total,11,GM/TRACKER,3674
2024,2,Fevereiro,Com. Leves,Total,11,MITSUBISHI/L200,889
2024,2,Fevereiro,Autos,Total,12,FIAT/FASTBACK,3594
2024,2,Fevereiro,Com. Leves,Total,12,RENAULT/MASTER,833
2024,2,Fevereiro,Autos,Total,13,JEEP/RENEGADE,3502
2024,2,Fevereiro,Com. Leves,Total,13,NISSAN/FRONTIER,715
2024,2,Fevereiro,Autos,Total,14,GM/ONIX PLUS,3259
2024,2,Fevereiro,Com. Leves,Total,14,FIAT/SCUDO,362
2024,2,Fevereiro,Autos,Total,15,VW/NIVUS,3250
2024,2,Fevereiro,Com. Leves,Total,15,VW/AMAROK,245
2024,2,Fevereiro,Autos,Total,16,HONDA/HR-V,3221
2024,2,Fevereiro,Com. Leves,Total,16,FORD/MAVERICK,232
2024,2,Fevereiro,Autos,Total,17,TOYOTA/COROLLA CROSS,2878
2024,2,Fevereiro,Com. Leves,Total,17,KIA/K2500,195
2024,2,Fevereiro,Autos,Total,18,FIAT/PULSE,2652
2024,2,Fevereiro,Com. Leves,Total,18,FIAT/DUCATO,182
2024,2,Fevereiro,Autos,Total,19,VW/VIRTUS,2538
2024,2,Fevereiro,Com. Leves,Total,19,FORD/TRANSIT,162
2024,2,Fevereiro,Autos,Total,20,TOYOTA/COROLLA,2501
2024,2,Fevereiro,Com. Leves,Total,20,VW TRUCK E BUS/EXPRESS,155
2024,2,Fevereiro,Autos,Total,21,HYUNDAI/HB20S,2205
2024,2,Fevereiro,Com. Leves,Total,21,RAM/3500,132
2024,2,Fevereiro,Autos,Total,22,CAOA CHERY/TIGGO 5X,1991
2024,2,Fevereiro,Com. Leves,Total,22,RAM/CLASSIC,126
2024,2,Fevereiro,Autos,Total,23,BYD/SONG PLUS,1901
2024,2,Fevereiro,Com. Leves,Total,23,RAM/1500,125
2024,2,Fevereiro,Autos,Total,24,TOYOTA/YARIS HB,1841
2024,2,Fevereiro,Com. Leves,Total,24,GM/SILVERADO,124
2024,2,Fevereiro,Autos,Total,25,BYD/DOLPHIN,1807
2024,2,Fevereiro,Com. Leves,Total,25,CITROEN/JUMPY,111
2024,2,Fevereiro,Autos,Total,26,FIAT/CRONOS,1657
2024,2,Fevereiro,Com. Leves,Total,26,IVECO/DAILY,102
2024,2,Fevereiro,Autos,Total,27,RENAULT/DUSTER,1556
2024,2,Fevereiro,Com. Leves,Total,27,PEUGEOT/EXPERT,100
2024,2,Fevereiro,Autos,Total,28,PEUGEOT/208,1548
2024,2,Fevereiro,Com. Leves,Total,28,M.BENZ/SPRINTER 315,93
2024,2,Fevereiro,Autos,Total,29,CITROEN/C3,1515
2024,2,Fevereiro,Com. Leves,Total,29,RAM/2500,90
2024,2,Fevereiro,Autos,Total,30,TOYOTA/YARIS SEDAN,1436
2024,2,Fevereiro,Com. Leves,Total,30,JEEP/GLADIATOR,85
2024,2,Fevereiro,Autos,Total,31,GWM/HAVAL H6,1127
2024,2,Fevereiro,Com. Leves,Total,31,EFFA/V21,81
2024,2,Fevereiro,Autos,Total,32,TOYOTA/HILUX SW4,1085
2024,2,Fevereiro,Com. Leves,Total,32,HYUNDAI/HR,80
2024,2,Fevereiro,Autos,Total,33,JEEP/COMMANDER,1075
2024,2,Fevereiro,Com. Leves,Total,33,PEUGEOT/PARTNER,70
2024,2,Fevereiro,Autos,Total,34,VW/TAOS,1068
2024,2,Fevereiro,Com. Leves,Total,34,FIAT/TITANO,49
2024,2,Fevereiro,Autos,Total,35,HONDA/CITY,914
2024,2,Fevereiro,Com. Leves,Total,35,IVECO/DAILY 30-130,4
2024,2,Fevereiro,Autos,Total,36,NISSAN/VERSA,888
2024,2,Fevereiro,Com. Leves,Total,36,FORD/F150,31
2024,2,Fevereiro,Autos,Total,37,CAOA CHERY/TIGGO 8,807
2024,2,Fevereiro,Com. Leves,Total,37,EFFA/V22,29
2024,2,Fevereiro,Autos,Total,38,HONDA/CITY HATCH,775
2024,2,Fevereiro,Com. Leves,Total,38,JAC/EJV5.5,14
2024,2,Fevereiro,Autos,Total,39,GM/SPIN,755
2024,2,Fevereiro,Com. Leves,Total,39,M.BENZ/SPRINTER 517,1
2024,2,Fevereiro,Autos,Total,40,GWM/ORA 03,588
2024,2,Fevereiro,Com. Leves,Total,40,PEUGEOT/BOXER,8
2024,2,Fevereiro,Autos,Total,41,MITSUBISHI/ECLIPSE CROSS,562
2024,2,Fevereiro,Com. Leves,Total,41,M.BENZ/SPRINTER,7
2024,2,Fevereiro,Autos,Total,42,FORD/TERRITORY,545
2024,2,Fevereiro,Com. Leves,Total,42,CITROEN/JUMPER,6
2024,2,Fevereiro,Autos,Total,43,CAOA CHERY/TIGGO 7,522
2024,2,Fevereiro,Com. Leves,Total,43,M.BENZ/SPRINTER 417,6
2024,2,Fevereiro,Autos,Total,44,BYD/SEAL,455
2024,2,Fevereiro,Com. Leves,Total,44,BYD/T3,5
2024,2,Fevereiro,Autos,Total,45,RENAULT/SANDERO,398
2024,2,Fevereiro,Com. Leves,Total,45,ARROW/ONE,4
2024,2,Fevereiro,Autos,Total,46,HONDA/ZR-V,390
2024,2,Fevereiro,Com. Leves,Total,46,CITROEN/BERLINGO,3
2024,2,Fevereiro,Autos,Total,47,BMW/X1,384
2024,2,Fevereiro,Com. Leves,Total,47,GMC/HUMMER EV EDITION 1,3
2024,2,Fevereiro,Autos,Total,48,NISSAN/SENTRA,356
2024,2,Fevereiro,Com. Leves,Total,48,IVECO/DAILY 35-180,3
2024,2,Fevereiro,Autos,Total,49,VW/TIGUAN,279
2024,2,Fevereiro,Com. Leves,Total,49,MON/PROTOTIPO,3
2024,2,Fevereiro,Autos,Total,50,VW/JETTA,277
2024,2,Fevereiro,Com. Leves,Total,50,EFFA/V25,3
2024,2,Fevereiro,Autos,Direta,1,RENAULT/KWID,5534
2024,2,Fevereiro,Com. Leves,Direta,1,FIAT/STRADA,5345
2024,2,Fevereiro,Autos,Direta,2,VW/POLO,5093
2024,2,Fevereiro,Com. Leves,Direta,2,VW/SAVEIRO,3751
2024,2,Fevereiro,Autos,Direta,3,FIAT/MOBI,5080
2024,2,Fevereiro,Com. Leves,Direta,3,FIAT/TORO,1637
2024,2,Fevereiro,Autos,Direta,4,FIAT/ARGO,3995
2024,2,Fevereiro,Com. Leves,Direta,4,TOYOTA/HILUX,1576
2024,2,Fevereiro,Autos,Direta,5,HYUNDAI/HB20,2617
2024,2,Fevereiro,Com. Leves,Direta,5,RAM/RAMPAGE,1336
2024,2,Fevereiro,Autos,Direta,6,NISSAN/KICKS,1582
2024,2,Fevereiro,Com. Leves,Direta,6,GM/S10,1312
2024,2,Fevereiro,Autos,Direta,7,VW/T CROSS,1538
2024,2,Fevereiro,Com. Leves,Direta,7,FIAT/FIORINO,1178
2024,2,Fevereiro,Autos,Direta,8,HYUNDAI/HB20S,1463
2024,2,Fevereiro,Com. Leves,Direta,8,GM/MONTANA,953
2024,2,Fevereiro,Autos,Direta,9,VW/VIRTUS,1429
2024,2,Fevereiro,Com. Leves,Direta,9,RENAULT/OROCH,842
2024,2,Fevereiro,Autos,Direta,10,GM/ONIX PLUS,1427
2024,2,Fevereiro,Com. Leves,Direta,10,FORD/RANGER,838
2024,2,Fevereiro,Autos,Direta,11,JEEP/COMPASS,1411
2024,2,Fevereiro,Com. Leves,Direta,11,RENAULT/MASTER,597
2024,2,Fevereiro,Autos,Direta,12,JEEP/RENEGADE,1403
2024,2,Fevereiro,Com. Leves,Direta,12,NISSAN/FRONTIER,543
2024,2,Fevereiro,Autos,Direta,13,VW/NIVUS,1326
2024,2,Fevereiro,Com. Leves,Direta,13,MITSUBISHI/L200,492
2024,2,Fevereiro,Autos,Direta,14,GM/TRACKER,1294
2024,2,Fevereiro,Com. Leves,Direta,14,VW/AMAROK,203
2024,2,Fevereiro,Autos,Direta,15,GM/ONIX,1216
2024,2,Fevereiro,Com. Leves,Direta,15,FIAT/SCUDO,158
2024,2,Fevereiro,Autos,Direta,16,GWM/HAVAL H6,1101
2024,2,Fevereiro,Com. Leves,Direta,16,FIAT/DUCATO,129
2024,2,Fevereiro,Autos,Direta,17,RENAULT/DUSTER,952
2024,2,Fevereiro,Com. Leves,Direta,17,FORD/TRANSIT,102
2024,2,Fevereiro,Autos,Direta,18,TOYOTA/YARIS SEDAN,870
2024,2,Fevereiro,Com. Leves,Direta,18,RAM/CLASSIC,81
2024,2,Fevereiro,Autos,Direta,19,FIAT/CRONOS,774
2024,2,Fevereiro,Com. Leves,Direta,19,JEEP/GLADIATOR,75
2024,2,Fevereiro,Autos,Direta,20,HYUNDAI/CRETA,708
2024,2,Fevereiro,Com. Leves,Direta,20,RAM/1500,70
2024,2,Fevereiro,Autos,Direta,21,TOYOTA/COROLLA,661
2024,2,Fevereiro,Com. Leves,Direta,21,GM/SILVERADO,64
2024,2,Fevereiro,Autos,Direta,22,FIAT/PULSE,642
2024,2,Fevereiro,Com. Leves,Direta,22,RAM/3500,62
2024,2,Fevereiro,Autos,Direta,23,TOYOTA/COROLLA CROSS,626
2024,2,Fevereiro,Com. Leves,Direta,23,RAM/2500,56
2024,2,Fevereiro,Autos,Direta,24,GWM/ORA 03,570
2024,2,Fevereiro,Com. Leves,Direta,24,FIAT/TITANO,49
2024,2,Fevereiro,Autos,Direta,25,FORD/TERRITORY,539
2024,2,Fevereiro,Com. Leves,Direta,25,VW TRUCK E BUS/EXPRESS,38
2024,2,Fevereiro,Autos,Direta,26,JEEP/COMMANDER,511
2024,2,Fevereiro,Com. Leves,Direta,26,PEUGEOT/PARTNER,35
2024,2,Fevereiro,Autos,Direta,27,FIAT/FASTBACK,504
2024,2,Fevereiro,Com. Leves,Direta,27,PEUGEOT/EXPERT,17
2024,2,Fevereiro,Autos,Direta,28,VW/TAOS,492
2024,2,Fevereiro,Com. Leves,Direta,28,CITROEN/JUMPY,16
2024,2,Fevereiro,Autos,Direta,29,CITROEN/C3,473
2024,2,Fevereiro,Com. Leves,Direta,29,FORD/F150,16
2024,2,Fevereiro,Autos,Direta,30,TOYOTA/YARIS HB,462
2024,2,Fevereiro,Com. Leves,Direta,30,FORD/MAVERICK,13
2024,2,Fevereiro,Autos,Direta,31,HONDA/HR-V,329
2024,2,Fevereiro,Com. Leves,Direta,31,HYUNDAI/HR,5
2024,2,Fevereiro,Autos,Direta,32,PEUGEOT/208,272
2024,2,Fevereiro,Com. Leves,Direta,32,BYD/T3,5
2024,2,Fevereiro,Autos,Direta,33,RENAULT/LOGAN,209
2024,2,Fevereiro,Com. Leves,Direta,33,PEUGEOT/BOXER,4
2024,2,Fevereiro,Autos,Direta,34,RENAULT/SANDERO,207
2024,2,Fevereiro,Com. Leves,Direta,34,CITROEN/BERLINGO,3
2024,2,Fevereiro,Autos,Direta,35,NISSAN/VERSA,206
2024,2,Fevereiro,Autos,Direta,36,GM/SPIN,181
2024,2,Fevereiro,Autos,Direta,37,NISSAN/SENTRA,174
2024,2,Fevereiro,Autos,Direta,38,VOLVO/XC60,166
2024,2,Fevereiro,Autos,Direta,39,BYD/SONG PLUS,132
2024,2,Fevereiro,Autos,Direta,40,AUDI/Q5,119
2024,2,Fevereiro,Autos,Direta,41,HONDA/CITY,111
2024,2,Fevereiro,Autos,Direta,42,HONDA/CITY HATCH,8
2024,2,Fevereiro,Autos,Direta,43,TOYOTA/HILUX SW4,82
2024,2,Fevereiro,Autos,Direta,44,VOLVO/XC40,81
2024,2,Fevereiro,Autos,Direta,45,MITSUBISHI/PAJERO,65
2024,2,Fevereiro,Autos,Direta,46,CAOA CHERY/TIGGO 5X,60
2024,2,Fevereiro,Autos,Direta,47,VOLVO/XC90,59
2024,2,Fevereiro,Autos,Direta,48,BYD/DOLPHIN,58
2024,2,Fevereiro,Autos,Direta,49,CAOA CHERY/TIGGO 8,57
2024,2,Fevereiro,Autos,Direta,50,MITSUBISHI/ECLIPSE CROSS,53
2024,2,Fevereiro,Autos,Varejo,1,HYUNDAI/CRETA,3677
2024,2,Fevereiro,Com. Leves,Varejo,1,FIAT/STRADA,3223
2024,2,Fevereiro,Autos,Varejo,2,FIAT/FASTBACK,3090
2024,2,Fevereiro,Com. Leves,Varejo,2,TOYOTA/HILUX,1860
2024,2,Fevereiro,Autos,Varejo,3,GM/ONIX,3083
2024,2,Fevereiro,Com. Leves,Varejo,3,FIAT/TORO,1407
2024,2,Fevereiro,Autos,Varejo,4,VW/POLO,2970
2024,2,Fevereiro,Com. Leves,Varejo,4,FORD/RANGER,1047
2024,2,Fevereiro,Autos,Varejo,5,HONDA/HR-V,2892
2024,2,Fevereiro,Com. Leves,Varejo,5,GM/MONTANA,905
2024,2,Fevereiro,Autos,Varejo,6,HYUNDAI/HB20,2670
2024,2,Fevereiro,Com. Leves,Varejo,6,RAM/RAMPAGE,765
2024,2,Fevereiro,Autos,Varejo,7,JEEP/COMPASS,2663
2024,2,Fevereiro,Com. Leves,Varejo,7,GM/S10,708
2024,2,Fevereiro,Autos,Varejo,8,FIAT/ARGO,2512
2024,2,Fevereiro,Com. Leves,Varejo,8,MITSUBISHI/L200,397
2024,2,Fevereiro,Autos,Varejo,9,VW/T CROSS,2501
2024,2,Fevereiro,Com. Leves,Varejo,9,VW/SAVEIRO,376
2024,2,Fevereiro,Autos,Varejo,10,GM/TRACKER,2380
2024,2,Fevereiro,Com. Leves,Varejo,10,FIAT/FIORINO,244
2024,2,Fevereiro,Autos,Varejo,11,NISSAN/KICKS,2325
2024,2,Fevereiro,Com. Leves,Varejo,11,RENAULT/MASTER,236
2024,2,Fevereiro,Autos,Varejo,12,TOYOTA/COROLLA CROSS,2252
2024,2,Fevereiro,Com. Leves,Varejo,12,FORD/MAVERICK,219
2024,2,Fevereiro,Autos,Varejo,13,JEEP/RENEGADE,2099
2024,2,Fevereiro,Com. Leves,Varejo,13,FIAT/SCUDO,204
2024,2,Fevereiro,Autos,Varejo,14,FIAT/PULSE,2010
2024,2,Fevereiro,Com. Leves,Varejo,14,KIA/K2500,195
2024,2,Fevereiro,Autos,Varejo,15,CAOA CHERY/TIGGO 5X,1931
2024,2,Fevereiro,Com. Leves,Varejo,15,NISSAN/FRONTIER,172
2024,2,Fevereiro,Autos,Varejo,16,VW/NIVUS,1924
2024,2,Fevereiro,Com. Leves,Varejo,16,RENAULT/OROCH,135
2024,2,Fevereiro,Autos,Varejo,17,TOYOTA/COROLLA,1840
2024,2,Fevereiro,Com. Leves,Varejo,17,VW TRUCK E BUS/EXPRESS,117
2024,2,Fevereiro,Autos,Varejo,18,GM/ONIX PLUS,1832
2024,2,Fevereiro,Com. Leves,Varejo,18,IVECO/DAILY,102
2024,2,Fevereiro,Autos,Varejo,19,BYD/SONG PLUS,1769
2024,2,Fevereiro,Com. Leves,Varejo,19,CITROEN/JUMPY,95
2024,2,Fevereiro,Autos,Varejo,20,BYD/DOLPHIN,1749
2024,2,Fevereiro,Com. Leves,Varejo,20,M.BENZ/SPRINTER 315,93
2024,2,Fevereiro,Autos,Varejo,21,TOYOTA/YARIS HB,1379
2024,2,Fevereiro,Com. Leves,Varejo,21,PEUGEOT/EXPERT,83
2024,2,Fevereiro,Autos,Varejo,22,PEUGEOT/208,1276
2024,2,Fevereiro,Com. Leves,Varejo,22,EFFA/V21,81
2024,2,Fevereiro,Autos,Varejo,23,FIAT/MOBI,1208
2024,2,Fevereiro,Com. Leves,Varejo,23,HYUNDAI/HR,75
2024,2,Fevereiro,Autos,Varejo,24,VW/VIRTUS,1109
2024,2,Fevereiro,Com. Leves,Varejo,24,RAM/3500,70
2024,2,Fevereiro,Autos,Varejo,25,CITROEN/C3,1042
2024,2,Fevereiro,Com. Leves,Varejo,25,FORD/TRANSIT,60
2024,2,Fevereiro,Autos,Varejo,26,TOYOTA/HILUX SW4,1003
2024,2,Fevereiro,Com. Leves,Varejo,26,GM/SILVERADO,60
2024,2,Fevereiro,Autos,Varejo,27,FIAT/CRONOS,883
2024,2,Fevereiro,Com. Leves,Varejo,27,RAM/1500,5
2024,2,Fevereiro,Autos,Varejo,28,HONDA/CITY,803
2024,2,Fevereiro,Com. Leves,Varejo,28,FIAT/DUCATO,53
2024,2,Fevereiro,Autos,Varejo,29,CAOA CHERY/TIGGO 8,750
2024,2,Fevereiro,Com. Leves,Varejo,29,RAM/CLASSIC,45
2024,2,Fevereiro,Autos,Varejo,30,HYUNDAI/HB20S,742
2024,2,Fevereiro,Com. Leves,Varejo,30,IVECO/DAILY 30-130,4
2024,2,Fevereiro,Autos,Varejo,31,HONDA/CITY HATCH,687
2024,2,Fevereiro,Com. Leves,Varejo,31,VW/AMAROK,42
2024,2,Fevereiro,Autos,Varejo,32,NISSAN/VERSA,682
2024,2,Fevereiro,Com. Leves,Varejo,32,PEUGEOT/PARTNER,35
2024,2,Fevereiro,Autos,Varejo,33,RENAULT/DUSTER,604
2024,2,Fevereiro,Com. Leves,Varejo,33,RAM/2500,34
2024,2,Fevereiro,Autos,Varejo,34,VW/TAOS,576
2024,2,Fevereiro,Com. Leves,Varejo,34,EFFA/V22,29
2024,2,Fevereiro,Autos,Varejo,35,GM/SPIN,574
2024,2,Fevereiro,Com. Leves,Varejo,35,FORD/F150,15
2024,2,Fevereiro,Autos,Varejo,36,TOYOTA/YARIS SEDAN,566
2024,2,Fevereiro,Com. Leves,Varejo,36,JAC/EJV5.5,14
2024,2,Fevereiro,Autos,Varejo,37,JEEP/COMMANDER,564
2024,2,Fevereiro,Com. Leves,Varejo,37,M.BENZ/SPRINTER 517,1
2024,2,Fevereiro,Autos,Varejo,38,RENAULT/KWID,512
2024,2,Fevereiro,Com. Leves,Varejo,38,JEEP/GLADIATOR,10
2024,2,Fevereiro,Autos,Varejo,39,MITSUBISHI/ECLIPSE CROSS,509
2024,2,Fevereiro,Com. Leves,Varejo,39,M.BENZ/SPRINTER,7
2024,2,Fevereiro,Autos,Varejo,40,CAOA CHERY/TIGGO 7,493
2024,2,Fevereiro,Com. Leves,Varejo,40,M.BENZ/SPRINTER 417,6
2024,2,Fevereiro,Autos,Varejo,41,BYD/SEAL,446
2024,2,Fevereiro,Com. Leves,Varejo,41,CITROEN/JUMPER,4
2024,2,Fevereiro,Autos,Varejo,42,HONDA/ZR-V,384
2024,2,Fevereiro,Com. Leves,Varejo,42,PEUGEOT/BOXER,4
2024,2,Fevereiro,Autos,Varejo,43,BMW/X1,366
2024,2,Fevereiro,Com. Leves,Varejo,43,ARROW/ONE,4
2024,2,Fevereiro,Autos,Varejo,44,VW/TIGUAN,275
2024,2,Fevereiro,Com. Leves,Varejo,44,GMC/HUMMER EV EDITION 1,3
2024,2,Fevereiro,Autos,Varejo,45,VW/JETTA,272
2024,2,Fevereiro,Com. Leves,Varejo,45,IVECO/DAILY 35-180,3
2024,2,Fevereiro,Autos,Varejo,46,BMW/320I,225
2024,2,Fevereiro,Com. Leves,Varejo,46,MON/PROTOTIPO,3
2024,2,Fevereiro,Autos,Varejo,47,BYD/YUAN PLUS,217
2024,2,Fevereiro,Com. Leves,Varejo,47,EFFA/V25,3
2024,2,Fevereiro,Autos,Varejo,48,TOYOTA/RAV4,203
2024,2,Fevereiro,Com. Leves,Varejo,48,DODGE/CHARGER,1
2024,2,Fevereiro,Autos,Varejo,49,RENAULT/SANDERO,191
2024,2,Fevereiro,Com. Leves,Varejo,49,FORD/F1000,1
2024,2,Fevereiro,Autos,Varejo,50,GM/CRUZE SEDAN,187
2024,2,Fevereiro,Com. Leves,Varejo,50,IVECO/DAILY 5516,1
2024,3,Março,Autos,Total,1,VW/POLO,11943
2024,3,Março,Com. Leves,Total,1,FIAT/STRADA,9990
2024,3,Março,Autos,Total,2,GM/ONIX,7753
2024,3,Março,Com. Leves,Total,2,VW/SAVEIRO,4607
2024,3,Março,Autos,Total,3,FIAT/ARGO,6850
2024,3,Março,Com. Leves,Total,3,FIAT/TORO,3957
2024,3,Março,Autos,Total,4,VW/T CROSS,5462
2024,3,Março,Com. Leves,Total,4,TOYOTA/HILUX,3498
2024,3,Março,Autos,Total,5,HYUNDAI/HB20,5288
2024,3,Março,Com. Leves,Total,5,GM/MONTANA,2165
2024,3,Março,Autos,Total,6,NISSAN/KICKS,5034
2024,3,Março,Com. Leves,Total,6,RAM/RAMPAGE,2133
2024,3,Março,Autos,Total,7,GM/TRACKER,4711
2024,3,Março,Com. Leves,Total,7,GM/S10,1740
2024,3,Março,Autos,Total,8,FIAT/MOBI,4658
2024,3,Março,Com. Leves,Total,8,FIAT/FIORINO,1666
2024,3,Março,Autos,Total,9,HYUNDAI/CRETA,4317
2024,3,Março,Com. Leves,Total,9,FORD/RANGER,1395
2024,3,Março,Autos,Total,10,RENAULT/KWID,3992
2024,3,Março,Com. Leves,Total,10,RENAULT/OROCH,1095
2024,3,Março,Autos,Total,11,GM/ONIX PLUS,3986
2024,3,Março,Com. Leves,Total,11,RENAULT/MASTER,932
2024,3,Março,Autos,Total,12,JEEP/COMPASS,3971
2024,3,Março,Com. Leves,Total,12,NISSAN/FRONTIER,910
2024,3,Março,Autos,Total,13,VW/NIVUS,3915
2024,3,Março,Com. Leves,Total,13,MITSUBISHI/L200,886
2024,3,Março,Autos,Total,14,JEEP/RENEGADE,3881
2024,3,Março,Com. Leves,Total,14,FIAT/SCUDO,267
2024,3,Março,Autos,Total,15,FIAT/FASTBACK,3819
2024,3,Março,Com. Leves,Total,15,VW/AMAROK,263
2024,3,Março,Autos,Total,16,HONDA/HR-V,3656
2024,3,Março,Com. Leves,Total,16,FORD/MAVERICK,261
2024,3,Março,Autos,Total,17,TOYOTA/COROLLA CROSS,3326
2024,3,Março,Com. Leves,Total,17,FORD/TRANSIT,246
2024,3,Março,Autos,Total,18,TOYOTA/COROLLA,3166
2024,3,Março,Com. Leves,Total,18,FIAT/DUCATO,203
2024,3,Março,Autos,Total,19,FIAT/PULSE,3038
2024,3,Março,Com. Leves,Total,19,KIA/K2500,192
2024,3,Março,Autos,Total,20,VW/VIRTUS,3017
2024,3,Março,Com. Leves,Total,20,VW TRUCK E BUS/EXPRESS,160
2024,3,Março,Autos,Total,21,BYD/DOLPHIN MINI,2469
2024,3,Março,Com. Leves,Total,21,CITROEN/JUMPY,157
2024,3,Março,Autos,Total,22,CAOA CHERY/TIGGO 5X,2464
2024,3,Março,Com. Leves,Total,22,RAM/3500,136
2024,3,Março,Autos,Total,23,RENAULT/DUSTER,2208
2024,3,Março,Com. Leves,Total,23,RAM/CLASSIC,128
2024,3,Março,Autos,Total,24,TOYOTA/YARIS HB,2151
2024,3,Março,Com. Leves,Total,24,IVECO/DAILY,114
2024,3,Março,Autos,Total,25,FIAT/CRONOS,1884
2024,3,Março,Com. Leves,Total,25,RAM/2500,108
2024,3,Março,Autos,Total,26,CAOA CHERY/TIGGO 7,1745
2024,3,Março,Com. Leves,Total,26,JEEP/GLADIATOR,106
2024,3,Março,Autos,Total,27,BYD/DOLPHIN,1707
2024,3,Março,Com. Leves,Total,27,HYUNDAI/HR,95
2024,3,Março,Autos,Total,28,CITROEN/C3,1637
2024,3,Março,Com. Leves,Total,28,EFFA/V21,82
2024,3,Março,Autos,Total,29,BYD/SONG PLUS,1450
2024,3,Março,Com. Leves,Total,29,M.BENZ/SPRINTER 315,79
2024,3,Março,Autos,Total,30,TOYOTA/YARIS SEDAN,1444
2024,3,Março,Com. Leves,Total,30,PEUGEOT/PARTNER,76
2024,3,Março,Autos,Total,31,HYUNDAI/HB20S,1221
2024,3,Março,Com. Leves,Total,31,RAM/1500,75
2024,3,Março,Autos,Total,32,NISSAN/VERSA,1161
2024,3,Março,Com. Leves,Total,32,IVECO/DAILY 30-130,74
2024,3,Março,Autos,Total,33,PEUGEOT/208,1129
2024,3,Março,Com. Leves,Total,33,GM/SILVERADO,67
2024,3,Março,Autos,Total,34,GWM/HAVAL H6,1097
2024,3,Março,Com. Leves,Total,34,PEUGEOT/EXPERT,48
2024,3,Março,Autos,Total,35,TOYOTA/HILUX SW4,1077
2024,3,Março,Com. Leves,Total,35,FORD/F150,41
2024,3,Março,Autos,Total,36,JEEP/COMMANDER,1026
2024,3,Março,Com. Leves,Total,36,EFFA/V22,38
2024,3,Março,Autos,Total,37,HONDA/CITY,954
2024,3,Março,Com. Leves,Total,37,PEUGEOT/BOXER,19
2024,3,Março,Autos,Total,38,VW/TAOS,930
2024,3,Março,Com. Leves,Total,38,M.BENZ/SPRINTER 517,16
2024,3,Março,Autos,Total,39,HONDA/CITY HATCH,912
2024,3,Março,Com. Leves,Total,39,M.BENZ/SPRINTER 417,9
2024,3,Março,Autos,Total,40,CITROEN/C3 AIRCROSS,710
2024,3,Março,Com. Leves,Total,40,JAC/IEV750,8
2024,3,Março,Autos,Total,41,MITSUBISHI/ECLIPSE CROSS,703
2024,3,Março,Com. Leves,Total,41,EFFA/V25,7
2024,3,Março,Autos,Total,42,HONDA/ZR-V,619
2024,3,Março,Com. Leves,Total,42,CITROEN/JUMPER,6
2024,3,Março,Autos,Total,43,RENAULT/KARDIAN,616
2024,3,Março,Com. Leves,Total,43,NISSAN/TOWNSTAR,4
2024,3,Março,Autos,Total,44,CAOA CHERY/TIGGO 8,615
2024,3,Março,Com. Leves,Total,44,RENAULT/KWID,4
2024,3,Março,Autos,Total,45,GWM/ORA 03,608
2024,3,Março,Com. Leves,Total,45,IVECO/DAILY 35-180,3
2024,3,Março,Autos,Total,46,BMW/X1,502
2024,3,Março,Com. Leves,Total,46,JAC/HUNTER,3
2024,3,Março,Autos,Total,47,NISSAN/SENTRA,500
2024,3,Março,Com. Leves,Total,47,BYD/T3,3
2024,3,Março,Autos,Total,48,GM/SPIN,457
2024,3,Março,Com. Leves,Total,48,CITROEN/BERLINGO,2
2024,3,Março,Autos,Total,49,RENAULT/SANDERO,396
2024,3,Março,Com. Leves,Total,49,GMC/HUMMER EV EDITION 1,2
2024,3,Março,Autos,Total,50,BYD/SEAL,350
2024,3,Março,Com. Leves,Total,50,VW/KOMBI,2
2024,3,Março,Autos,Direta,1,VW/POLO,8802
2024,3,Março,Com. Leves,Direta,1,FIAT/STRADA,6169
2024,3,Março,Autos,Direta,2,FIAT/ARGO,4338
2024,3,Março,Com. Leves,Direta,2,VW/SAVEIRO,4229
2024,3,Março,Autos,Direta,3,GM/ONIX,3696
2024,3,Março,Com. Leves,Direta,3,FIAT/TORO,2277
2024,3,Março,Autos,Direta,4,FIAT/MOBI,3467
2024,3,Março,Com. Leves,Direta,4,FIAT/FIORINO,1456
2024,3,Março,Autos,Direta,5,RENAULT/KWID,3187
2024,3,Março,Com. Leves,Direta,5,RAM/RAMPAGE,1263
2024,3,Março,Autos,Direta,6,NISSAN/KICKS,2812
2024,3,Março,Com. Leves,Direta,6,TOYOTA/HILUX,1221
2024,3,Março,Autos,Direta,7,VW/T CROSS,2490
2024,3,Março,Com. Leves,Direta,7,GM/MONTANA,1178
2024,3,Março,Autos,Direta,8,HYUNDAI/HB20,2093
2024,3,Março,Com. Leves,Direta,8,GM/S10,1030
2024,3,Março,Autos,Direta,9,VW/VIRTUS,1904
2024,3,Março,Com. Leves,Direta,9,RENAULT/OROCH,969
2024,3,Março,Autos,Direta,10,GM/ONIX PLUS,1872
2024,3,Março,Com. Leves,Direta,10,NISSAN/FRONTIER,741
2024,3,Março,Autos,Direta,11,RENAULT/DUSTER,1626
2024,3,Março,Com. Leves,Direta,11,RENAULT/MASTER,612
2024,3,Março,Autos,Direta,12,JEEP/COMPASS,1466
2024,3,Março,Com. Leves,Direta,12,FORD/RANGER,565
2024,3,Março,Autos,Direta,13,VW/NIVUS,1448
2024,3,Março,Com. Leves,Direta,13,MITSUBISHI/L200,481
2024,3,Março,Autos,Direta,14,JEEP/RENEGADE,1418
2024,3,Março,Com. Leves,Direta,14,VW/AMAROK,202
2024,3,Março,Autos,Direta,15,GM/TRACKER,1390
2024,3,Março,Com. Leves,Direta,15,FIAT/DUCATO,150
2024,3,Março,Autos,Direta,16,FIAT/FASTBACK,1118
2024,3,Março,Com. Leves,Direta,16,FORD/TRANSIT,125
2024,3,Março,Autos,Direta,17,TOYOTA/COROLLA,1087
2024,3,Março,Com. Leves,Direta,17,JEEP/GLADIATOR,87
2024,3,Março,Autos,Direta,18,GWM/HAVAL H6,1066
2024,3,Março,Com. Leves,Direta,18,RAM/CLASSIC,85
2024,3,Março,Autos,Direta,19,FIAT/CRONOS,1033
2024,3,Março,Com. Leves,Direta,19,FIAT/SCUDO,82
2024,3,Março,Autos,Direta,20,FIAT/PULSE,947
2024,3,Março,Com. Leves,Direta,20,RAM/2500,81
2024,3,Março,Autos,Direta,21,TOYOTA/YARIS SEDAN,920
2024,3,Março,Com. Leves,Direta,21,RAM/3500,6
2024,3,Março,Autos,Direta,22,CITROEN/C3,689
2024,3,Março,Com. Leves,Direta,22,PEUGEOT/PARTNER,40
2024,3,Março,Autos,Direta,23,TOYOTA/YARIS HB,584
2024,3,Março,Com. Leves,Direta,23,CITROEN/JUMPY,39
2024,3,Março,Autos,Direta,24,TOYOTA/COROLLA CROSS,573
2024,3,Março,Com. Leves,Direta,24,VW TRUCK E BUS/EXPRESS,35
2024,3,Março,Autos,Direta,25,RENAULT/KARDIAN,543
2024,3,Março,Com. Leves,Direta,25,FORD/MAVERICK,30
2024,3,Março,Autos,Direta,26,HYUNDAI/CRETA,481
2024,3,Março,Com. Leves,Direta,26,RAM/1500,30
2024,3,Março,Autos,Direta,27,NISSAN/VERSA,478
2024,3,Março,Com. Leves,Direta,27,GM/SILVERADO,26
2024,3,Março,Autos,Direta,28,HYUNDAI/HB20S,472
2024,3,Março,Com. Leves,Direta,28,FORD/F150,12
2024,3,Março,Autos,Direta,29,JEEP/COMMANDER,437
2024,3,Março,Com. Leves,Direta,29,HYUNDAI/HR,1
2024,3,Março,Autos,Direta,30,HONDA/HR-V,434
2024,3,Março,Com. Leves,Direta,30,PEUGEOT/EXPERT,7
2024,3,Março,Autos,Direta,31,VW/TAOS,378
2024,3,Março,Com. Leves,Direta,31,NISSAN/TOWNSTAR,4
2024,3,Março,Autos,Direta,32,GWM/ORA 03,358
2024,3,Março,Com. Leves,Direta,32,PEUGEOT/BOXER,4
2024,3,Março,Autos,Direta,33,CITROEN/C3 AIRCROSS,318
2024,3,Março,Com. Leves,Direta,33,RENAULT/KWID,4
2024,3,Março,Autos,Direta,34,VOLVO/XC60,282
2024,3,Março,Com. Leves,Direta,34,BYD/T3,3
2024,3,Março,Autos,Direta,35,NISSAN/SENTRA,268
2024,3,Março,Com. Leves,Direta,35,CITROEN/BERLINGO,2
2024,3,Março,Autos,Direta,36,RENAULT/SANDERO,241
2024,3,Março,Com. Leves,Direta,36,KIA/K2500,2
2024,3,Março,Autos,Direta,37,CAOA CHERY/TIGGO 5X,241
2024,3,Março,Autos,Direta,38,HONDA/CITY,172
2024,3,Março,Autos,Direta,39,PEUGEOT/208,172
2024,3,Março,Autos,Direta,40,RENAULT/LOGAN,138
2024,3,Março,Autos,Direta,41,VOLVO/C40,124
2024,3,Março,Autos,Direta,42,AUDI/Q5,120
2024,3,Março,Autos,Direta,43,FORD/TERRITORY,114
2024,3,Março,Autos,Direta,44,VOLVO/XC90,110
2024,3,Março,Autos,Direta,45,MITSUBISHI/ECLIPSE CROSS,92
2024,3,Março,Autos,Direta,46,HONDA/CITY HATCH,89
2024,3,Março,Autos,Direta,47,VOLVO/XC40,84
2024,3,Março,Autos,Direta,48,MITSUBISHI/PAJERO,80
2024,3,Março,Autos,Direta,49,BYD/DOLPHIN MINI,7
2024,3,Março,Autos,Direta,50,GM/SPIN,74
2024,3,Março,Autos,Varejo,1,GM/ONIX,4057
2024,3,Março,Com. Leves,Varejo,1,FIAT/STRADA,3821
2024,3,Março,Autos,Varejo,2,HYUNDAI/CRETA,3836
2024,3,Março,Com. Leves,Varejo,2,TOYOTA/HILUX,2277
2024,3,Março,Autos,Varejo,3,GM/TRACKER,3321
2024,3,Março,Com. Leves,Varejo,3,FIAT/TORO,1680
2024,3,Março,Autos,Varejo,4,HONDA/HR-V,3222
2024,3,Março,Com. Leves,Varejo,4,GM/MONTANA,987
2024,3,Março,Autos,Varejo,5,HYUNDAI/HB20,3195
2024,3,Março,Com. Leves,Varejo,5,RAM/RAMPAGE,870
2024,3,Março,Autos,Varejo,6,VW/POLO,3141
2024,3,Março,Com. Leves,Varejo,6,FORD/RANGER,830
2024,3,Março,Autos,Varejo,7,VW/T CROSS,2972
2024,3,Março,Com. Leves,Varejo,7,GM/S10,710
2024,3,Março,Autos,Varejo,8,TOYOTA/COROLLA CROSS,2753
2024,3,Março,Com. Leves,Varejo,8,MITSUBISHI/L200,405
2024,3,Março,Autos,Varejo,9,FIAT/FASTBACK,2701
2024,3,Março,Com. Leves,Varejo,9,VW/SAVEIRO,378
2024,3,Março,Autos,Varejo,10,FIAT/ARGO,2512
2024,3,Março,Com. Leves,Varejo,10,RENAULT/MASTER,320
2024,3,Março,Autos,Varejo,11,JEEP/COMPASS,2505
2024,3,Março,Com. Leves,Varejo,11,FORD/MAVERICK,231
2024,3,Março,Autos,Varejo,12,VW/NIVUS,2467
2024,3,Março,Com. Leves,Varejo,12,FIAT/FIORINO,210
2024,3,Março,Autos,Varejo,13,JEEP/RENEGADE,2463
2024,3,Março,Com. Leves,Varejo,13,KIA/K2500,190
2024,3,Março,Autos,Varejo,14,BYD/DOLPHIN MINI,2392
2024,3,Março,Com. Leves,Varejo,14,FIAT/SCUDO,185
2024,3,Março,Autos,Varejo,15,CAOA CHERY/TIGGO 5X,2223
2024,3,Março,Com. Leves,Varejo,15,NISSAN/FRONTIER,169
2024,3,Março,Autos,Varejo,16,NISSAN/KICKS,2222
2024,3,Março,Com. Leves,Varejo,16,RENAULT/OROCH,126
2024,3,Março,Autos,Varejo,17,GM/ONIX PLUS,2114
2024,3,Março,Com. Leves,Varejo,17,VW TRUCK E BUS/EXPRESS,125
2024,3,Março,Autos,Varejo,18,FIAT/PULSE,2091
2024,3,Março,Com. Leves,Varejo,18,FORD/TRANSIT,121
2024,3,Março,Autos,Varejo,19,TOYOTA/COROLLA,2079
2024,3,Março,Com. Leves,Varejo,19,CITROEN/JUMPY,118
2024,3,Março,Autos,Varejo,20,CAOA CHERY/TIGGO 7,1708
2024,3,Março,Com. Leves,Varejo,20,IVECO/DAILY,114
2024,3,Março,Autos,Varejo,21,BYD/DOLPHIN,1660
2024,3,Março,Com. Leves,Varejo,21,HYUNDAI/HR,84
2024,3,Março,Autos,Varejo,22,TOYOTA/YARIS HB,1567
2024,3,Março,Com. Leves,Varejo,22,EFFA/V21,82
2024,3,Março,Autos,Varejo,23,BYD/SONG PLUS,1411
2024,3,Março,Com. Leves,Varejo,23,M.BENZ/SPRINTER 315,79
2024,3,Março,Autos,Varejo,24,FIAT/MOBI,1191
2024,3,Março,Com. Leves,Varejo,24,IVECO/DAILY 30-130,74
2024,3,Março,Autos,Varejo,25,VW/VIRTUS,1113
2024,3,Março,Com. Leves,Varejo,25,RAM/3500,70
2024,3,Março,Autos,Varejo,26,TOYOTA/HILUX SW4,1015
2024,3,Março,Com. Leves,Varejo,26,VW/AMAROK,61
2024,3,Março,Autos,Varejo,27,PEUGEOT/208,957
2024,3,Março,Com. Leves,Varejo,27,FIAT/DUCATO,53
2024,3,Março,Autos,Varejo,28,CITROEN/C3,948
2024,3,Março,Com. Leves,Varejo,28,RAM/1500,45
2024,3,Março,Autos,Varejo,29,FIAT/CRONOS,851
2024,3,Março,Com. Leves,Varejo,29,RAM/CLASSIC,43
2024,3,Março,Autos,Varejo,30,HONDA/CITY HATCH,823
2024,3,Março,Com. Leves,Varejo,30,GM/SILVERADO,41
2024,3,Março,Autos,Varejo,31,RENAULT/KWID,805
2024,3,Março,Com. Leves,Varejo,31,PEUGEOT/EXPERT,41
2024,3,Março,Autos,Varejo,32,HONDA/CITY,782
2024,3,Março,Com. Leves,Varejo,32,EFFA/V22,38
2024,3,Março,Autos,Varejo,33,HYUNDAI/HB20S,749
2024,3,Março,Com. Leves,Varejo,33,PEUGEOT/PARTNER,36
2024,3,Março,Autos,Varejo,34,NISSAN/VERSA,683
2024,3,Março,Com. Leves,Varejo,34,FORD/F150,29
2024,3,Março,Autos,Varejo,35,HONDA/ZR-V,618
2024,3,Março,Com. Leves,Varejo,35,RAM/2500,27
2024,3,Março,Autos,Varejo,36,MITSUBISHI/ECLIPSE CROSS,611
2024,3,Março,Com. Leves,Varejo,36,JEEP/GLADIATOR,19
2024,3,Março,Autos,Varejo,37,JEEP/COMMANDER,589
2024,3,Março,Com. Leves,Varejo,37,M.BENZ/SPRINTER 517,16
2024,3,Março,Autos,Varejo,38,CAOA CHERY/TIGGO 8,587
2024,3,Março,Com. Leves,Varejo,38,PEUGEOT/BOXER,15
2024,3,Março,Autos,Varejo,39,RENAULT/DUSTER,582
2024,3,Março,Com. Leves,Varejo,39,M.BENZ/SPRINTER 417,9
2024,3,Março,Autos,Varejo,40,VW/TAOS,552
2024,3,Março,Com. Leves,Varejo,40,JAC/IEV750,8
2024,3,Março,Autos,Varejo,41,TOYOTA/YARIS SEDAN,524
2024,3,Março,Com. Leves,Varejo,41,EFFA/V25,7
2024,3,Março,Autos,Varejo,42,BMW/X1,483
2024,3,Março,Com. Leves,Varejo,42,CITROEN/JUMPER,5
2024,3,Março,Autos,Varejo,43,CITROEN/C3 AIRCROSS,392
2024,3,Março,Com. Leves,Varejo,43,IVECO/DAILY 35-180,3
2024,3,Março,Autos,Varejo,44,GM/SPIN,383
2024,3,Março,Com. Leves,Varejo,44,JAC/HUNTER,3
2024,3,Março,Autos,Varejo,45,BYD/SEAL,309
2024,3,Março,Com. Leves,Varejo,45,GMC/HUMMER EV EDITION 1,2
2024,3,Março,Autos,Varejo,46,VW/TIGUAN,307
2024,3,Março,Com. Leves,Varejo,46,VW/KOMBI,2
2024,3,Março,Autos,Varejo,47,BMW/320I,265
2024,3,Março,Com. Leves,Varejo,47,SAIC MAXUS/EV30,2
2024,3,Março,Autos,Varejo,48,VW/JETTA,265
2024,3,Março,Com. Leves,Varejo,48,FIAT/TITANO,1
2024,3,Março,Autos,Varejo,49,GWM/ORA 03,250
2024,3,Março,Com. Leves,Varejo,49,FORD/PAMPA,1
2024,3,Março,Autos,Varejo,50,NISSAN/SENTRA,232
2024,3,Março,Com. Leves,Varejo,50,FORD/PROTOTIPO,1
2024,4,Abril,Autos,Direta,35,GWM/ORA,3
2024,5,Maio,Autos,Total,1,VW/POLO,8484
2024,5,Maio,Com. Leves,Total,1,FIAT/STRADA,10973
2024,5,Maio,Autos,Total,2,GM/ONIX,7901
2024,5,Maio,Com. Leves,Total,2,FIAT/TORO,4315
2024,5,Maio,Autos,Total,3,HYUNDAI/HB20,6691
2024,5,Maio,Com. Leves,Total,3,VW/SAVEIRO,3557
2024,5,Maio,Autos,Total,4,VW/T CROSS,6501
2024,5,Maio,Com. Leves,Total,4,TOYOTA/HILUX,3393
2024,5,Maio,Autos,Total,5,FIAT/MOBI,6148
2024,5,Maio,Com. Leves,Total,5,GM/S1O,231
2024,5,Maio,Autos,Total,6,NISSAN/KICKS,5910
2024,5,Maio,Com. Leves,Total,6,FORD/RANGER,2306
2024,5,Maio,Autos,Total,7,HYUNDAI/CRETA,5739
2024,5,Maio,Com. Leves,Total,7,GM/MONTANA,2306
2024,5,Maio,Autos,Total,8,FIAT/ARGO,5552
2024,5,Maio,Com. Leves,Total,8,RAM/RAMPAGE,1733
2024,5,Maio,Autos,Total,9,GM/ONIX PLUS,5517
2024,5,Maio,Com. Leves,Total,9,RENAULT /OROCH,1107
2024,5,Maio,Autos,Total,10,GM/TRACKER,4613
2024,5,Maio,Com. Leves,Total,10,FIAT/FIORINO,1102
2024,5,Maio,Autos,Total,12,VW/NIVUS,4546
2024,5,Maio,Com. Leves,Total,12,MITSUBISHI/L200,938
2024,5,Maio,Autos,Total,13,JEEP/RENEGADE,4173
2024,5,Maio,Com. Leves,Total,13,RENAULT /MASTER,628
2024,5,Maio,Autos,Total,14,HONDA/HR-V,3660
2024,5,Maio,Com. Leves,Total,14,VW/AMAROK,582
2024,5,Maio,Autos,Total,15,FIAT /FASTBACK,3589
2024,5,Maio,Com. Leves,Total,15,FORD/TRANSIT,308
2024,5,Maio,Autos,Total,16,FIAT/CRONOS,3494
2024,5,Maio,Com. Leves,Total,16,FORD/MAVERICK,303
2024,5,Maio,Autos,Total,17,JEEP/COMPASS,3282
2024,5,Maio,Com. Leves,Total,17,FIAT/TITANO,260
2024,5,Maio,Autos,Total,18,HYUNDAI/HB20S,3130
2024,5,Maio,Com. Leves,Total,18,KIA/K2500,185
2024,5,Maio,Autos,Total,19,FIAT/PULSE,3084
2024,5,Maio,Com. Leves,Total,19,RAM/CLASSIC,144
2024,5,Maio,Autos,Total,20,RENAULT/KWID,2797
2024,5,Maio,Com. Leves,Total,20,RAM/1500,139
2024,5,Maio,Autos,Total,21,GM/SPIN,2529
2024,5,Maio,Com. Leves,Total,21,RAM/3500,137
2024,5,Maio,Autos,Total,22,CAOA CHERY/TIGGO 5X,2446
2024,5,Maio,Com. Leves,Total,22,IVECO/DAILY,131
2024,5,Maio,Autos,Total,23,TOYOTA/COROLLA,2400
2024,5,Maio,Com. Leves,Total,23,VW TRUCK E BUS/EXPRESS,123
2024,5,Maio,Autos,Total,24,BYD/DOLPHIN MINI,2104
2024,5,Maio,Com. Leves,Total,24,RAM/2500,122
2024,5,Maio,Autos,Total,25,VW/VIRTUS,2045
2024,5,Maio,Com. Leves,Total,25,IVECO/DAILY 30-130,12
2024,5,Maio,Autos,Total,26,TOYOTA/YARIS HB,1757
2024,5,Maio,Autos,Total,27,CAOA CHERY/TIGGO 7,1694
2024,5,Maio,Autos,Total,28,CITROEN/C3,1580
2024,5,Maio,Com. Leves,Total,28,FIAT/SCUDO,101
2024,5,Maio,Autos,Total,29,BYD/SONG PLUS,1560
2024,5,Maio,Com. Leves,Total,29,CITROEN/JUMPY,74
2024,5,Maio,Autos,Total,30,PEUGEOT/208,1531
2024,5,Maio,Autos,Total,31,TOYOTA/YARIS SEDAN,1449
2024,5,Maio,Com. Leves,Total,31,FIAT/DUCATO,70
2024,5,Maio,Autos,Total,32,GWM/HAVAL H6,1438
2024,5,Maio,Com. Leves,Total,32,PEUGEOT/PARTNER,64
2024,5,Maio,Autos,Total,33,VW/TAOS,1235
2024,5,Maio,Com. Leves,Total,33,FORD/F150,61
2024,5,Maio,Autos,Total,34,RENAULT/KARDIAN,1203
2024,5,Maio,Com. Leves,Total,34,HYUNDAI/HR,58
2024,5,Maio,Autos,Total,35,RENAULT /DUSTER,1189
2024,5,Maio,Com. Leves,Total,35,PEUGEOT EXPERT,42
2024,5,Maio,Autos,Total,36,JEEP/COMMANDER,1176
2024,5,Maio,Com. Leves,Total,36,EFFA/V22,27
2024,5,Maio,Autos,Total,37,BYD/DOLPHIN,1145
2024,5,Maio,Com. Leves,Total,37,M.BENZ/SPRINTER 517,25
2024,5,Maio,Autos,Total,38,TOYOTA/HILUX SW4,1063
2024,5,Maio,Com. Leves,Total,38,M.BENZ/SPRINTER 417,13
2024,5,Maio,Autos,Total,39,HONDA/CITY,1058
2024,5,Maio,Autos,Total,40,HONDA/CITY HATCH,957
2024,5,Maio,Autos,Total,41,CITROEN/C3 AIRCROSS,845
2024,5,Maio,Com. Leves,Total,41,JAC/EJVS.5,9
2024,5,Maio,Autos,Total,42,CAOA CHERY/TIGGO 8,774
2024,5,Maio,Com. Leves,Total,42,RENAULT /KANGOO,8
2024,5,Maio,Autos,Total,43,MITSUBISHI ECLIPSE CROSS,734
2024,5,Maio,Com. Leves,Total,43,EFFA/V25,7
2024,5,Maio,Autos,Total,44,NISSAN/VERSA,699
2024,5,Maio,Com. Leves,Total,44,VW/KOMBI,5
2024,5,Maio,Autos,Total,45,GWM/ORA 03,534
2024,5,Maio,Com. Leves,Total,45,IVECO /DAILY 35-180,4
2024,5,Maio,Autos,Total,46,NISSAN /SENTRA,497
2024,5,Maio,Com. Leves,Total,46,M.BENZ/SPRINTER,4
2024,5,Maio,Autos,Total,47,HONDA/ZR-V,491
2024,5,Maio,Com. Leves,Total,47,HITECH/ECOCARGO,3
2024,5,Maio,Autos,Total,48,BMW/320I,470
2024,5,Maio,Com. Leves,Total,48,MON/PROTOTIPO,2
2024,5,Maio,Autos,Total,49,VOLVO/EX30,468
2024,5,Maio,Com. Leves,Total,49,RENAULT /KWID,2
2024,5,Maio,Autos,Total,50,BMW/X1,439
2024,5,Maio,Com. Leves,Total,50,SHINERAY/P TRUCKS,2
2024,5,Maio,Autos,Direta,1,VW/POLO,5038
2024,5,Maio,Com. Leves,Direta,1,FIAT/STRADA,6511
2024,5,Maio,Autos,Direta,2,FIAT/MOBI,4839
2024,5,Maio,Com. Leves,Direta,2,VW/SAVEIRO,3313
2024,5,Maio,Autos,Direta,3,GM/ONIX,4010
2024,5,Maio,Com. Leves,Direta,3,FIAT/TORO,2385
2024,5,Maio,Autos,Direta,4,VW/T CROSS,3366
2024,5,Maio,Com. Leves,Direta,4,TOYOTA/HILUX,1492
2024,5,Maio,Autos,Direta,5,NISSAN/KICKS,3302
2024,5,Maio,Com. Leves,Direta,5,GM/MONTANA,1325
2024,5,Maio,Autos,Direta,6,FIAT/ARGO,3291
2024,5,Maio,Com. Leves,Direta,6,GM/S1O,1246
2024,5,Maio,Autos,Direta,7,GM/ONIX PLUS,2912
2024,5,Maio,Com. Leves,Direta,7,FORD/RANGER,1051
2024,5,Maio,Autos,Direta,8,FIAT/CRONOS,2421
2024,5,Maio,Com. Leves,Direta,8,RENAULT/OROCH,977
2024,5,Maio,Autos,Direta,9,HYUNDAI/HB20S,2333
2024,5,Maio,Com. Leves,Direta,9,NISSAN /FRONTIER,969
2024,5,Maio,Autos,Direta,10,HYUNDAI/HB20,2158
2024,5,Maio,Com. Leves,Direta,10,FIAT/FIORINO,854
2024,5,Maio,Autos,Direta,12,JEEP/RENEGADE,1948
2024,5,Maio,Com. Leves,Direta,12,MITSUBISHI/L200,578
2024,5,Maio,Autos,Direta,13,GM/TRACKER,1846
2024,5,Maio,Com. Leves,Direta,13,VW/AMAROK,571
2024,5,Maio,Autos,Direta,14,VW/NIVUS,1810
2024,5,Maio,Com. Leves,Direta,14,RENAULT /MASTER,430
2024,5,Maio,Autos,Direta,15,GM/SPIN,1808
2024,5,Maio,Com. Leves,Direta,15,FORD/TRANSIT,205
2024,5,Maio,Autos,Direta,16,HYUNDAI/CRETA,1489
2024,5,Maio,Com. Leves,Direta,16,FIAT/TITANO,197
2024,5,Maio,Autos,Direta,17,JEEP/COMPASS,1384
2024,5,Maio,Com. Leves,Direta,17,RAM/1500,97
2024,5,Maio,Autos,Direta,18,GWM/HAVAL H6,1342
2024,5,Maio,Com. Leves,Direta,18,RAM/2500,97
2024,5,Maio,Autos,Direta,19,VW/VIRTUS,1028
2024,5,Maio,Com. Leves,Direta,19,RAM/CLASSIC,67
2024,5,Maio,Autos,Direta,20,FIAT/FASTBACK,947
2024,5,Maio,Com. Leves,Direta,20,RAM/3500,63
2024,5,Maio,Autos,Direta,21,TOYOTA/YARIS SEDAN,851
2024,5,Maio,Com. Leves,Direta,21,FORD/MAVERICK,43
2024,5,Maio,Autos,Direta,22,CITROEN/C3,832
2024,5,Maio,Com. Leves,Direta,22,FIAT/SCUDO,37
2024,5,Maio,Autos,Direta,23,FIAT/PULSE,809
2024,5,Maio,Com. Leves,Direta,23,VW TRUCK E BUS /EXPRESS,3
2024,5,Maio,Autos,Direta,24,TOYOTA/COROLLA CROSS,779
2024,5,Maio,Com. Leves,Direta,24,FIAT/DUCATO,29
2024,5,Maio,Autos,Direta,25,JEEP/COMMANDER,607
2024,5,Maio,Com. Leves,Direta,25,CITROEN /JUMPY,28
2024,5,Maio,Autos,Direta,26,TOYOTA/COROLLA,600
2024,5,Maio,Com. Leves,Direta,26,PEUGEOT /EXPERT,27
2024,5,Maio,Autos,Direta,27,RENAULT /DUSTER,587
2024,5,Maio,Com. Leves,Direta,27,PEUGEOT/PARTNER,24
2024,5,Maio,Autos,Direta,28,PEUGEOT /208,575
2024,5,Maio,Com. Leves,Direta,28,HYUNDAI/HR,14
2024,5,Maio,Autos,Direta,29,VW/TAOS,534
2024,5,Maio,Com. Leves,Direta,29,GM/SILVERADO,10
2024,5,Maio,Autos,Direta,30,VOLVO /EX30,468
2024,5,Maio,Com. Leves,Direta,30,RENAULT/KANGOO,8
2024,5,Maio,Autos,Direta,31,TOYOTA/YARIS HB,387
2024,5,Maio,Com. Leves,Direta,31,CITROEN /JUMPER,4
2024,5,Maio,Autos,Direta,32,HONDA/HR-V,380
2024,5,Maio,Com. Leves,Direta,32,FORD/F150,3
2024,5,Maio,Autos,Direta,33,FORD/TERRITORY,293
2024,5,Maio,Com. Leves,Direta,33,PEUGEOT /BOXER,3
2024,5,Maio,Autos,Direta,34,VOLVO/XC60,267
2024,5,Maio,Com. Leves,Direta,34,RENAULT /KWID,2
2024,5,Maio,Autos,Direta,35,GM/TRAILBLAZER,238
2024,5,Maio,Com. Leves,Direta,35,JEEP/GLADIATOR,1
2024,5,Maio,Autos,Direta,36,NISSAN/SENTRA,221
2024,5,Maio,Com. Leves,Direta,36,KIA/K2500,1
2024,5,Maio,Autos,Direta,37,RENAULT /KARDIAN,221
2024,5,Maio,Autos,Direta,38,CITROEN/C3 AIRCROSS,217
2024,5,Maio,Autos,Direta,39,NISSAN/VERSA,208
2024,5,Maio,Autos,Direta,40,TOYOTA/RAV4,192
2024,5,Maio,Autos,Direta,41,HONDA/CITY,191
2024,5,Maio,Autos,Direta,42,RENAULT/SANDERO,180
2024,5,Maio,Autos,Direta,43,CAOA CHERY/TIGGO 5X,158
2024,5,Maio,Autos,Direta,44,GWM/ORA 03,147
2024,5,Maio,Autos,Direta,45,BYD/SONG PLUS,125
2024,5,Maio,Autos,Direta,48,HONDA/CITY HATCH,100
2024,5,Maio,Autos,Direta,49,MITSUBISHI /PAJERO,97
2024,5,Maio,Autos,Direta,50,VOLVO/XC90,89
2024,5,Maio,Autos,Varejo,1,HYUNDAI/HB20,4533
2024,5,Maio,Com. Leves,Varejo,1,FIAT/STRADA,4462
2024,5,Maio,Autos,Varejo,2,HYUNDAI/CRETA,4250
2024,5,Maio,Com. Leves,Varejo,2,FIAT/TORO,1930
2024,5,Maio,Autos,Varejo,3,GM/ONIX,3891
2024,5,Maio,Autos,Varejo,4,TOYOTA/COROLLA CROSS,3786
2024,5,Maio,Com. Leves,Varejo,4,FORD/RANGER,1255
2024,5,Maio,Autos,Varejo,5,VW/POLO,3446
2024,5,Maio,Com. Leves,Varejo,5,GM/S10,1065
2024,5,Maio,Autos,Varejo,6,HONDA/HR-V,3280
2024,5,Maio,Com. Leves,Varejo,6,GM/MONTANA,981
2024,5,Maio,Autos,Varejo,7,VW/T CROSS,3135
2024,5,Maio,Com. Leves,Varejo,7,RAM/RAMPAGE,907
2024,5,Maio,Autos,Varejo,8,GM/TRACKER,2767
2024,5,Maio,Com. Leves,Varejo,8,MITSUBISHI/L200,360
2024,5,Maio,Autos,Varejo,9,VW/NIVUS,2736
2024,5,Maio,Com. Leves,Varejo,9,FORD/MAVERICK,260
2024,5,Maio,Autos,Varejo,10,FIAT/FASTBACK,2642
2024,5,Maio,Com. Leves,Varejo,10,FIAT/FIORINO,248
2024,5,Maio,Autos,Varejo,12,GM/ONIX PLUS,2605
2024,5,Maio,Com. Leves,Varejo,12,RENAULT /MASTER,198
2024,5,Maio,Autos,Varejo,13,CAOA CHERY/TIGGO 5X,2288
2024,5,Maio,Com. Leves,Varejo,13,KIA/K2500,184
2024,5,Maio,Autos,Varejo,14,FIAT/PULSE,2275
2024,5,Maio,Com. Leves,Varejo,14,IVECO/DAILY,131
2024,5,Maio,Autos,Varejo,15,FIAT/ARGO,2261
2024,5,Maio,Com. Leves,Varejo,15,RENAULT /OROCH,130
2024,5,Maio,Autos,Varejo,16,JEEP/RENEGADE,2225
2024,5,Maio,Autos,Varejo,17,BYD/DOLPHIN MINI,2072
2024,5,Maio,Com. Leves,Varejo,17,EFFA/V21,12
2024,5,Maio,Autos,Varejo,18,JEEP/COMPASS,1898
2024,5,Maio,Autos,Varejo,19,TOYOTA/COROLLA,1800
2024,5,Maio,Com. Leves,Varejo,19,FORD/TRANSIT,103
2024,5,Maio,Autos,Varejo,20,CAOA CHERY/TIGGO 7,1629
2024,5,Maio,Com. Leves,Varejo,20,VW TRUCK E BUS/EXPRESS,90
2024,5,Maio,Autos,Varejo,21,BYD/SONG PLUS,1435
2024,5,Maio,Com. Leves,Varejo,21,NISSAN/FRONTIER,85
2024,5,Maio,Autos,Varejo,22,TOYOTA/YARIS HB,1370
2024,5,Maio,Com. Leves,Varejo,22,RAM/CLASSIC,7
2024,5,Maio,Autos,Varejo,23,FIAT/MOBI,1309
2024,5,Maio,Com. Leves,Varejo,23,RAM/3500,74
2024,5,Maio,Autos,Varejo,24,BYD/DOLPHIN,1102
2024,5,Maio,Com. Leves,Varejo,24,FIAT/SCUDO,64
2024,5,Maio,Autos,Varejo,25,FIAT/CRONOS,1073
2024,5,Maio,Com. Leves,Varejo,25,FIAT/TITANO,63
2024,5,Maio,Autos,Varejo,26,VW/VIRTUS,1017
2024,5,Maio,Com. Leves,Varejo,26,GM/SILVERADO,61
2024,5,Maio,Autos,Varejo,27,RENAULT /KARDIAN,982
2024,5,Maio,Com. Leves,Varejo,27,FORD/F150,58
2024,5,Maio,Autos,Varejo,28,PEUGEOT/208,956
2024,5,Maio,Com. Leves,Varejo,28,CITROEN /JUMPY,46
2024,5,Maio,Autos,Varejo,29,TOYOTA/ HILUX SW4,952
2024,5,Maio,Com. Leves,Varejo,29,HYUNDAI/HR,4
2024,5,Maio,Autos,Varejo,30,HONDA/CITY,867
2024,5,Maio,Com. Leves,Varejo,30,RAM/1500,42
2024,5,Maio,Autos,Varejo,31,HONDA/CITY HATCH,857
2024,5,Maio,Com. Leves,Varejo,31,FIAT/DUCATO,41
2024,5,Maio,Autos,Varejo,32,HYUNDAI/HB20S,797
2024,5,Maio,Com. Leves,Varejo,32,PEUGEOT/PARTNER,40
2024,5,Maio,Autos,Varejo,33,CITROEN/C3,748
2024,5,Maio,Com. Leves,Varejo,33,EFFA/V22,27
2024,5,Maio,Autos,Varejo,34,CAOA CHERY/TIGGO 8,748
2024,5,Maio,Com. Leves,Varejo,34,M.BENZ/SPRINTER 517,25
2024,5,Maio,Autos,Varejo,35,GM/SPIN,721
2024,5,Maio,Com. Leves,Varejo,35,RAM/2500,25
2024,5,Maio,Autos,Varejo,36,RENAULT/KWID,701
2024,5,Maio,Com. Leves,Varejo,36,PEUGEOT/EXPERT,15
2024,5,Maio,Autos,Varejo,37,VW/TAOS,701
2024,5,Maio,Com. Leves,Varejo,37,M.BENZ/SPRINTER 417,13
2024,5,Maio,Autos,Varejo,38,CITROEN/C3 AIRCROSS,628
2024,5,Maio,Autos,Varejo,39,MITSUBISHI /ECLIPSE CROSS,620
2024,5,Maio,Com. Leves,Varejo,39,JAC/EJV5.5,9
2024,5,Maio,Autos,Varejo,40,RENAULT/DUSTER,602
2024,5,Maio,Com. Leves,Varejo,40,PEUGEOT/BOXER,8
2024,5,Maio,Autos,Varejo,41,TOYOTA/YARIS SEDAN,598
2024,5,Maio,Com. Leves,Varejo,41,CITROEN /JUMPER,7
2024,5,Maio,Autos,Varejo,42,JEEP/COMMANDER,569
2024,5,Maio,Com. Leves,Varejo,42,EFFA/V25,7
2024,5,Maio,Autos,Varejo,43,NISSAN/VERSA,491
2024,5,Maio,Com. Leves,Varejo,43,IVECO/DAILY 35-180,4
2024,5,Maio,Autos,Varejo,44,HONDA/ZR-V,477
2024,5,Maio,Com. Leves,Varejo,44,M.BENZ/SPRINTER,4
2024,5,Maio,Autos,Varejo,45,BMW/320I,449
2024,5,Maio,Com. Leves,Varejo,45,VW/KOMBI,4
2024,5,Maio,Autos,Varejo,46,BMW/X1,419
2024,5,Maio,Com. Leves,Varejo,46,HITECH/ECOCARGO,3
2024,5,Maio,Autos,Varejo,47,GWM/ORA 03,387
2024,5,Maio,Com. Leves,Varejo,47,MON/PROTOTIPO,2
2024,5,Maio,Autos,Varejo,48,PORSCHE/CAYENNE,282
2024,5,Maio,Com. Leves,Varejo,48,SHINERAY/P TRUCKS,2
2024,5,Maio,Autos,Varejo,49,NISSAN/SENTRA,276
2024,5,Maio,Com. Leves,Varejo,49,ARROW/ONE,2
2024,5,Maio,Autos,Varejo,50,VW/TIGUAN,259
2024,5,Maio,Com. Leves,Varejo,50,FORD/F1000,1
2024,6,Junho,Autos,Total,1,HYUNDAI/HB20,9760
2024,6,Junho,Com. Leves,Total,1,FIAT/STRADA,7551
2024,6,Junho,Autos,Total,2,VW/POLO,9683
2024,6,Junho,Com. Leves,Total,2,FIAT/TORO,4780
2024,6,Junho,Autos,Total,3,GM/ONIX,8852
2024,6,Junho,Com. Leves,Total,3,TOYOTA/HILUX,3895
2024,6,Junho,Autos,Total,4,FIAT/ARGO,7423
2024,6,Junho,Com. Leves,Total,4,VW/SAVEIRO,3182
2024,6,Junho,Autos,Total,5,GM/ONIX PLUS,6538
2024,6,Junho,Com. Leves,Total,5,FORD/RANGER,3026
2024,6,Junho,Autos,Total,6,FIAT/MOBI,6007
2024,6,Junho,Com. Leves,Total,6,GM/MONTANA,2349
2024,6,Junho,Autos,Total,7,VW/T CROSS,5936
2024,6,Junho,Com. Leves,Total,7,GM/S10,2197
2024,6,Junho,Autos,Total,8,GM/TRACKER,5918
2024,6,Junho,Com. Leves,Total,8,RAM/RAMPAGE,1968
2024,6,Junho,Autos,Total,9,HYUNDAI/CRETA,5858
2024,6,Junho,Com. Leves,Total,9,FIAT/FIORINO,1788
2024,6,Junho,Autos,Total,10,VW/NIVUS,5359
2024,6,Junho,Com. Leves,Total,10,RENAULT/OROCH,861
2024,6,Junho,Autos,Total,11,NISSAN/KICKS,4677
2024,6,Junho,Com. Leves,Total,11,NISSAN/FRONTIER,788
2024,6,Junho,Autos,Total,12,JEEP/RENEGADE,4535
2024,6,Junho,Com. Leves,Total,12,MITSUBISHI/L200,782
2024,6,Junho,Autos,Total,13,RENAULT/KWID,4520
2024,6,Junho,Com. Leves,Total,13,VW/AMAROK,702
2024,6,Junho,Autos,Total,14,HONDA/HR-V,4299
2024,6,Junho,Com. Leves,Total,14,FIAT/TITANO,677
2024,6,Junho,Autos,Total,15,TOYOTA/COROLLA CROSS,4239
2024,6,Junho,Com. Leves,Total,15,RENAULT/MASTER,583
2024,6,Junho,Autos,Total,16,JEEP/COMPASS,3960
2024,6,Junho,Com. Leves,Total,16,FORD/MAVERICK,323
2024,6,Junho,Autos,Total,17,HYUNDAI/HB20S,3759
2024,6,Junho,Com. Leves,Total,17,FORD/TRANSIT,298
2024,6,Junho,Autos,Total,18,FIAT/FASTBACK,3557
2024,6,Junho,Com. Leves,Total,18,RAM/1500,265
2024,6,Junho,Autos,Total,19,FIAT/CRONOS,3400
2024,6,Junho,Com. Leves,Total,19,RAM/CLASSIC,246
2024,6,Junho,Autos,Total,20,TOYOTA/COROLLA,3189
2024,6,Junho,Com. Leves,Total,20,RENAULT/KANGOO,222
2024,6,Junho,Autos,Total,21,FIAT/PULSE,2957
2024,6,Junho,Com. Leves,Total,21,IVECO/DAILY 30-130,196
2024,6,Junho,Autos,Total,22,VW/VIRTUS,2560
2024,6,Junho,Com. Leves,Total,22,RAM/2500,189
2024,6,Junho,Autos,Total,23,CAOA CHERY/TIGGO 5X,2521
2024,6,Junho,Com. Leves,Total,23,RAM/3500,169
2024,6,Junho,Autos,Total,24,PEUGEOT/208,2368
2024,6,Junho,Com. Leves,Total,24,VW TRUCK E BUS/EXPRESS,151
2024,6,Junho,Autos,Total,25,TOYOTA/YARIS HB,2336
2024,6,Junho,Com. Leves,Total,25,FIAT/SCUDO,150
2024,6,Junho,Autos,Total,26,GM/SPIN,2253
2024,6,Junho,Com. Leves,Total,26,PEUGEOT/EXPERT,142
2024,6,Junho,Autos,Total,27,GWM/HAVAL H6,2153
2024,6,Junho,Com. Leves,Total,27,KIA/K2500,140
2024,6,Junho,Autos,Total,28,TOYOTA/YARIS SEDAN,2088
2024,6,Junho,Com. Leves,Total,28,IVECO/DAILY,139
2024,6,Junho,Autos,Total,29,CITROEN/C3,1985
2024,6,Junho,Com. Leves,Total,29,CITROEN/JUMPY,122
2024,6,Junho,Autos,Total,30,BYD/SONG PLUS,1911
2024,6,Junho,Com. Leves,Total,30,EFFA/V21,120
2024,6,Junho,Autos,Total,31,VW/TAOS,1891
2024,6,Junho,Com. Leves,Total,31,M.BENZ/SPRINTER 315,110
2024,6,Junho,Autos,Total,32,CAOA CHERY/TIGGO 7,1875
2024,6,Junho,Com. Leves,Total,32,FIAT/DUCATO,107
2024,6,Junho,Autos,Total,33,RENAULT/KARDIAN,1753
2024,6,Junho,Com. Leves,Total,33,RENAULT/KANGOO E-TECH,75
2024,6,Junho,Autos,Total,34,JEEP/COMMANDER,1587
2024,6,Junho,Com. Leves,Total,34,HYUNDAI/HR,69
2024,6,Junho,Autos,Total,35,BYD/DOLPHIN,1514
2024,6,Junho,Com. Leves,Total,35,GM/SILVERADO,68
2024,6,Junho,Autos,Total,36,TOYOTA/HILUX SW4,1454
2024,6,Junho,Com. Leves,Total,36,PEUGEOT/PARTNER,49
2024,6,Junho,Autos,Total,37,RENAULT/DUSTER,1369
2024,6,Junho,Com. Leves,Total,37,FORD/F150,41
2024,6,Junho,Autos,Total,38,HONDA/CITY,1343
2024,6,Junho,Com. Leves,Total,38,EFFA/V22,39
2024,6,Junho,Autos,Total,39,BYD/DOLPHIN MINI,1318
2024,6,Junho,Com. Leves,Total,39,M.BENZ/SPRINTER 517,21
2024,6,Junho,Autos,Total,40,NISSAN/VERSA,1275
2024,6,Junho,Com. Leves,Total,40,PEUGEOT/BOXER,15
2024,6,Junho,Autos,Total,41,HONDA/CITY HATCH,1232
2024,6,Junho,Com. Leves,Total,41,IVECO/DAILY 35-180,1
2024,6,Junho,Autos,Total,42,CITROEN/C3 AIRCROSS,1014
2024,6,Junho,Com. Leves,Total,42,M.BENZ/SPRINTER 417,1
2024,6,Junho,Autos,Total,43,MITSUBISHI/ECLIPSE CROSS,758
2024,6,Junho,Com. Leves,Total,43,EFFA/V25,9
2024,6,Junho,Autos,Total,44,VOLVO/EX30,666
2024,6,Junho,Com. Leves,Total,44,CITROEN/JUMPER,5
2024,6,Junho,Autos,Total,45,GWM/ORA 03,589
2024,6,Junho,Com. Leves,Total,45,MON/PROTOTIPO,5
2024,6,Junho,Autos,Total,46,CAOA CHERY/TIGGO 8,564
2024,6,Junho,Com. Leves,Total,46,ARROW/ONE,5
2024,6,Junho,Autos,Total,47,BMW/X1,555
2024,6,Junho,Com. Leves,Total,47,VW/KOMBI,3
2024,6,Junho,Autos,Total,48,NISSAN/SENTRA,494
2024,6,Junho,Com. Leves,Total,48,HITECH/ECOCARGO,3
2024,6,Junho,Autos,Total,49,BMW/320I,424
2024,6,Junho,Com. Leves,Total,49,FORD/F250,2
2024,6,Junho,Autos,Total,50,HONDA/ZR-V,341
2024,6,Junho,Com. Leves,Total,50,GMC/SIERRA,2
2024,6,Junho,Autos,Direta,1,HYUNDAI/HB20,6361
2024,6,Junho,Com. Leves,Direta,1,FIAT/STRADA,4217
2024,6,Junho,Autos,Direta,2,VW/POLO,6305
2024,6,Junho,Com. Leves,Direta,2,VW/SAVEIRO,2914
2024,6,Junho,Autos,Direta,3,FIAT/ARGO,5026
2024,6,Junho,Com. Leves,Direta,3,FIAT/TORO,2594
2024,6,Junho,Autos,Direta,4,FIAT/MOBI,4774
2024,6,Junho,Com. Leves,Direta,4,TOYOTA/HILUX,1907
2024,6,Junho,Autos,Direta,5,GM/ONIX,4645
2024,6,Junho,Com. Leves,Direta,5,FIAT/FIORINO,1516
2024,6,Junho,Autos,Direta,6,GM/ONIX PLUS,3985
2024,6,Junho,Com. Leves,Direta,6,FORD/RANGER,1332
2024,6,Junho,Autos,Direta,7,RENAULT/KWID,3876
2024,6,Junho,Com. Leves,Direta,7,GM/S10,1280
2024,6,Junho,Autos,Direta,8,VW/T CROSS,3043
2024,6,Junho,Com. Leves,Direta,8,GM/MONTANA,1242
2024,6,Junho,Autos,Direta,9,HYUNDAI/HB20S,2842
2024,6,Junho,Com. Leves,Direta,9,RAM/RAMPAGE,1004
2024,6,Junho,Autos,Direta,10,GM/TRACKER,2677
2024,6,Junho,Com. Leves,Direta,10,RENAULT/OROCH,712
2024,6,Junho,Autos,Direta,11,VW/NIVUS,2436
2024,6,Junho,Com. Leves,Direta,11,NISSAN/FRONTIER,687
2024,6,Junho,Autos,Direta,12,FIAT/CRONOS,1880
2024,6,Junho,Com. Leves,Direta,12,VW/AMAROK,686
2024,6,Junho,Autos,Direta,13,NISSAN/KICKS,1813
2024,6,Junho,Com. Leves,Direta,13,FIAT/TITANO,595
2024,6,Junho,Autos,Direta,14,JEEP/COMPASS,1604
2024,6,Junho,Com. Leves,Direta,14,RENAULT/MASTER,441
2024,6,Junho,Autos,Direta,15,JEEP/RENEGADE,1533
2024,6,Junho,Com. Leves,Direta,15,MITSUBISHI/L200,367
2024,6,Junho,Autos,Direta,16,VW/VIRTUS,1528
2024,6,Junho,Com. Leves,Direta,16,RENAULT/KANGOO,222
2024,6,Junho,Autos,Direta,17,TOYOTA/YARIS SEDAN,1476
2024,6,Junho,Com. Leves,Direta,17,FORD/TRANSIT,211
2024,6,Junho,Autos,Direta,18,GM/SPIN,1418
2024,6,Junho,Com. Leves,Direta,18,RAM/2500,159
2024,6,Junho,Autos,Direta,19,GWM/HAVAL H6,1303
2024,6,Junho,Com. Leves,Direta,19,RAM/1500,130
2024,6,Junho,Autos,Direta,20,PEUGEOT/208,1252
2024,6,Junho,Com. Leves,Direta,20,FIAT/SCUDO,110
2024,6,Junho,Autos,Direta,21,HYUNDAI/CRETA,1192
2024,6,Junho,Com. Leves,Direta,21,RAM/3500,98
2024,6,Junho,Autos,Direta,22,CITROEN/C3,1030
2024,6,Junho,Com. Leves,Direta,22,PEUGEOT/EXPERT,85
2024,6,Junho,Autos,Direta,23,VW/TAOS,942
2024,6,Junho,Com. Leves,Direta,23,RENAULT/KANGOO E-TECH,75
2024,6,Junho,Autos,Direta,24,TOYOTA/YARIS HB,917
2024,6,Junho,Com. Leves,Direta,24,RAM/CLASSIC,67
2024,6,Junho,Autos,Direta,25,FIAT/PULSE,847
2024,6,Junho,Com. Leves,Direta,25,FORD/MAVERICK,6
2024,6,Junho,Autos,Direta,26,JEEP/COMMANDER,837
2024,6,Junho,Com. Leves,Direta,26,VW TRUCK E BUS/EXPRESS,64
2024,6,Junho,Autos,Direta,27,NISSAN/VERSA,822
2024,6,Junho,Com. Leves,Direta,27,FIAT/DUCATO,61
2024,6,Junho,Autos,Direta,28,TOYOTA/COROLLA,820
2024,6,Junho,Com. Leves,Direta,28,CITROEN/JUMPY,38
2024,6,Junho,Autos,Direta,29,RENAULT/DUSTER,678
2024,6,Junho,Com. Leves,Direta,29,HYUNDAI/HR,2
2024,6,Junho,Autos,Direta,30,TOYOTA/COROLLA CROSS,667
2024,6,Junho,Com. Leves,Direta,30,PEUGEOT/PARTNER,14
2024,6,Junho,Autos,Direta,31,VOLVO/EX30,666
2024,6,Junho,Com. Leves,Direta,31,GM/SILVERADO,1
2024,6,Junho,Autos,Direta,32,FIAT/FASTBACK,497
2024,6,Junho,Com. Leves,Direta,32,PEUGEOT/BOXER,8
2024,6,Junho,Autos,Direta,33,RENAULT/KARDIAN,461
2024,6,Junho,Com. Leves,Direta,33,KIA/K2500,4
2024,6,Junho,Autos,Direta,34,CAOA CHERY/TIGGO 5X,405
2024,6,Junho,Com. Leves,Direta,34,JEEP/GLADIATOR,2
2024,6,Junho,Autos,Direta,35,HONDA/HR-V,363
2024,6,Junho,Com. Leves,Direta,35,CITROEN/JUMPER,1
2024,6,Junho,Autos,Direta,36,RENAULT/LOGAN,312
2024,6,Junho,Com. Leves,Direta,36,FORD/F250,1
2024,6,Junho,Autos,Direta,37,CITROEN/C3 AIRCROSS,300
2024,6,Junho,Com. Leves,Direta,37,RENAULT/KWID,1
2024,6,Junho,Autos,Direta,38,HONDA/CITY,282
2024,6,Junho,Autos,Direta,39,VOLVO/XC60,244
2024,6,Junho,Autos,Direta,40,MITSUBISHI/PAJERO,173
2024,6,Junho,Autos,Direta,41,TOYOTA/HILUX SW4,168
2024,6,Junho,Autos,Direta,42,FORD/TERRITORY,161
2024,6,Junho,Autos,Direta,43,HONDA/CITY HATCH,153
2024,6,Junho,Autos,Direta,44,RENAULT/SANDERO,142
2024,6,Junho,Autos,Direta,45,NISSAN/SENTRA,132
2024,6,Junho,Autos,Direta,46,GM/EQUINOX,126
2024,6,Junho,Autos,Direta,47,GWM/ORA 03,124
2024,6,Junho,Autos,Direta,48,GM/TRAILBLAZER,122
2024,6,Junho,Autos,Direta,49,VOLVO/XC40,95
2024,6,Junho,Autos,Direta,50,MITSUBISHI/ECLIPSE CROSS,85
2024,6,Junho,Autos,Varejo,1,HYUNDAI/CRETA,4666
2024,6,Junho,Com. Leves,Varejo,1,FIAT/STRADA,3334
2024,6,Junho,Autos,Varejo,2,GM/ONIX,4207
2024,6,Junho,Com. Leves,Varejo,2,FIAT/TORO,2186
2024,6,Junho,Autos,Varejo,3,HONDA/HR-V,3936
2024,6,Junho,Com. Leves,Varejo,3,TOYOTA/HILUX,1988
2024,6,Junho,Autos,Varejo,4,TOYOTA/COROLLA CROSS,3572
2024,6,Junho,Com. Leves,Varejo,4,FORD/RANGER,1694
2024,6,Junho,Autos,Varejo,5,HYUNDAI/HB20,3399
2024,6,Junho,Com. Leves,Varejo,5,GM/MONTANA,1107
2024,6,Junho,Autos,Varejo,6,VW/POLO,3378
2024,6,Junho,Com. Leves,Varejo,6,RAM/RAMPAGE,964
2024,6,Junho,Autos,Varejo,7,GM/TRACKER,3241
2024,6,Junho,Com. Leves,Varejo,7,GM/S10,917
2024,6,Junho,Autos,Varejo,8,FIAT/FASTBACK,3060
2024,6,Junho,Com. Leves,Varejo,8,MITSUBISHI/L200,415
2024,6,Junho,Autos,Varejo,9,JEEP/RENEGADE,3002
2024,6,Junho,Com. Leves,Varejo,9,FIAT/FIORINO,272
2024,6,Junho,Autos,Varejo,10,VW/NIVUS,2923
2024,6,Junho,Com. Leves,Varejo,10,VW/SAVEIRO,268
2024,6,Junho,Autos,Varejo,11,VW/T CROSS,2893
2024,6,Junho,Com. Leves,Varejo,11,FORD/MAVERICK,257
2024,6,Junho,Autos,Varejo,12,NISSAN/KICKS,2864
2024,6,Junho,Com. Leves,Varejo,12,IVECO/DAILY 30-130,196
2024,6,Junho,Autos,Varejo,13,GM/ONIX PLUS,2553
2024,6,Junho,Com. Leves,Varejo,13,RAM/CLASSIC,179
2024,6,Junho,Autos,Varejo,14,FIAT/ARGO,2397
2024,6,Junho,Com. Leves,Varejo,14,RENAULT/OROCH,149
2024,6,Junho,Autos,Varejo,15,TOYOTA/COROLLA,2369
2024,6,Junho,Com. Leves,Varejo,15,RENAULT/MASTER,142
2024,6,Junho,Autos,Varejo,16,JEEP/COMPASS,2356
2024,6,Junho,Com. Leves,Varejo,16,IVECO/DAILY,139
2024,6,Junho,Autos,Varejo,17,CAOA CHERY/TIGGO 5X,2116
2024,6,Junho,Com. Leves,Varejo,17,KIA/K2500,136
2024,6,Junho,Autos,Varejo,18,FIAT/PULSE,2110
2024,6,Junho,Com. Leves,Varejo,18,RAM/1500,135
2024,6,Junho,Autos,Varejo,19,BYD/SONG PLUS,1867
2024,6,Junho,Com. Leves,Varejo,19,EFFA/V21,120
2024,6,Junho,Autos,Varejo,20,CAOA CHERY/TIGGO 7,1809
2024,6,Junho,Com. Leves,Varejo,20,M.BENZ/SPRINTER 315,110
2024,6,Junho,Autos,Varejo,21,FIAT/CRONOS,1520
2024,6,Junho,Com. Leves,Varejo,21,NISSAN/FRONTIER,101
2024,6,Junho,Autos,Varejo,22,BYD/DOLPHIN,1462
2024,6,Junho,Com. Leves,Varejo,22,FORD/TRANSIT,87
2024,6,Junho,Autos,Varejo,23,TOYOTA/YARIS HB,1419
2024,6,Junho,Com. Leves,Varejo,23,VW TRUCK E BUS/EXPRESS,87
2024,6,Junho,Autos,Varejo,24,BYD/DOLPHIN MINI,1296
2024,6,Junho,Com. Leves,Varejo,24,CITROEN/JUMPY,84
2024,6,Junho,Autos,Varejo,25,RENAULT/KARDIAN,1292
2024,6,Junho,Com. Leves,Varejo,25,FIAT/TITANO,82
2024,6,Junho,Autos,Varejo,26,TOYOTA/HILUX SW4,1286
2024,6,Junho,Com. Leves,Varejo,26,RAM/3500,71
2024,6,Junho,Autos,Varejo,27,FIAT/MOBI,1233
2024,6,Junho,Com. Leves,Varejo,27,GM/SILVERADO,57
2024,6,Junho,Autos,Varejo,28,PEUGEOT/208,1116
2024,6,Junho,Com. Leves,Varejo,28,PEUGEOT/EXPERT,57
2024,6,Junho,Autos,Varejo,29,HONDA/CITY HATCH,1079
2024,6,Junho,Com. Leves,Varejo,29,HYUNDAI/HR,47
2024,6,Junho,Autos,Varejo,30,HONDA/CITY,1061
2024,6,Junho,Com. Leves,Varejo,30,FIAT/DUCATO,46
2024,6,Junho,Autos,Varejo,31,VW/VIRTUS,1032
2024,6,Junho,Com. Leves,Varejo,31,FORD/F150,41
2024,6,Junho,Autos,Varejo,32,CITROEN/C3,955
2024,6,Junho,Com. Leves,Varejo,32,FIAT/SCUDO,40
2024,6,Junho,Autos,Varejo,33,VW/TAOS,949
2024,6,Junho,Com. Leves,Varejo,33,EFFA/V22,39
2024,6,Junho,Autos,Varejo,34,HYUNDAI/HB20S,917
2024,6,Junho,Com. Leves,Varejo,34,PEUGEOT/PARTNER,35
2024,6,Junho,Autos,Varejo,35,GWM/HAVAL H6,850
2024,6,Junho,Com. Leves,Varejo,35,RAM/2500,30
2024,6,Junho,Autos,Varejo,36,GM/SPIN,835
2024,6,Junho,Com. Leves,Varejo,36,M.BENZ/SPRINTER 517,21
2024,6,Junho,Autos,Varejo,37,JEEP/COMMANDER,750
2024,6,Junho,Com. Leves,Varejo,37,VW/AMAROK,16
2024,6,Junho,Autos,Varejo,38,CITROEN/C3 AIRCROSS,714
2024,6,Junho,Com. Leves,Varejo,38,IVECO/DAILY 35-180,1
2024,6,Junho,Autos,Varejo,39,RENAULT/DUSTER,691
2024,6,Junho,Com. Leves,Varejo,39,M.BENZ/SPRINTER 417,1
2024,6,Junho,Autos,Varejo,40,MITSUBISHI/ECLIPSE CROSS,673
2024,6,Junho,Com. Leves,Varejo,40,EFFA/V25,9
2024,6,Junho,Autos,Varejo,41,RENAULT/KWID,644
2024,6,Junho,Com. Leves,Varejo,41,PEUGEOT/BOXER,7
2024,6,Junho,Autos,Varejo,42,TOYOTA/YARIS SEDAN,612
2024,6,Junho,Com. Leves,Varejo,42,MON/PROTOTIPO,5
2024,6,Junho,Autos,Varejo,43,CAOA CHERY/TIGGO 8,531
2024,6,Junho,Com. Leves,Varejo,43,ARROW/ONE,5
2024,6,Junho,Autos,Varejo,44,BMW/X1,509
2024,6,Junho,Com. Leves,Varejo,44,CITROEN/JUMPER,4
2024,6,Junho,Autos,Varejo,45,GWM/ORA 03,465
2024,6,Junho,Com. Leves,Varejo,45,VW/KOMBI,3
2024,6,Junho,Autos,Varejo,46,NISSAN/VERSA,453
2024,6,Junho,Com. Leves,Varejo,46,HITECH/ECOCARGO,3
2024,6,Junho,Autos,Varejo,47,BMW/320I,393
2024,6,Junho,Com. Leves,Varejo,47,GMC/SIERRA,2
2024,6,Junho,Autos,Varejo,48,NISSAN/SENTRA,362
2024,6,Junho,Com. Leves,Varejo,48,M.BENZ/SPRINTER,2
2024,6,Junho,Autos,Varejo,49,HONDA/ZR-V,335
2024,6,Junho,Com. Leves,Varejo,49,JAC/EJV5.5,2
2024,6,Junho,Autos,Varejo,50,PORSCHE/CAYENNE,324
2024,6,Junho,Com. Leves,Varejo,50,JAC/IEV 330P,2
2024,7,Julho,Autos,Total,1,VW/POLO,12543
2024,7,Julho,Com. Leves,Total,1,FIAT/STRADA,14192
2024,7,Julho,Autos,Total,2,FIAT/ARGO,8663
2024,7,Julho,Com. Leves,Total,2,FIAT/TORO,5647
2024,7,Julho,Autos,Total,3,VW/T CROSS,8185
2024,7,Julho,Com. Leves,Total,3,TOYOTA/HILUX,4760
2024,7,Julho,Autos,Total,4,GM/ONIX,7423
2024,7,Julho,Com. Leves,Total,4,VW/SAVEIRO,4385
2024,7,Julho,Autos,Total,5,HYUNDAI/CRETA,7281
2024,7,Julho,Com. Leves,Total,5,FORD/RANGER,2685
2024,7,Julho,Autos,Total,6,HYUNDAI/HB20,7228
2024,7,Julho,Com. Leves,Total,6,GM/MONTANA,2370
2024,7,Julho,Autos,Total,7,FIAT/MOBI,6807
2024,7,Julho,Com. Leves,Total,7,RAM/RAMPAGE,2136
2024,7,Julho,Autos,Total,8,GM/TRACKER,6391
2024,7,Julho,Com. Leves,Total,8,GM/S10,1993
2024,7,Julho,Autos,Total,9,NISSAN/KICKS,5819
2024,7,Julho,Com. Leves,Total,9,FIAT/FIORINO,1899
2024,7,Julho,Autos,Total,10,JEEP/RENEGADE,5766
2024,7,Julho,Com. Leves,Total,10,RENAULT/OROCH,1081
2024,7,Julho,Autos,Total,11,FIAT/FASTBACK,5651
2024,7,Julho,Com. Leves,Total,11,MITSUBISHI/L200,1066
2024,7,Julho,Autos,Total,12,VW/NIVUS,5570
2024,7,Julho,Com. Leves,Total,12,RENAULT/MASTER,874
2024,7,Julho,Autos,Total,13,GM/ONIX PLUS,4864
2024,7,Julho,Com. Leves,Total,13,NISSAN/FRONTIER,801
2024,7,Julho,Autos,Total,14,TOYOTA/COROLLA CROSS,4848
2024,7,Julho,Com. Leves,Total,14,FIAT/TITANO,714
2024,7,Julho,Autos,Total,15,JEEP/COMPASS,4728
2024,7,Julho,Com. Leves,Total,15,VW/AMAROK,707
2024,7,Julho,Autos,Total,16,HONDA/HR-V,4635
2024,7,Julho,Com. Leves,Total,16,FIAT/SCUDO,471
2024,7,Julho,Autos,Total,17,FIAT/PULSE,3662
2024,7,Julho,Com. Leves,Total,17,FORD/TRANSIT,317
2024,7,Julho,Autos,Total,18,RENAULT/KWID,3520
2024,7,Julho,Com. Leves,Total,18,FORD/MAVERICK,309
2024,7,Julho,Autos,Total,19,TOYOTA/COROLLA,3500
2024,7,Julho,Com. Leves,Total,19,KIA/K2500,291
2024,7,Julho,Autos,Total,20,CAOA CHERY/TIGGO 7,3471
2024,7,Julho,Com. Leves,Total,20,RENAULT/KANGOO,249
2024,7,Julho,Autos,Total,21,HYUNDAI/HB20S,3048
2024,7,Julho,Com. Leves,Total,21,HYUNDAI/HR,228
2024,7,Julho,Autos,Total,22,VW/VIRTUS,2906
2024,7,Julho,Com. Leves,Total,22,RAM/2500,210
2024,7,Julho,Autos,Total,23,TOYOTA/YARIS HB,2819
2024,7,Julho,Com. Leves,Total,23,IVECO/DAILY,175
2024,7,Julho,Autos,Total,24,GWM/HAVAL H6,2786
2024,7,Julho,Com. Leves,Total,24,M.BENZ/SPRINTER 315,174
2024,7,Julho,Autos,Total,25,FIAT/CRONOS,2603
2024,7,Julho,Com. Leves,Total,25,VW TRUCK E BUS/EXPRESS,159
2024,7,Julho,Autos,Total,26,PEUGEOT/208,2371
2024,7,Julho,Com. Leves,Total,26,FIAT/DUCATO,156
2024,7,Julho,Autos,Total,27,GM/SPIN,2370
2024,7,Julho,Com. Leves,Total,27,PEUGEOT/EXPERT,149
2024,7,Julho,Autos,Total,28,RENAULT/KARDIAN,2367
2024,7,Julho,Com. Leves,Total,28,RAM/1500,149
2024,7,Julho,Autos,Total,29,TOYOTA/YARIS SEDAN,2291
2024,7,Julho,Com. Leves,Total,29,RAM/3500,138
2024,7,Julho,Autos,Total,30,BYD/SONG,2139
2024,7,Julho,Com. Leves,Total,30,RAM/CLASSIC,122
2024,7,Julho,Autos,Total,31,CITROEN/C3,2111
2024,7,Julho,Com. Leves,Total,31,CITROEN/JUMPY,109
2024,7,Julho,Autos,Total,32,VW/TAOS,2076
2024,7,Julho,Com. Leves,Total,32,IVECO/DAILY 30-130,102
2024,7,Julho,Autos,Total,33,HONDA/CITY,1701
2024,7,Julho,Com. Leves,Total,33,EFFA/V21,101
2024,7,Julho,Autos,Total,34,JEEP/COMMANDER,1696
2024,7,Julho,Com. Leves,Total,34,GM/SILVERADO,69
2024,7,Julho,Autos,Total,35,HONDA/CITY HATCH,1590
2024,7,Julho,Com. Leves,Total,35,PEUGEOT/PARTNER,56
2024,7,Julho,Autos,Total,36,TOYOTA/HILUX SW4,1510
2024,7,Julho,Com. Leves,Total,36,EFFA/V22,45
2024,7,Julho,Autos,Total,37,CAOA CHERY/TIGGO 5X,1500
2024,7,Julho,Com. Leves,Total,37,IVECO/DAILY 35-180,28
2024,7,Julho,Autos,Total,38,BYD/DOLPHIN MINI,1488
2024,7,Julho,Com. Leves,Total,38,M.BENZ/SPRINTER 517,24
2024,7,Julho,Autos,Total,39,BYD/DOLPHIN,1467
2024,7,Julho,Com. Leves,Total,39,PEUGEOT/BOXER,20
2024,7,Julho,Autos,Total,40,RENAULT/DUSTER,1369
2024,7,Julho,Com. Leves,Total,40,FORD/F150,18
2024,7,Julho,Autos,Total,41,NISSAN/VERSA,1327
2024,7,Julho,Com. Leves,Total,41,JAC/EJV5.5,16
2024,7,Julho,Autos,Total,42,CITROEN/C3 AIRCROSS,924
2024,7,Julho,Com. Leves,Total,42,VW/KOMBI,12
2024,7,Julho,Autos,Total,43,MITSUBISHI/ECLIPSE CROSS,837
2024,7,Julho,Com. Leves,Total,43,M.BENZ/SPRINTER 417,7
2024,7,Julho,Autos,Total,44,NISSAN/SENTRA,728
2024,7,Julho,Com. Leves,Total,44,CITROEN/JUMPER,6
2024,7,Julho,Autos,Total,45,RENAULT/LOGAN,644
2024,7,Julho,Com. Leves,Total,45,EFFA/V25,6
2024,7,Julho,Autos,Total,46,BYD/KING,593
2024,7,Julho,Com. Leves,Total,46,M.BENZ/SPRINTER,5
2024,7,Julho,Autos,Total,47,FORD/TERRITORY,508
2024,7,Julho,Com. Leves,Total,47,RENAULT/KWID,3
2024,7,Julho,Autos,Total,48,RENAULT/SANDERO,432
2024,7,Julho,Com. Leves,Total,48,ARROW/ONE,3
2024,7,Julho,Autos,Total,49,BMW/X1,415
2024,7,Julho,Com. Leves,Total,49,RENAULT/KANGOO E-TECH,2
2024,7,Julho,Autos,Total,50,GWM/ORA 03,398
2024,7,Julho,Com. Leves,Total,50,WILLYS/OVERLAND,2
2024,7,Julho,Autos,Direta,1,VW/POLO,8283
2024,7,Julho,Com. Leves,Direta,1,FIAT/STRADA,10013
2024,7,Julho,Autos,Direta,2,FIAT/ARGO,6217
2024,7,Julho,Com. Leves,Direta,2,VW/SAVEIRO,4068
2024,7,Julho,Autos,Direta,3,FIAT/MOBI,5638
2024,7,Julho,Com. Leves,Direta,3,FIAT/TORO,3418
2024,7,Julho,Autos,Direta,4,VW/T CROSS,4298
2024,7,Julho,Com. Leves,Direta,4,TOYOTA/HILUX,2002
2024,7,Julho,Autos,Direta,5,HYUNDAI/HB20,4006
2024,7,Julho,Com. Leves,Direta,5,FIAT/FIORINO,1660
2024,7,Julho,Autos,Direta,6,RENAULT/KWID,2881
2024,7,Julho,Com. Leves,Direta,6,GM/S10,1393
2024,7,Julho,Autos,Direta,7,GM/ONIX,2790
2024,7,Julho,Com. Leves,Direta,7,FORD/RANGER,1044
2024,7,Julho,Autos,Direta,8,NISSAN/KICKS,2714
2024,7,Julho,Com. Leves,Direta,8,RAM/RAMPAGE,1025
2024,7,Julho,Autos,Direta,9,GM/ONIX PLUS,2592
2024,7,Julho,Com. Leves,Direta,9,RENAULT/OROCH,939
2024,7,Julho,Autos,Direta,10,VW/NIVUS,2547
2024,7,Julho,Com. Leves,Direta,10,GM/MONTANA,878
2024,7,Julho,Autos,Direta,11,JEEP/RENEGADE,2163
2024,7,Julho,Com. Leves,Direta,11,NISSAN/FRONTIER,701
2024,7,Julho,Autos,Direta,12,FIAT/FASTBACK,2130
2024,7,Julho,Com. Leves,Direta,12,VW/AMAROK,697
2024,7,Julho,Autos,Direta,13,HYUNDAI/CRETA,2085
2024,7,Julho,Com. Leves,Direta,13,RENAULT/MASTER,686
2024,7,Julho,Autos,Direta,14,HYUNDAI/HB20S,1974
2024,7,Julho,Com. Leves,Direta,14,MITSUBISHI/L200,588
2024,7,Julho,Autos,Direta,15,JEEP/COMPASS,1825
2024,7,Julho,Com. Leves,Direta,15,FIAT/TITANO,524
2024,7,Julho,Autos,Direta,16,VW/VIRTUS,1707
2024,7,Julho,Com. Leves,Direta,16,FIAT/SCUDO,423
2024,7,Julho,Autos,Direta,17,TOYOTA/YARIS SEDAN,1690
2024,7,Julho,Com. Leves,Direta,17,RENAULT/KANGOO,249
2024,7,Julho,Autos,Direta,18,GM/TRACKER,1542
2024,7,Julho,Com. Leves,Direta,18,FORD/TRANSIT,238
2024,7,Julho,Autos,Direta,19,GM/SPIN,1506
2024,7,Julho,Com. Leves,Direta,19,RAM/2500,167
2024,7,Julho,Autos,Direta,20,FIAT/PULSE,1497
2024,7,Julho,Com. Leves,Direta,20,FIAT/DUCATO,117
2024,7,Julho,Autos,Direta,21,GWM/HAVAL H6,1438
2024,7,Julho,Com. Leves,Direta,21,FORD/MAVERICK,75
2024,7,Julho,Autos,Direta,22,TOYOTA/COROLLA CROSS,1299
2024,7,Julho,Com. Leves,Direta,22,RAM/3500,74
2024,7,Julho,Autos,Direta,23,FIAT/CRONOS,1166
2024,7,Julho,Com. Leves,Direta,23,VW TRUCK E BUS/EXPRESS,5
2024,7,Julho,Autos,Direta,24,TOYOTA/YARIS HB,1140
2024,7,Julho,Com. Leves,Direta,24,PEUGEOT/EXPERT,40
2024,7,Julho,Autos,Direta,25,TOYOTA/COROLLA,1042
2024,7,Julho,Com. Leves,Direta,25,HYUNDAI/HR,3
2024,7,Julho,Autos,Direta,26,VW/TAOS,1026
2024,7,Julho,Com. Leves,Direta,26,PEUGEOT/PARTNER,30
2024,7,Julho,Autos,Direta,27,NISSAN/VERSA,886
2024,7,Julho,Com. Leves,Direta,27,RAM/1500,29
2024,7,Julho,Autos,Direta,28,PEUGEOT/208,828
2024,7,Julho,Com. Leves,Direta,28,CITROEN/JUMPY,2
2024,7,Julho,Autos,Direta,29,CITROEN/C3,823
2024,7,Julho,Com. Leves,Direta,29,RAM/CLASSIC,2
2024,7,Julho,Autos,Direta,30,JEEP/COMMANDER,798
2024,7,Julho,Com. Leves,Direta,30,PEUGEOT/BOXER,14
2024,7,Julho,Autos,Direta,31,RENAULT/LOGAN,642
2024,7,Julho,Com. Leves,Direta,31,GM/SILVERADO,8
2024,7,Julho,Autos,Direta,32,RENAULT/DUSTER,555
2024,7,Julho,Com. Leves,Direta,32,CITROEN/JUMPER,4
2024,7,Julho,Autos,Direta,33,RENAULT/KARDIAN,520
2024,7,Julho,Com. Leves,Direta,33,KIA/K2500,3
2024,7,Julho,Autos,Direta,34,NISSAN/SENTRA,421
2024,7,Julho,Com. Leves,Direta,34,RENAULT/KWID,3
2024,7,Julho,Autos,Direta,35,HONDA/HR-V,362
2024,7,Julho,Com. Leves,Direta,35,RENAULT/KANGOO E-TECH,2
2024,7,Julho,Autos,Direta,36,RENAULT/SANDERO,342
2024,7,Julho,Autos,Direta,37,CAOA CHERY/TIGGO 5X,322
2024,7,Julho,Autos,Direta,38,VOLVO/EX30,317
2024,7,Julho,Autos,Direta,39,VOLVO/XC60,256
2024,7,Julho,Autos,Direta,40,FORD/TERRITORY,254
2024,7,Julho,Autos,Direta,41,MITSUBISHI/PAJERO,236
2024,7,Julho,Autos,Direta,42,HONDA/CITY,228
2024,7,Julho,Autos,Direta,43,TOYOTA/HILUX SW4,141
2024,7,Julho,Autos,Direta,44,CAOA CHERY/TIGGO 7,136
2024,7,Julho,Autos,Direta,45,GM/TRAILBLAZER,130
2024,7,Julho,Autos,Direta,46,HONDA/CITY HATCH,129
2024,7,Julho,Autos,Direta,47,VOLVO/XC90,119
2024,7,Julho,Autos,Direta,48,GM/EQUINOX,114
2024,7,Julho,Autos,Direta,49,BYD/SONG,105
2024,7,Julho,Autos,Direta,50,CITROEN/C3 AIRCROSS,103
2024,7,Julho,Autos,Varejo,1,HYUNDAI/CRETA,5196
2024,7,Julho,Com. Leves,Varejo,1,FIAT/STRADA,4179
2024,7,Julho,Autos,Varejo,2,GM/TRACKER,4849
2024,7,Julho,Com. Leves,Varejo,2,TOYOTA/HILUX,2758
2024,7,Julho,Autos,Varejo,3,GM/ONIX,4633
2024,7,Julho,Com. Leves,Varejo,3,FIAT/TORO,2229
2024,7,Julho,Autos,Varejo,4,HONDA/HR-V,4273
2024,7,Julho,Com. Leves,Varejo,4,FORD/RANGER,1641
2024,7,Julho,Autos,Varejo,5,VW/POLO,4260
2024,7,Julho,Com. Leves,Varejo,5,GM/MONTANA,1492
2024,7,Julho,Autos,Varejo,6,VW/T CROSS,3887
2024,7,Julho,Com. Leves,Varejo,6,RAM/RAMPAGE,1111
2024,7,Julho,Autos,Varejo,7,JEEP/RENEGADE,3603
2024,7,Julho,Com. Leves,Varejo,7,GM/S10,600
2024,7,Julho,Autos,Varejo,8,TOYOTA/COROLLA CROSS,3549
2024,7,Julho,Com. Leves,Varejo,8,MITSUBISHI/L200,478
2024,7,Julho,Autos,Varejo,9,FIAT/FASTBACK,3521
2024,7,Julho,Com. Leves,Varejo,9,VW/SAVEIRO,317
2024,7,Julho,Autos,Varejo,10,CAOA CHERY/TIGGO 7,3335
2024,7,Julho,Com. Leves,Varejo,10,KIA/K2500,288
2024,7,Julho,Autos,Varejo,11,HYUNDAI/HB20,3222
2024,7,Julho,Com. Leves,Varejo,11,FIAT/FIORINO,239
2024,7,Julho,Autos,Varejo,12,NISSAN/KICKS,3105
2024,7,Julho,Com. Leves,Varejo,12,FORD/MAVERICK,234
2024,7,Julho,Autos,Varejo,13,VW/NIVUS,3023
2024,7,Julho,Com. Leves,Varejo,13,HYUNDAI/HR,195
2024,7,Julho,Autos,Varejo,14,JEEP/COMPASS,2903
2024,7,Julho,Com. Leves,Varejo,14,FIAT/TITANO,190
2024,7,Julho,Autos,Varejo,15,TOYOTA/COROLLA,2458
2024,7,Julho,Com. Leves,Varejo,15,RENAULT/MASTER,188
2024,7,Julho,Autos,Varejo,16,FIAT/ARGO,2446
2024,7,Julho,Com. Leves,Varejo,16,IVECO/DAILY,175
2024,7,Julho,Autos,Varejo,17,GM/ONIX PLUS,2272
2024,7,Julho,Com. Leves,Varejo,17,M.BENZ/SPRINTER 315,174
2024,7,Julho,Autos,Varejo,18,FIAT/PULSE,2165
2024,7,Julho,Com. Leves,Varejo,18,RENAULT/OROCH,142
2024,7,Julho,Autos,Varejo,19,BYD/SONG,2034
2024,7,Julho,Com. Leves,Varejo,19,RAM/1500,120
2024,7,Julho,Autos,Varejo,20,RENAULT/KARDIAN,1847
2024,7,Julho,Com. Leves,Varejo,20,PEUGEOT/EXPERT,109
2024,7,Julho,Autos,Varejo,21,TOYOTA/YARIS HB,1679
2024,7,Julho,Com. Leves,Varejo,21,VW TRUCK E BUS/EXPRESS,104
2024,7,Julho,Autos,Varejo,22,PEUGEOT/208,1543
2024,7,Julho,Com. Leves,Varejo,22,IVECO/DAILY 30-130,102
2024,7,Julho,Autos,Varejo,23,HONDA/CITY,1473
2024,7,Julho,Com. Leves,Varejo,23,EFFA/V21,101
2024,7,Julho,Autos,Varejo,24,BYD/DOLPHIN MINI,1471
2024,7,Julho,Com. Leves,Varejo,24,NISSAN/FRONTIER,100
2024,7,Julho,Autos,Varejo,25,HONDA/CITY HATCH,1461
2024,7,Julho,Com. Leves,Varejo,25,RAM/CLASSIC,100
2024,7,Julho,Autos,Varejo,26,BYD/DOLPHIN,1450
2024,7,Julho,Com. Leves,Varejo,26,CITROEN/JUMPY,87
2024,7,Julho,Autos,Varejo,27,FIAT/CRONOS,1437
2024,7,Julho,Com. Leves,Varejo,27,FORD/TRANSIT,79
2024,7,Julho,Autos,Varejo,28,TOYOTA/HILUX SW4,1369
2024,7,Julho,Com. Leves,Varejo,28,RAM/3500,64
2024,7,Julho,Autos,Varejo,29,GWM/HAVAL H6,1348
2024,7,Julho,Com. Leves,Varejo,29,GM/SILVERADO,61
2024,7,Julho,Autos,Varejo,30,CITROEN/C3,1288
2024,7,Julho,Com. Leves,Varejo,30,FIAT/SCUDO,48
2024,7,Julho,Autos,Varejo,31,VW/VIRTUS,1199
2024,7,Julho,Com. Leves,Varejo,31,EFFA/V22,45
2024,7,Julho,Autos,Varejo,32,CAOA CHERY/TIGGO 5X,1178
2024,7,Julho,Com. Leves,Varejo,32,RAM/2500,43
2024,7,Julho,Autos,Varejo,33,FIAT/MOBI,1169
2024,7,Julho,Com. Leves,Varejo,33,FIAT/DUCATO,39
2024,7,Julho,Autos,Varejo,34,HYUNDAI/HB20S,1074
2024,7,Julho,Com. Leves,Varejo,34,IVECO/DAILY 35-180,28
2024,7,Julho,Autos,Varejo,35,VW/TAOS,1050
2024,7,Julho,Com. Leves,Varejo,35,PEUGEOT/PARTNER,26
2024,7,Julho,Autos,Varejo,36,JEEP/COMMANDER,898
2024,7,Julho,Com. Leves,Varejo,36,M.BENZ/SPRINTER 517,24
2024,7,Julho,Autos,Varejo,37,GM/SPIN,864
2024,7,Julho,Com. Leves,Varejo,37,FORD/F150,18
2024,7,Julho,Autos,Varejo,38,CITROEN/C3 AIRCROSS,821
2024,7,Julho,Com. Leves,Varejo,38,JAC/EJV5.5,16
2024,7,Julho,Autos,Varejo,39,RENAULT/DUSTER,814
2024,7,Julho,Com. Leves,Varejo,39,VW/KOMBI,12
2024,7,Julho,Autos,Varejo,40,MITSUBISHI/ECLIPSE CROSS,745
2024,7,Julho,Com. Leves,Varejo,40,VW/AMAROK,10
2024,7,Julho,Autos,Varejo,41,RENAULT/KWID,639
2024,7,Julho,Com. Leves,Varejo,41,M.BENZ/SPRINTER 417,7
2024,7,Julho,Autos,Varejo,42,TOYOTA/YARIS SEDAN,601
2024,7,Julho,Com. Leves,Varejo,42,PEUGEOT/BOXER,6
2024,7,Julho,Autos,Varejo,43,BYD/KING,534
2024,7,Julho,Com. Leves,Varejo,43,EFFA/V25,6
2024,7,Julho,Autos,Varejo,44,NISSAN/VERSA,441
2024,7,Julho,Com. Leves,Varejo,44,M.BENZ/SPRINTER,5
2024,7,Julho,Autos,Varejo,45,BMW/X1,395
2024,7,Julho,Com. Leves,Varejo,45,ARROW/ONE,3
2024,7,Julho,Autos,Varejo,46,GWM/ORA 03,362
2024,7,Julho,Com. Leves,Varejo,46,CITROEN/JUMPER,2
2024,7,Julho,Autos,Varejo,47,CAOA CHERY/TIGGO 8,329
2024,7,Julho,Com. Leves,Varejo,47,WILLYS/OVERLAND,2
2024,7,Julho,Autos,Varejo,48,BMW/320I,328
2024,7,Julho,Com. Leves,Varejo,48,FORD/F100,1
2024,7,Julho,Autos,Varejo,49,NISSAN/SENTRA,307
2024,7,Julho,Com. Leves,Varejo,49,GMC/SIERRA,1
2024,7,Julho,Autos,Varejo,50,FORD/TERRITORY,254
2024,7,Julho,Com. Leves,Varejo,50,IVECO/DAILY 30S13,1
2024,8,Agosto,Autos,Total,1,VW/POLO,14274
2024,8,Agosto,Com. Leves,Total,1,FIAT/STRADA,16423
2024,8,Agosto,Autos,Total,2,GM/ONIX,9018
2024,8,Agosto,Com. Leves,Total,2,FIAT/TORO,5549
2024,8,Agosto,Autos,Total,3,FIAT/ARGO,7768
2024,8,Agosto,Com. Leves,Total,3,VW/SAVEIRO,5519
2024,8,Agosto,Autos,Total,4,VW/T CROSS,7118
2024,8,Agosto,Com. Leves,Total,4,TOYOTA/HILUX,4730
2024,8,Agosto,Autos,Total,5,HYUNDAI/HB20,7103
2024,8,Agosto,Com. Leves,Total,5,FORD/RANGER,2782
2024,8,Agosto,Autos,Total,6,GM/TRACKER,6416
2024,8,Agosto,Com. Leves,Total,6,GM/MONTANA,2362
2024,8,Agosto,Autos,Total,7,HYUNDAI/CRETA,5962
2024,8,Agosto,Com. Leves,Total,7,GM/S10,2098
2024,8,Agosto,Autos,Total,8,JEEP/RENEGADE,5517
2024,8,Agosto,Com. Leves,Total,8,RAM/RAMPAGE,2059
2024,8,Agosto,Autos,Total,9,NISSAN/KICKS,5355
2024,8,Agosto,Com. Leves,Total,9,FIAT/FIORINO,1856
2024,8,Agosto,Autos,Total,10,GM/ONIX PLUS,4843
2024,8,Agosto,Com. Leves,Total,10,RENAULT/MASTER,1022
2024,8,Agosto,Autos,Total,11,FIAT/MOBI,4771
2024,8,Agosto,Com. Leves,Total,11,RENAULT/OROCH,970
2024,8,Agosto,Autos,Total,12,RENAULT/KWID,4622
2024,8,Agosto,Com. Leves,Total,12,MITSUBISHI/L200,934
2024,8,Agosto,Autos,Total,13,HONDA/HR-V,4542
2024,8,Agosto,Com. Leves,Total,13,NISSAN/FRONTIER,857
2024,8,Agosto,Autos,Total,14,VW/NIVUS,4458
2024,8,Agosto,Com. Leves,Total,14,FIAT/TITANO,690
2024,8,Agosto,Autos,Total,15,FIAT/FASTBACK,4408
2024,8,Agosto,Com. Leves,Total,15,FIAT/SCUDO,527
2024,8,Agosto,Autos,Total,16,TOYOTA/COROLLA CROSS,4318
2024,8,Agosto,Com. Leves,Total,16,FORD/MAVERICK,501
2024,8,Agosto,Autos,Total,17,CAOA CHERY/TIGGO 7,4016
2024,8,Agosto,Com. Leves,Total,17,VW/AMAROK,479
2024,8,Agosto,Autos,Total,18,JEEP/COMPASS,4005
2024,8,Agosto,Com. Leves,Total,18,FORD/TRANSIT,337
2024,8,Agosto,Autos,Total,19,FIAT/CRONOS,3759
2024,8,Agosto,Com. Leves,Total,19,KIA/K2500,333
2024,8,Agosto,Autos,Total,20,HYUNDAI/HB20S,3592
2024,8,Agosto,Com. Leves,Total,20,HYUNDAI/HR,257
2024,8,Agosto,Autos,Total,21,FIAT/PULSE,3554
2024,8,Agosto,Com. Leves,Total,21,RENAULT/KANGOO,188
2024,8,Agosto,Autos,Total,22,TOYOTA/COROLLA,3515
2024,8,Agosto,Com. Leves,Total,22,VW TRUCK E BUS/EXPRESS,158
2024,8,Agosto,Autos,Total,23,VW/VIRTUS,2926
2024,8,Agosto,Com. Leves,Total,23,M.BENZ/SPRINTER 315,150
2024,8,Agosto,Autos,Total,24,GM/SPIN,2634
2024,8,Agosto,Com. Leves,Total,24,RAM/2500,147
2024,8,Agosto,Autos,Total,25,BYD/SONG,2516
2024,8,Agosto,Com. Leves,Total,25,EFFA/V21,140
2024,8,Agosto,Autos,Total,26,TOYOTA/YARIS HB,2392
2024,8,Agosto,Com. Leves,Total,26,FIAT/DUCATO,127
2024,8,Agosto,Autos,Total,27,TOYOTA/YARIS SEDAN,2347
2024,8,Agosto,Com. Leves,Total,27,RAM/3500,126
2024,8,Agosto,Autos,Total,28,BYD/DOLPHIN MINI,2298
2024,8,Agosto,Com. Leves,Total,28,IVECO/DAILY,110
2024,8,Agosto,Autos,Total,29,RENAULT/KARDIAN,2263
2024,8,Agosto,Com. Leves,Total,29,PEUGEOT/EXPERT,102
2024,8,Agosto,Autos,Total,30,GWM/HAVAL H6,2112
2024,8,Agosto,Com. Leves,Total,30,IVECO/DAILY 30-130,95
2024,8,Agosto,Autos,Total,31,PEUGEOT/208,1914
2024,8,Agosto,Com. Leves,Total,31,RAM/1500,93
2024,8,Agosto,Autos,Total,32,CITROEN/C3,1899
2024,8,Agosto,Com. Leves,Total,32,PEUGEOT/PARTNER,61
2024,8,Agosto,Autos,Total,33,HONDA/CITY,1767
2024,8,Agosto,Com. Leves,Total,33,CITROEN/JUMPY,60
2024,8,Agosto,Autos,Total,34,JEEP/COMMANDER,1673
2024,8,Agosto,Com. Leves,Total,34,GM/SILVERADO,57
2024,8,Agosto,Autos,Total,35,VW/TAOS,1664
2024,8,Agosto,Com. Leves,Total,35,EFFA/V22,51
2024,8,Agosto,Autos,Total,36,HONDA/CITY HATCH,1543
2024,8,Agosto,Com. Leves,Total,36,IVECO/DAILY 35-180,40
2024,8,Agosto,Autos,Total,37,TOYOTA/HILUX SW4,1361
2024,8,Agosto,Com. Leves,Total,37,RAM/CLASSIC,39
2024,8,Agosto,Autos,Total,38,BYD/DOLPHIN,1056
2024,8,Agosto,Com. Leves,Total,38,M.BENZ/SPRINTER 517,31
2024,8,Agosto,Autos,Total,39,CITROEN/C3 AIRCROSS,1049
2024,8,Agosto,Com. Leves,Total,39,CITROEN/JUMPER,29
2024,8,Agosto,Autos,Total,40,RENAULT/DUSTER,1019
2024,8,Agosto,Com. Leves,Total,40,PEUGEOT/BOXER,15
2024,8,Agosto,Autos,Total,41,NISSAN/VERSA,868
2024,8,Agosto,Com. Leves,Total,41,JAC/EJV12,15
2024,8,Agosto,Autos,Total,42,CAOA CHERY/TIGGO 5X,717
2024,8,Agosto,Com. Leves,Total,42,FORD/F150,14
2024,8,Agosto,Autos,Total,43,MITSUBISHI/ECLIPSE CROSS,613
2024,8,Agosto,Com. Leves,Total,43,EFFA/V25,9
2024,8,Agosto,Autos,Total,44,CAOA CHERY/TIGGO 8,599
2024,8,Agosto,Com. Leves,Total,44,VW/KOMBI,8
2024,8,Agosto,Autos,Total,45,NISSAN/SENTRA,485
2024,8,Agosto,Com. Leves,Total,45,ARROW/ONE,7
2024,8,Agosto,Autos,Total,46,FORD/TERRITORY,469
2024,8,Agosto,Com. Leves,Total,46,M.BENZ/SPRINTER,6
2024,8,Agosto,Autos,Total,47,RENAULT/SANDERO,406
2024,8,Agosto,Com. Leves,Total,47,M.BENZ/SPRINTER 417,6
2024,8,Agosto,Autos,Total,48,BYD/KING,384
2024,8,Agosto,Com. Leves,Total,48,RENAULT/KANGOO E-TECH,4
2024,8,Agosto,Autos,Total,49,GWM/ORA 03,382
2024,8,Agosto,Com. Leves,Total,49,RENAULT/KWID,4
2024,8,Agosto,Autos,Total,50,RENAULT/LOGAN,373
2024,8,Agosto,Com. Leves,Total,50,HITECH/ECOCARGO,3
2024,8,Agosto,Autos,Direta,1,VW/POLO,9813
2024,8,Agosto,Com. Leves,Direta,1,FIAT/STRADA,11100
2024,8,Agosto,Autos,Direta,2,FIAT/ARGO,5224
2024,8,Agosto,Com. Leves,Direta,2,VW/SAVEIRO,5160
2024,8,Agosto,Autos,Direta,3,GM/ONIX,4979
2024,8,Agosto,Com. Leves,Direta,3,FIAT/TORO,3293
2024,8,Agosto,Autos,Direta,4,HYUNDAI/HB20,4361
2024,8,Agosto,Com. Leves,Direta,4,TOYOTA/HILUX,2613
2024,8,Agosto,Autos,Direta,5,RENAULT/KWID,4091
2024,8,Agosto,Com. Leves,Direta,5,FIAT/FIORINO,1695
2024,8,Agosto,Autos,Direta,6,FIAT/MOBI,3899
2024,8,Agosto,Com. Leves,Direta,6,GM/S10,1470
2024,8,Agosto,Autos,Direta,7,VW/T CROSS,3674
2024,8,Agosto,Com. Leves,Direta,7,FORD/RANGER,1078
2024,8,Agosto,Autos,Direta,8,GM/ONIX PLUS,3098
2024,8,Agosto,Com. Leves,Direta,8,RAM/RAMPAGE,1054
2024,8,Agosto,Autos,Direta,9,HYUNDAI/HB20S,2649
2024,8,Agosto,Com. Leves,Direta,9,GM/MONTANA,1003
2024,8,Agosto,Autos,Direta,10,FIAT/CRONOS,2604
2024,8,Agosto,Com. Leves,Direta,10,RENAULT/OROCH,830
2024,8,Agosto,Autos,Direta,11,NISSAN/KICKS,2600
2024,8,Agosto,Com. Leves,Direta,11,RENAULT/MASTER,816
2024,8,Agosto,Autos,Direta,12,JEEP/RENEGADE,2134
2024,8,Agosto,Com. Leves,Direta,12,NISSAN/FRONTIER,770
2024,8,Agosto,Autos,Direta,13,TOYOTA/YARIS SEDAN,1958
2024,8,Agosto,Com. Leves,Direta,13,MITSUBISHI/L200,562
2024,8,Agosto,Autos,Direta,14,GM/SPIN,1848
2024,8,Agosto,Com. Leves,Direta,14,FIAT/TITANO,522
2024,8,Agosto,Autos,Direta,15,VW/VIRTUS,1791
2024,8,Agosto,Com. Leves,Direta,15,FIAT/SCUDO,507
2024,8,Agosto,Autos,Direta,16,GM/TRACKER,1623
2024,8,Agosto,Com. Leves,Direta,16,VW/AMAROK,457
2024,8,Agosto,Autos,Direta,17,VW/NIVUS,1590
2024,8,Agosto,Com. Leves,Direta,17,FORD/TRANSIT,282
2024,8,Agosto,Autos,Direta,18,FIAT/PULSE,1566
2024,8,Agosto,Com. Leves,Direta,18,RENAULT/KANGOO,186
2024,8,Agosto,Autos,Direta,19,JEEP/COMPASS,1486
2024,8,Agosto,Com. Leves,Direta,19,FORD/MAVERICK,147
2024,8,Agosto,Autos,Direta,20,HYUNDAI/CRETA,1466
2024,8,Agosto,Com. Leves,Direta,20,RAM/2500,104
2024,8,Agosto,Autos,Direta,21,FIAT/FASTBACK,1302
2024,8,Agosto,Com. Leves,Direta,21,FIAT/DUCATO,93
2024,8,Agosto,Autos,Direta,22,TOYOTA/COROLLA CROSS,1158
2024,8,Agosto,Com. Leves,Direta,22,VW TRUCK E BUS/EXPRESS,72
2024,8,Agosto,Autos,Direta,23,TOYOTA/COROLLA,971
2024,8,Agosto,Com. Leves,Direta,23,RAM/3500,58
2024,8,Agosto,Autos,Direta,24,CITROEN/C3,909
2024,8,Agosto,Com. Leves,Direta,24,PEUGEOT/PARTNER,31
2024,8,Agosto,Autos,Direta,25,TOYOTA/YARIS HB,828
2024,8,Agosto,Com. Leves,Direta,25,PEUGEOT/EXPERT,29
2024,8,Agosto,Autos,Direta,26,JEEP/COMMANDER,707
2024,8,Agosto,Com. Leves,Direta,26,HYUNDAI/HR,17
2024,8,Agosto,Autos,Direta,27,VW/TAOS,653
2024,8,Agosto,Com. Leves,Direta,27,KIA/K2500,17
2024,8,Agosto,Autos,Direta,28,HONDA/HR-V,586
2024,8,Agosto,Com. Leves,Direta,28,CITROEN/JUMPER,9
2024,8,Agosto,Autos,Direta,29,NISSAN/VERSA,516
2024,8,Agosto,Com. Leves,Direta,29,CITROEN/JUMPY,7
2024,8,Agosto,Autos,Direta,30,GWM/HAVAL H6,474
2024,8,Agosto,Com. Leves,Direta,30,RAM/1500,7
2024,8,Agosto,Autos,Direta,31,RENAULT/DUSTER,460
2024,8,Agosto,Com. Leves,Direta,31,RAM/CLASSIC,5
2024,8,Agosto,Autos,Direta,32,PEUGEOT/208,450
2024,8,Agosto,Com. Leves,Direta,32,FORD/F150,4
2024,8,Agosto,Autos,Direta,33,RENAULT/KARDIAN,432
2024,8,Agosto,Com. Leves,Direta,33,PEUGEOT/BOXER,4
2024,8,Agosto,Autos,Direta,34,CITROEN/C3 AIRCROSS,410
2024,8,Agosto,Com. Leves,Direta,34,RENAULT/KANGOO E-TECH,4
2024,8,Agosto,Autos,Direta,35,RENAULT/LOGAN,369
2024,8,Agosto,Com. Leves,Direta,35,RENAULT/KWID,4
2024,8,Agosto,Autos,Direta,36,RENAULT/SANDERO,356
2024,8,Agosto,Com. Leves,Direta,36,GM/SILVERADO,2
2024,8,Agosto,Autos,Direta,37,PEUGEOT/2008,353
2024,8,Agosto,Autos,Direta,38,VOLVO/XC60,325
2024,8,Agosto,Autos,Direta,39,VOLVO/EX30,314
2024,8,Agosto,Autos,Direta,40,NISSAN/SENTRA,280
2024,8,Agosto,Autos,Direta,41,BYD/DOLPHIN MINI,277
2024,8,Agosto,Autos,Direta,42,MITSUBISHI/PAJERO,252
2024,8,Agosto,Autos,Direta,43,FORD/TERRITORY,211
2024,8,Agosto,Autos,Direta,44,CAOA CHERY/TIGGO 5X,182
2024,8,Agosto,Autos,Direta,45,BYD/SONG,137
2024,8,Agosto,Autos,Direta,46,GM/TRAILBLAZER,131
2024,8,Agosto,Autos,Direta,47,GM/EQUINOX,128
2024,8,Agosto,Autos,Direta,48,HONDA/CITY,113
2024,8,Agosto,Autos,Direta,49,VOLVO/XC90,105
2024,8,Agosto,Autos,Direta,50,HONDA/CITY HATCH,89
2024,8,Agosto,Autos,Varejo,1,GM/TRACKER,4793
2024,8,Agosto,Com. Leves,Varejo,1,FIAT/STRADA,5323
2024,8,Agosto,Autos,Varejo,2,HYUNDAI/CRETA,4496
2024,8,Agosto,Com. Leves,Varejo,2,FIAT/TORO,2256
2024,8,Agosto,Autos,Varejo,3,VW/POLO,4461
2024,8,Agosto,Com. Leves,Varejo,3,TOYOTA/HILUX,2117
2024,8,Agosto,Autos,Varejo,4,GM/ONIX,4039
2024,8,Agosto,Com. Leves,Varejo,4,FORD/RANGER,1704
2024,8,Agosto,Autos,Varejo,5,CAOA CHERY/TIGGO 7,3961
2024,8,Agosto,Com. Leves,Varejo,5,GM/MONTANA,1359
2024,8,Agosto,Autos,Varejo,6,HONDA/HR-V,3956
2024,8,Agosto,Com. Leves,Varejo,6,RAM/RAMPAGE,1005
2024,8,Agosto,Autos,Varejo,7,VW/T CROSS,3444
2024,8,Agosto,Com. Leves,Varejo,7,GM/S10,628
2024,8,Agosto,Autos,Varejo,8,JEEP/RENEGADE,3383
2024,8,Agosto,Com. Leves,Varejo,8,MITSUBISHI/L200,372
2024,8,Agosto,Autos,Varejo,9,TOYOTA/COROLLA CROSS,3160
2024,8,Agosto,Com. Leves,Varejo,9,VW/SAVEIRO,359
2024,8,Agosto,Autos,Varejo,10,FIAT/FASTBACK,3106
2024,8,Agosto,Com. Leves,Varejo,10,FORD/MAVERICK,354
2024,8,Agosto,Autos,Varejo,11,VW/NIVUS,2868
2024,8,Agosto,Com. Leves,Varejo,11,KIA/K2500,316
2024,8,Agosto,Autos,Varejo,12,NISSAN/KICKS,2755
2024,8,Agosto,Com. Leves,Varejo,12,HYUNDAI/HR,240
2024,8,Agosto,Autos,Varejo,13,HYUNDAI/HB20,2742
2024,8,Agosto,Com. Leves,Varejo,13,RENAULT/MASTER,206
2024,8,Agosto,Autos,Varejo,14,FIAT/ARGO,2544
2024,8,Agosto,Com. Leves,Varejo,14,FIAT/TITANO,168
2024,8,Agosto,Autos,Varejo,15,TOYOTA/COROLLA,2544
2024,8,Agosto,Com. Leves,Varejo,15,FIAT/FIORINO,161
2024,8,Agosto,Autos,Varejo,16,JEEP/COMPASS,2519
2024,8,Agosto,Com. Leves,Varejo,16,M.BENZ/SPRINTER 315,150
2024,8,Agosto,Autos,Varejo,17,BYD/SONG,2379
2024,8,Agosto,Com. Leves,Varejo,17,RENAULT/OROCH,140
2024,8,Agosto,Autos,Varejo,18,BYD/DOLPHIN MINI,2021
2024,8,Agosto,Com. Leves,Varejo,18,EFFA/V21,140
2024,8,Agosto,Autos,Varejo,19,FIAT/PULSE,1988
2024,8,Agosto,Com. Leves,Varejo,19,IVECO/DAILY,110
2024,8,Agosto,Autos,Varejo,20,RENAULT/KARDIAN,1831
2024,8,Agosto,Com. Leves,Varejo,20,IVECO/DAILY 30-130,95
2024,8,Agosto,Autos,Varejo,21,GM/ONIX PLUS,1745
2024,8,Agosto,Com. Leves,Varejo,21,NISSAN/FRONTIER,87
2024,8,Agosto,Autos,Varejo,22,HONDA/CITY,1654
2024,8,Agosto,Com. Leves,Varejo,22,RAM/1500,86
2024,8,Agosto,Autos,Varejo,23,GWM/HAVAL H6,1638
2024,8,Agosto,Com. Leves,Varejo,23,VW TRUCK E BUS/EXPRESS,86
2024,8,Agosto,Autos,Varejo,24,TOYOTA/YARIS HB,1564
2024,8,Agosto,Com. Leves,Varejo,24,PEUGEOT/EXPERT,73
2024,8,Agosto,Autos,Varejo,25,PEUGEOT/208,1464
2024,8,Agosto,Com. Leves,Varejo,25,RAM/3500,68
2024,8,Agosto,Autos,Varejo,26,HONDA/CITY HATCH,1454
2024,8,Agosto,Com. Leves,Varejo,26,FORD/TRANSIT,5
2024,8,Agosto,Autos,Varejo,27,TOYOTA/HILUX SW4,1308
2024,8,Agosto,Com. Leves,Varejo,27,GM/SILVERADO,5
2024,8,Agosto,Autos,Varejo,28,FIAT/CRONOS,1155
2024,8,Agosto,Com. Leves,Varejo,28,CITROEN/JUMPY,53
2024,8,Agosto,Autos,Varejo,29,VW/VIRTUS,1135
2024,8,Agosto,Com. Leves,Varejo,29,EFFA/V22,51
2024,8,Agosto,Autos,Varejo,30,BYD/DOLPHIN,1023
2024,8,Agosto,Com. Leves,Varejo,30,RAM/2500,43
2024,8,Agosto,Autos,Varejo,31,VW/TAOS,1011
2024,8,Agosto,Com. Leves,Varejo,31,IVECO/DAILY 35-180,40
2024,8,Agosto,Autos,Varejo,32,CITROEN/C3,990
2024,8,Agosto,Com. Leves,Varejo,32,FIAT/DUCATO,34
2024,8,Agosto,Autos,Varejo,33,JEEP/COMMANDER,966
2024,8,Agosto,Com. Leves,Varejo,33,RAM/CLASSIC,34
2024,8,Agosto,Autos,Varejo,34,HYUNDAI/HB20S,943
2024,8,Agosto,Com. Leves,Varejo,34,M.BENZ/SPRINTER 517,31
2024,8,Agosto,Autos,Varejo,35,FIAT/MOBI,872
2024,8,Agosto,Com. Leves,Varejo,35,PEUGEOT/PARTNER,30
2024,8,Agosto,Autos,Varejo,36,GM/SPIN,786
2024,8,Agosto,Com. Leves,Varejo,36,VW/AMAROK,2
2024,8,Agosto,Autos,Varejo,37,CITROEN/C3 AIRCROSS,639
2024,8,Agosto,Com. Leves,Varejo,37,CITROEN/JUMPER,20
2024,8,Agosto,Autos,Varejo,38,RENAULT/DUSTER,559
2024,8,Agosto,Com. Leves,Varejo,38,FIAT/SCUDO,20
2024,8,Agosto,Autos,Varejo,39,CAOA CHERY/TIGGO 8,556
2024,8,Agosto,Com. Leves,Varejo,39,JAC/EJV12,15
2024,8,Agosto,Autos,Varejo,40,MITSUBISHI/ECLIPSE CROSS,541
2024,8,Agosto,Com. Leves,Varejo,40,PEUGEOT/BOXER,1
2024,8,Agosto,Autos,Varejo,41,CAOA CHERY/TIGGO 5X,535
2024,8,Agosto,Com. Leves,Varejo,41,FORD/F150,10
2024,8,Agosto,Autos,Varejo,42,RENAULT/KWID,531
2024,8,Agosto,Com. Leves,Varejo,42,EFFA/V25,9
2024,8,Agosto,Autos,Varejo,43,TOYOTA/YARIS SEDAN,389
2024,8,Agosto,Com. Leves,Varejo,43,VW/KOMBI,8
2024,8,Agosto,Autos,Varejo,44,GWM/ORA 03,353
2024,8,Agosto,Com. Leves,Varejo,44,ARROW/ONE,7
2024,8,Agosto,Autos,Varejo,45,NISSAN/VERSA,352
2024,8,Agosto,Com. Leves,Varejo,45,M.BENZ/SPRINTER,6
2024,8,Agosto,Autos,Varejo,46,BYD/KING,346
2024,8,Agosto,Com. Leves,Varejo,46,M.BENZ/SPRINTER 417,6
2024,8,Agosto,Autos,Varejo,47,HONDA/ZR-V,322
2024,8,Agosto,Com. Leves,Varejo,47,HITECH/ECOCARGO,3
2024,8,Agosto,Autos,Varejo,48,BMW/320I,273
2024,8,Agosto,Com. Leves,Varejo,48,MON/PROTOTIPO,2
2024,8,Agosto,Autos,Varejo,49,FORD/TERRITORY,258
2024,8,Agosto,Com. Leves,Varejo,49,RENAULT/KANGOO,2
2024,8,Agosto,Autos,Varejo,50,VW/JETTA,246
2024,8,Agosto,Com. Leves,Varejo,50,SHINERAY/P TRUCKS,2
2024,9,Setembro,Autos,Total,1,VW/POLO,12355
2024,9,Setembro,Com. Leves,Total,1,FIAT/STRADA,14240
2024,9,Setembro,Autos,Total,2,GM/ONIX,8610
2024,9,Setembro,Com. Leves,Total,2,TOYOTA/HILUX,5118
2024,9,Setembro,Autos,Total,3,VW/T CROSS,8543
2024,9,Setembro,Com. Leves,Total,3,FIAT/TORO,4925
2024,9,Setembro,Autos,Total,4,FIAT/ARGO,8421
2024,9,Setembro,Com. Leves,Total,4,VW/SAVEIRO,4656
2024,9,Setembro,Autos,Total,5,HYUNDAI/HB20,6966
2024,9,Setembro,Com. Leves,Total,5,FORD/RANGER,2893
2024,9,Setembro,Autos,Total,6,GM/TRACKER,6179
2024,9,Setembro,Com. Leves,Total,6,GM/S10,2661
2024,9,Setembro,Autos,Total,7,FIAT/MOBI,5860
2024,9,Setembro,Com. Leves,Total,7,GM/MONTANA,2522
2024,9,Setembro,Autos,Total,8,FIAT/CRONOS,5858
2024,9,Setembro,Com. Leves,Total,8,FIAT/FIORINO,2276
2024,9,Setembro,Autos,Total,9,NISSAN/KICKS,5792
2024,9,Setembro,Com. Leves,Total,9,RAM/RAMPAGE,2113
2024,9,Setembro,Autos,Total,10,JEEP/RENEGADE,5306
2024,9,Setembro,Com. Leves,Total,10,RENAULT/MASTER,1270
2024,9,Setembro,Autos,Total,11,HYUNDAI/CRETA,5163
2024,9,Setembro,Com. Leves,Total,11,RENAULT/OROCH,1237
2024,9,Setembro,Autos,Total,12,RENAULT/KWID,5095
2024,9,Setembro,Com. Leves,Total,12,NISSAN/FRONTIER,1054
2024,9,Setembro,Autos,Total,13,GM/ONIX PLUS,4785
2024,9,Setembro,Com. Leves,Total,13,VW/AMAROK,999
2024,9,Setembro,Autos,Total,14,HONDA/HR-V,4578
2024,9,Setembro,Com. Leves,Total,14,MITSUBISHI/L200,805
2024,9,Setembro,Autos,Total,15,VW/NIVUS,4401
2024,9,Setembro,Com. Leves,Total,15,FIAT/TITANO,554
2024,9,Setembro,Autos,Total,16,TOYOTA/COROLLA CROSS,4205
2024,9,Setembro,Com. Leves,Total,16,RENAULT/KANGOO,403
2024,9,Setembro,Autos,Total,17,FIAT/FASTBACK,3808
2024,9,Setembro,Com. Leves,Total,17,FORD/MAVERICK,382
2024,9,Setembro,Autos,Total,18,JEEP/COMPASS,3801
2024,9,Setembro,Com. Leves,Total,18,FORD/TRANSIT,298
2024,9,Setembro,Autos,Total,19,CAOA CHERY/TIGGO 7,3683
2024,9,Setembro,Com. Leves,Total,19,KIA/K2500,258
2024,9,Setembro,Autos,Total,20,TOYOTA/COROLLA,3566
2024,9,Setembro,Com. Leves,Total,20,FIAT/SCUDO,253
2024,9,Setembro,Autos,Total,21,FIAT/PULSE,3325
2024,9,Setembro,Com. Leves,Total,21,IVECO/DAILY,249
2024,9,Setembro,Autos,Total,22,RENAULT/KARDIAN,3303
2024,9,Setembro,Com. Leves,Total,22,HYUNDAI/HR,220
2024,9,Setembro,Autos,Total,23,TOYOTA/YARIS HB,2651
2024,9,Setembro,Com. Leves,Total,23,RAM/2500,170
2024,9,Setembro,Autos,Total,24,TOYOTA/YARIS SEDAN,2597
2024,9,Setembro,Com. Leves,Total,24,VW TRUCK E BUS/EXPRESS,157
2024,9,Setembro,Autos,Total,25,VW/VIRTUS,2478
2024,9,Setembro,Com. Leves,Total,25,RAM/3500,142
2024,9,Setembro,Autos,Total,26,HYUNDAI/HB20S,2303
2024,9,Setembro,Com. Leves,Total,26,M.BENZ/SPRINTER 315,140
2024,9,Setembro,Autos,Total,27,GM/SPIN,2294
2024,9,Setembro,Com. Leves,Total,27,IVECO/DAILY 30-130,123
2024,9,Setembro,Autos,Total,28,BYD/SONG,2172
2024,9,Setembro,Com. Leves,Total,28,PEUGEOT/EXPERT,123
2024,9,Setembro,Autos,Total,29,BYD/DOLPHIN MINI,2169
2024,9,Setembro,Com. Leves,Total,29,FIAT/DUCATO,120
2024,9,Setembro,Autos,Total,30,RENAULT/LOGAN,1978
2024,9,Setembro,Com. Leves,Total,30,EFFA/V21,103
2024,9,Setembro,Autos,Total,31,GWM/HAVAL H6,1952
2024,9,Setembro,Com. Leves,Total,31,GM/SILVERADO,74
2024,9,Setembro,Autos,Total,32,CITROEN/C3,1871
2024,9,Setembro,Com. Leves,Total,32,RAM/1500,72
2024,9,Setembro,Autos,Total,33,HONDA/CITY,1550
2024,9,Setembro,Com. Leves,Total,33,JAC/EJV5.5,68
2024,9,Setembro,Autos,Total,34,JEEP/COMMANDER,1517
2024,9,Setembro,Com. Leves,Total,34,CITROEN/JUMPY,5
2024,9,Setembro,Autos,Total,35,TOYOTA/HILUX SW4,1507
2024,9,Setembro,Com. Leves,Total,35,EFFA/V22,54
2024,9,Setembro,Autos,Total,36,HONDA/CITY HATCH,1491
2024,9,Setembro,Com. Leves,Total,36,PEUGEOT/PARTNER,52
2024,9,Setembro,Autos,Total,37,RENAULT/DUSTER,1407
2024,9,Setembro,Com. Leves,Total,37,CITROEN/JUMPER,37
2024,9,Setembro,Autos,Total,38,VW/TAOS,1333
2024,9,Setembro,Com. Leves,Total,38,IVECO/DAILY 35-180,29
2024,9,Setembro,Autos,Total,39,PEUGEOT/208,1191
2024,9,Setembro,Com. Leves,Total,39,M.BENZ/SPRINTER 517,24
2024,9,Setembro,Autos,Total,40,CAOA CHERY/TIGGO 8,1160
2024,9,Setembro,Com. Leves,Total,40,PEUGEOT/BOXER,2
2024,9,Setembro,Autos,Total,41,PEUGEOT/2008,1073
2024,9,Setembro,Com. Leves,Total,41,FORD/F150,13
2024,9,Setembro,Autos,Total,42,BYD/DOLPHIN,795
2024,9,Setembro,Com. Leves,Total,42,VW/KOMBI,12
2024,9,Setembro,Autos,Total,43,HONDA/ZR-V,770
2024,9,Setembro,Com. Leves,Total,43,EFFA/V25,10
2024,9,Setembro,Autos,Total,44,NISSAN/VERSA,722
2024,9,Setembro,Com. Leves,Total,44,RAM/CLASSIC,8
2024,9,Setembro,Autos,Total,45,CAOA CHERY/TIGGO 5X,707
2024,9,Setembro,Com. Leves,Total,45,SHINERAY/P TRUCKS,7
2024,9,Setembro,Autos,Total,46,CITROEN/C3 AIRCROSS,568
2024,9,Setembro,Com. Leves,Total,46,M.BENZ/SPRINTER 417,6
2024,9,Setembro,Autos,Total,47,NISSAN/SENTRA,516
2024,9,Setembro,Com. Leves,Total,47,ARROW/ONE,4
2024,9,Setembro,Autos,Total,48,MITSUBISHI/ECLIPSE CROSS,501
2024,9,Setembro,Com. Leves,Total,48,RENAULT/KWID,3
2024,9,Setembro,Autos,Total,49,RENAULT/SANDERO,468
2024,9,Setembro,Com. Leves,Total,49,HITECH/ECOCARGO,3
2024,9,Setembro,Autos,Total,50,FORD/TERRITORY,435
2024,9,Setembro,Com. Leves,Total,50,MON/PROTOTIPO,2
2024,9,Setembro,Autos,Direta,1,VW/POLO,8595
2024,9,Setembro,Com. Leves,Direta,1,FIAT/STRADA,9389
2024,9,Setembro,Autos,Direta,2,FIAT/ARGO,6008
2024,9,Setembro,Com. Leves,Direta,2,VW/SAVEIRO,4286
2024,9,Setembro,Autos,Direta,3,VW/T CROSS,5313
2024,9,Setembro,Com. Leves,Direta,3,TOYOTA/HILUX,3227
2024,9,Setembro,Autos,Direta,4,FIAT/MOBI,5234
2024,9,Setembro,Com. Leves,Direta,4,FIAT/TORO,2764
2024,9,Setembro,Autos,Direta,5,RENAULT/KWID,4743
2024,9,Setembro,Com. Leves,Direta,5,FIAT/FIORINO,2094
2024,9,Setembro,Autos,Direta,6,FIAT/CRONOS,4623
2024,9,Setembro,Com. Leves,Direta,6,GM/S10,2077
2024,9,Setembro,Autos,Direta,7,GM/ONIX,4489
2024,9,Setembro,Com. Leves,Direta,7,RAM/RAMPAGE,1404
2024,9,Setembro,Autos,Direta,8,HYUNDAI/HB20,3462
2024,9,Setembro,Com. Leves,Direta,8,GM/MONTANA,1231
2024,9,Setembro,Autos,Direta,9,GM/ONIX PLUS,3153
2024,9,Setembro,Com. Leves,Direta,9,FORD/RANGER,1210
2024,9,Setembro,Autos,Direta,10,NISSAN/KICKS,3138
2024,9,Setembro,Com. Leves,Direta,10,RENAULT/OROCH,1051
2024,9,Setembro,Autos,Direta,11,JEEP/RENEGADE,2278
2024,9,Setembro,Com. Leves,Direta,11,RENAULT/MASTER,1007
2024,9,Setembro,Autos,Direta,12,TOYOTA/YARIS SEDAN,2028
2024,9,Setembro,Com. Leves,Direta,12,NISSAN/FRONTIER,973
2024,9,Setembro,Autos,Direta,13,RENAULT/KARDIAN,1994
2024,9,Setembro,Com. Leves,Direta,13,VW/AMAROK,871
2024,9,Setembro,Autos,Direta,14,RENAULT/LOGAN,1961
2024,9,Setembro,Com. Leves,Direta,14,FIAT/TITANO,424
2024,9,Setembro,Autos,Direta,15,GM/TRACKER,1775
2024,9,Setembro,Com. Leves,Direta,15,RENAULT/KANGOO,402
2024,9,Setembro,Autos,Direta,16,VW/NIVUS,1588
2024,9,Setembro,Com. Leves,Direta,16,MITSUBISHI/L200,365
2024,9,Setembro,Autos,Direta,17,GM/SPIN,1566
2024,9,Setembro,Com. Leves,Direta,17,FIAT/SCUDO,235
2024,9,Setembro,Autos,Direta,18,HYUNDAI/HB20S,1516
2024,9,Setembro,Com. Leves,Direta,18,FORD/TRANSIT,217
2024,9,Setembro,Autos,Direta,19,FIAT/PULSE,1473
2024,9,Setembro,Com. Leves,Direta,19,RAM/2500,141
2024,9,Setembro,Autos,Direta,20,JEEP/COMPASS,1368
2024,9,Setembro,Com. Leves,Direta,20,RAM/3500,114
2024,9,Setembro,Autos,Direta,21,VW/VIRTUS,1350
2024,9,Setembro,Com. Leves,Direta,21,FIAT/DUCATO,95
2024,9,Setembro,Autos,Direta,22,TOYOTA/COROLLA,1135
2024,9,Setembro,Com. Leves,Direta,22,PEUGEOT/EXPERT,79
2024,9,Setembro,Autos,Direta,23,CITROEN/C3,1081
2024,9,Setembro,Com. Leves,Direta,23,FORD/MAVERICK,63
2024,9,Setembro,Autos,Direta,24,TOYOTA/YARIS HB,1050
2024,9,Setembro,Com. Leves,Direta,24,VW TRUCK E BUS/EXPRESS,58
2024,9,Setembro,Autos,Direta,25,PEUGEOT/2008,1040
2024,9,Setembro,Com. Leves,Direta,25,PEUGEOT/PARTNER,29
2024,9,Setembro,Autos,Direta,26,TOYOTA/COROLLA CROSS,1002
2024,9,Setembro,Com. Leves,Direta,26,CITROEN/JUMPY,24
2024,9,Setembro,Autos,Direta,27,FIAT/FASTBACK,852
2024,9,Setembro,Com. Leves,Direta,27,CITROEN/JUMPER,2
2024,9,Setembro,Autos,Direta,28,RENAULT/DUSTER,849
2024,9,Setembro,Com. Leves,Direta,28,PEUGEOT/BOXER,19
2024,9,Setembro,Autos,Direta,29,HONDA/HR-V,653
2024,9,Setembro,Com. Leves,Direta,29,RAM/1500,7
2024,9,Setembro,Autos,Direta,30,JEEP/COMMANDER,597
2024,9,Setembro,Com. Leves,Direta,30,HYUNDAI/HR,6
2024,9,Setembro,Autos,Direta,31,HYUNDAI/CRETA,544
2024,9,Setembro,Com. Leves,Direta,31,GM/SILVERADO,5
2024,9,Setembro,Autos,Direta,32,VW/TAOS,525
2024,9,Setembro,Com. Leves,Direta,32,FORD/F150,2
2024,9,Setembro,Autos,Direta,33,HONDA/ZR-V,487
2024,9,Setembro,Com. Leves,Direta,33,KIA/K2500,2
2024,9,Setembro,Autos,Direta,34,RENAULT/SANDERO,400
2024,9,Setembro,Com. Leves,Direta,34,RENAULT/KWID,2
2024,9,Setembro,Autos,Direta,35,NISSAN/VERSA,387
2024,9,Setembro,Com. Leves,Direta,35,RAM/CLASSIC,2
2024,9,Setembro,Autos,Direta,36,PEUGEOT/208,320
2024,9,Setembro,Com. Leves,Direta,36,FORD/ETRANSIT,1
2024,9,Setembro,Autos,Direta,37,NISSAN/SENTRA,310
2024,9,Setembro,Autos,Direta,38,MITSUBISHI/PAJERO,305
2024,9,Setembro,Autos,Direta,39,VOLVO/EX30,254
2024,9,Setembro,Autos,Direta,40,VOLVO/XC60,219
2024,9,Setembro,Autos,Direta,41,GWM/HAVAL H6,207
2024,9,Setembro,Autos,Direta,42,FORD/TERRITORY,151
2024,9,Setembro,Autos,Direta,43,HONDA/CITY,144
2024,9,Setembro,Autos,Direta,44,HONDA/CITY HATCH,131
2024,9,Setembro,Autos,Direta,45,GM/TRAILBLAZER,126
2024,9,Setembro,Autos,Direta,46,GM/EQUINOX,116
2024,9,Setembro,Autos,Direta,47,CAOA CHERY/TIGGO 5X,112
2024,9,Setembro,Autos,Direta,48,MITSUBISHI/ECLIPSE CROSS,97
2024,9,Setembro,Autos,Direta,49,CITROEN/C3 AIRCROSS,71
2024,9,Setembro,Autos,Direta,50,CITROEN/BASALT,64
2024,9,Setembro,Autos,Varejo,1,HYUNDAI/CRETA,4619
2024,9,Setembro,Com. Leves,Varejo,1,FIAT/STRADA,4851
2024,9,Setembro,Autos,Varejo,2,GM/TRACKER,4404
2024,9,Setembro,Com. Leves,Varejo,2,FIAT/TORO,2161
2024,9,Setembro,Autos,Varejo,3,GM/ONIX,4121
2024,9,Setembro,Com. Leves,Varejo,3,TOYOTA/HILUX,1891
2024,9,Setembro,Autos,Varejo,4,HONDA/HR-V,3925
2024,9,Setembro,Com. Leves,Varejo,4,FORD/RANGER,1683
2024,9,Setembro,Autos,Varejo,5,VW/POLO,3760
2024,9,Setembro,Com. Leves,Varejo,5,GM/MONTANA,1291
2024,9,Setembro,Autos,Varejo,6,CAOA CHERY/TIGGO 7,3664
2024,9,Setembro,Com. Leves,Varejo,6,RAM/RAMPAGE,709
2024,9,Setembro,Autos,Varejo,7,HYUNDAI/HB20,3504
2024,9,Setembro,Com. Leves,Varejo,7,GM/S10,584
2024,9,Setembro,Autos,Varejo,8,VW/T CROSS,3230
2024,9,Setembro,Com. Leves,Varejo,8,MITSUBISHI/L200,440
2024,9,Setembro,Autos,Varejo,9,TOYOTA/COROLLA CROSS,3203
2024,9,Setembro,Com. Leves,Varejo,9,VW/SAVEIRO,370
2024,9,Setembro,Autos,Varejo,10,JEEP/RENEGADE,3028
2024,9,Setembro,Com. Leves,Varejo,10,FORD/MAVERICK,319
2024,9,Setembro,Autos,Varejo,11,FIAT/FASTBACK,2956
2024,9,Setembro,Com. Leves,Varejo,11,RENAULT/MASTER,263
2024,9,Setembro,Autos,Varejo,12,VW/NIVUS,2813
2024,9,Setembro,Com. Leves,Varejo,12,KIA/K2500,256
2024,9,Setembro,Autos,Varejo,13,NISSAN/KICKS,2654
2024,9,Setembro,Com. Leves,Varejo,13,IVECO/DAILY,249
2024,9,Setembro,Autos,Varejo,14,JEEP/COMPASS,2433
2024,9,Setembro,Com. Leves,Varejo,14,HYUNDAI/HR,214
2024,9,Setembro,Autos,Varejo,15,TOYOTA/COROLLA,2431
2024,9,Setembro,Com. Leves,Varejo,15,RENAULT/OROCH,186
2024,9,Setembro,Autos,Varejo,16,FIAT/ARGO,2413
2024,9,Setembro,Com. Leves,Varejo,16,FIAT/FIORINO,182
2024,9,Setembro,Autos,Varejo,17,BYD/DOLPHIN MINI,2130
2024,9,Setembro,Com. Leves,Varejo,17,M.BENZ/SPRINTER 315,140
2024,9,Setembro,Autos,Varejo,18,BYD/SONG,2114
2024,9,Setembro,Com. Leves,Varejo,18,FIAT/TITANO,130
2024,9,Setembro,Autos,Varejo,19,FIAT/PULSE,1852
2024,9,Setembro,Com. Leves,Varejo,19,VW/AMAROK,128
2024,9,Setembro,Autos,Varejo,20,GWM/HAVAL H6,1745
2024,9,Setembro,Com. Leves,Varejo,20,IVECO/DAILY 30-130,123
2024,9,Setembro,Autos,Varejo,21,GM/ONIX PLUS,1632
2024,9,Setembro,Com. Leves,Varejo,21,EFFA/V21,103
2024,9,Setembro,Autos,Varejo,22,TOYOTA/YARIS HB,1601
2024,9,Setembro,Com. Leves,Varejo,22,VW TRUCK E BUS/EXPRESS,9
2024,9,Setembro,Autos,Varejo,23,TOYOTA/HILUX SW4,1458
2024,9,Setembro,Com. Leves,Varejo,23,FORD/TRANSIT,81
2024,9,Setembro,Autos,Varejo,24,HONDA/CITY,1406
2024,9,Setembro,Com. Leves,Varejo,24,NISSAN/FRONTIER,81
2024,9,Setembro,Autos,Varejo,25,HONDA/CITY HATCH,1360
2024,9,Setembro,Com. Leves,Varejo,25,GM/SILVERADO,69
2024,9,Setembro,Autos,Varejo,26,RENAULT/KARDIAN,1309
2024,9,Setembro,Com. Leves,Varejo,26,JAC/EJV5.5,68
2024,9,Setembro,Autos,Varejo,27,FIAT/CRONOS,1235
2024,9,Setembro,Com. Leves,Varejo,27,RAM/1500,65
2024,9,Setembro,Autos,Varejo,28,VW/VIRTUS,1128
2024,9,Setembro,Com. Leves,Varejo,28,EFFA/V22,54
2024,9,Setembro,Autos,Varejo,29,CAOA CHERY/TIGGO 8,1127
2024,9,Setembro,Com. Leves,Varejo,29,PEUGEOT/EXPERT,4
2024,9,Setembro,Autos,Varejo,30,JEEP/COMMANDER,920
2024,9,Setembro,Com. Leves,Varejo,30,CITROEN/JUMPY,31
2024,9,Setembro,Autos,Varejo,31,PEUGEOT/208,871
2024,9,Setembro,Com. Leves,Varejo,31,IVECO/DAILY 35-180,29
2024,9,Setembro,Autos,Varejo,32,VW/TAOS,808
2024,9,Setembro,Com. Leves,Varejo,32,RAM/2500,29
2024,9,Setembro,Autos,Varejo,33,CITROEN/C3,790
2024,9,Setembro,Com. Leves,Varejo,33,RAM/3500,28
2024,9,Setembro,Autos,Varejo,34,HYUNDAI/HB20S,787
2024,9,Setembro,Com. Leves,Varejo,34,FIAT/DUCATO,25
2024,9,Setembro,Autos,Varejo,35,BYD/DOLPHIN,778
2024,9,Setembro,Com. Leves,Varejo,35,M.BENZ/SPRINTER 517,24
2024,9,Setembro,Autos,Varejo,36,GM/SPIN,728
2024,9,Setembro,Com. Leves,Varejo,36,PEUGEOT/PARTNER,23
2024,9,Setembro,Autos,Varejo,37,FIAT/MOBI,626
2024,9,Setembro,Com. Leves,Varejo,37,FIAT/SCUDO,18
2024,9,Setembro,Autos,Varejo,38,CAOA CHERY/TIGGO 5X,595
2024,9,Setembro,Com. Leves,Varejo,38,CITROEN/JUMPER,15
2024,9,Setembro,Autos,Varejo,39,TOYOTA/YARIS SEDAN,569
2024,9,Setembro,Com. Leves,Varejo,39,VW/KOMBI,12
2024,9,Setembro,Autos,Varejo,40,RENAULT/DUSTER,558
2024,9,Setembro,Com. Leves,Varejo,40,FORD/F150,1
2024,9,Setembro,Autos,Varejo,41,CITROEN/C3 AIRCROSS,497
2024,9,Setembro,Com. Leves,Varejo,41,EFFA/V25,10
2024,9,Setembro,Autos,Varejo,42,MITSUBISHI/ECLIPSE CROSS,404
2024,9,Setembro,Com. Leves,Varejo,42,SHINERAY/P TRUCKS,7
2024,9,Setembro,Autos,Varejo,43,RENAULT/KWID,352
2024,9,Setembro,Com. Leves,Varejo,43,M.BENZ/SPRINTER 417,6
2024,9,Setembro,Autos,Varejo,44,BYD/YUAN,339
2024,9,Setembro,Com. Leves,Varejo,44,RAM/CLASSIC,6
2024,9,Setembro,Autos,Varejo,45,NISSAN/VERSA,335
2024,9,Setembro,Com. Leves,Varejo,45,ARROW/ONE,4
2024,9,Setembro,Autos,Varejo,46,BMW/320I,329
2024,9,Setembro,Com. Leves,Varejo,46,PEUGEOT/BOXER,3
2024,9,Setembro,Autos,Varejo,47,FORD/TERRITORY,284
2024,9,Setembro,Com. Leves,Varejo,47,HITECH/ECOCARGO,3
2024,9,Setembro,Autos,Varejo,48,HONDA/ZR-V,283
2024,9,Setembro,Com. Leves,Varejo,48,MON/PROTOTIPO,2
2024,9,Setembro,Autos,Varejo,49,GWM/ORA 03,260
2024,9,Setembro,Com. Leves,Varejo,49,CHEVROLET/EL CAMINO,1
2024,9,Setembro,Autos,Varejo,50,BYD/KING,260
2024,9,Setembro,Com. Leves,Varejo,50,FORD/F1000,1
2024,10,Outubro,Autos,Total,1,VW/POLO,14969
2024,10,Outubro,Com. Leves,Total,1,FIAT/STRADA,14641
2024,10,Outubro,Autos,Total,2,HYUNDAI/HB20,10795
2024,10,Outubro,Com. Leves,Total,2,VW/SAVEIRO,5621
2024,10,Outubro,Autos,Total,3,FIAT/ARGO,9312
2024,10,Outubro,Com. Leves,Total,3,FIAT/TORO,5438
2024,10,Outubro,Autos,Total,4,VW/T CROSS,9176
2024,10,Outubro,Com. Leves,Total,4,TOYOTA/HILUX,4736
2024,10,Outubro,Autos,Total,5,GM/ONIX,8868
2024,10,Outubro,Com. Leves,Total,5,FORD/RANGER,3817
2024,10,Outubro,Autos,Total,6,HYUNDAI/CRETA,7761
2024,10,Outubro,Com. Leves,Total,6,GM/MONTANA,2837
2024,10,Outubro,Autos,Total,7,GM/TRACKER,6841
2024,10,Outubro,Com. Leves,Total,7,GM/S10,2660
2024,10,Outubro,Autos,Total,8,NISSAN/KICKS,6610
2024,10,Outubro,Com. Leves,Total,8,RAM/RAMPAGE,2370
2024,10,Outubro,Autos,Total,9,FIAT/MOBI,6504
2024,10,Outubro,Com. Leves,Total,9,FIAT/FIORINO,2252
2024,10,Outubro,Autos,Total,10,VW/NIVUS,5772
2024,10,Outubro,Com. Leves,Total,10,RENAULT/MASTER,1193
2024,10,Outubro,Autos,Total,11,HONDA/HR-V,5445
2024,10,Outubro,Com. Leves,Total,11,RENAULT/OROCH,1146
2024,10,Outubro,Autos,Total,12,JEEP/RENEGADE,5215
2024,10,Outubro,Com. Leves,Total,12,VW/AMAROK,1141
2024,10,Outubro,Autos,Total,13,JEEP/COMPASS,5043
2024,10,Outubro,Com. Leves,Total,13,FIAT/TITANO,795
2024,10,Outubro,Autos,Total,14,FIAT/CRONOS,5029
2024,10,Outubro,Com. Leves,Total,14,MITSUBISHI/L200,784
2024,10,Outubro,Autos,Total,15,TOYOTA/COROLLA CROSS,4806
2024,10,Outubro,Com. Leves,Total,15,RENAULT/KANGOO,537
2024,10,Outubro,Autos,Total,16,GM/ONIX PLUS,4614
2024,10,Outubro,Com. Leves,Total,16,IVECO/DAILY,459
2024,10,Outubro,Autos,Total,17,RENAULT/KWID,4353
2024,10,Outubro,Com. Leves,Total,17,FORD/MAVERICK,387
2024,10,Outubro,Autos,Total,18,HYUNDAI/HB20S,4256
2024,10,Outubro,Com. Leves,Total,18,FIAT/SCUDO,352
2024,10,Outubro,Autos,Total,19,FIAT/FASTBACK,4132
2024,10,Outubro,Com. Leves,Total,19,NISSAN/FRONTIER,344
2024,10,Outubro,Autos,Total,20,CAOA CHERY/TIGGO 7,4044
2024,10,Outubro,Com. Leves,Total,20,FORD/TRANSIT,283
2024,10,Outubro,Autos,Total,21,TOYOTA/COROLLA,3780
2024,10,Outubro,Com. Leves,Total,21,HYUNDAI/HR,258
2024,10,Outubro,Autos,Total,22,FIAT/PULSE,3287
2024,10,Outubro,Com. Leves,Total,22,KIA/K2500,222
2024,10,Outubro,Autos,Total,23,VW/VIRTUS,3210
2024,10,Outubro,Com. Leves,Total,23,FORD/ETRANSIT,219
2024,10,Outubro,Autos,Total,24,RENAULT/KARDIAN,3062
2024,10,Outubro,Com. Leves,Total,24,RAM/2500,215
2024,10,Outubro,Autos,Total,25,TOYOTA/YARIS HB,2912
2024,10,Outubro,Com. Leves,Total,25,FIAT/DUCATO,206
2024,10,Outubro,Autos,Total,26,BYD/DOLPHIN MINI,2808
2024,10,Outubro,Com. Leves,Total,26,JAC/EJV5.5,190
2024,10,Outubro,Autos,Total,27,GM/SPIN,2744
2024,10,Outubro,Com. Leves,Total,27,M.BENZ/SPRINTER 315,189
2024,10,Outubro,Autos,Total,28,BYD/SONG,2340
2024,10,Outubro,Com. Leves,Total,28,VW TRUCK E BUS/EXPRESS,173
2024,10,Outubro,Autos,Total,29,GWM/HAVAL H6,2286
2024,10,Outubro,Com. Leves,Total,29,RAM/3500,160
2024,10,Outubro,Autos,Total,30,TOYOTA/YARIS SEDAN,2185
2024,10,Outubro,Com. Leves,Total,30,BYD/SHARK,143
2024,10,Outubro,Autos,Total,31,RENAULT/DUSTER,2005
2024,10,Outubro,Com. Leves,Total,31,IVECO/DAILY 30-130,125
2024,10,Outubro,Autos,Total,32,CITROEN/C3,1982
2024,10,Outubro,Com. Leves,Total,32,PEUGEOT/EXPERT,114
2024,10,Outubro,Autos,Total,33,TOYOTA/HILUX SW4,1929
2024,10,Outubro,Com. Leves,Total,33,GM/SILVERADO,84
2024,10,Outubro,Autos,Total,34,HONDA/CITY HATCH,1843
2024,10,Outubro,Com. Leves,Total,34,EFFA/V21,83
2024,10,Outubro,Autos,Total,35,JEEP/COMMANDER,1807
2024,10,Outubro,Com. Leves,Total,35,PEUGEOT/PARTNER,71
2024,10,Outubro,Autos,Total,36,PEUGEOT/2008,1746
2024,10,Outubro,Com. Leves,Total,36,EFFA/V22,67
2024,10,Outubro,Autos,Total,37,VW/TAOS,1741
2024,10,Outubro,Com. Leves,Total,37,RAM/1500,49
2024,10,Outubro,Autos,Total,38,HONDA/CITY,1580
2024,10,Outubro,Com. Leves,Total,38,JAC/EJV12,45
2024,10,Outubro,Autos,Total,39,CAOA CHERY/TIGGO 8,1282
2024,10,Outubro,Com. Leves,Total,39,FORD/F150,42
2024,10,Outubro,Autos,Total,40,PEUGEOT/208,914
2024,10,Outubro,Com. Leves,Total,40,RENAULT/KANGOO E-TECH,42
2024,10,Outubro,Autos,Total,41,BYD/DOLPHIN,912
2024,10,Outubro,Com. Leves,Total,41,CITROEN/JUMPY,40
2024,10,Outubro,Autos,Total,42,NISSAN/VERSA,886
2024,10,Outubro,Com. Leves,Total,42,M.BENZ/SPRINTER 517,30
2024,10,Outubro,Autos,Total,43,CAOA CHERY/TIGGO 5X,866
2024,10,Outubro,Com. Leves,Total,43,PEUGEOT/BOXER,20
2024,10,Outubro,Autos,Total,44,MITSUBISHI/ECLIPSE CROSS,854
2024,10,Outubro,Com. Leves,Total,44,CITROEN/JUMPER,19
2024,10,Outubro,Autos,Total,45,HONDA/ZR-V,789
2024,10,Outubro,Com. Leves,Total,45,SHINERAY/P TRUCKS,19
2024,10,Outubro,Autos,Total,46,FORD/TERRITORY,710
2024,10,Outubro,Com. Leves,Total,46,IVECO/DAILY 35-180,18
2024,10,Outubro,Autos,Total,47,CITROEN/C3 AIRCROSS,648
2024,10,Outubro,Com. Leves,Total,47,EFFA/V25,12
2024,10,Outubro,Autos,Total,48,BYD/KING,585
2024,10,Outubro,Com. Leves,Total,48,M.BENZ/SPRINTER 417,1
2024,10,Outubro,Autos,Total,49,NISSAN/SENTRA,536
2024,10,Outubro,Com. Leves,Total,49,VW/KOMBI,1
2024,10,Outubro,Autos,Total,50,RENAULT/SANDERO,516
2024,10,Outubro,Com. Leves,Total,50,JAC/HUNTER,5
2024,10,Outubro,Autos,Direta,1,VW/POLO,10621
2024,10,Outubro,Com. Leves,Direta,1,FIAT/STRADA,9597
2024,10,Outubro,Autos,Direta,2,FIAT/ARGO,6992
2024,10,Outubro,Com. Leves,Direta,2,VW/SAVEIRO,5133
2024,10,Outubro,Autos,Direta,3,HYUNDAI/HB20,6917
2024,10,Outubro,Com. Leves,Direta,3,FIAT/TORO,3110
2024,10,Outubro,Autos,Direta,4,FIAT/MOBI,5861
2024,10,Outubro,Com. Leves,Direta,4,TOYOTA/HILUX,2853
2024,10,Outubro,Autos,Direta,5,VW/T CROSS,5756
2024,10,Outubro,Com. Leves,Direta,5,FIAT/FIORINO,2015
2024,10,Outubro,Autos,Direta,6,GM/ONIX,4282
2024,10,Outubro,Com. Leves,Direta,6,GM/S10,1909
2024,10,Outubro,Autos,Direta,7,RENAULT/KWID,3997
2024,10,Outubro,Com. Leves,Direta,7,FORD/RANGER,1556
2024,10,Outubro,Autos,Direta,8,FIAT/CRONOS,3601
2024,10,Outubro,Com. Leves,Direta,8,RAM/RAMPAGE,1556
2024,10,Outubro,Autos,Direta,9,HYUNDAI/HB20S,3343
2024,10,Outubro,Com. Leves,Direta,9,GM/MONTANA,1433
2024,10,Outubro,Autos,Direta,10,NISSAN/KICKS,3299
2024,10,Outubro,Com. Leves,Direta,10,RENAULT/OROCH,1046
2024,10,Outubro,Autos,Direta,11,GM/ONIX PLUS,2720
2024,10,Outubro,Com. Leves,Direta,11,VW/AMAROK,1014
2024,10,Outubro,Autos,Direta,12,JEEP/RENEGADE,2491
2024,10,Outubro,Com. Leves,Direta,12,RENAULT/MASTER,847
2024,10,Outubro,Autos,Direta,13,JEEP/COMPASS,2191
2024,10,Outubro,Com. Leves,Direta,13,FIAT/TITANO,648
2024,10,Outubro,Autos,Direta,14,VW/NIVUS,2148
2024,10,Outubro,Com. Leves,Direta,14,RENAULT/KANGOO,525
2024,10,Outubro,Autos,Direta,15,GM/TRACKER,2058
2024,10,Outubro,Com. Leves,Direta,15,FIAT/SCUDO,310
2024,10,Outubro,Autos,Direta,16,VW/VIRTUS,1892
2024,10,Outubro,Com. Leves,Direta,16,MITSUBISHI/L200,304
2024,10,Outubro,Autos,Direta,17,GM/SPIN,1805
2024,10,Outubro,Com. Leves,Direta,17,NISSAN/FRONTIER,276
2024,10,Outubro,Autos,Direta,18,PEUGEOT/2008,1689
2024,10,Outubro,Com. Leves,Direta,18,FORD/TRANSIT,235
2024,10,Outubro,Autos,Direta,19,HYUNDAI/CRETA,1619
2024,10,Outubro,Com. Leves,Direta,19,FORD/ETRANSIT,219
2024,10,Outubro,Autos,Direta,20,TOYOTA/YARIS SEDAN,1587
2024,10,Outubro,Com. Leves,Direta,20,RAM/2500,182
2024,10,Outubro,Autos,Direta,21,RENAULT/KARDIAN,1526
2024,10,Outubro,Com. Leves,Direta,21,FIAT/DUCATO,178
2024,10,Outubro,Autos,Direta,22,CITROEN/C3,1448
2024,10,Outubro,Com. Leves,Direta,22,BYD/SHARK,143
2024,10,Outubro,Autos,Direta,23,TOYOTA/YARIS HB,1108
2024,10,Outubro,Com. Leves,Direta,23,RAM/3500,132
2024,10,Outubro,Autos,Direta,24,TOYOTA/COROLLA,1052
2024,10,Outubro,Com. Leves,Direta,24,PEUGEOT/EXPERT,74
2024,10,Outubro,Autos,Direta,25,TOYOTA/COROLLA CROSS,1040
2024,10,Outubro,Com. Leves,Direta,25,VW TRUCK E BUS/EXPRESS,5
2024,10,Outubro,Autos,Direta,26,FIAT/PULSE,1024
2024,10,Outubro,Com. Leves,Direta,26,FORD/MAVERICK,48
2024,10,Outubro,Autos,Direta,27,RENAULT/DUSTER,1006
2024,10,Outubro,Com. Leves,Direta,27,PEUGEOT/PARTNER,43
2024,10,Outubro,Autos,Direta,28,JEEP/COMMANDER,874
2024,10,Outubro,Com. Leves,Direta,28,RENAULT/KANGOO E-TECH,41
2024,10,Outubro,Autos,Direta,29,FIAT/FASTBACK,775
2024,10,Outubro,Com. Leves,Direta,29,FORD/F150,21
2024,10,Outubro,Autos,Direta,30,HONDA/HR-V,750
2024,10,Outubro,Com. Leves,Direta,30,CITROEN/JUMPY,17
2024,10,Outubro,Autos,Direta,31,PEUGEOT/208,590
2024,10,Outubro,Com. Leves,Direta,31,PEUGEOT/BOXER,8
2024,10,Outubro,Autos,Direta,32,HONDA/ZR-V,532
2024,10,Outubro,Com. Leves,Direta,32,CITROEN/JUMPER,6
2024,10,Outubro,Autos,Direta,33,VW/TAOS,510
2024,10,Outubro,Com. Leves,Direta,33,RAM/1500,3
2024,10,Outubro,Autos,Direta,34,VOLVO/XC60,442
2024,10,Outubro,Com. Leves,Direta,34,GM/SILVERADO,2
2024,10,Outubro,Autos,Direta,35,NISSAN/VERSA,440
2024,10,Outubro,Com. Leves,Direta,35,RENAULT/KWID,2
2024,10,Outubro,Autos,Direta,36,GWM/HAVAL H6,401
2024,10,Outubro,Com. Leves,Direta,36,KIA/K2500,1
2024,10,Outubro,Autos,Direta,37,RENAULT/SANDERO,380
2024,10,Outubro,Com. Leves,Direta,37,TOYOTA/BANDEIRANTE,1
2024,10,Outubro,Autos,Direta,38,CITROEN/BASALT,368
2024,10,Outubro,Autos,Direta,39,HONDA/CITY HATCH,329
2024,10,Outubro,Autos,Direta,40,BYD/KING,326
2024,10,Outubro,Autos,Direta,41,HONDA/CITY,259
2024,10,Outubro,Autos,Direta,42,MITSUBISHI/PAJERO,251
2024,10,Outubro,Autos,Direta,43,NISSAN/SENTRA,241
2024,10,Outubro,Autos,Direta,44,GM/TRAILBLAZER,192
2024,10,Outubro,Autos,Direta,45,CITROEN/C3 AIRCROSS,188
2024,10,Outubro,Autos,Direta,46,FORD/TERRITORY,178
2024,10,Outubro,Autos,Direta,47,VOLVO/EX30,176
2024,10,Outubro,Autos,Direta,48,MITSUBISHI/ECLIPSE CROSS,145
2024,10,Outubro,Autos,Direta,49,BYD/SONG,105
2024,10,Outubro,Autos,Direta,50,VOLVO/XC90,92
2024,10,Outubro,Autos,Varejo,1,HYUNDAI/CRETA,6142
2024,10,Outubro,Com. Leves,Varejo,1,FIAT/STRADA,5044
2024,10,Outubro,Autos,Varejo,2,GM/TRACKER,4783
2024,10,Outubro,Com. Leves,Varejo,2,FIAT/TORO,2328
2024,10,Outubro,Autos,Varejo,3,HONDA/HR-V,4695
2024,10,Outubro,Com. Leves,Varejo,3,FORD/RANGER,2261
2024,10,Outubro,Autos,Varejo,4,GM/ONIX,4586
2024,10,Outubro,Com. Leves,Varejo,4,TOYOTA/HILUX,1883
2024,10,Outubro,Autos,Varejo,5,VW/POLO,4348
2024,10,Outubro,Com. Leves,Varejo,5,GM/MONTANA,1404
2024,10,Outubro,Autos,Varejo,6,CAOA CHERY/TIGGO 7,4002
2024,10,Outubro,Com. Leves,Varejo,6,RAM/RAMPAGE,814
2024,10,Outubro,Autos,Varejo,7,HYUNDAI/HB20,3878
2024,10,Outubro,Com. Leves,Varejo,7,GM/S10,751
2024,10,Outubro,Autos,Varejo,8,TOYOTA/COROLLA CROSS,3766
2024,10,Outubro,Com. Leves,Varejo,8,VW/SAVEIRO,488
2024,10,Outubro,Autos,Varejo,9,VW/NIVUS,3624
2024,10,Outubro,Com. Leves,Varejo,9,MITSUBISHI/L200,480
2024,10,Outubro,Autos,Varejo,10,VW/T CROSS,3420
2024,10,Outubro,Com. Leves,Varejo,10,IVECO/DAILY,459
2024,10,Outubro,Autos,Varejo,11,FIAT/FASTBACK,3357
2024,10,Outubro,Com. Leves,Varejo,11,RENAULT/MASTER,346
2024,10,Outubro,Autos,Varejo,12,NISSAN/KICKS,3311
2024,10,Outubro,Com. Leves,Varejo,12,FORD/MAVERICK,339
2024,10,Outubro,Autos,Varejo,13,JEEP/COMPASS,2852
2024,10,Outubro,Com. Leves,Varejo,13,HYUNDAI/HR,258
2024,10,Outubro,Autos,Varejo,14,BYD/DOLPHIN MINI,2738
2024,10,Outubro,Com. Leves,Varejo,14,FIAT/FIORINO,237
2024,10,Outubro,Autos,Varejo,15,TOYOTA/COROLLA,2728
2024,10,Outubro,Com. Leves,Varejo,15,KIA/K2500,221
2024,10,Outubro,Autos,Varejo,16,JEEP/RENEGADE,2724
2024,10,Outubro,Com. Leves,Varejo,16,JAC/EJV5.5,190
2024,10,Outubro,Autos,Varejo,17,FIAT/ARGO,2320
2024,10,Outubro,Com. Leves,Varejo,17,M.BENZ/SPRINTER 315,189
2024,10,Outubro,Autos,Varejo,18,FIAT/PULSE,2263
2024,10,Outubro,Com. Leves,Varejo,18,FIAT/TITANO,147
2024,10,Outubro,Autos,Varejo,19,BYD/SONG,2235
2024,10,Outubro,Com. Leves,Varejo,19,VW/AMAROK,127
2024,10,Outubro,Autos,Varejo,20,GM/ONIX PLUS,1894
2024,10,Outubro,Com. Leves,Varejo,20,IVECO/DAILY 30-130,125
2024,10,Outubro,Autos,Varejo,21,GWM/HAVAL H6,1885
2024,10,Outubro,Com. Leves,Varejo,21,VW TRUCK E BUS/EXPRESS,118
2024,10,Outubro,Autos,Varejo,22,TOYOTA/HILUX SW4,1848
2024,10,Outubro,Com. Leves,Varejo,22,RENAULT/OROCH,100
2024,10,Outubro,Autos,Varejo,23,TOYOTA/YARIS HB,1804
2024,10,Outubro,Com. Leves,Varejo,23,EFFA/V21,83
2024,10,Outubro,Autos,Varejo,24,RENAULT/KARDIAN,1536
2024,10,Outubro,Com. Leves,Varejo,24,GM/SILVERADO,82
2024,10,Outubro,Autos,Varejo,25,HONDA/CITY HATCH,1514
2024,10,Outubro,Com. Leves,Varejo,25,NISSAN/FRONTIER,68
2024,10,Outubro,Autos,Varejo,26,FIAT/CRONOS,1428
2024,10,Outubro,Com. Leves,Varejo,26,EFFA/V22,67
2024,10,Outubro,Autos,Varejo,27,HONDA/CITY,1321
2024,10,Outubro,Com. Leves,Varejo,27,FORD/TRANSIT,48
2024,10,Outubro,Autos,Varejo,28,VW/VIRTUS,1318
2024,10,Outubro,Com. Leves,Varejo,28,RAM/1500,46
2024,10,Outubro,Autos,Varejo,29,CAOA CHERY/TIGGO 8,1265
2024,10,Outubro,Com. Leves,Varejo,29,JAC/EJV12,45
2024,10,Outubro,Autos,Varejo,30,VW/TAOS,1231
2024,10,Outubro,Com. Leves,Varejo,30,FIAT/SCUDO,42
2024,10,Outubro,Autos,Varejo,31,RENAULT/DUSTER,999
2024,10,Outubro,Com. Leves,Varejo,31,PEUGEOT/EXPERT,40
2024,10,Outubro,Autos,Varejo,32,GM/SPIN,939
2024,10,Outubro,Com. Leves,Varejo,32,RAM/2500,3
2024,10,Outubro,Autos,Varejo,33,JEEP/COMMANDER,933
2024,10,Outubro,Com. Leves,Varejo,33,M.BENZ/SPRINTER 517,30
2024,10,Outubro,Autos,Varejo,34,HYUNDAI/HB20S,913
2024,10,Outubro,Com. Leves,Varejo,34,FIAT/DUCATO,28
2024,10,Outubro,Autos,Varejo,35,BYD/DOLPHIN,893
2024,10,Outubro,Com. Leves,Varejo,35,PEUGEOT/PARTNER,28
2024,10,Outubro,Autos,Varejo,36,CAOA CHERY/TIGGO 5X,809
2024,10,Outubro,Com. Leves,Varejo,36,RAM/3500,28
2024,10,Outubro,Autos,Varejo,37,MITSUBISHI/ECLIPSE CROSS,709
2024,10,Outubro,Com. Leves,Varejo,37,CITROEN/JUMPY,23
2024,10,Outubro,Autos,Varejo,38,FIAT/MOBI,643
2024,10,Outubro,Com. Leves,Varejo,38,FORD/F150,21
2024,10,Outubro,Autos,Varejo,39,TOYOTA/YARIS SEDAN,598
2024,10,Outubro,Com. Leves,Varejo,39,SHINERAY/P TRUCKS,19
2024,10,Outubro,Autos,Varejo,40,CITROEN/C3,534
2024,10,Outubro,Com. Leves,Varejo,40,IVECO/DAILY 35-180,18
2024,10,Outubro,Autos,Varejo,41,FORD/TERRITORY,532
2024,10,Outubro,Com. Leves,Varejo,41,CITROEN/JUMPER,13
2024,10,Outubro,Autos,Varejo,42,CITROEN/C3 AIRCROSS,460
2024,10,Outubro,Com. Leves,Varejo,42,PEUGEOT/BOXER,12
2024,10,Outubro,Autos,Varejo,43,NISSAN/VERSA,446
2024,10,Outubro,Com. Leves,Varejo,43,RENAULT/KANGOO,12
2024,10,Outubro,Autos,Varejo,44,GWM/ORA 03,425
2024,10,Outubro,Com. Leves,Varejo,44,EFFA/V25,12
2024,10,Outubro,Autos,Varejo,45,RENAULT/KWID,356
2024,10,Outubro,Com. Leves,Varejo,45,M.BENZ/SPRINTER 417,1
2024,10,Outubro,Autos,Varejo,46,BMW/320I,355
2024,10,Outubro,Com. Leves,Varejo,46,VW/KOMBI,1
2024,10,Outubro,Autos,Varejo,47,PEUGEOT/208,324
2024,10,Outubro,Com. Leves,Varejo,47,JAC/HUNTER,5
2024,10,Outubro,Autos,Varejo,48,BYD/YUAN,305
2024,10,Outubro,Com. Leves,Varejo,48,M.BENZ/SPRINTER,4
2024,10,Outubro,Autos,Varejo,49,BMW/X1,300
2024,10,Outubro,Com. Leves,Varejo,49,RAM/CLASSIC,4
2024,10,Outubro,Autos,Varejo,50,NISSAN/SENTRA,295
2024,10,Outubro,Com. Leves,Varejo,50,MON/PROTOTIPO,2
2024,11,Novembro,Autos,Total,1,VW/POLO,14711
2024,11,Novembro,Com. Leves,Total,1,FIAT/STRADA,12361
2024,11,Novembro,Autos,Total,2,HYUNDAI/HB20,12353
2024,11,Novembro,Com. Leves,Total,2,VW/SAVEIRO,6076
2024,11,Novembro,Autos,Total,3,FIAT/ARGO,10298
2024,11,Novembro,Com. Leves,Total,3,FIAT/TORO,4586
2024,11,Novembro,Autos,Total,4,GM/ONIX,10253
2024,11,Novembro,Com. Leves,Total,4,TOYOTA/HILUX,3828
2024,11,Novembro,Autos,Total,5,VW/T CROSS,9468
2024,11,Novembro,Com. Leves,Total,5,FORD/RANGER,3318
2024,11,Novembro,Autos,Total,6,RENAULT/KWID,6812
2024,11,Novembro,Com. Leves,Total,6,GM/S10,2747
2024,11,Novembro,Autos,Total,7,HYUNDAI/HB20S,6652
2024,11,Novembro,Com. Leves,Total,7,GM/MONTANA,2082
2024,11,Novembro,Autos,Total,8,GM/TRACKER,6311
2024,11,Novembro,Com. Leves,Total,8,FIAT/FIORINO,1928
2024,11,Novembro,Autos,Total,9,HYUNDAI/CRETA,6082
2024,11,Novembro,Com. Leves,Total,9,RAM/RAMPAGE,1716
2024,11,Novembro,Autos,Total,10,FIAT/MOBI,5657
2024,11,Novembro,Com. Leves,Total,10,RENAULT/OROCH,1090
2024,11,Novembro,Autos,Total,11,GM/ONIX PLUS,5412
2024,11,Novembro,Com. Leves,Total,11,FIAT/TITANO,966
2024,11,Novembro,Autos,Total,12,VW/NIVUS,5293
2024,11,Novembro,Com. Leves,Total,12,MITSUBISHI/L200,950
2024,11,Novembro,Autos,Total,13,FIAT/CRONOS,5255
2024,11,Novembro,Com. Leves,Total,13,RENAULT/MASTER,912
2024,11,Novembro,Autos,Total,14,JEEP/COMPASS,4979
2024,11,Novembro,Com. Leves,Total,14,VW/AMAROK,836
2024,11,Novembro,Autos,Total,15,JEEP/RENEGADE,4593
2024,11,Novembro,Com. Leves,Total,15,FIAT/DUCATO,443
2024,11,Novembro,Autos,Total,16,HONDA/HR-V,4475
2024,11,Novembro,Com. Leves,Total,16,NISSAN/FRONTIER,378
2024,11,Novembro,Autos,Total,17,NISSAN/KICKS,4310
2024,11,Novembro,Com. Leves,Total,17,RENAULT/KANGOO,349
2024,11,Novembro,Autos,Total,18,RENAULT/KARDIAN,4287
2024,11,Novembro,Com. Leves,Total,18,FORD/MAVERICK,325
2024,11,Novembro,Autos,Total,19,FIAT/FASTBACK,4023
2024,11,Novembro,Com. Leves,Total,19,FIAT/SCUDO,252
2024,11,Novembro,Autos,Total,20,TOYOTA/COROLLA CROSS,4008
2024,11,Novembro,Com. Leves,Total,20,KIA/K2500,214
2024,11,Novembro,Autos,Total,21,CAOA CHERY/TIGGO 7,3392
2024,11,Novembro,Com. Leves,Total,21,HYUNDAI/HR,205
2024,11,Novembro,Autos,Total,22,BYD/SONG,3257
2024,11,Novembro,Com. Leves,Total,22,FORD/TRANSIT,201
2024,11,Novembro,Autos,Total,23,TOYOTA/COROLLA,3252
2024,11,Novembro,Com. Leves,Total,23,JAC/EJV12,196
2024,11,Novembro,Autos,Total,24,FIAT/PULSE,3188
2024,11,Novembro,Com. Leves,Total,24,VW TRUCK E BUS/EXPRESS,158
2024,11,Novembro,Autos,Total,25,GM/SPIN,2869
2024,11,Novembro,Com. Leves,Total,25,RAM/2500,145
2024,11,Novembro,Autos,Total,26,VW/VIRTUS,2764
2024,11,Novembro,Com. Leves,Total,26,M.BENZ/SPRINTER 315,116
2024,11,Novembro,Autos,Total,27,BYD/DOLPHIN MINI,2294
2024,11,Novembro,Com. Leves,Total,27,FORD/F150,109
2024,11,Novembro,Autos,Total,28,TOYOTA/YARIS HB,2088
2024,11,Novembro,Com. Leves,Total,28,RAM/3500,103
2024,11,Novembro,Autos,Total,29,GWM/HAVAL H6,2070
2024,11,Novembro,Com. Leves,Total,29,IVECO/DAILY 30-130,102
2024,11,Novembro,Autos,Total,30,TOYOTA/HILUX SW4,1916
2024,11,Novembro,Com. Leves,Total,30,IVECO/DAILY,9
2024,11,Novembro,Autos,Total,31,VW/TAOS,1808
2024,11,Novembro,Com. Leves,Total,31,PEUGEOT/EXPERT,72
2024,11,Novembro,Autos,Total,32,PEUGEOT/2008,1764
2024,11,Novembro,Com. Leves,Total,32,EFFA/V21,60
2024,11,Novembro,Autos,Total,33,TOYOTA/YARIS SEDAN,1730
2024,11,Novembro,Com. Leves,Total,33,JAC/EJV5.5,60
2024,11,Novembro,Autos,Total,34,CITROEN/C3,1713
2024,11,Novembro,Com. Leves,Total,34,GM/SILVERADO,59
2024,11,Novembro,Autos,Total,35,HONDA/CITY HATCH,1666
2024,11,Novembro,Com. Leves,Total,35,PEUGEOT/PARTNER,5
2024,11,Novembro,Autos,Total,36,HONDA/CITY,1642
2024,11,Novembro,Com. Leves,Total,36,BYD/SHARK,49
2024,11,Novembro,Autos,Total,37,RENAULT/DUSTER,1639
2024,11,Novembro,Com. Leves,Total,37,RENAULT/KANGOO E-TECH,43
2024,11,Novembro,Autos,Total,38,JEEP/COMMANDER,1447
2024,11,Novembro,Com. Leves,Total,38,FORD/ETRANSIT,39
2024,11,Novembro,Autos,Total,39,BYD/KING,1075
2024,11,Novembro,Com. Leves,Total,39,EFFA/V22,36
2024,11,Novembro,Autos,Total,40,CAOA CHERY/TIGGO 5X,1048
2024,11,Novembro,Com. Leves,Total,40,CITROEN/JUMPY,30
2024,11,Novembro,Autos,Total,41,CITROEN/BASALT,912
2024,11,Novembro,Com. Leves,Total,41,SHINERAY/P TRUCKS,30
2024,11,Novembro,Autos,Total,42,CAOA CHERY/TIGGO 8,891
2024,11,Novembro,Com. Leves,Total,42,IVECO/DAILY 35-180,24
2024,11,Novembro,Autos,Total,43,BYD/DOLPHIN,840
2024,11,Novembro,Com. Leves,Total,43,RAM/1500,23
2024,11,Novembro,Autos,Total,44,MITSUBISHI/ECLIPSE CROSS,759
2024,11,Novembro,Com. Leves,Total,44,M.BENZ/SPRINTER 517,2
2024,11,Novembro,Autos,Total,45,PEUGEOT/208,753
2024,11,Novembro,Com. Leves,Total,45,CITROEN/JUMPER,10
2024,11,Novembro,Autos,Total,46,HONDA/ZR-V,730
2024,11,Novembro,Com. Leves,Total,46,PEUGEOT/BOXER,8
2024,11,Novembro,Autos,Total,47,BMW/X1,655
2024,11,Novembro,Com. Leves,Total,47,EFFA/V25,8
2024,11,Novembro,Autos,Total,48,NISSAN/VERSA,643
2024,11,Novembro,Com. Leves,Total,48,M.BENZ/SPRINTER 417,7
2024,11,Novembro,Autos,Total,49,GWM/ORA 03,576
2024,11,Novembro,Com. Leves,Total,49,ARROW/ONE,7
2024,11,Novembro,Autos,Total,50,NISSAN/SENTRA,566
2024,11,Novembro,Com. Leves,Total,50,RENAULT/KWID,4
2024,11,Novembro,Autos,Direta,1,VW/POLO,10918
2024,11,Novembro,Com. Leves,Direta,1,FIAT/STRADA,8311
2024,11,Novembro,Autos,Direta,2,FIAT/ARGO,8417
2024,11,Novembro,Com. Leves,Direta,2,VW/SAVEIRO,5664
2024,11,Novembro,Autos,Direta,3,HYUNDAI/HB20,8338
2024,11,Novembro,Com. Leves,Direta,3,FIAT/TORO,2709
2024,11,Novembro,Autos,Direta,4,RENAULT/KWID,6518
2024,11,Novembro,Com. Leves,Direta,4,GM/S10,2153
2024,11,Novembro,Autos,Direta,5,GM/ONIX,6390
2024,11,Novembro,Com. Leves,Direta,5,TOYOTA/HILUX,1770
2024,11,Novembro,Autos,Direta,6,VW/T CROSS,5937
2024,11,Novembro,Com. Leves,Direta,6,FIAT/FIORINO,1698
2024,11,Novembro,Autos,Direta,7,HYUNDAI/HB20S,5856
2024,11,Novembro,Com. Leves,Direta,7,FORD/RANGER,1360
2024,11,Novembro,Autos,Direta,8,FIAT/MOBI,5173
2024,11,Novembro,Com. Leves,Direta,8,RAM/RAMPAGE,1045
2024,11,Novembro,Autos,Direta,9,GM/ONIX PLUS,3921
2024,11,Novembro,Com. Leves,Direta,9,GM/MONTANA,1030
2024,11,Novembro,Autos,Direta,10,FIAT/CRONOS,3842
2024,11,Novembro,Com. Leves,Direta,10,RENAULT/OROCH,961
2024,11,Novembro,Autos,Direta,11,RENAULT/KARDIAN,2925
2024,11,Novembro,Com. Leves,Direta,11,FIAT/TITANO,796
2024,11,Novembro,Autos,Direta,12,JEEP/COMPASS,2584
2024,11,Novembro,Com. Leves,Direta,12,VW/AMAROK,756
2024,11,Novembro,Autos,Direta,13,JEEP/RENEGADE,2359
2024,11,Novembro,Com. Leves,Direta,13,RENAULT/MASTER,722
2024,11,Novembro,Autos,Direta,14,GM/SPIN,2181
2024,11,Novembro,Com. Leves,Direta,14,MITSUBISHI/L200,433
2024,11,Novembro,Autos,Direta,15,VW/NIVUS,2179
2024,11,Novembro,Com. Leves,Direta,15,FIAT/DUCATO,407
2024,11,Novembro,Autos,Direta,16,GM/TRACKER,2028
2024,11,Novembro,Com. Leves,Direta,16,RENAULT/KANGOO,345
2024,11,Novembro,Autos,Direta,17,NISSAN/KICKS,1785
2024,11,Novembro,Com. Leves,Direta,17,NISSAN/FRONTIER,313
2024,11,Novembro,Autos,Direta,18,PEUGEOT/2008,1710
2024,11,Novembro,Com. Leves,Direta,18,FIAT/SCUDO,209
2024,11,Novembro,Autos,Direta,19,VW/VIRTUS,1655
2024,11,Novembro,Com. Leves,Direta,19,FORD/TRANSIT,125
2024,11,Novembro,Autos,Direta,20,FIAT/FASTBACK,1388
2024,11,Novembro,Com. Leves,Direta,20,RAM/2500,114
2024,11,Novembro,Autos,Direta,21,CITROEN/C3,1344
2024,11,Novembro,Com. Leves,Direta,21,FORD/F150,82
2024,11,Novembro,Autos,Direta,22,TOYOTA/YARIS SEDAN,1208
2024,11,Novembro,Com. Leves,Direta,22,FORD/MAVERICK,73
2024,11,Novembro,Autos,Direta,23,TOYOTA/COROLLA CROSS,1101
2024,11,Novembro,Com. Leves,Direta,23,RAM/3500,68
2024,11,Novembro,Autos,Direta,24,RENAULT/DUSTER,946
2024,11,Novembro,Com. Leves,Direta,24,VW TRUCK E BUS/EXPRESS,6
2024,11,Novembro,Autos,Direta,25,CITROEN/BASALT,901
2024,11,Novembro,Com. Leves,Direta,25,PEUGEOT/EXPERT,5
2024,11,Novembro,Autos,Direta,26,FIAT/PULSE,896
2024,11,Novembro,Com. Leves,Direta,26,BYD/SHARK,49
2024,11,Novembro,Autos,Direta,27,TOYOTA/COROLLA,856
2024,11,Novembro,Com. Leves,Direta,27,RENAULT/KANGOO E-TECH,43
2024,11,Novembro,Autos,Direta,28,HYUNDAI/CRETA,651
2024,11,Novembro,Com. Leves,Direta,28,FORD/ETRANSIT,39
2024,11,Novembro,Autos,Direta,29,JEEP/COMMANDER,650
2024,11,Novembro,Com. Leves,Direta,29,PEUGEOT/PARTNER,37
2024,11,Novembro,Autos,Direta,30,PEUGEOT/208,625
2024,11,Novembro,Com. Leves,Direta,30,CITROEN/JUMPY,13
2024,11,Novembro,Autos,Direta,31,VW/TAOS,570
2024,11,Novembro,Com. Leves,Direta,31,RAM/1500,6
2024,11,Novembro,Autos,Direta,32,HONDA/ZR-V,542
2024,11,Novembro,Com. Leves,Direta,32,PEUGEOT/BOXER,5
2024,11,Novembro,Autos,Direta,33,HONDA/HR-V,541
2024,11,Novembro,Com. Leves,Direta,33,RENAULT/KWID,4
2024,11,Novembro,Autos,Direta,34,GWM/HAVAL H6,527
2024,11,Novembro,Com. Leves,Direta,34,CITROEN/JUMPER,3
2024,11,Novembro,Autos,Direta,35,TOYOTA/YARIS HB,523
2024,11,Novembro,Com. Leves,Direta,35,GM/SILVERADO,2
2024,11,Novembro,Autos,Direta,36,HONDA/CITY,492
2024,11,Novembro,Com. Leves,Direta,36,KIA/K2500,2
2024,11,Novembro,Autos,Direta,37,HONDA/CITY HATCH,484
2024,11,Novembro,Com. Leves,Direta,37,CITROEN/BERLINGO,1
2024,11,Novembro,Autos,Direta,38,RENAULT/SANDERO,300
2024,11,Novembro,Com. Leves,Direta,38,HYUNDAI/HR,1
2024,11,Novembro,Autos,Direta,39,RENAULT/LOGAN,288
2024,11,Novembro,Autos,Direta,40,NISSAN/SENTRA,285
2024,11,Novembro,Autos,Direta,41,CITROEN/C3 AIRCROSS,266
2024,11,Novembro,Autos,Direta,42,VOLVO/XC60,264
2024,11,Novembro,Autos,Direta,43,MITSUBISHI/PAJERO,213
2024,11,Novembro,Autos,Direta,44,BYD/SONG,199
2024,11,Novembro,Autos,Direta,45,NISSAN/VERSA,191
2024,11,Novembro,Autos,Direta,46,BYD/KING,190
2024,11,Novembro,Autos,Direta,47,TOYOTA/HILUX SW4,173
2024,11,Novembro,Autos,Direta,48,VOLVO/EX30,167
2024,11,Novembro,Autos,Direta,49,CAOA CHERY/TIGGO 5X,145
2024,11,Novembro,Autos,Direta,50,GM/TRAILBLAZER,125
2024,11,Novembro,Autos,Varejo,1,HYUNDAI/CRETA,5431
2024,11,Novembro,Com. Leves,Varejo,1,FIAT/STRADA,4050
2024,11,Novembro,Autos,Varejo,2,GM/TRACKER,4283
2024,11,Novembro,Com. Leves,Varejo,2,TOYOTA/HILUX,2058
2024,11,Novembro,Autos,Varejo,3,HYUNDAI/HB20,4015
2024,11,Novembro,Com. Leves,Varejo,3,FORD/RANGER,1958
2024,11,Novembro,Autos,Varejo,4,HONDA/HR-V,3934
2024,11,Novembro,Com. Leves,Varejo,4,FIAT/TORO,1877
2024,11,Novembro,Autos,Varejo,5,GM/ONIX,3863
2024,11,Novembro,Com. Leves,Varejo,5,GM/MONTANA,1052
2024,11,Novembro,Autos,Varejo,6,VW/POLO,3793
2024,11,Novembro,Com. Leves,Varejo,6,RAM/RAMPAGE,671
2024,11,Novembro,Autos,Varejo,7,VW/T CROSS,3531
2024,11,Novembro,Com. Leves,Varejo,7,GM/S10,594
2024,11,Novembro,Autos,Varejo,8,CAOA CHERY/TIGGO 7,3319
2024,11,Novembro,Com. Leves,Varejo,8,MITSUBISHI/L200,517
2024,11,Novembro,Autos,Varejo,9,VW/NIVUS,3114
2024,11,Novembro,Com. Leves,Varejo,9,VW/SAVEIRO,412
2024,11,Novembro,Autos,Varejo,10,BYD/SONG,3058
2024,11,Novembro,Com. Leves,Varejo,10,FORD/MAVERICK,252
2024,11,Novembro,Autos,Varejo,11,TOYOTA/COROLLA CROSS,2907
2024,11,Novembro,Com. Leves,Varejo,11,FIAT/FIORINO,230
2024,11,Novembro,Autos,Varejo,12,FIAT/FASTBACK,2635
2024,11,Novembro,Com. Leves,Varejo,12,KIA/K2500,212
2024,11,Novembro,Autos,Varejo,13,NISSAN/KICKS,2525
2024,11,Novembro,Com. Leves,Varejo,13,HYUNDAI/HR,204
2024,11,Novembro,Autos,Varejo,14,TOYOTA/COROLLA,2396
2024,11,Novembro,Com. Leves,Varejo,14,JAC/EJV12,196
2024,11,Novembro,Autos,Varejo,15,JEEP/COMPASS,2395
2024,11,Novembro,Com. Leves,Varejo,15,RENAULT/MASTER,190
2024,11,Novembro,Autos,Varejo,16,FIAT/PULSE,2292
2024,11,Novembro,Com. Leves,Varejo,16,FIAT/TITANO,170
2024,11,Novembro,Autos,Varejo,17,JEEP/RENEGADE,2234
2024,11,Novembro,Com. Leves,Varejo,17,RENAULT/OROCH,129
2024,11,Novembro,Autos,Varejo,18,BYD/DOLPHIN MINI,2231
2024,11,Novembro,Com. Leves,Varejo,18,M.BENZ/SPRINTER 315,116
2024,11,Novembro,Autos,Varejo,19,FIAT/ARGO,1881
2024,11,Novembro,Com. Leves,Varejo,19,IVECO/DAILY 30-130,102
2024,11,Novembro,Autos,Varejo,20,TOYOTA/HILUX SW4,1743
2024,11,Novembro,Com. Leves,Varejo,20,IVECO/DAILY,9
2024,11,Novembro,Autos,Varejo,21,TOYOTA/YARIS HB,1565
2024,11,Novembro,Com. Leves,Varejo,21,VW TRUCK E BUS/EXPRESS,92
2024,11,Novembro,Autos,Varejo,22,GWM/HAVAL H6,1543
2024,11,Novembro,Com. Leves,Varejo,22,VW/AMAROK,80
2024,11,Novembro,Autos,Varejo,23,GM/ONIX PLUS,1491
2024,11,Novembro,Com. Leves,Varejo,23,FORD/TRANSIT,76
2024,11,Novembro,Autos,Varejo,24,FIAT/CRONOS,1413
2024,11,Novembro,Com. Leves,Varejo,24,NISSAN/FRONTIER,65
2024,11,Novembro,Autos,Varejo,25,RENAULT/KARDIAN,1362
2024,11,Novembro,Com. Leves,Varejo,25,EFFA/V21,60
2024,11,Novembro,Autos,Varejo,26,VW/TAOS,1238
2024,11,Novembro,Com. Leves,Varejo,26,JAC/EJV5.5,60
2024,11,Novembro,Autos,Varejo,27,HONDA/CITY HATCH,1182
2024,11,Novembro,Com. Leves,Varejo,27,GM/SILVERADO,57
2024,11,Novembro,Autos,Varejo,28,HONDA/CITY,1150
2024,11,Novembro,Com. Leves,Varejo,28,FIAT/SCUDO,43
2024,11,Novembro,Autos,Varejo,29,VW/VIRTUS,1109
2024,11,Novembro,Com. Leves,Varejo,29,FIAT/DUCATO,36
2024,11,Novembro,Autos,Varejo,30,CAOA CHERY/TIGGO 5X,903
2024,11,Novembro,Com. Leves,Varejo,30,EFFA/V22,36
2024,11,Novembro,Autos,Varejo,31,BYD/KING,885
2024,11,Novembro,Com. Leves,Varejo,31,RAM/3500,35
2024,11,Novembro,Autos,Varejo,32,CAOA CHERY/TIGGO 8,882
2024,11,Novembro,Com. Leves,Varejo,32,RAM/2500,31
2024,11,Novembro,Autos,Varejo,33,JEEP/COMMANDER,797
2024,11,Novembro,Com. Leves,Varejo,33,SHINERAY/P TRUCKS,30
2024,11,Novembro,Autos,Varejo,34,HYUNDAI/HB20S,796
2024,11,Novembro,Com. Leves,Varejo,34,FORD/F150,27
2024,11,Novembro,Autos,Varejo,35,BYD/DOLPHIN,725
2024,11,Novembro,Com. Leves,Varejo,35,IVECO/DAILY 35-180,24
2024,11,Novembro,Autos,Varejo,36,RENAULT/DUSTER,693
2024,11,Novembro,Com. Leves,Varejo,36,M.BENZ/SPRINTER 517,2
2024,11,Novembro,Autos,Varejo,37,GM/SPIN,688
2024,11,Novembro,Com. Leves,Varejo,37,PEUGEOT/PARTNER,18
2024,11,Novembro,Autos,Varejo,38,MITSUBISHI/ECLIPSE CROSS,656
2024,11,Novembro,Com. Leves,Varejo,38,CITROEN/JUMPY,17
2024,11,Novembro,Autos,Varejo,39,BMW/X1,642
2024,11,Novembro,Com. Leves,Varejo,39,PEUGEOT/EXPERT,17
2024,11,Novembro,Autos,Varejo,40,GWM/ORA 03,528
2024,11,Novembro,Com. Leves,Varejo,40,RAM/1500,17
2024,11,Novembro,Autos,Varejo,41,TOYOTA/YARIS SEDAN,522
2024,11,Novembro,Com. Leves,Varejo,41,EFFA/V25,8
2024,11,Novembro,Autos,Varejo,42,FORD/TERRITORY,500
2024,11,Novembro,Com. Leves,Varejo,42,CITROEN/JUMPER,7
2024,11,Novembro,Autos,Varejo,43,FIAT/MOBI,484
2024,11,Novembro,Com. Leves,Varejo,43,M.BENZ/SPRINTER 417,7
2024,11,Novembro,Autos,Varejo,44,NISSAN/VERSA,452
2024,11,Novembro,Com. Leves,Varejo,44,ARROW/ONE,7
2024,11,Novembro,Autos,Varejo,45,CITROEN/C3,369
2024,11,Novembro,Com. Leves,Varejo,45,RENAULT/KANGOO,4
2024,11,Novembro,Autos,Varejo,46,BMW/320I,353
2024,11,Novembro,Com. Leves,Varejo,46,M.BENZ/SPRINTER,3
2024,11,Novembro,Autos,Varejo,47,RENAULT/KWID,294
2024,11,Novembro,Com. Leves,Varejo,47,PEUGEOT/BOXER,3
2024,11,Novembro,Autos,Varejo,48,BYD/YUAN,288
2024,11,Novembro,Com. Leves,Varejo,48,VW/KOMBI,3
2024,11,Novembro,Autos,Varejo,49,NISSAN/SENTRA,281
2024,11,Novembro,Com. Leves,Varejo,49,M.BENZ/ESPRINTER 320,2
2024,11,Novembro,Autos,Varejo,50,CITROEN/C3 AIRCROSS,275
2024,11,Novembro,Com. Leves,Varejo,50,JAC/HUNTER,2
2024,12,Dezembro,Autos,Total,1,VW/POLO,13470
2024,12,Dezembro,Com. Leves,Total,1,FIAT/STRADA,16235
2024,12,Dezembro,Autos,Total,2,VW/T CROSS,9987
2024,12,Dezembro,Com. Leves,Total,2,VW/SAVEIRO,6253
2024,12,Dezembro,Autos,Total,3,HYUNDAI/HB20,9942
2024,12,Dezembro,Com. Leves,Total,3,TOYOTA/HILUX,4562
2024,12,Dezembro,Autos,Total,4,GM/ONIX,9730
2024,12,Dezembro,Com. Leves,Total,4,FIAT/TORO,4508
2024,12,Dezembro,Autos,Total,5,GM/TRACKER,8430
2024,12,Dezembro,Com. Leves,Total,5,FORD/RANGER,3602
2024,12,Dezembro,Autos,Total,6,RENAULT/KWID,7210
2024,12,Dezembro,Com. Leves,Total,6,GM/S10,2887
2024,12,Dezembro,Autos,Total,7,FIAT/ARGO,7057
2024,12,Dezembro,Com. Leves,Total,7,GM/MONTANA,2549
2024,12,Dezembro,Autos,Total,8,HYUNDAI/CRETA,6341
2024,12,Dezembro,Com. Leves,Total,8,RAM/RAMPAGE,1854
2024,12,Dezembro,Autos,Total,9,FIAT/MOBI,5552
2024,12,Dezembro,Com. Leves,Total,9,FIAT/TITANO,1475
2024,12,Dezembro,Autos,Total,10,GM/ONIX PLUS,5538
2024,12,Dezembro,Com. Leves,Total,10,RENAULT/MASTER,1255
2024,12,Dezembro,Autos,Total,11,BYD/SONG,5239
2024,12,Dezembro,Com. Leves,Total,11,RENAULT/OROCH,1136
2024,12,Dezembro,Autos,Total,12,FIAT/CRONOS,5127
2024,12,Dezembro,Com. Leves,Total,12,FIAT/FIORINO,1024
2024,12,Dezembro,Autos,Total,13,HONDA/HR-V,4758
2024,12,Dezembro,Com. Leves,Total,13,RENAULT/KANGOO,1006
2024,12,Dezembro,Autos,Total,14,JEEP/COMPASS,4714
2024,12,Dezembro,Com. Leves,Total,14,MITSUBISHI/L200,939
2024,12,Dezembro,Autos,Total,15,VW/NIVUS,4567
2024,12,Dezembro,Com. Leves,Total,15,VW/AMAROK,773
2024,12,Dezembro,Autos,Total,16,FIAT/FASTBACK,4493
2024,12,Dezembro,Com. Leves,Total,16,NISSAN/FRONTIER,503
2024,12,Dezembro,Autos,Total,17,NISSAN/KICKS,4397
2024,12,Dezembro,Com. Leves,Total,17,FIAT/SCUDO,453
2024,12,Dezembro,Autos,Total,18,JEEP/RENEGADE,4002
2024,12,Dezembro,Com. Leves,Total,18,FORD/TRANSIT,278
2024,12,Dezembro,Autos,Total,19,RENAULT/KARDIAN,3974
2024,12,Dezembro,Com. Leves,Total,19,FIAT/DUCATO,272
2024,12,Dezembro,Autos,Total,20,FIAT/PULSE,3965
2024,12,Dezembro,Com. Leves,Total,20,HYUNDAI/HR,219
2024,12,Dezembro,Autos,Total,21,TOYOTA/COROLLA CROSS,3771
2024,12,Dezembro,Com. Leves,Total,21,VW TRUCK E BUS/EXPRESS,210
2024,12,Dezembro,Autos,Total,22,TOYOTA/COROLLA,3556
2024,12,Dezembro,Com. Leves,Total,22,RAM/3500,205
2024,12,Dezembro,Autos,Total,23,HYUNDAI/HB20S,3405
2024,12,Dezembro,Com. Leves,Total,23,KIA/K2500,202
2024,12,Dezembro,Autos,Total,24,VW/VIRTUS,3098
2024,12,Dezembro,Com. Leves,Total,24,FORD/MAVERICK,197
2024,12,Dezembro,Autos,Total,25,RENAULT/DUSTER,3092
2024,12,Dezembro,Com. Leves,Total,25,RAM/2500,156
2024,12,Dezembro,Autos,Total,26,CAOA CHERY/TIGGO 7,2844
2024,12,Dezembro,Com. Leves,Total,26,M.BENZ/SPRINTER 315,123
2024,12,Dezembro,Autos,Total,27,GWM/HAVAL H6,2644
2024,12,Dezembro,Com. Leves,Total,27,BYD/SHARK,121
2024,12,Dezembro,Autos,Total,28,GM/SPIN,2628
2024,12,Dezembro,Com. Leves,Total,28,IVECO/DAILY,110
2024,12,Dezembro,Autos,Total,29,PEUGEOT/2008,2163
2024,12,Dezembro,Com. Leves,Total,29,FORD/F150,96
2024,12,Dezembro,Autos,Total,30,TOYOTA/HILUX SW4,1964
2024,12,Dezembro,Com. Leves,Total,30,EFFA/V21,90
2024,12,Dezembro,Autos,Total,31,BYD/KING,1950
2024,12,Dezembro,Com. Leves,Total,31,IVECO/DAILY 30-130,84
2024,12,Dezembro,Autos,Total,32,VW/TAOS,1935
2024,12,Dezembro,Com. Leves,Total,32,GM/SILVERADO,83
2024,12,Dezembro,Autos,Total,33,HONDA/CITY,1929
2024,12,Dezembro,Com. Leves,Total,33,PEUGEOT/EXPERT,56
2024,12,Dezembro,Autos,Total,34,BYD/DOLPHIN MINI,1852
2024,12,Dezembro,Com. Leves,Total,34,PEUGEOT/PARTNER,42
2024,12,Dezembro,Autos,Total,35,HONDA/CITY HATCH,1668
2024,12,Dezembro,Com. Leves,Total,35,CITROEN/JUMPY,39
2024,12,Dezembro,Autos,Total,36,JEEP/COMMANDER,1529
2024,12,Dezembro,Com. Leves,Total,36,SHINERAY/P TRUCKS,32
2024,12,Dezembro,Autos,Total,37,CITROEN/C3,1374
2024,12,Dezembro,Com. Leves,Total,37,EFFA/V22,26
2024,12,Dezembro,Autos,Total,38,NISSAN/VERSA,1232
2024,12,Dezembro,Com. Leves,Total,38,M.BENZ/SPRINTER 517,25
2024,12,Dezembro,Autos,Total,39,CAOA CHERY/TIGGO 5X,1190
2024,12,Dezembro,Com. Leves,Total,39,JAC/HUNTER,2
2024,12,Dezembro,Autos,Total,40,CAOA CHERY/TIGGO 8,1132
2024,12,Dezembro,Com. Leves,Total,40,RAM/1500,2
2024,12,Dezembro,Autos,Total,41,TOYOTA/YARIS SEDAN,1013
2024,12,Dezembro,Com. Leves,Total,41,IVECO/DAILY 35-180,15
2024,12,Dezembro,Autos,Total,42,CITROEN/BASALT,962
2024,12,Dezembro,Com. Leves,Total,42,CITROEN/JUMPER,13
2024,12,Dezembro,Autos,Total,43,BMW/X1,800
2024,12,Dezembro,Com. Leves,Total,43,EFFA/V25,1
2024,12,Dezembro,Autos,Total,44,TOYOTA/YARIS HB,790
2024,12,Dezembro,Com. Leves,Total,44,RENAULT/KWID,10
2024,12,Dezembro,Autos,Total,45,MITSUBISHI/ECLIPSE CROSS,754
2024,12,Dezembro,Com. Leves,Total,45,RIDDARA/RD6,9
2024,12,Dezembro,Autos,Total,46,PEUGEOT/208,703
2024,12,Dezembro,Com. Leves,Total,46,RENAULT/KANGOO E-TECH,7
2024,12,Dezembro,Autos,Total,47,NISSAN/SENTRA,656
2024,12,Dezembro,Com. Leves,Total,47,PEUGEOT/BOXER,6
2024,12,Dezembro,Autos,Total,48,CITROEN/C3 AIRCROSS,644
2024,12,Dezembro,Com. Leves,Total,48,JAC/EJV12,5
2024,12,Dezembro,Autos,Total,49,FORD/TERRITORY,615
2024,12,Dezembro,Com. Leves,Total,49,FEVER/NEXTEM FN1000,5
2024,12,Dezembro,Autos,Total,50,BYD/DOLPHIN,531
2024,12,Dezembro,Com. Leves,Total,50,M.BENZ/SPRINTER,3
2024,12,Dezembro,Autos,Direta,1,VW/POLO,9008
2024,12,Dezembro,Com. Leves,Direta,1,FIAT/STRADA,11010
2024,12,Dezembro,Autos,Direta,2,RENAULT/KWID,6784
2024,12,Dezembro,Com. Leves,Direta,2,VW/SAVEIRO,5882
2024,12,Dezembro,Autos,Direta,3,FIAT/ARGO,5303
2024,12,Dezembro,Com. Leves,Direta,3,TOYOTA/HILUX,2616
2024,12,Dezembro,Autos,Direta,4,HYUNDAI/HB20,5184
2024,12,Dezembro,Com. Leves,Direta,4,FIAT/TORO,2342
2024,12,Dezembro,Autos,Direta,5,FIAT/MOBI,4989
2024,12,Dezembro,Com. Leves,Direta,5,GM/S10,2064
2024,12,Dezembro,Autos,Direta,6,VW/T CROSS,4864
2024,12,Dezembro,Com. Leves,Direta,6,FORD/RANGER,1259
2024,12,Dezembro,Autos,Direta,7,GM/ONIX,4129
2024,12,Dezembro,Com. Leves,Direta,7,FIAT/TITANO,1249
2024,12,Dezembro,Autos,Direta,8,FIAT/CRONOS,3581
2024,12,Dezembro,Com. Leves,Direta,8,RAM/RAMPAGE,1201
2024,12,Dezembro,Autos,Direta,9,GM/ONIX PLUS,3239
2024,12,Dezembro,Com. Leves,Direta,9,GM/MONTANA,1126
2024,12,Dezembro,Autos,Direta,10,JEEP/COMPASS,2576
2024,12,Dezembro,Com. Leves,Direta,10,RENAULT/MASTER,1011
2024,12,Dezembro,Autos,Direta,11,HYUNDAI/HB20S,2527
2024,12,Dezembro,Com. Leves,Direta,11,RENAULT/KANGOO,997
2024,12,Dezembro,Autos,Direta,12,GM/TRACKER,2432
2024,12,Dezembro,Com. Leves,Direta,12,RENAULT/OROCH,950
2024,12,Dezembro,Autos,Direta,13,RENAULT/KARDIAN,2229
2024,12,Dezembro,Com. Leves,Direta,13,FIAT/FIORINO,826
2024,12,Dezembro,Autos,Direta,14,PEUGEOT/2008,2072
2024,12,Dezembro,Com. Leves,Direta,14,VW/AMAROK,629
2024,12,Dezembro,Autos,Direta,15,RENAULT/DUSTER,2044
2024,12,Dezembro,Com. Leves,Direta,15,NISSAN/FRONTIER,436
2024,12,Dezembro,Autos,Direta,16,VW/VIRTUS,1819
2024,12,Dezembro,Com. Leves,Direta,16,FIAT/SCUDO,409
2024,12,Dezembro,Autos,Direta,17,VW/NIVUS,1794
2024,12,Dezembro,Com. Leves,Direta,17,MITSUBISHI/L200,404
2024,12,Dezembro,Autos,Direta,18,GM/SPIN,1729
2024,12,Dezembro,Com. Leves,Direta,18,FIAT/DUCATO,236
2024,12,Dezembro,Autos,Direta,19,NISSAN/KICKS,1674
2024,12,Dezembro,Com. Leves,Direta,19,FORD/TRANSIT,231
2024,12,Dezembro,Autos,Direta,20,FIAT/FASTBACK,1601
2024,12,Dezembro,Com. Leves,Direta,20,RAM/3500,160
2024,12,Dezembro,Autos,Direta,21,HYUNDAI/CRETA,1595
2024,12,Dezembro,Com. Leves,Direta,21,RAM/2500,123
2024,12,Dezembro,Autos,Direta,22,JEEP/RENEGADE,1488
2024,12,Dezembro,Com. Leves,Direta,22,BYD/SHARK,121
2024,12,Dezembro,Autos,Direta,23,GWM/HAVAL H6,1214
2024,12,Dezembro,Com. Leves,Direta,23,VW TRUCK E BUS/EXPRESS,102
2024,12,Dezembro,Autos,Direta,24,CITROEN/BASALT,943
2024,12,Dezembro,Com. Leves,Direta,24,FORD/F150,39
2024,12,Dezembro,Autos,Direta,25,CITROEN/C3,934
2024,12,Dezembro,Com. Leves,Direta,25,PEUGEOT/EXPERT,36
2024,12,Dezembro,Autos,Direta,26,TOYOTA/COROLLA CROSS,913
2024,12,Dezembro,Com. Leves,Direta,26,CITROEN/JUMPY,29
2024,12,Dezembro,Autos,Direta,27,FIAT/PULSE,860
2024,12,Dezembro,Com. Leves,Direta,27,PEUGEOT/PARTNER,26
2024,12,Dezembro,Autos,Direta,28,TOYOTA/COROLLA,747
2024,12,Dezembro,Com. Leves,Direta,28,FORD/MAVERICK,21
2024,12,Dezembro,Autos,Direta,29,VW/TAOS,716
2024,12,Dezembro,Com. Leves,Direta,29,GM/SILVERADO,12
2024,12,Dezembro,Autos,Direta,30,JEEP/COMMANDER,702
2024,12,Dezembro,Com. Leves,Direta,30,RENAULT/KWID,10
2024,12,Dezembro,Autos,Direta,31,TOYOTA/YARIS SEDAN,656
2024,12,Dezembro,Com. Leves,Direta,31,RENAULT/KANGOO E-TECH,7
2024,12,Dezembro,Autos,Direta,32,PEUGEOT/208,619
2024,12,Dezembro,Com. Leves,Direta,32,RAM/1500,7
2024,12,Dezembro,Autos,Direta,33,HONDA/HR-V,550
2024,12,Dezembro,Com. Leves,Direta,33,CITROEN/JUMPER,6
2024,12,Dezembro,Autos,Direta,34,HONDA/CITY,525
2024,12,Dezembro,Com. Leves,Direta,34,KIA/K2500,5
2024,12,Dezembro,Autos,Direta,35,NISSAN/VERSA,452
2024,12,Dezembro,Com. Leves,Direta,35,PEUGEOT/BOXER,3
2024,12,Dezembro,Autos,Direta,36,HONDA/CITY HATCH,378
2024,12,Dezembro,Com. Leves,Direta,36,HYUNDAI/HR,2
2024,12,Dezembro,Autos,Direta,37,VOLVO/EX30,353
2024,12,Dezembro,Com. Leves,Direta,37,FORD/ETRANSIT,1
2024,12,Dezembro,Autos,Direta,38,CITROEN/C3 AIRCROSS,328
2024,12,Dezembro,Autos,Direta,39,VOLVO/XC60,310
2024,12,Dezembro,Autos,Direta,40,BYD/SONG,284
2024,12,Dezembro,Autos,Direta,41,TOYOTA/YARIS HB,278
2024,12,Dezembro,Autos,Direta,42,NISSAN/SENTRA,261
2024,12,Dezembro,Autos,Direta,43,GM/TRAILBLAZER,225
2024,12,Dezembro,Autos,Direta,44,TOYOTA/HILUX SW4,223
2024,12,Dezembro,Autos,Direta,45,RENAULT/SANDERO,216
2024,12,Dezembro,Autos,Direta,46,MITSUBISHI/PAJERO,208
2024,12,Dezembro,Autos,Direta,47,BYD/KING,166
2024,12,Dezembro,Autos,Direta,48,GWM/ORA 03,145
2024,12,Dezembro,Autos,Direta,49,AUDI/Q5,139
2024,12,Dezembro,Autos,Direta,50,CAOA CHERY/TIGGO 7,127
2024,12,Dezembro,Autos,Varejo,1,GM/TRACKER,5998
2024,12,Dezembro,Com. Leves,Varejo,1,FIAT/STRADA,5225
2024,12,Dezembro,Autos,Varejo,2,GM/ONIX,5601
2024,12,Dezembro,Com. Leves,Varejo,2,FORD/RANGER,2343
2024,12,Dezembro,Autos,Varejo,3,VW/T CROSS,5123
2024,12,Dezembro,Com. Leves,Varejo,3,FIAT/TORO,2166
2024,12,Dezembro,Autos,Varejo,4,BYD/SONG,4955
2024,12,Dezembro,Com. Leves,Varejo,4,TOYOTA/HILUX,1946
2024,12,Dezembro,Autos,Varejo,5,HYUNDAI/HB20,4758
2024,12,Dezembro,Com. Leves,Varejo,5,GM/MONTANA,1423
2024,12,Dezembro,Autos,Varejo,6,HYUNDAI/CRETA,4746
2024,12,Dezembro,Com. Leves,Varejo,6,GM/S10,823
2024,12,Dezembro,Autos,Varejo,7,VW/POLO,4462
2024,12,Dezembro,Com. Leves,Varejo,7,RAM/RAMPAGE,653
2024,12,Dezembro,Autos,Varejo,8,HONDA/HR-V,4208
2024,12,Dezembro,Com. Leves,Varejo,8,MITSUBISHI/L200,535
2024,12,Dezembro,Autos,Varejo,9,FIAT/PULSE,3105
2024,12,Dezembro,Com. Leves,Varejo,9,VW/SAVEIRO,371
2024,12,Dezembro,Autos,Varejo,10,FIAT/FASTBACK,2892
2024,12,Dezembro,Com. Leves,Varejo,10,RENAULT/MASTER,244
2024,12,Dezembro,Autos,Varejo,11,TOYOTA/COROLLA CROSS,2858
2024,12,Dezembro,Com. Leves,Varejo,11,FIAT/TITANO,226
2024,12,Dezembro,Autos,Varejo,12,TOYOTA/COROLLA,2809
2024,12,Dezembro,Com. Leves,Varejo,12,HYUNDAI/HR,217
2024,12,Dezembro,Autos,Varejo,13,VW/NIVUS,2773
2024,12,Dezembro,Com. Leves,Varejo,13,FIAT/FIORINO,198
2024,12,Dezembro,Autos,Varejo,14,NISSAN/KICKS,2723
2024,12,Dezembro,Com. Leves,Varejo,14,KIA/K2500,197
2024,12,Dezembro,Autos,Varejo,15,CAOA CHERY/TIGGO 7,2717
2024,12,Dezembro,Com. Leves,Varejo,15,RENAULT/OROCH,186
2024,12,Dezembro,Autos,Varejo,16,JEEP/RENEGADE,2514
2024,12,Dezembro,Com. Leves,Varejo,16,FORD/MAVERICK,176
2024,12,Dezembro,Autos,Varejo,17,GM/ONIX PLUS,2299
2024,12,Dezembro,Com. Leves,Varejo,17,VW/AMAROK,144
2024,12,Dezembro,Autos,Varejo,18,JEEP/COMPASS,2138
2024,12,Dezembro,Com. Leves,Varejo,18,M.BENZ/SPRINTER 315,123
2024,12,Dezembro,Autos,Varejo,19,BYD/DOLPHIN MINI,1804
2024,12,Dezembro,Com. Leves,Varejo,19,IVECO/DAILY,110
2024,12,Dezembro,Autos,Varejo,20,BYD/KING,1784
2024,12,Dezembro,Com. Leves,Varejo,20,VW TRUCK E BUS/EXPRESS,108
2024,12,Dezembro,Autos,Varejo,21,FIAT/ARGO,1754
2024,12,Dezembro,Com. Leves,Varejo,21,EFFA/V21,90
2024,12,Dezembro,Autos,Varejo,22,RENAULT/KARDIAN,1745
2024,12,Dezembro,Com. Leves,Varejo,22,IVECO/DAILY 30-130,84
2024,12,Dezembro,Autos,Varejo,23,TOYOTA/HILUX SW4,1741
2024,12,Dezembro,Com. Leves,Varejo,23,GM/SILVERADO,71
2024,12,Dezembro,Autos,Varejo,24,FIAT/CRONOS,1546
2024,12,Dezembro,Com. Leves,Varejo,24,NISSAN/FRONTIER,67
2024,12,Dezembro,Autos,Varejo,25,GWM/HAVAL H6,1430
2024,12,Dezembro,Com. Leves,Varejo,25,FORD/F150,57
2024,12,Dezembro,Autos,Varejo,26,HONDA/CITY,1404
2024,12,Dezembro,Com. Leves,Varejo,26,FORD/TRANSIT,47
2024,12,Dezembro,Autos,Varejo,27,HONDA/CITY HATCH,1290
2024,12,Dezembro,Com. Leves,Varejo,27,RAM/3500,45
2024,12,Dezembro,Autos,Varejo,28,VW/VIRTUS,1279
2024,12,Dezembro,Com. Leves,Varejo,28,FIAT/SCUDO,4
2024,12,Dezembro,Autos,Varejo,29,VW/TAOS,1219
2024,12,Dezembro,Com. Leves,Varejo,29,FIAT/DUCATO,36
2024,12,Dezembro,Autos,Varejo,30,CAOA CHERY/TIGGO 8,1131
2024,12,Dezembro,Com. Leves,Varejo,30,RAM/2500,3
2024,12,Dezembro,Autos,Varejo,31,CAOA CHERY/TIGGO 5X,1076
2024,12,Dezembro,Com. Leves,Varejo,31,SHINERAY/P TRUCKS,32
2024,12,Dezembro,Autos,Varejo,32,RENAULT/DUSTER,1048
2024,12,Dezembro,Com. Leves,Varejo,32,EFFA/V22,26
2024,12,Dezembro,Autos,Varejo,33,GM/SPIN,899
2024,12,Dezembro,Com. Leves,Varejo,33,M.BENZ/SPRINTER 517,25
2024,12,Dezembro,Autos,Varejo,34,HYUNDAI/HB20S,878
2024,12,Dezembro,Com. Leves,Varejo,34,JAC/HUNTER,2
2024,12,Dezembro,Autos,Varejo,35,JEEP/COMMANDER,827
2024,12,Dezembro,Com. Leves,Varejo,35,PEUGEOT/EXPERT,20
2024,12,Dezembro,Autos,Varejo,36,NISSAN/VERSA,780
2024,12,Dezembro,Com. Leves,Varejo,36,PEUGEOT/PARTNER,16
2024,12,Dezembro,Autos,Varejo,37,BMW/X1,763
2024,12,Dezembro,Com. Leves,Varejo,37,IVECO/DAILY 35-180,15
2024,12,Dezembro,Autos,Varejo,38,MITSUBISHI/ECLIPSE CROSS,661
2024,12,Dezembro,Com. Leves,Varejo,38,RAM/1500,15
2024,12,Dezembro,Autos,Varejo,39,FORD/TERRITORY,598
2024,12,Dezembro,Com. Leves,Varejo,39,EFFA/V25,1
2024,12,Dezembro,Autos,Varejo,40,FIAT/MOBI,563
2024,12,Dezembro,Com. Leves,Varejo,40,CITROEN/JUMPY,10
2024,12,Dezembro,Autos,Varejo,41,TOYOTA/YARIS HB,512
2024,12,Dezembro,Com. Leves,Varejo,41,RENAULT/KANGOO,9
2024,12,Dezembro,Autos,Varejo,42,BYD/DOLPHIN,510
2024,12,Dezembro,Com. Leves,Varejo,42,RIDDARA/RD6,9
2024,12,Dezembro,Autos,Varejo,43,CITROEN/C3,440
2024,12,Dezembro,Com. Leves,Varejo,43,CITROEN/JUMPER,7
2024,12,Dezembro,Autos,Varejo,44,RENAULT/KWID,426
2024,12,Dezembro,Com. Leves,Varejo,44,JAC/EJV12,5
2024,12,Dezembro,Autos,Varejo,45,NISSAN/SENTRA,395
2024,12,Dezembro,Com. Leves,Varejo,45,FEVER/NEXTEM FN1000,5
2024,12,Dezembro,Autos,Varejo,46,TOYOTA/YARIS SEDAN,357
2024,12,Dezembro,Com. Leves,Varejo,46,M.BENZ/SPRINTER,3
2024,12,Dezembro,Autos,Varejo,47,GWM/ORA 03,333
2024,12,Dezembro,Com. Leves,Varejo,47,PEUGEOT/BOXER,3
2024,12,Dezembro,Autos,Varejo,48,CITROEN/C3 AIRCROSS,316
2024,12,Dezembro,Com. Leves,Varejo,48,ARROW/ONE,3
2024,12,Dezembro,Autos,Varejo,49,TOYOTA/RAV4,308
2024,12,Dezembro,Com. Leves,Varejo,49,M.BENZ/SPRINTER 417,2
2024,12,Dezembro,Autos,Varejo,50,BMW/320I,295
2024,12,Dezembro,Com. Leves,Varejo,50,VW/KOMBI,2
2025,1,Janeiro,Autos,Total,1,VW/POLO,5800
2025,1,Janeiro,Com. Leves,Total,1,FIAT/STRADA,8777
2025,1,Janeiro,Autos,Total,2,GM/ONIX,5575
2025,1,Janeiro,Com. Leves,Total,2,TOYOTA/HILUX,3746
2025,1,Janeiro,Autos,Total,3,GM/TRACKER,5414
2025,1,Janeiro,Com. Leves,Total,3,FIAT/TORO,3450
2025,1,Janeiro,Autos,Total,4,VW/T CROSS,5312
2025,1,Janeiro,Com. Leves,Total,4,VW/SAVEIRO,2911
2025,1,Janeiro,Autos,Total,5,FIAT/ARGO,5172
2025,1,Janeiro,Com. Leves,Total,5,FORD/RANGER,2617
2025,1,Janeiro,Autos,Total,6,HYUNDAI/CRETA,5148
2025,1,Janeiro,Com. Leves,Total,6,GM/S10,2073
2025,1,Janeiro,Autos,Total,7,NISSAN/KICKS,4458
2025,1,Janeiro,Com. Leves,Total,7,GM/MONTANA,1590
2025,1,Janeiro,Autos,Total,8,JEEP/COMPASS,4436
2025,1,Janeiro,Com. Leves,Total,8,RAM/RAMPAGE,1586
2025,1,Janeiro,Autos,Total,9,HONDA/HR-V,4273
2025,1,Janeiro,Com. Leves,Total,9,RENAULT/MASTER,1177
2025,1,Janeiro,Autos,Total,10,FIAT/MOBI,4024
2025,1,Janeiro,Com. Leves,Total,10,FIAT/FIORINO,991
2025,1,Janeiro,Autos,Total,11,JEEP/RENEGADE,3679
2025,1,Janeiro,Com. Leves,Total,11,MITSUBISHI/L200,974
2025,1,Janeiro,Autos,Total,12,HYUNDAI/HB20,3678
2025,1,Janeiro,Com. Leves,Total,12,RENAULT/OROCH,893
2025,1,Janeiro,Autos,Total,13,FIAT/PULSE,3587
2025,1,Janeiro,Com. Leves,Total,13,FIAT/TITANO,882
2025,1,Janeiro,Autos,Total,14,FIAT/FASTBACK,3423
2025,1,Janeiro,Com. Leves,Total,14,NISSAN/FRONTIER,748
2025,1,Janeiro,Autos,Total,15,FIAT/CRONOS,3312
2025,1,Janeiro,Com. Leves,Total,15,VW/AMAROK,684
2025,1,Janeiro,Autos,Total,16,BYD/SONG,3183
2025,1,Janeiro,Com. Leves,Total,16,FIAT/SCUDO,457
2025,1,Janeiro,Autos,Total,17,GM/ONIX PLUS,3044
2025,1,Janeiro,Com. Leves,Total,17,FIAT/DUCATO,277
2025,1,Janeiro,Autos,Total,18,VW/NIVUS,2914
2025,1,Janeiro,Com. Leves,Total,18,RENAULT/KANGOO,251
2025,1,Janeiro,Autos,Total,19,CAOA CHERY/TIGGO 7,2601
2025,1,Janeiro,Com. Leves,Total,19,HYUNDAI/HR,208
2025,1,Janeiro,Autos,Total,20,TOYOTA/COROLLA,2568
2025,1,Janeiro,Com. Leves,Total,20,FORD/TRANSIT,193
2025,1,Janeiro,Autos,Total,21,GWM/HAVAL H6,2241
2025,1,Janeiro,Com. Leves,Total,21,VW TRUCK E BUS/EXPRESS,170
2025,1,Janeiro,Autos,Total,22,RENAULT/KWID,2090
2025,1,Janeiro,Com. Leves,Total,22,RAM/1500,163
2025,1,Janeiro,Autos,Total,23,RENAULT/DUSTER,1958
2025,1,Janeiro,Com. Leves,Total,23,RAM/3500,159
2025,1,Janeiro,Autos,Total,24,TOYOTA/COROLLA CROSS,1826
2025,1,Janeiro,Com. Leves,Total,24,KIA/K2500,157
2025,1,Janeiro,Autos,Total,25,BYD/DOLPHIN MINI,1723
2025,1,Janeiro,Com. Leves,Total,25,EFFA/V21,143
2025,1,Janeiro,Autos,Total,26,TOYOTA/HILUX SW4,1692
2025,1,Janeiro,Com. Leves,Total,26,FORD/F150,121
2025,1,Janeiro,Autos,Total,27,RENAULT/KARDIAN,1675
2025,1,Janeiro,Com. Leves,Total,27,IVECO/DAILY 30-130,107
2025,1,Janeiro,Autos,Total,28,VW/VIRTUS,1635
2025,1,Janeiro,Com. Leves,Total,28,FORD/MAVERICK,106
2025,1,Janeiro,Autos,Total,29,VW/TAOS,1613
2025,1,Janeiro,Com. Leves,Total,29,IVECO/DAILY,103
2025,1,Janeiro,Autos,Total,30,GM/SPIN,1470
2025,1,Janeiro,Com. Leves,Total,30,BYD/SHARK,100
2025,1,Janeiro,Autos,Total,31,PEUGEOT/2008,1462
2025,1,Janeiro,Com. Leves,Total,31,RAM/2500,93
2025,1,Janeiro,Autos,Total,32,HONDA/CITY,1354
2025,1,Janeiro,Com. Leves,Total,32,M.BENZ/SPRINTER 315,81
2025,1,Janeiro,Autos,Total,33,CITROEN/BASALT,1206
2025,1,Janeiro,Com. Leves,Total,33,PEUGEOT/EXPERT,71
2025,1,Janeiro,Autos,Total,34,HONDA/CITY HATCH,1199
2025,1,Janeiro,Com. Leves,Total,34,MITSUBISHI/TRITON,59
2025,1,Janeiro,Autos,Total,35,JEEP/COMMANDER,1087
2025,1,Janeiro,Com. Leves,Total,35,GM/SILVERADO,50
2025,1,Janeiro,Autos,Total,36,CAOA CHERY/TIGGO 8,1039
2025,1,Janeiro,Com. Leves,Total,36,RENAULT/KANGOO E-TECH,46
2025,1,Janeiro,Autos,Total,37,CITROEN/C3,952
2025,1,Janeiro,Com. Leves,Total,37,EFFA/V22,45
2025,1,Janeiro,Autos,Total,38,CAOA CHERY/TIGGO 5X,947
2025,1,Janeiro,Com. Leves,Total,38,SHINERAY/P TRUCKS,43
2025,1,Janeiro,Autos,Total,39,NISSAN/VERSA,892
2025,1,Janeiro,Com. Leves,Total,39,CITROEN/JUMPY,35
2025,1,Janeiro,Autos,Total,40,BYD/KING,824
2025,1,Janeiro,Com. Leves,Total,40,PEUGEOT/PARTNER,26
2025,1,Janeiro,Autos,Total,41,TOYOTA/YARIS SEDAN,731
2025,1,Janeiro,Com. Leves,Total,41,JAC/HUNTER,21
2025,1,Janeiro,Autos,Total,42,PEUGEOT/208,725
2025,1,Janeiro,Com. Leves,Total,42,M.BENZ/SPRINTER 517,19
2025,1,Janeiro,Autos,Total,43,HYUNDAI/HB20S,705
2025,1,Janeiro,Com. Leves,Total,43,CITROEN/JUMPER,14
2025,1,Janeiro,Autos,Total,44,FORD/TERRITORY,610
2025,1,Janeiro,Com. Leves,Total,44,IVECO/DAILY 35-180,14
2025,1,Janeiro,Autos,Total,45,TOYOTA/YARIS HB,610
2025,1,Janeiro,Com. Leves,Total,45,PEUGEOT/BOXER,1
2025,1,Janeiro,Autos,Total,46,MITSUBISHI/ECLIPSE CROSS,586
2025,1,Janeiro,Com. Leves,Total,46,RENAULT/KWID,7
2025,1,Janeiro,Autos,Total,47,CITROEN/C3 AIRCROSS,510
2025,1,Janeiro,Com. Leves,Total,47,FEVER/NEXTEM FN1000,6
2025,1,Janeiro,Autos,Total,48,BYD/DOLPHIN,509
2025,1,Janeiro,Com. Leves,Total,48,EFFA/V25,5
2025,1,Janeiro,Autos,Total,49,NISSAN/SENTRA,438
2025,1,Janeiro,Com. Leves,Total,49,ARROW/ONE,5
2025,1,Janeiro,Autos,Total,50,BMW/X1,433
2025,1,Janeiro,Com. Leves,Total,50,VW/KOMBI,4
2025,1,Janeiro,Autos,Direta,1,FIAT/MOBI,3450
2025,1,Janeiro,Com. Leves,Direta,1,FIAT/STRADA,5076
2025,1,Janeiro,Autos,Direta,2,FIAT/ARGO,3361
2025,1,Janeiro,Com. Leves,Direta,2,VW/SAVEIRO,2575
2025,1,Janeiro,Autos,Direta,3,JEEP/COMPASS,2427
2025,1,Janeiro,Com. Leves,Direta,3,TOYOTA/HILUX,2334
2025,1,Janeiro,Autos,Direta,4,VW/POLO,2278
2025,1,Janeiro,Com. Leves,Direta,4,FIAT/TORO,1461
2025,1,Janeiro,Autos,Direta,5,NISSAN/KICKS,1993
2025,1,Janeiro,Com. Leves,Direta,5,GM/S10,1321
2025,1,Janeiro,Autos,Direta,6,FIAT/CRONOS,1958
2025,1,Janeiro,Com. Leves,Direta,6,RAM/RAMPAGE,1173
2025,1,Janeiro,Autos,Direta,7,VW/T CROSS,1901
2025,1,Janeiro,Com. Leves,Direta,7,RENAULT/MASTER,911
2025,1,Janeiro,Autos,Direta,8,RENAULT/KWID,1822
2025,1,Janeiro,Com. Leves,Direta,8,FORD/RANGER,885
2025,1,Janeiro,Autos,Direta,9,GM/ONIX,1720
2025,1,Janeiro,Com. Leves,Direta,9,FIAT/TITANO,772
2025,1,Janeiro,Autos,Direta,10,JEEP/RENEGADE,1680
2025,1,Janeiro,Com. Leves,Direta,10,RENAULT/OROCH,754
2025,1,Janeiro,Autos,Direta,11,PEUGEOT/2008,1368
2025,1,Janeiro,Com. Leves,Direta,11,FIAT/FIORINO,721
2025,1,Janeiro,Autos,Direta,12,GM/ONIX PLUS,1364
2025,1,Janeiro,Com. Leves,Direta,12,NISSAN/FRONTIER,688
2025,1,Janeiro,Autos,Direta,13,CITROEN/BASALT,1190
2025,1,Janeiro,Com. Leves,Direta,13,GM/MONTANA,609
2025,1,Janeiro,Autos,Direta,14,FIAT/FASTBACK,1156
2025,1,Janeiro,Com. Leves,Direta,14,VW/AMAROK,568
2025,1,Janeiro,Autos,Direta,15,GM/TRACKER,1136
2025,1,Janeiro,Com. Leves,Direta,15,MITSUBISHI/L200,521
2025,1,Janeiro,Autos,Direta,16,RENAULT/DUSTER,875
2025,1,Janeiro,Com. Leves,Direta,16,FIAT/SCUDO,377
2025,1,Janeiro,Autos,Direta,17,VW/NIVUS,843
2025,1,Janeiro,Com. Leves,Direta,17,RENAULT/KANGOO,244
2025,1,Janeiro,Autos,Direta,18,GM/SPIN,768
2025,1,Janeiro,Com. Leves,Direta,18,FIAT/DUCATO,227
2025,1,Janeiro,Autos,Direta,19,GWM/HAVAL H6,752
2025,1,Janeiro,Com. Leves,Direta,19,FORD/TRANSIT,140
2025,1,Janeiro,Autos,Direta,20,VW/VIRTUS,675
2025,1,Janeiro,Com. Leves,Direta,20,RAM/1500,119
2025,1,Janeiro,Autos,Direta,21,PEUGEOT/208,665
2025,1,Janeiro,Com. Leves,Direta,21,RAM/3500,104
2025,1,Janeiro,Autos,Direta,22,TOYOTA/COROLLA,664
2025,1,Janeiro,Com. Leves,Direta,22,BYD/SHARK,100
2025,1,Janeiro,Autos,Direta,23,FIAT/PULSE,589
2025,1,Janeiro,Com. Leves,Direta,23,MITSUBISHI/TRITON,59
2025,1,Janeiro,Autos,Direta,24,TOYOTA/YARIS SEDAN,583
2025,1,Janeiro,Com. Leves,Direta,24,VW TRUCK E BUS/EXPRESS,56
2025,1,Janeiro,Autos,Direta,25,CITROEN/C3,582
2025,1,Janeiro,Com. Leves,Direta,25,RAM/2500,52
2025,1,Janeiro,Autos,Direta,26,JEEP/COMMANDER,491
2025,1,Janeiro,Com. Leves,Direta,26,FORD/F150,46
2025,1,Janeiro,Autos,Direta,27,HYUNDAI/CRETA,462
2025,1,Janeiro,Com. Leves,Direta,27,RENAULT/KANGOO E-TECH,46
2025,1,Janeiro,Autos,Direta,28,VW/TAOS,454
2025,1,Janeiro,Com. Leves,Direta,28,PEUGEOT/EXPERT,36
2025,1,Janeiro,Autos,Direta,29,TOYOTA/YARIS HB,400
2025,1,Janeiro,Com. Leves,Direta,29,GM/SILVERADO,29
2025,1,Janeiro,Autos,Direta,30,TOYOTA/COROLLA CROSS,384
2025,1,Janeiro,Com. Leves,Direta,30,CITROEN/JUMPY,17
2025,1,Janeiro,Autos,Direta,31,CITROEN/C3 AIRCROSS,338
2025,1,Janeiro,Com. Leves,Direta,31,PEUGEOT/PARTNER,17
2025,1,Janeiro,Autos,Direta,32,NISSAN/VERSA,338
2025,1,Janeiro,Com. Leves,Direta,32,PEUGEOT/BOXER,9
2025,1,Janeiro,Autos,Direta,33,HONDA/CITY,318
2025,1,Janeiro,Com. Leves,Direta,33,RENAULT/KWID,6
2025,1,Janeiro,Autos,Direta,34,HONDA/HR-V,314
2025,1,Janeiro,Com. Leves,Direta,34,CITROEN/JUMPER,5
2025,1,Janeiro,Autos,Direta,35,HYUNDAI/HB20,303
2025,1,Janeiro,Com. Leves,Direta,35,ARROW/ONE,5
2025,1,Janeiro,Autos,Direta,36,VOLVO/EX30,250
2025,1,Janeiro,Com. Leves,Direta,36,FORD/MAVERICK,2
2025,1,Janeiro,Autos,Direta,37,NISSAN/SENTRA,231
2025,1,Janeiro,Com. Leves,Direta,37,KIA/K2500,1
2025,1,Janeiro,Autos,Direta,38,VOLVO/XC60,231
2025,1,Janeiro,Autos,Direta,39,HONDA/CITY HATCH,223
2025,1,Janeiro,Autos,Direta,40,RENAULT/KARDIAN,199
2025,1,Janeiro,Autos,Direta,41,HYUNDAI/HB20S,136
2025,1,Janeiro,Autos,Direta,42,GWM/ORA 03,131
2025,1,Janeiro,Autos,Direta,43,HONDA/CIVIC,126
2025,1,Janeiro,Autos,Direta,44,CAOA CHERY/TIGGO 5X,116
2025,1,Janeiro,Autos,Direta,45,MITSUBISHI/PAJERO,101
2025,1,Janeiro,Autos,Direta,46,AUDI/Q5,98
2025,1,Janeiro,Autos,Direta,47,CAOA CHERY/TIGGO 7,90
2025,1,Janeiro,Autos,Direta,48,VOLVO/XC40,89
2025,1,Janeiro,Autos,Direta,49,BYD/DOLPHIN MINI,80
2025,1,Janeiro,Autos,Direta,50,TOYOTA/HILUX SW4,68
2025,1,Janeiro,Autos,Varejo,1,HYUNDAI/CRETA,4686
2025,1,Janeiro,Com. Leves,Varejo,1,FIAT/STRADA,3701
2025,1,Janeiro,Autos,Varejo,2,GM/TRACKER,4278
2025,1,Janeiro,Com. Leves,Varejo,2,FIAT/TORO,1989
2025,1,Janeiro,Autos,Varejo,3,HONDA/HR-V,3959
2025,1,Janeiro,Com. Leves,Varejo,3,FORD/RANGER,1732
2025,1,Janeiro,Autos,Varejo,4,GM/ONIX,3855
2025,1,Janeiro,Com. Leves,Varejo,4,TOYOTA/HILUX,1412
2025,1,Janeiro,Autos,Varejo,5,VW/POLO,3522
2025,1,Janeiro,Com. Leves,Varejo,5,GM/MONTANA,981
2025,1,Janeiro,Autos,Varejo,6,VW/T CROSS,3411
2025,1,Janeiro,Com. Leves,Varejo,6,GM/S10,752
2025,1,Janeiro,Autos,Varejo,7,HYUNDAI/HB20,3375
2025,1,Janeiro,Com. Leves,Varejo,7,MITSUBISHI/L200,453
2025,1,Janeiro,Autos,Varejo,8,BYD/SONG,3140
2025,1,Janeiro,Com. Leves,Varejo,8,RAM/RAMPAGE,413
2025,1,Janeiro,Autos,Varejo,9,FIAT/PULSE,2998
2025,1,Janeiro,Com. Leves,Varejo,9,VW/SAVEIRO,336
2025,1,Janeiro,Autos,Varejo,10,CAOA CHERY/TIGGO 7,2511
2025,1,Janeiro,Com. Leves,Varejo,10,FIAT/FIORINO,270
2025,1,Janeiro,Autos,Varejo,11,NISSAN/KICKS,2465
2025,1,Janeiro,Com. Leves,Varejo,11,RENAULT/MASTER,266
2025,1,Janeiro,Autos,Varejo,12,FIAT/FASTBACK,2267
2025,1,Janeiro,Com. Leves,Varejo,12,HYUNDAI/HR,208
2025,1,Janeiro,Autos,Varejo,13,VW/NIVUS,2071
2025,1,Janeiro,Com. Leves,Varejo,13,KIA/K2500,156
2025,1,Janeiro,Autos,Varejo,14,JEEP/COMPASS,2009
2025,1,Janeiro,Com. Leves,Varejo,14,EFFA/V21,143
2025,1,Janeiro,Autos,Varejo,15,JEEP/RENEGADE,1999
2025,1,Janeiro,Com. Leves,Varejo,15,RENAULT/OROCH,139
2025,1,Janeiro,Autos,Varejo,16,TOYOTA/COROLLA,1904
2025,1,Janeiro,Com. Leves,Varejo,16,VW/AMAROK,116
2025,1,Janeiro,Autos,Varejo,17,FIAT/ARGO,1811
2025,1,Janeiro,Com. Leves,Varejo,17,VW TRUCK E BUS/EXPRESS,114
2025,1,Janeiro,Autos,Varejo,18,GM/ONIX PLUS,1680
2025,1,Janeiro,Com. Leves,Varejo,18,FIAT/TITANO,110
2025,1,Janeiro,Autos,Varejo,19,BYD/DOLPHIN MINI,1643
2025,1,Janeiro,Com. Leves,Varejo,19,IVECO/DAILY 30-130,107
2025,1,Janeiro,Autos,Varejo,20,TOYOTA/HILUX SW4,1624
2025,1,Janeiro,Com. Leves,Varejo,20,FORD/MAVERICK,104
2025,1,Janeiro,Autos,Varejo,21,GWM/HAVAL H6,1489
2025,1,Janeiro,Com. Leves,Varejo,21,IVECO/DAILY,103
2025,1,Janeiro,Autos,Varejo,22,RENAULT/KARDIAN,1476
2025,1,Janeiro,Com. Leves,Varejo,22,M.BENZ/SPRINTER 315,81
2025,1,Janeiro,Autos,Varejo,23,TOYOTA/COROLLA CROSS,1442
2025,1,Janeiro,Com. Leves,Varejo,23,FIAT/SCUDO,80
2025,1,Janeiro,Autos,Varejo,24,FIAT/CRONOS,1354
2025,1,Janeiro,Com. Leves,Varejo,24,FORD/F150,75
2025,1,Janeiro,Autos,Varejo,25,VW/TAOS,1159
2025,1,Janeiro,Com. Leves,Varejo,25,NISSAN/FRONTIER,60
2025,1,Janeiro,Autos,Varejo,26,RENAULT/DUSTER,1083
2025,1,Janeiro,Com. Leves,Varejo,26,RAM/3500,5
2025,1,Janeiro,Autos,Varejo,27,HONDA/CITY,1036
2025,1,Janeiro,Com. Leves,Varejo,27,FORD/TRANSIT,53
2025,1,Janeiro,Autos,Varejo,28,CAOA CHERY/TIGGO 8,1032
2025,1,Janeiro,Com. Leves,Varejo,28,FIAT/DUCATO,50
2025,1,Janeiro,Autos,Varejo,29,HONDA/CITY HATCH,976
2025,1,Janeiro,Com. Leves,Varejo,29,EFFA/V22,45
2025,1,Janeiro,Autos,Varejo,30,VW/VIRTUS,960
2025,1,Janeiro,Com. Leves,Varejo,30,RAM/1500,4
2025,1,Janeiro,Autos,Varejo,31,CAOA CHERY/TIGGO 5X,831
2025,1,Janeiro,Com. Leves,Varejo,31,SHINERAY/P TRUCKS,43
2025,1,Janeiro,Autos,Varejo,32,BYD/KING,807
2025,1,Janeiro,Com. Leves,Varejo,32,RAM/2500,41
2025,1,Janeiro,Autos,Varejo,33,GM/SPIN,702
2025,1,Janeiro,Com. Leves,Varejo,33,PEUGEOT/EXPERT,35
2025,1,Janeiro,Autos,Varejo,34,JEEP/COMMANDER,596
2025,1,Janeiro,Com. Leves,Varejo,34,GM/SILVERADO,21
2025,1,Janeiro,Autos,Varejo,35,FIAT/MOBI,574
2025,1,Janeiro,Com. Leves,Varejo,35,JAC/HUNTER,21
2025,1,Janeiro,Autos,Varejo,36,HYUNDAI/HB20S,569
2025,1,Janeiro,Com. Leves,Varejo,36,M.BENZ/SPRINTER 517,19
2025,1,Janeiro,Autos,Varejo,37,MITSUBISHI/ECLIPSE CROSS,556
2025,1,Janeiro,Com. Leves,Varejo,37,CITROEN/JUMPY,18
2025,1,Janeiro,Autos,Varejo,38,NISSAN/VERSA,554
2025,1,Janeiro,Com. Leves,Varejo,38,IVECO/DAILY 35-180,14
2025,1,Janeiro,Autos,Varejo,39,FORD/TERRITORY,551
2025,1,Janeiro,Com. Leves,Varejo,39,CITROEN/JUMPER,9
2025,1,Janeiro,Autos,Varejo,40,BYD/DOLPHIN,465
2025,1,Janeiro,Com. Leves,Varejo,40,PEUGEOT/PARTNER,9
2025,1,Janeiro,Autos,Varejo,41,BMW/X1,404
2025,1,Janeiro,Com. Leves,Varejo,41,RENAULT/KANGOO,7
2025,1,Janeiro,Autos,Varejo,42,TOYOTA/RAV4,388
2025,1,Janeiro,Com. Leves,Varejo,42,FEVER/NEXTEM FN1000,6
2025,1,Janeiro,Autos,Varejo,43,CITROEN/C3,370
2025,1,Janeiro,Com. Leves,Varejo,43,EFFA/V25,5
2025,1,Janeiro,Autos,Varejo,44,BMW/320I,273
2025,1,Janeiro,Com. Leves,Varejo,44,VW/KOMBI,4
2025,1,Janeiro,Autos,Varejo,45,GM/EQUINOX,268
2025,1,Janeiro,Com. Leves,Varejo,45,M.BENZ/SPRINTER,3
2025,1,Janeiro,Autos,Varejo,46,RENAULT/KWID,268
2025,1,Janeiro,Com. Leves,Varejo,46,MON/PROTOTIPO,3
2025,1,Janeiro,Autos,Varejo,47,GWM/ORA 03,218
2025,1,Janeiro,Com. Leves,Varejo,47,M.BENZ/ESPRINTER 320,2
2025,1,Janeiro,Autos,Varejo,48,TOYOTA/YARIS HB,210
2025,1,Janeiro,Com. Leves,Varejo,48,PEUGEOT/BOXER,2
2025,1,Janeiro,Autos,Varejo,49,NISSAN/SENTRA,207
2025,1,Janeiro,Com. Leves,Varejo,49,RAM/CLASSIC,2
2025,1,Janeiro,Autos,Varejo,50,CITROEN/C3 AIRCROSS,172
2025,1,Janeiro,Com. Leves,Varejo,50,FORD/F250,1
2025,2,Fevereiro,Autos,Total,1,VW/POLO,7961
2025,2,Fevereiro,Com. Leves,Total,1,FIAT/STRADA,10263
2025,2,Fevereiro,Autos,Total,2,VW/T CROSS,6555
2025,2,Fevereiro,Com. Leves,Total,2,VW/SAVEIRO,4701
2025,2,Fevereiro,Autos,Total,3,FIAT/ARGO,6305
2025,2,Fevereiro,Com. Leves,Total,3,FIAT/TORO,3649
2025,2,Fevereiro,Autos,Total,4,FIAT/MOBI,5548
2025,2,Fevereiro,Com. Leves,Total,4,TOYOTA/HILUX,3057
2025,2,Fevereiro,Autos,Total,5,TOYOTA/COROLLA CROSS,5351
2025,2,Fevereiro,Com. Leves,Total,5,FORD/RANGER,2249
2025,2,Fevereiro,Autos,Total,6,HYUNDAI/CRETA,4961
2025,2,Fevereiro,Com. Leves,Total,6,RAM/RAMPAGE,1854
2025,2,Fevereiro,Autos,Total,7,RENAULT/KWID,4907
2025,2,Fevereiro,Com. Leves,Total,7,GM/MONTANA,1531
2025,2,Fevereiro,Autos,Total,8,HONDA/HR-V,4792
2025,2,Fevereiro,Com. Leves,Total,8,GM/S10,1300
2025,2,Fevereiro,Autos,Total,9,GM/ONIX,4712
2025,2,Fevereiro,Com. Leves,Total,9,NISSAN/FRONTIER,1197
2025,2,Fevereiro,Autos,Total,10,HYUNDAI/HB20,4561
2025,2,Fevereiro,Com. Leves,Total,10,RENAULT/MASTER,1074
2025,2,Fevereiro,Autos,Total,11,JEEP/COMPASS,4303
2025,2,Fevereiro,Com. Leves,Total,11,FIAT/FIORINO,1066
2025,2,Fevereiro,Autos,Total,12,GM/TRACKER,4035
2025,2,Fevereiro,Com. Leves,Total,12,MITSUBISHI/L200,975
2025,2,Fevereiro,Autos,Total,13,FIAT/FASTBACK,3772
2025,2,Fevereiro,Com. Leves,Total,13,RENAULT/OROCH,780
2025,2,Fevereiro,Autos,Total,14,JEEP/RENEGADE,3628
2025,2,Fevereiro,Com. Leves,Total,14,FIAT/TITANO,590
2025,2,Fevereiro,Autos,Total,15,TOYOTA/COROLLA,3351
2025,2,Fevereiro,Com. Leves,Total,15,VW/AMAROK,588
2025,2,Fevereiro,Autos,Total,16,FIAT/PULSE,3315
2025,2,Fevereiro,Com. Leves,Total,16,FIAT/DUCATO,396
2025,2,Fevereiro,Autos,Total,17,NISSAN/KICKS,3217
2025,2,Fevereiro,Com. Leves,Total,17,MITSUBISHI/TRITON,379
2025,2,Fevereiro,Autos,Total,18,VW/NIVUS,2956
2025,2,Fevereiro,Com. Leves,Total,18,FIAT/SCUDO,351
2025,2,Fevereiro,Autos,Total,19,BYD/SONG,2680
2025,2,Fevereiro,Com. Leves,Total,19,HYUNDAI/HR,309
2025,2,Fevereiro,Autos,Total,20,VW/VIRTUS,2677
2025,2,Fevereiro,Com. Leves,Total,20,RENAULT/KANGOO,265
2025,2,Fevereiro,Autos,Total,21,GM/ONIX PLUS,2502
2025,2,Fevereiro,Com. Leves,Total,21,RAM/1500,233
2025,2,Fevereiro,Autos,Total,22,BYD/DOLPHIN MINI,2399
2025,2,Fevereiro,Com. Leves,Total,22,KIA/K2500,220
2025,2,Fevereiro,Autos,Total,23,CAOA CHERY/TIGGO 7,2140
2025,2,Fevereiro,Com. Leves,Total,23,IVECO/DAILY,211
2025,2,Fevereiro,Autos,Total,24,FIAT/CRONOS,2101
2025,2,Fevereiro,Com. Leves,Total,24,FORD/TRANSIT,209
2025,2,Fevereiro,Autos,Total,25,RENAULT/KARDIAN,1903
2025,2,Fevereiro,Com. Leves,Total,25,VW TRUCK E BUS/EXPRESS,202
2025,2,Fevereiro,Autos,Total,26,HYUNDAI/HB20S,1751
2025,2,Fevereiro,Com. Leves,Total,26,EFFA/V21,147
2025,2,Fevereiro,Autos,Total,27,VW/TAOS,1747
2025,2,Fevereiro,Com. Leves,Total,27,RAM/3500,135
2025,2,Fevereiro,Autos,Total,28,GWM/HAVAL H6,1747
2025,2,Fevereiro,Com. Leves,Total,28,FORD/F150,120
2025,2,Fevereiro,Autos,Total,29,CITROEN/BASALT,1701
2025,2,Fevereiro,Com. Leves,Total,29,IVECO/DAILY 30-130,103
2025,2,Fevereiro,Autos,Total,30,TOYOTA/YARIS SEDAN,1689
2025,2,Fevereiro,Com. Leves,Total,30,PEUGEOT/EXPERT,103
2025,2,Fevereiro,Autos,Total,31,HONDA/CITY,1570
2025,2,Fevereiro,Com. Leves,Total,31,M.BENZ/SPRINTER 315,101
2025,2,Fevereiro,Autos,Total,32,GM/SPIN,1566
2025,2,Fevereiro,Com. Leves,Total,32,RAM/2500,101
2025,2,Fevereiro,Autos,Total,33,TOYOTA/HILUX SW4,1413
2025,2,Fevereiro,Com. Leves,Total,33,FORD/MAVERICK,92
2025,2,Fevereiro,Autos,Total,34,HONDA/CITY HATCH,1286
2025,2,Fevereiro,Com. Leves,Total,34,BYD/SHARK,72
2025,2,Fevereiro,Autos,Total,35,JEEP/COMMANDER,1202
2025,2,Fevereiro,Com. Leves,Total,35,PEUGEOT/PARTNER,69
2025,2,Fevereiro,Autos,Total,36,PEUGEOT/2008,1144
2025,2,Fevereiro,Com. Leves,Total,36,CITROEN/JUMPY,51
2025,2,Fevereiro,Autos,Total,37,RENAULT/DUSTER,1138
2025,2,Fevereiro,Com. Leves,Total,37,JAC/HUNTER,47
2025,2,Fevereiro,Autos,Total,38,NISSAN/VERSA,1132
2025,2,Fevereiro,Com. Leves,Total,38,CITROEN/JUMPER,38
2025,2,Fevereiro,Autos,Total,39,CITROEN/C3,999
2025,2,Fevereiro,Com. Leves,Total,39,SHINERAY/P TRUCKS,34
2025,2,Fevereiro,Autos,Total,40,CAOA CHERY/TIGGO 8,930
2025,2,Fevereiro,Com. Leves,Total,40,EFFA/V22,3
2025,2,Fevereiro,Autos,Total,41,CAOA CHERY/TIGGO 5X,918
2025,2,Fevereiro,Com. Leves,Total,41,GM/SILVERADO,26
2025,2,Fevereiro,Autos,Total,42,TOYOTA/YARIS HB,885
2025,2,Fevereiro,Com. Leves,Total,42,M.BENZ/SPRINTER 517,25
2025,2,Fevereiro,Autos,Total,43,BYD/KING,805
2025,2,Fevereiro,Com. Leves,Total,43,PEUGEOT/BOXER,21
2025,2,Fevereiro,Autos,Total,44,PEUGEOT/208,640
2025,2,Fevereiro,Com. Leves,Total,44,IVECO/DAILY 35-180,17
2025,2,Fevereiro,Autos,Total,45,BYD/DOLPHIN,627
2025,2,Fevereiro,Com. Leves,Total,45,M.BENZ/ESPRINTER 320,9
2025,2,Fevereiro,Autos,Total,46,FORD/TERRITORY,603
2025,2,Fevereiro,Com. Leves,Total,46,EFFA/V25,9
2025,2,Fevereiro,Autos,Total,47,MITSUBISHI/ECLIPSE CROSS,489
2025,2,Fevereiro,Com. Leves,Total,47,M.BENZ/SPRINTER 417,8
2025,2,Fevereiro,Autos,Total,48,CITROEN/C3 AIRCROSS,484
2025,2,Fevereiro,Com. Leves,Total,48,RENAULT/KWID,5
2025,2,Fevereiro,Autos,Total,49,NISSAN/SENTRA,365
2025,2,Fevereiro,Com. Leves,Total,49,RENAULT/KANGOO E-TECH,4
2025,2,Fevereiro,Autos,Total,50,HONDA/CIVIC,357
2025,2,Fevereiro,Com. Leves,Total,50,JEEP/GLADIATOR,3
2025,2,Fevereiro,Autos,Direta,1,FIAT/MOBI,5051
2025,2,Fevereiro,Com. Leves,Direta,1,FIAT/STRADA,6613
2025,2,Fevereiro,Autos,Direta,2,RENAULT/KWID,4619
2025,2,Fevereiro,Com. Leves,Direta,2,VW/SAVEIRO,4356
2025,2,Fevereiro,Autos,Direta,3,FIAT/ARGO,4604
2025,2,Fevereiro,Com. Leves,Direta,3,FIAT/TORO,1898
2025,2,Fevereiro,Autos,Direta,4,VW/POLO,4215
2025,2,Fevereiro,Com. Leves,Direta,4,TOYOTA/HILUX,1629
2025,2,Fevereiro,Autos,Direta,5,VW/T CROSS,3013
2025,2,Fevereiro,Com. Leves,Direta,5,RAM/RAMPAGE,1460
2025,2,Fevereiro,Autos,Direta,6,JEEP/COMPASS,2596
2025,2,Fevereiro,Com. Leves,Direta,6,NISSAN/FRONTIER,1103
2025,2,Fevereiro,Autos,Direta,7,FIAT/FASTBACK,1881
2025,2,Fevereiro,Com. Leves,Direta,7,FORD/RANGER,928
2025,2,Fevereiro,Autos,Direta,8,HYUNDAI/HB20,1851
2025,2,Fevereiro,Com. Leves,Direta,8,FIAT/FIORINO,817
2025,2,Fevereiro,Autos,Direta,9,GM/ONIX,1775
2025,2,Fevereiro,Com. Leves,Direta,9,RENAULT/MASTER,763
2025,2,Fevereiro,Autos,Direta,10,VW/VIRTUS,1763
2025,2,Fevereiro,Com. Leves,Direta,10,GM/MONTANA,636
2025,2,Fevereiro,Autos,Direta,11,CITROEN/BASALT,1692
2025,2,Fevereiro,Com. Leves,Direta,11,GM/S10,615
2025,2,Fevereiro,Autos,Direta,12,JEEP/RENEGADE,1632
2025,2,Fevereiro,Com. Leves,Direta,12,MITSUBISHI/L200,614
2025,2,Fevereiro,Autos,Direta,13,TOYOTA/COROLLA CROSS,1445
2025,2,Fevereiro,Com. Leves,Direta,13,RENAULT/OROCH,558
2025,2,Fevereiro,Autos,Direta,14,TOYOTA/YARIS SEDAN,1360
2025,2,Fevereiro,Com. Leves,Direta,14,VW/AMAROK,484
2025,2,Fevereiro,Autos,Direta,15,NISSAN/KICKS,1347
2025,2,Fevereiro,Com. Leves,Direta,15,FIAT/TITANO,443
2025,2,Fevereiro,Autos,Direta,16,TOYOTA/COROLLA,1266
2025,2,Fevereiro,Com. Leves,Direta,16,FIAT/DUCATO,343
2025,2,Fevereiro,Autos,Direta,17,GM/ONIX PLUS,1160
2025,2,Fevereiro,Com. Leves,Direta,17,RENAULT/KANGOO,256
2025,2,Fevereiro,Autos,Direta,18,FIAT/PULSE,1153
2025,2,Fevereiro,Com. Leves,Direta,18,FIAT/SCUDO,238
2025,2,Fevereiro,Autos,Direta,19,HYUNDAI/HB20S,1107
2025,2,Fevereiro,Com. Leves,Direta,19,RAM/1500,168
2025,2,Fevereiro,Autos,Direta,20,FIAT/CRONOS,1103
2025,2,Fevereiro,Com. Leves,Direta,20,FORD/TRANSIT,166
2025,2,Fevereiro,Autos,Direta,21,PEUGEOT/2008,1073
2025,2,Fevereiro,Com. Leves,Direta,21,IVECO/DAILY,148
2025,2,Fevereiro,Autos,Direta,22,VW/NIVUS,1071
2025,2,Fevereiro,Com. Leves,Direta,22,RAM/3500,94
2025,2,Fevereiro,Autos,Direta,23,GM/SPIN,992
2025,2,Fevereiro,Com. Leves,Direta,23,BYD/SHARK,72
2025,2,Fevereiro,Autos,Direta,24,GM/TRACKER,970
2025,2,Fevereiro,Com. Leves,Direta,24,MITSUBISHI/TRITON,60
2025,2,Fevereiro,Autos,Direta,25,CITROEN/C3,731
2025,2,Fevereiro,Com. Leves,Direta,25,PEUGEOT/EXPERT,5
2025,2,Fevereiro,Autos,Direta,26,TOYOTA/YARIS HB,606
2025,2,Fevereiro,Com. Leves,Direta,26,VW TRUCK E BUS/EXPRESS,50
2025,2,Fevereiro,Autos,Direta,27,JEEP/COMMANDER,580
2025,2,Fevereiro,Com. Leves,Direta,27,RAM/2500,39
2025,2,Fevereiro,Autos,Direta,28,HONDA/CITY,544
2025,2,Fevereiro,Com. Leves,Direta,28,CITROEN/JUMPER,32
2025,2,Fevereiro,Autos,Direta,29,PEUGEOT/208,539
2025,2,Fevereiro,Com. Leves,Direta,29,PEUGEOT/PARTNER,30
2025,2,Fevereiro,Autos,Direta,30,HONDA/HR-V,506
2025,2,Fevereiro,Com. Leves,Direta,30,CITROEN/JUMPY,19
2025,2,Fevereiro,Autos,Direta,31,RENAULT/KARDIAN,468
2025,2,Fevereiro,Com. Leves,Direta,31,PEUGEOT/BOXER,14
2025,2,Fevereiro,Autos,Direta,32,RENAULT/DUSTER,467
2025,2,Fevereiro,Com. Leves,Direta,32,FORD/F150,13
2025,2,Fevereiro,Autos,Direta,33,NISSAN/VERSA,449
2025,2,Fevereiro,Com. Leves,Direta,33,IVECO/DAILY 30-130,7
2025,2,Fevereiro,Autos,Direta,34,HYUNDAI/CRETA,442
2025,2,Fevereiro,Com. Leves,Direta,34,KIA/K2500,5
2025,2,Fevereiro,Autos,Direta,35,CITROEN/C3 AIRCROSS,361
2025,2,Fevereiro,Com. Leves,Direta,35,RENAULT/KWID,5
2025,2,Fevereiro,Autos,Direta,36,VW/TAOS,299
2025,2,Fevereiro,Com. Leves,Direta,36,GM/SILVERADO,3
2025,2,Fevereiro,Autos,Direta,37,HONDA/CITY HATCH,297
2025,2,Fevereiro,Com. Leves,Direta,37,RENAULT/KANGOO E-TECH,3
2025,2,Fevereiro,Autos,Direta,38,VOLVO/EX30,286
2025,2,Fevereiro,Com. Leves,Direta,38,IVECO/DAILY 35-180,2
2025,2,Fevereiro,Autos,Direta,39,VOLVO/XC60,271
2025,2,Fevereiro,Com. Leves,Direta,39,FORD/F250,1
2025,2,Fevereiro,Autos,Direta,40,HONDA/CIVIC,213
2025,2,Fevereiro,Com. Leves,Direta,40,FORD/MAVERICK,1
2025,2,Fevereiro,Autos,Direta,41,NISSAN/SENTRA,203
2025,2,Fevereiro,Autos,Direta,42,GWM/HAVAL H6,194
2025,2,Fevereiro,Autos,Direta,43,CAOA CHERY/TIGGO 7,193
2025,2,Fevereiro,Autos,Direta,44,MITSUBISHI/PAJERO,166
2025,2,Fevereiro,Autos,Direta,45,CAOA CHERY/TIGGO 5X,147
2025,2,Fevereiro,Autos,Direta,46,BYD/DOLPHIN MINI,112
2025,2,Fevereiro,Autos,Direta,47,BYD/SONG,106
2025,2,Fevereiro,Autos,Direta,48,VOLVO/XC90,100
2025,2,Fevereiro,Autos,Direta,49,MITSUBISHI/ECLIPSE CROSS,74
2025,2,Fevereiro,Autos,Direta,50,AUDI/Q5,70
2025,2,Fevereiro,Autos,Varejo,1,HYUNDAI/CRETA,4519
2025,2,Fevereiro,Com. Leves,Varejo,1,FIAT/STRADA,3650
2025,2,Fevereiro,Autos,Varejo,2,HONDA/HR-V,4286
2025,2,Fevereiro,Com. Leves,Varejo,2,FIAT/TORO,1751
2025,2,Fevereiro,Autos,Varejo,3,TOYOTA/COROLLA CROSS,3906
2025,2,Fevereiro,Com. Leves,Varejo,3,TOYOTA/HILUX,1428
2025,2,Fevereiro,Autos,Varejo,4,VW/POLO,3746
2025,2,Fevereiro,Com. Leves,Varejo,4,FORD/RANGER,1321
2025,2,Fevereiro,Autos,Varejo,5,VW/T CROSS,3542
2025,2,Fevereiro,Com. Leves,Varejo,5,GM/MONTANA,895
2025,2,Fevereiro,Autos,Varejo,6,GM/TRACKER,3065
2025,2,Fevereiro,Com. Leves,Varejo,6,GM/S10,685
2025,2,Fevereiro,Autos,Varejo,7,GM/ONIX,2937
2025,2,Fevereiro,Com. Leves,Varejo,7,RAM/RAMPAGE,394
2025,2,Fevereiro,Autos,Varejo,8,HYUNDAI/HB20,2710
2025,2,Fevereiro,Com. Leves,Varejo,8,MITSUBISHI/L200,361
2025,2,Fevereiro,Autos,Varejo,9,BYD/SONG,2574
2025,2,Fevereiro,Com. Leves,Varejo,9,VW/SAVEIRO,345
2025,2,Fevereiro,Autos,Varejo,10,BYD/DOLPHIN MINI,2287
2025,2,Fevereiro,Com. Leves,Varejo,10,MITSUBISHI/TRITON,319
2025,2,Fevereiro,Autos,Varejo,11,FIAT/PULSE,2162
2025,2,Fevereiro,Com. Leves,Varejo,11,RENAULT/MASTER,311
2025,2,Fevereiro,Autos,Varejo,12,TOYOTA/COROLLA,2085
2025,2,Fevereiro,Com. Leves,Varejo,12,HYUNDAI/HR,308
2025,2,Fevereiro,Autos,Varejo,13,JEEP/RENEGADE,1996
2025,2,Fevereiro,Com. Leves,Varejo,13,FIAT/FIORINO,249
2025,2,Fevereiro,Autos,Varejo,14,CAOA CHERY/TIGGO 7,1947
2025,2,Fevereiro,Com. Leves,Varejo,14,RENAULT/OROCH,222
2025,2,Fevereiro,Autos,Varejo,15,FIAT/FASTBACK,1891
2025,2,Fevereiro,Com. Leves,Varejo,15,KIA/K2500,215
2025,2,Fevereiro,Autos,Varejo,16,VW/NIVUS,1885
2025,2,Fevereiro,Com. Leves,Varejo,16,VW TRUCK E BUS/EXPRESS,152
2025,2,Fevereiro,Autos,Varejo,17,NISSAN/KICKS,1870
2025,2,Fevereiro,Com. Leves,Varejo,17,FIAT/TITANO,147
2025,2,Fevereiro,Autos,Varejo,18,JEEP/COMPASS,1707
2025,2,Fevereiro,Com. Leves,Varejo,18,EFFA/V21,147
2025,2,Fevereiro,Autos,Varejo,19,FIAT/ARGO,1701
2025,2,Fevereiro,Com. Leves,Varejo,19,FIAT/SCUDO,113
2025,2,Fevereiro,Autos,Varejo,20,GWM/HAVAL H6,1553
2025,2,Fevereiro,Com. Leves,Varejo,20,FORD/F150,107
2025,2,Fevereiro,Autos,Varejo,21,VW/TAOS,1448
2025,2,Fevereiro,Com. Leves,Varejo,21,VW/AMAROK,104
2025,2,Fevereiro,Autos,Varejo,22,RENAULT/KARDIAN,1435
2025,2,Fevereiro,Com. Leves,Varejo,22,M.BENZ/SPRINTER 315,101
2025,2,Fevereiro,Autos,Varejo,23,TOYOTA/HILUX SW4,1399
2025,2,Fevereiro,Com. Leves,Varejo,23,IVECO/DAILY 30-130,96
2025,2,Fevereiro,Autos,Varejo,24,GM/ONIX PLUS,1342
2025,2,Fevereiro,Com. Leves,Varejo,24,NISSAN/FRONTIER,94
2025,2,Fevereiro,Autos,Varejo,25,HONDA/CITY,1026
2025,2,Fevereiro,Com. Leves,Varejo,25,FORD/MAVERICK,91
2025,2,Fevereiro,Autos,Varejo,26,FIAT/CRONOS,998
2025,2,Fevereiro,Com. Leves,Varejo,26,RAM/1500,65
2025,2,Fevereiro,Autos,Varejo,27,HONDA/CITY HATCH,989
2025,2,Fevereiro,Com. Leves,Varejo,27,IVECO/DAILY,63
2025,2,Fevereiro,Autos,Varejo,28,CAOA CHERY/TIGGO 8,917
2025,2,Fevereiro,Com. Leves,Varejo,28,RAM/2500,62
2025,2,Fevereiro,Autos,Varejo,29,VW/VIRTUS,914
2025,2,Fevereiro,Com. Leves,Varejo,29,FIAT/DUCATO,53
2025,2,Fevereiro,Autos,Varejo,30,BYD/KING,773
2025,2,Fevereiro,Com. Leves,Varejo,30,PEUGEOT/EXPERT,48
2025,2,Fevereiro,Autos,Varejo,31,CAOA CHERY/TIGGO 5X,771
2025,2,Fevereiro,Com. Leves,Varejo,31,JAC/HUNTER,47
2025,2,Fevereiro,Autos,Varejo,32,NISSAN/VERSA,683
2025,2,Fevereiro,Com. Leves,Varejo,32,FORD/TRANSIT,43
2025,2,Fevereiro,Autos,Varejo,33,RENAULT/DUSTER,671
2025,2,Fevereiro,Com. Leves,Varejo,33,RAM/3500,41
2025,2,Fevereiro,Autos,Varejo,34,HYUNDAI/HB20S,644
2025,2,Fevereiro,Com. Leves,Varejo,34,PEUGEOT/PARTNER,39
2025,2,Fevereiro,Autos,Varejo,35,JEEP/COMMANDER,622
2025,2,Fevereiro,Com. Leves,Varejo,35,SHINERAY/P TRUCKS,34
2025,2,Fevereiro,Autos,Varejo,36,BYD/DOLPHIN,598
2025,2,Fevereiro,Com. Leves,Varejo,36,EFFA/V22,3
2025,2,Fevereiro,Autos,Varejo,37,FORD/TERRITORY,577
2025,2,Fevereiro,Com. Leves,Varejo,37,CITROEN/JUMPY,32
2025,2,Fevereiro,Autos,Varejo,38,GM/SPIN,574
2025,2,Fevereiro,Com. Leves,Varejo,38,M.BENZ/SPRINTER 517,25
2025,2,Fevereiro,Autos,Varejo,39,FIAT/MOBI,497
2025,2,Fevereiro,Com. Leves,Varejo,39,GM/SILVERADO,23
2025,2,Fevereiro,Autos,Varejo,40,MITSUBISHI/ECLIPSE CROSS,415
2025,2,Fevereiro,Com. Leves,Varejo,40,IVECO/DAILY 35-180,15
2025,2,Fevereiro,Autos,Varejo,41,TOYOTA/YARIS SEDAN,329
2025,2,Fevereiro,Com. Leves,Varejo,41,M.BENZ/ESPRINTER 320,9
2025,2,Fevereiro,Autos,Varejo,42,BMW/X1,293
2025,2,Fevereiro,Com. Leves,Varejo,42,RENAULT/KANGOO,9
2025,2,Fevereiro,Autos,Varejo,43,RENAULT/KWID,288
2025,2,Fevereiro,Com. Leves,Varejo,43,EFFA/V25,9
2025,2,Fevereiro,Autos,Varejo,44,TOYOTA/YARIS HB,279
2025,2,Fevereiro,Com. Leves,Varejo,44,M.BENZ/SPRINTER 417,8
2025,2,Fevereiro,Autos,Varejo,45,CITROEN/C3,268
2025,2,Fevereiro,Com. Leves,Varejo,45,PEUGEOT/BOXER,7
2025,2,Fevereiro,Autos,Varejo,46,BMW/320I,251
2025,2,Fevereiro,Com. Leves,Varejo,46,CITROEN/JUMPER,6
2025,2,Fevereiro,Autos,Varejo,47,BYD/YUAN,216
2025,2,Fevereiro,Com. Leves,Varejo,47,JEEP/GLADIATOR,3
2025,2,Fevereiro,Autos,Varejo,48,BYD/SEAL,212
2025,2,Fevereiro,Com. Leves,Varejo,48,JAC/EJV12,3
2025,2,Fevereiro,Autos,Varejo,49,GWM/ORA 03,195
2025,2,Fevereiro,Com. Leves,Varejo,49,RIDDARA/RD6,3
2025,2,Fevereiro,Autos,Varejo,50,HONDA/ZR-V,193
2025,2,Fevereiro,Com. Leves,Varejo,50,GMC/SIERRA,1
2025,3,Março,Autos,Total,1,FIAT/ARGO,8247
2025,3,Março,Com. Leves,Total,1,FIAT/STRADA,10255
2025,3,Março,Autos,Total,2,VW/POLO,8120
2025,3,Março,Com. Leves,Total,2,VW/SAVEIRO,5692
2025,3,Março,Autos,Total,3,VW/T CROSS,6512
2025,3,Março,Com. Leves,Total,3,FIAT/TORO,3628
2025,3,Março,Autos,Total,4,HYUNDAI/HB20,6122
2025,3,Março,Com. Leves,Total,4,TOYOTA/HILUX,3413
2025,3,Março,Autos,Total,5,TOYOTA/COROLLA CROSS,5833
2025,3,Março,Com. Leves,Total,5,FORD/RANGER,2497
2025,3,Março,Autos,Total,6,GM/ONIX,5748
2025,3,Março,Com. Leves,Total,6,GM/S10,2330
2025,3,Março,Autos,Total,7,HONDA/HR-V,5094
2025,3,Março,Com. Leves,Total,7,RAM/RAMPAGE,1818
2025,3,Março,Autos,Total,8,RENAULT/KWID,4955
2025,3,Março,Com. Leves,Total,8,FIAT/FIORINO,1811
2025,3,Março,Autos,Total,9,FIAT/MOBI,4682
2025,3,Março,Com. Leves,Total,9,GM/MONTANA,1744
2025,3,Março,Autos,Total,10,NISSAN/KICKS,4513
2025,3,Março,Com. Leves,Total,10,RENAULT/MASTER,1222
2025,3,Março,Autos,Total,11,HYUNDAI/CRETA,4418
2025,3,Março,Com. Leves,Total,11,RENAULT/OROCH,1189
2025,3,Março,Autos,Total,12,GM/ONIX PLUS,4321
2025,3,Março,Com. Leves,Total,12,NISSAN/FRONTIER,944
2025,3,Março,Autos,Total,13,GM/TRACKER,4169
2025,3,Março,Com. Leves,Total,13,MITSUBISHI/TRITON,699
2025,3,Março,Autos,Total,14,JEEP/COMPASS,4017
2025,3,Março,Com. Leves,Total,14,FIAT/TITANO,618
2025,3,Março,Autos,Total,15,VW/NIVUS,3792
2025,3,Março,Com. Leves,Total,15,VW/AMAROK,540
2025,3,Março,Autos,Total,16,FIAT/FASTBACK,3550
2025,3,Março,Com. Leves,Total,16,MITSUBISHI/L200,511
2025,3,Março,Autos,Total,17,FIAT/PULSE,3048
2025,3,Março,Com. Leves,Total,17,HYUNDAI/HR,341
2025,3,Março,Autos,Total,18,TOYOTA/COROLLA,3038
2025,3,Março,Com. Leves,Total,18,FIAT/DUCATO,339
2025,3,Março,Autos,Total,19,VW/VIRTUS,2973
2025,3,Março,Com. Leves,Total,19,FIAT/SCUDO,268
2025,3,Março,Autos,Total,20,JEEP/RENEGADE,2927
2025,3,Março,Com. Leves,Total,20,RENAULT/KANGOO,244
2025,3,Março,Autos,Total,21,BYD/SONG,2784
2025,3,Março,Com. Leves,Total,21,FORD/TRANSIT,241
2025,3,Março,Autos,Total,22,BYD/DOLPHIN MINI,2432
2025,3,Março,Com. Leves,Total,22,IVECO/DAILY 30-130,235
2025,3,Março,Autos,Total,23,FIAT/CRONOS,2427
2025,3,Março,Com. Leves,Total,23,KIA/K2500,198
2025,3,Março,Autos,Total,24,VW/TAOS,2407
2025,3,Março,Com. Leves,Total,24,VW TRUCK E BUS/EXPRESS,164
2025,3,Março,Autos,Total,25,RENAULT/KARDIAN,2269
2025,3,Março,Com. Leves,Total,25,FORD/MAVERICK,163
2025,3,Março,Autos,Total,26,GWM/HAVAL H6,1777
2025,3,Março,Com. Leves,Total,26,RAM/1500,154
2025,3,Março,Autos,Total,27,CITROEN/BASALT,1714
2025,3,Março,Com. Leves,Total,27,EFFA/V21,147
2025,3,Março,Autos,Total,28,CAOA CHERY/TIGGO 7,1707
2025,3,Março,Com. Leves,Total,28,RAM/3500,143
2025,3,Março,Autos,Total,29,HYUNDAI/HB20S,1641
2025,3,Março,Com. Leves,Total,29,BYD/SHARK,122
2025,3,Março,Autos,Total,30,RENAULT/DUSTER,1503
2025,3,Março,Com. Leves,Total,30,FORD/F150,8
2025,3,Março,Autos,Total,31,BYD/KING,1427
2025,3,Março,Com. Leves,Total,31,IVECO/DAILY,87
2025,3,Março,Autos,Total,32,GM/SPIN,1398
2025,3,Março,Com. Leves,Total,32,M.BENZ/SPRINTER 315,83
2025,3,Março,Autos,Total,33,HONDA/CITY,1333
2025,3,Março,Com. Leves,Total,33,PEUGEOT/EXPERT,78
2025,3,Março,Autos,Total,34,CAOA CHERY/TIGGO 8,1307
2025,3,Março,Com. Leves,Total,34,CITROEN/JUMPY,67
2025,3,Março,Autos,Total,35,HONDA/CITY HATCH,1268
2025,3,Março,Com. Leves,Total,35,RAM/2500,65
2025,3,Março,Autos,Total,36,TOYOTA/HILUX SW4,1229
2025,3,Março,Com. Leves,Total,36,PEUGEOT/PARTNER,61
2025,3,Março,Autos,Total,37,JEEP/COMMANDER,1198
2025,3,Março,Com. Leves,Total,37,GM/SILVERADO,45
2025,3,Março,Autos,Total,38,NISSAN/VERSA,1092
2025,3,Março,Com. Leves,Total,38,EFFA/V22,45
2025,3,Março,Autos,Total,39,CITROEN/C3,1087
2025,3,Março,Com. Leves,Total,39,SHINERAY/P TRUCKS,31
2025,3,Março,Autos,Total,40,PEUGEOT/2008,931
2025,3,Março,Com. Leves,Total,40,JAC/HUNTER,31
2025,3,Março,Autos,Total,41,BYD/DOLPHIN,823
2025,3,Março,Com. Leves,Total,41,CITROEN/JUMPER,29
2025,3,Março,Autos,Total,42,CAOA CHERY/TIGGO 5X,715
2025,3,Março,Com. Leves,Total,42,M.BENZ/SPRINTER 517,27
2025,3,Março,Autos,Total,43,MITSUBISHI/ECLIPSE CROSS,703
2025,3,Março,Com. Leves,Total,43,PEUGEOT/BOXER,20
2025,3,Março,Autos,Total,44,PEUGEOT/208,586
2025,3,Março,Com. Leves,Total,44,RIDDARA/RD6,19
2025,3,Março,Autos,Total,45,TOYOTA/YARIS HB,565
2025,3,Março,Com. Leves,Total,45,IVECO/DAILY 35-180,18
2025,3,Março,Autos,Total,46,TOYOTA/YARIS SEDAN,504
2025,3,Março,Com. Leves,Total,46,EFFA/V25,7
2025,3,Março,Autos,Total,47,CITROEN/C3 AIRCROSS,466
2025,3,Março,Com. Leves,Total,47,FEVER/NEXTEM FN1000,6
2025,3,Março,Autos,Total,48,FORD/TERRITORY,462
2025,3,Março,Com. Leves,Total,48,M.BENZ/SPRINTER 417,5
2025,3,Março,Autos,Total,49,BMW/X1,408
2025,3,Março,Com. Leves,Total,49,M.BENZ/SPRINTER,4
2025,3,Março,Autos,Total,50,VOLVO/EX30,368
2025,3,Março,Com. Leves,Total,50,FORD/F250,3
2025,3,Março,Autos,Direta,1,FIAT/ARGO,6429
2025,3,Março,Com. Leves,Direta,1,FIAT/STRADA,7002
2025,3,Março,Autos,Direta,2,RENAULT/KWID,4776
2025,3,Março,Com. Leves,Direta,2,VW/SAVEIRO,5378
2025,3,Março,Autos,Direta,3,VW/POLO,4512
2025,3,Março,Com. Leves,Direta,3,FIAT/TORO,2037
2025,3,Março,Autos,Direta,4,FIAT/MOBI,4296
2025,3,Março,Com. Leves,Direta,4,GM/S10,1758
2025,3,Março,Autos,Direta,5,HYUNDAI/HB20,3512
2025,3,Março,Com. Leves,Direta,5,FIAT/FIORINO,1580
2025,3,Março,Autos,Direta,6,GM/ONIX PLUS,2906
2025,3,Março,Com. Leves,Direta,6,RAM/RAMPAGE,1471
2025,3,Março,Autos,Direta,7,GM/ONIX,2787
2025,3,Março,Com. Leves,Direta,7,TOYOTA/HILUX,1185
2025,3,Março,Autos,Direta,8,VW/T CROSS,2751
2025,3,Março,Com. Leves,Direta,8,FORD/RANGER,1005
2025,3,Março,Autos,Direta,9,NISSAN/KICKS,2713
2025,3,Março,Com. Leves,Direta,9,RENAULT/OROCH,986
2025,3,Março,Autos,Direta,10,JEEP/COMPASS,2435
2025,3,Março,Com. Leves,Direta,10,RENAULT/MASTER,895
2025,3,Março,Autos,Direta,11,VW/VIRTUS,2018
2025,3,Março,Com. Leves,Direta,11,GM/MONTANA,887
2025,3,Março,Autos,Direta,12,TOYOTA/COROLLA CROSS,1887
2025,3,Março,Com. Leves,Direta,12,NISSAN/FRONTIER,814
2025,3,Março,Autos,Direta,13,FIAT/CRONOS,1770
2025,3,Março,Com. Leves,Direta,13,FIAT/TITANO,494
2025,3,Março,Autos,Direta,14,CITROEN/BASALT,1703
2025,3,Março,Com. Leves,Direta,14,VW/AMAROK,475
2025,3,Março,Autos,Direta,15,VW/NIVUS,1668
2025,3,Março,Com. Leves,Direta,15,FIAT/DUCATO,307
2025,3,Março,Autos,Direta,16,FIAT/FASTBACK,1507
2025,3,Março,Com. Leves,Direta,16,MITSUBISHI/L200,299
2025,3,Março,Autos,Direta,17,GM/TRACKER,1454
2025,3,Março,Com. Leves,Direta,17,RENAULT/KANGOO,242
2025,3,Março,Autos,Direta,18,FIAT/PULSE,1291
2025,3,Março,Com. Leves,Direta,18,FORD/TRANSIT,193
2025,3,Março,Autos,Direta,19,JEEP/RENEGADE,1252
2025,3,Março,Com. Leves,Direta,19,FIAT/SCUDO,153
2025,3,Março,Autos,Direta,20,TOYOTA/COROLLA,1072
2025,3,Março,Com. Leves,Direta,20,IVECO/DAILY 30-130,137
2025,3,Março,Autos,Direta,21,HYUNDAI/HB20S,935
2025,3,Março,Com. Leves,Direta,21,RAM/3500,110
2025,3,Março,Autos,Direta,22,RENAULT/KARDIAN,903
2025,3,Março,Com. Leves,Direta,22,RAM/1500,9
2025,3,Março,Autos,Direta,23,PEUGEOT/2008,887
2025,3,Março,Com. Leves,Direta,23,FORD/MAVERICK,70
2025,3,Março,Autos,Direta,24,GM/SPIN,874
2025,3,Março,Com. Leves,Direta,24,BYD/SHARK,67
2025,3,Março,Autos,Direta,25,RENAULT/DUSTER,858
2025,3,Março,Com. Leves,Direta,25,MITSUBISHI/TRITON,62
2025,3,Março,Autos,Direta,26,CITROEN/C3,834
2025,3,Março,Com. Leves,Direta,26,PEUGEOT/PARTNER,4
2025,3,Março,Autos,Direta,27,VW/TAOS,779
2025,3,Março,Com. Leves,Direta,27,RAM/2500,38
2025,3,Março,Autos,Direta,28,BYD/KING,683
2025,3,Março,Com. Leves,Direta,28,VW TRUCK E BUS/EXPRESS,30
2025,3,Março,Autos,Direta,29,HONDA/HR-V,567
2025,3,Março,Com. Leves,Direta,29,CITROEN/JUMPY,28
2025,3,Março,Autos,Direta,30,JEEP/COMMANDER,529
2025,3,Março,Com. Leves,Direta,30,PEUGEOT/EXPERT,28
2025,3,Março,Autos,Direta,31,HYUNDAI/CRETA,499
2025,3,Março,Com. Leves,Direta,31,CITROEN/JUMPER,20
2025,3,Março,Autos,Direta,32,HONDA/CITY,481
2025,3,Março,Com. Leves,Direta,32,PEUGEOT/BOXER,15
2025,3,Março,Autos,Direta,33,PEUGEOT/208,451
2025,3,Março,Com. Leves,Direta,33,IVECO/DAILY,14
2025,3,Março,Autos,Direta,34,VOLVO/EX30,368
2025,3,Março,Com. Leves,Direta,34,RENAULT/KWID,3
2025,3,Março,Autos,Direta,35,CITROEN/C3 AIRCROSS,335
2025,3,Março,Com. Leves,Direta,35,FORD/F150,2
2025,3,Março,Autos,Direta,36,HONDA/CITY HATCH,299
2025,3,Março,Com. Leves,Direta,36,GM/SILVERADO,2
2025,3,Março,Autos,Direta,37,NISSAN/VERSA,273
2025,3,Março,Com. Leves,Direta,37,HYUNDAI/HR,2
2025,3,Março,Autos,Direta,38,GWM/HAVAL H6,254
2025,3,Março,Com. Leves,Direta,38,FORD/F250,1
2025,3,Março,Autos,Direta,39,BYD/DOLPHIN MINI,240
2025,3,Março,Com. Leves,Direta,39,IVECO/DAILY 35-180,1
2025,3,Março,Autos,Direta,40,TOYOTA/YARIS SEDAN,193
2025,3,Março,Com. Leves,Direta,40,KIA/K2500,1
2025,3,Março,Autos,Direta,41,GM/TRAILBLAZER,161
2025,3,Março,Com. Leves,Direta,41,RAM/CLASSIC,1
2025,3,Março,Autos,Direta,42,VOLVO/XC60,161
2025,3,Março,Autos,Direta,43,TOYOTA/YARIS HB,159
2025,3,Março,Autos,Direta,44,NISSAN/SENTRA,139
2025,3,Março,Autos,Direta,45,BYD/SONG,137
2025,3,Março,Autos,Direta,46,MITSUBISHI/PAJERO,135
2025,3,Março,Autos,Direta,47,CAOA CHERY/TIGGO 7,127
2025,3,Março,Autos,Direta,48,MITSUBISHI/ECLIPSE CROSS,114
2025,3,Março,Autos,Direta,49,GWM/TANK 300,112
2025,3,Março,Autos,Direta,50,VOLVO/XC90,107
2025,3,Março,Autos,Varejo,1,HONDA/HR-V,4527
2025,3,Março,Com. Leves,Varejo,1,FIAT/STRADA,3253
2025,3,Março,Autos,Varejo,2,TOYOTA/COROLLA CROSS,3946
2025,3,Março,Com. Leves,Varejo,2,TOYOTA/HILUX,2228
2025,3,Março,Autos,Varejo,3,HYUNDAI/CRETA,3919
2025,3,Março,Com. Leves,Varejo,3,FIAT/TORO,1591
2025,3,Março,Autos,Varejo,4,VW/T CROSS,3761
2025,3,Março,Com. Leves,Varejo,4,FORD/RANGER,1492
2025,3,Março,Autos,Varejo,5,VW/POLO,3608
2025,3,Março,Com. Leves,Varejo,5,GM/MONTANA,857
2025,3,Março,Autos,Varejo,6,GM/ONIX,2961
2025,3,Março,Com. Leves,Varejo,6,MITSUBISHI/TRITON,637
2025,3,Março,Autos,Varejo,7,GM/TRACKER,2715
2025,3,Março,Com. Leves,Varejo,7,GM/S10,572
2025,3,Março,Autos,Varejo,8,BYD/SONG,2647
2025,3,Março,Com. Leves,Varejo,8,RAM/RAMPAGE,347
2025,3,Março,Autos,Varejo,9,HYUNDAI/HB20,2610
2025,3,Março,Com. Leves,Varejo,9,HYUNDAI/HR,339
2025,3,Março,Autos,Varejo,10,BYD/DOLPHIN MINI,2192
2025,3,Março,Com. Leves,Varejo,10,RENAULT/MASTER,327
2025,3,Março,Autos,Varejo,11,VW/NIVUS,2124
2025,3,Março,Com. Leves,Varejo,11,VW/SAVEIRO,314
2025,3,Março,Autos,Varejo,12,FIAT/FASTBACK,2043
2025,3,Março,Com. Leves,Varejo,12,FIAT/FIORINO,231
2025,3,Março,Autos,Varejo,13,TOYOTA/COROLLA,1966
2025,3,Março,Com. Leves,Varejo,13,MITSUBISHI/L200,212
2025,3,Março,Autos,Varejo,14,FIAT/ARGO,1818
2025,3,Março,Com. Leves,Varejo,14,RENAULT/OROCH,203
2025,3,Março,Autos,Varejo,15,NISSAN/KICKS,1800
2025,3,Março,Com. Leves,Varejo,15,KIA/K2500,197
2025,3,Março,Autos,Varejo,16,FIAT/PULSE,1757
2025,3,Março,Com. Leves,Varejo,16,EFFA/V21,147
2025,3,Março,Autos,Varejo,17,JEEP/RENEGADE,1675
2025,3,Março,Com. Leves,Varejo,17,VW TRUCK E BUS/EXPRESS,134
2025,3,Março,Autos,Varejo,18,VW/TAOS,1628
2025,3,Março,Com. Leves,Varejo,18,NISSAN/FRONTIER,130
2025,3,Março,Autos,Varejo,19,JEEP/COMPASS,1582
2025,3,Março,Com. Leves,Varejo,19,FIAT/TITANO,124
2025,3,Março,Autos,Varejo,20,CAOA CHERY/TIGGO 7,1580
2025,3,Março,Com. Leves,Varejo,20,FIAT/SCUDO,115
2025,3,Março,Autos,Varejo,21,GWM/HAVAL H6,1523
2025,3,Março,Com. Leves,Varejo,21,IVECO/DAILY 30-130,98
2025,3,Março,Autos,Varejo,22,GM/ONIX PLUS,1415
2025,3,Março,Com. Leves,Varejo,22,FORD/MAVERICK,93
2025,3,Março,Autos,Varejo,23,RENAULT/KARDIAN,1366
2025,3,Março,Com. Leves,Varejo,23,FORD/F150,86
2025,3,Março,Autos,Varejo,24,CAOA CHERY/TIGGO 8,1278
2025,3,Março,Com. Leves,Varejo,24,M.BENZ/SPRINTER 315,83
2025,3,Março,Autos,Varejo,25,TOYOTA/HILUX SW4,1216
2025,3,Março,Com. Leves,Varejo,25,IVECO/DAILY,73
2025,3,Março,Autos,Varejo,26,HONDA/CITY HATCH,969
2025,3,Março,Com. Leves,Varejo,26,VW/AMAROK,65
2025,3,Março,Autos,Varejo,27,VW/VIRTUS,955
2025,3,Março,Com. Leves,Varejo,27,BYD/SHARK,5
2025,3,Março,Autos,Varejo,28,HONDA/CITY,852
2025,3,Março,Com. Leves,Varejo,28,RAM/1500,5
2025,3,Março,Autos,Varejo,29,NISSAN/VERSA,819
2025,3,Março,Com. Leves,Varejo,29,PEUGEOT/EXPERT,50
2025,3,Março,Autos,Varejo,30,BYD/DOLPHIN,789
2025,3,Março,Com. Leves,Varejo,30,FORD/TRANSIT,48
2025,3,Março,Autos,Varejo,31,BYD/KING,744
2025,3,Março,Com. Leves,Varejo,31,EFFA/V22,45
2025,3,Março,Autos,Varejo,32,HYUNDAI/HB20S,706
2025,3,Março,Com. Leves,Varejo,32,GM/SILVERADO,43
2025,3,Março,Autos,Varejo,33,JEEP/COMMANDER,669
2025,3,Março,Com. Leves,Varejo,33,CITROEN/JUMPY,39
2025,3,Março,Autos,Varejo,34,FIAT/CRONOS,657
2025,3,Março,Com. Leves,Varejo,34,RAM/3500,3
2025,3,Março,Autos,Varejo,35,RENAULT/DUSTER,645
2025,3,Março,Com. Leves,Varejo,35,FIAT/DUCATO,32
2025,3,Março,Autos,Varejo,36,CAOA CHERY/TIGGO 5X,638
2025,3,Março,Com. Leves,Varejo,36,SHINERAY/P TRUCKS,31
2025,3,Março,Autos,Varejo,37,MITSUBISHI/ECLIPSE CROSS,589
2025,3,Março,Com. Leves,Varejo,37,JAC/HUNTER,31
2025,3,Março,Autos,Varejo,38,GM/SPIN,524
2025,3,Março,Com. Leves,Varejo,38,M.BENZ/SPRINTER 517,27
2025,3,Março,Autos,Varejo,39,FORD/TERRITORY,412
2025,3,Março,Com. Leves,Varejo,39,RAM/2500,27
2025,3,Março,Autos,Varejo,40,TOYOTA/YARIS HB,406
2025,3,Março,Com. Leves,Varejo,40,RIDDARA/RD6,19
2025,3,Março,Autos,Varejo,41,FIAT/MOBI,386
2025,3,Março,Com. Leves,Varejo,41,IVECO/DAILY 35-180,17
2025,3,Março,Autos,Varejo,42,BMW/X1,369
2025,3,Março,Com. Leves,Varejo,42,PEUGEOT/PARTNER,17
2025,3,Março,Autos,Varejo,43,TOYOTA/YARIS SEDAN,311
2025,3,Março,Com. Leves,Varejo,43,CITROEN/JUMPER,9
2025,3,Março,Autos,Varejo,44,CITROEN/C3,253
2025,3,Março,Com. Leves,Varejo,44,EFFA/V25,7
2025,3,Março,Autos,Varejo,45,BYD/YUAN,250
2025,3,Março,Com. Leves,Varejo,45,FEVER/NEXTEM FN1000,6
2025,3,Março,Autos,Varejo,46,BMW/320I,207
2025,3,Março,Com. Leves,Varejo,46,M.BENZ/SPRINTER 417,5
2025,3,Março,Autos,Varejo,47,BYD/SEAL,198
2025,3,Março,Com. Leves,Varejo,47,PEUGEOT/BOXER,5
2025,3,Março,Autos,Varejo,48,NISSAN/SENTRA,180
2025,3,Março,Com. Leves,Varejo,48,M.BENZ/SPRINTER,4
2025,3,Março,Autos,Varejo,49,RENAULT/KWID,179
2025,3,Março,Com. Leves,Varejo,49,FORD/F250,2
2025,3,Março,Autos,Varejo,50,HONDA/ZR-V,178
2025,3,Março,Com. Leves,Varejo,50,GMC/HUMMER EV,2
2025,4,Abril,Autos,Total,1,VW/POLO,10932
2025,4,Abril,Com. Leves,Total,1,FIAT/STRADA,10075
2025,4,Abril,Autos,Total,2,FIAT/ARGO,8444
2025,4,Abril,Com. Leves,Total,2,VW/SAVEIRO,5458
2025,4,Abril,Autos,Total,3,VW/T CROSS,8114
2025,4,Abril,Com. Leves,Total,3,FIAT/TORO,4502
2025,4,Abril,Autos,Total,4,HYUNDAI/HB20,6922
2025,4,Abril,Com. Leves,Total,4,TOYOTA/HILUX,3934
2025,4,Abril,Autos,Total,5,TOYOTA/COROLLA CROSS,6232
2025,4,Abril,Com. Leves,Total,5,FORD/RANGER,2979
2025,4,Abril,Autos,Total,6,FIAT/MOBI,6170
2025,4,Abril,Com. Leves,Total,6,GM/S10,2695
2025,4,Abril,Autos,Total,7,GM/ONIX,5415
2025,4,Abril,Com. Leves,Total,7,RAM/RAMPAGE,1987
2025,4,Abril,Autos,Total,8,HONDA/HR-V,5258
2025,4,Abril,Com. Leves,Total,8,FIAT/FIORINO,1776
2025,4,Abril,Autos,Total,9,HYUNDAI/CRETA,4904
2025,4,Abril,Com. Leves,Total,9,GM/MONTANA,1700
2025,4,Abril,Autos,Total,10,FIAT/FASTBACK,4676
2025,4,Abril,Com. Leves,Total,10,RENAULT/MASTER,1646
2025,4,Abril,Autos,Total,11,JEEP/COMPASS,4542
2025,4,Abril,Com. Leves,Total,11,FIAT/TITANO,1069
2025,4,Abril,Autos,Total,12,GM/TRACKER,4297
2025,4,Abril,Com. Leves,Total,12,RENAULT/OROCH,1042
2025,4,Abril,Autos,Total,13,GM/ONIX PLUS,4274
2025,4,Abril,Com. Leves,Total,13,MITSUBISHI/TRITON,781
2025,4,Abril,Autos,Total,14,HYUNDAI/HB20S,4172
2025,4,Abril,Com. Leves,Total,14,MITSUBISHI/L200,632
2025,4,Abril,Autos,Total,15,NISSAN/KICKS,4001
2025,4,Abril,Com. Leves,Total,15,FIAT/DUCATO,614
2025,4,Abril,Autos,Total,16,RENAULT/KWID,3759
2025,4,Abril,Com. Leves,Total,16,HYUNDAI/HR,361
2025,4,Abril,Autos,Total,17,VW/NIVUS,3615
2025,4,Abril,Com. Leves,Total,17,NISSAN/FRONTIER,348
2025,4,Abril,Autos,Total,18,JEEP/RENEGADE,3380
2025,4,Abril,Com. Leves,Total,18,FIAT/SCUDO,323
2025,4,Abril,Autos,Total,19,TOYOTA/COROLLA,3202
2025,4,Abril,Com. Leves,Total,19,KIA/K2500,249
2025,4,Abril,Autos,Total,20,FIAT/PULSE,3141
2025,4,Abril,Com. Leves,Total,20,RENAULT/KANGOO,247
2025,4,Abril,Autos,Total,21,BYD/SONG,3139
2025,4,Abril,Com. Leves,Total,21,IVECO/DAILY,229
2025,4,Abril,Autos,Total,22,VW/VIRTUS,2851
2025,4,Abril,Com. Leves,Total,22,RAM/3500,211
2025,4,Abril,Autos,Total,23,BYD/DOLPHIN MINI,2172
2025,4,Abril,Com. Leves,Total,23,VW TRUCK E BUS/EXPRESS,202
2025,4,Abril,Autos,Total,24,FIAT/CRONOS,2115
2025,4,Abril,Com. Leves,Total,24,FORD/TRANSIT,189
2025,4,Abril,Autos,Total,25,GWM/HAVAL H6,1979
2025,4,Abril,Com. Leves,Total,25,VW/AMAROK,159
2025,4,Abril,Autos,Total,26,CITROEN/BASALT,1958
2025,4,Abril,Com. Leves,Total,26,BYD/SHARK,140
2025,4,Abril,Autos,Total,27,CAOA CHERY/TIGGO 7,1935
2025,4,Abril,Com. Leves,Total,27,FORD/MAVERICK,130
2025,4,Abril,Autos,Total,28,GM/SPIN,1744
2025,4,Abril,Com. Leves,Total,28,RAM/1500,119
2025,4,Abril,Autos,Total,29,RENAULT/KARDIAN,1742
2025,4,Abril,Com. Leves,Total,29,GM/SILVERADO,109
2025,4,Abril,Autos,Total,30,CAOA CHERY/TIGGO 8,1646
2025,4,Abril,Com. Leves,Total,30,IVECO/DAILY 30-130,101
2025,4,Abril,Autos,Total,31,BYD/KING,1599
2025,4,Abril,Com. Leves,Total,31,EFFA/V21,95
2025,4,Abril,Autos,Total,32,HONDA/CITY,1351
2025,4,Abril,Com. Leves,Total,32,FORD/F150,75
2025,4,Abril,Autos,Total,33,JEEP/COMMANDER,1339
2025,4,Abril,Com. Leves,Total,33,RAM/2500,70
2025,4,Abril,Autos,Total,34,TOYOTA/HILUX SW4,1300
2025,4,Abril,Com. Leves,Total,34,M.BENZ/SPRINTER 315,59
2025,4,Abril,Autos,Total,35,CITROEN/C3,1262
2025,4,Abril,Com. Leves,Total,35,JAC/HUNTER,48
2025,4,Abril,Autos,Total,36,RENAULT/DUSTER,1253
2025,4,Abril,Com. Leves,Total,36,CITROEN/JUMPY,45
2025,4,Abril,Autos,Total,37,HONDA/CITY HATCH,1247
2025,4,Abril,Com. Leves,Total,37,SHINERAY/P TRUCKS,41
2025,4,Abril,Autos,Total,38,PEUGEOT/2008,997
2025,4,Abril,Com. Leves,Total,38,PEUGEOT/BOXER,40
2025,4,Abril,Autos,Total,39,BYD/DOLPHIN,973
2025,4,Abril,Com. Leves,Total,39,PEUGEOT/EXPERT,39
2025,4,Abril,Autos,Total,40,CAOA CHERY/TIGGO 5X,953
2025,4,Abril,Com. Leves,Total,40,CITROEN/JUMPER,38
2025,4,Abril,Autos,Total,41,VW/TAOS,920
2025,4,Abril,Com. Leves,Total,41,EFFA/V22,38
2025,4,Abril,Autos,Total,42,TOYOTA/YARIS HB,827
2025,4,Abril,Com. Leves,Total,42,M.BENZ/SPRINTER 517,35
2025,4,Abril,Autos,Total,43,MITSUBISHI/ECLIPSE CROSS,820
2025,4,Abril,Com. Leves,Total,43,PEUGEOT/PARTNER,3
2025,4,Abril,Autos,Total,44,NISSAN/VERSA,740
2025,4,Abril,Com. Leves,Total,44,M.BENZ/SPRINTER,19
2025,4,Abril,Autos,Total,45,PEUGEOT/208,685
2025,4,Abril,Com. Leves,Total,45,EFFA/V25,16
2025,4,Abril,Autos,Total,46,TOYOTA/YARIS SEDAN,599
2025,4,Abril,Com. Leves,Total,46,IVECO/DAILY 35-180,15
2025,4,Abril,Autos,Total,47,BMW/X1,429
2025,4,Abril,Com. Leves,Total,47,RENAULT/KWID,1
2025,4,Abril,Autos,Total,48,FORD/TERRITORY,380
2025,4,Abril,Com. Leves,Total,48,M.BENZ/SPRINTER 317,10
2025,4,Abril,Autos,Total,49,CITROEN/C3 AIRCROSS,378
2025,4,Abril,Com. Leves,Total,49,JEEP/GLADIATOR,9
2025,4,Abril,Autos,Total,50,VOLVO/EX30,365
2025,4,Abril,Com. Leves,Total,50,FEVER/NEXTEM FN1000,8
2025,4,Abril,Autos,Direta,1,VW/POLO,7377
2025,4,Abril,Com. Leves,Direta,1,FIAT/STRADA,6662
2025,4,Abril,Autos,Direta,2,FIAT/ARGO,6386
2025,4,Abril,Com. Leves,Direta,2,VW/SAVEIRO,5170
2025,4,Abril,Autos,Direta,3,FIAT/MOBI,5917
2025,4,Abril,Com. Leves,Direta,3,GM/S10,2163
2025,4,Abril,Autos,Direta,4,HYUNDAI/HB20,4428
2025,4,Abril,Com. Leves,Direta,4,FIAT/TORO,2109
2025,4,Abril,Autos,Direta,5,VW/T CROSS,4207
2025,4,Abril,Com. Leves,Direta,5,TOYOTA/HILUX,2100
2025,4,Abril,Autos,Direta,6,RENAULT/KWID,3494
2025,4,Abril,Com. Leves,Direta,6,FIAT/FIORINO,1500
2025,4,Abril,Autos,Direta,7,HYUNDAI/HB20S,3395
2025,4,Abril,Com. Leves,Direta,7,RAM/RAMPAGE,1447
2025,4,Abril,Autos,Direta,8,GM/ONIX PLUS,2839
2025,4,Abril,Com. Leves,Direta,8,RENAULT/MASTER,1299
2025,4,Abril,Autos,Direta,9,JEEP/COMPASS,2715
2025,4,Abril,Com. Leves,Direta,9,GM/MONTANA,1004
2025,4,Abril,Autos,Direta,10,TOYOTA/COROLLA CROSS,2584
2025,4,Abril,Com. Leves,Direta,10,FORD/RANGER,933
2025,4,Abril,Autos,Direta,11,NISSAN/KICKS,2298
2025,4,Abril,Com. Leves,Direta,11,RENAULT/OROCH,795
2025,4,Abril,Autos,Direta,12,GM/ONIX,2283
2025,4,Abril,Com. Leves,Direta,12,FIAT/TITANO,741
2025,4,Abril,Autos,Direta,13,CITROEN/BASALT,1946
2025,4,Abril,Com. Leves,Direta,13,FIAT/DUCATO,550
2025,4,Abril,Autos,Direta,14,VW/VIRTUS,1903
2025,4,Abril,Com. Leves,Direta,14,MITSUBISHI/L200,393
2025,4,Abril,Autos,Direta,15,GM/TRACKER,1730
2025,4,Abril,Com. Leves,Direta,15,NISSAN/FRONTIER,264
2025,4,Abril,Autos,Direta,16,FIAT/FASTBACK,1677
2025,4,Abril,Com. Leves,Direta,16,RENAULT/KANGOO,208
2025,4,Abril,Autos,Direta,17,FIAT/CRONOS,1523
2025,4,Abril,Com. Leves,Direta,17,FIAT/SCUDO,191
2025,4,Abril,Autos,Direta,18,JEEP/RENEGADE,1397
2025,4,Abril,Com. Leves,Direta,18,RAM/3500,168
2025,4,Abril,Autos,Direta,19,TOYOTA/COROLLA,1302
2025,4,Abril,Com. Leves,Direta,19,IVECO/DAILY,159
2025,4,Abril,Autos,Direta,20,GM/SPIN,1153
2025,4,Abril,Com. Leves,Direta,20,FORD/TRANSIT,143
2025,4,Abril,Autos,Direta,21,FIAT/PULSE,1020
2025,4,Abril,Com. Leves,Direta,21,MITSUBISHI/TRITON,137
2025,4,Abril,Autos,Direta,22,CITROEN/C3,991
2025,4,Abril,Com. Leves,Direta,22,VW/AMAROK,97
2025,4,Abril,Autos,Direta,23,HONDA/HR-V,919
2025,4,Abril,Com. Leves,Direta,23,VW TRUCK E BUS/EXPRESS,56
2025,4,Abril,Autos,Direta,24,PEUGEOT/2008,912
2025,4,Abril,Com. Leves,Direta,24,RAM/1500,46
2025,4,Abril,Autos,Direta,25,HYUNDAI/CRETA,823
2025,4,Abril,Com. Leves,Direta,25,RAM/2500,41
2025,4,Abril,Autos,Direta,26,VW/NIVUS,795
2025,4,Abril,Com. Leves,Direta,26,BYD/SHARK,38
2025,4,Abril,Autos,Direta,27,BYD/KING,755
2025,4,Abril,Com. Leves,Direta,27,PEUGEOT/BOXER,26
2025,4,Abril,Autos,Direta,28,JEEP/COMMANDER,660
2025,4,Abril,Com. Leves,Direta,28,FORD/MAVERICK,18
2025,4,Abril,Autos,Direta,29,PEUGEOT/208,553
2025,4,Abril,Com. Leves,Direta,29,PEUGEOT/PARTNER,16
2025,4,Abril,Autos,Direta,30,RENAULT/DUSTER,524
2025,4,Abril,Com. Leves,Direta,30,CITROEN/JUMPER,14
2025,4,Abril,Autos,Direta,31,RENAULT/KARDIAN,454
2025,4,Abril,Com. Leves,Direta,31,KIA/K2500,12
2025,4,Abril,Autos,Direta,32,HONDA/CITY,397
2025,4,Abril,Com. Leves,Direta,32,CITROEN/JUMPY,1
2025,4,Abril,Autos,Direta,33,VOLVO/EX30,365
2025,4,Abril,Com. Leves,Direta,33,RENAULT/KWID,1
2025,4,Abril,Autos,Direta,34,HONDA/CITY HATCH,292
2025,4,Abril,Com. Leves,Direta,34,IVECO/DAILY 30-130,10
2025,4,Abril,Autos,Direta,35,TOYOTA/YARIS SEDAN,243
2025,4,Abril,Com. Leves,Direta,35,JEEP/GLADIATOR,9
2025,4,Abril,Autos,Direta,36,CITROEN/C3 AIRCROSS,232
2025,4,Abril,Com. Leves,Direta,36,PEUGEOT/EXPERT,7
2025,4,Abril,Autos,Direta,37,VW/TAOS,220
2025,4,Abril,Com. Leves,Direta,37,GM/SILVERADO,6
2025,4,Abril,Autos,Direta,38,TOYOTA/YARIS HB,214
2025,4,Abril,Com. Leves,Direta,38,AGRALE/MARRUA,1
2025,4,Abril,Autos,Direta,39,VOLVO/XC60,205
2025,4,Abril,Com. Leves,Direta,39,FORD/F150,1
2025,4,Abril,Autos,Direta,40,GWM/HAVAL H6,201
2025,4,Abril,Com. Leves,Direta,40,TOYOTA/BANDEIRANTE,1
2025,4,Abril,Autos,Direta,41,VOLVO/XC90,162
2025,4,Abril,Autos,Direta,42,BYD/SONG,160
2025,4,Abril,Autos,Direta,43,GWM/TANK 300,142
2025,4,Abril,Autos,Direta,44,CAOA CHERY/TIGGO 7,134
2025,4,Abril,Autos,Direta,45,MITSUBISHI/ECLIPSE CROSS,128
2025,4,Abril,Autos,Direta,46,GM/TRAILBLAZER,9
2025,4,Abril,Autos,Direta,47,BYD/DOLPHIN MINI,71
2025,4,Abril,Autos,Direta,48,NISSAN/SENTRA,6
2025,4,Abril,Autos,Direta,49,MITSUBISHI/PAJERO,62
2025,4,Abril,Autos,Direta,50,TOYOTA/HILUX SW4,54
2025,4,Abril,Autos,Varejo,1,HONDA/HR-V,4339
2025,4,Abril,Com. Leves,Varejo,1,FIAT/STRADA,3413
2025,4,Abril,Autos,Varejo,2,HYUNDAI/CRETA,4081
2025,4,Abril,Com. Leves,Varejo,2,FIAT/TORO,2393
2025,4,Abril,Autos,Varejo,3,VW/T CROSS,3907
2025,4,Abril,Com. Leves,Varejo,3,FORD/RANGER,2046
2025,4,Abril,Autos,Varejo,4,TOYOTA/COROLLA CROSS,3648
2025,4,Abril,Com. Leves,Varejo,4,TOYOTA/HILUX,1834
2025,4,Abril,Autos,Varejo,5,VW/POLO,3555
2025,4,Abril,Com. Leves,Varejo,5,GM/MONTANA,696
2025,4,Abril,Autos,Varejo,6,GM/ONIX,3132
2025,4,Abril,Com. Leves,Varejo,6,MITSUBISHI/TRITON,644
2025,4,Abril,Autos,Varejo,7,FIAT/FASTBACK,2999
2025,4,Abril,Com. Leves,Varejo,7,RAM/RAMPAGE,540
2025,4,Abril,Autos,Varejo,8,BYD/SONG,2979
2025,4,Abril,Com. Leves,Varejo,8,GM/S10,532
2025,4,Abril,Autos,Varejo,9,VW/NIVUS,2820
2025,4,Abril,Com. Leves,Varejo,9,HYUNDAI/HR,361
2025,4,Abril,Autos,Varejo,10,GM/TRACKER,2567
2025,4,Abril,Com. Leves,Varejo,10,RENAULT/MASTER,347
2025,4,Abril,Autos,Varejo,11,HYUNDAI/HB20,2494
2025,4,Abril,Com. Leves,Varejo,11,FIAT/TITANO,328
2025,4,Abril,Autos,Varejo,12,FIAT/PULSE,2121
2025,4,Abril,Com. Leves,Varejo,12,VW/SAVEIRO,288
2025,4,Abril,Autos,Varejo,13,BYD/DOLPHIN MINI,2101
2025,4,Abril,Com. Leves,Varejo,13,FIAT/FIORINO,276
2025,4,Abril,Autos,Varejo,14,FIAT/ARGO,2058
2025,4,Abril,Com. Leves,Varejo,14,RENAULT/OROCH,247
2025,4,Abril,Autos,Varejo,15,JEEP/RENEGADE,1983
2025,4,Abril,Com. Leves,Varejo,15,MITSUBISHI/L200,239
2025,4,Abril,Autos,Varejo,16,TOYOTA/COROLLA,1900
2025,4,Abril,Com. Leves,Varejo,16,KIA/K2500,237
2025,4,Abril,Autos,Varejo,17,JEEP/COMPASS,1827
2025,4,Abril,Com. Leves,Varejo,17,VW TRUCK E BUS/EXPRESS,146
2025,4,Abril,Autos,Varejo,18,CAOA CHERY/TIGGO 7,1801
2025,4,Abril,Com. Leves,Varejo,18,FIAT/SCUDO,132
2025,4,Abril,Autos,Varejo,19,GWM/HAVAL H6,1778
2025,4,Abril,Com. Leves,Varejo,19,FORD/MAVERICK,112
2025,4,Abril,Autos,Varejo,20,NISSAN/KICKS,1703
2025,4,Abril,Com. Leves,Varejo,20,GM/SILVERADO,103
2025,4,Abril,Autos,Varejo,21,CAOA CHERY/TIGGO 8,1638
2025,4,Abril,Com. Leves,Varejo,21,BYD/SHARK,102
2025,4,Abril,Autos,Varejo,22,GM/ONIX PLUS,1435
2025,4,Abril,Com. Leves,Varejo,22,EFFA/V21,95
2025,4,Abril,Autos,Varejo,23,RENAULT/KARDIAN,1288
2025,4,Abril,Com. Leves,Varejo,23,IVECO/DAILY 30-130,91
2025,4,Abril,Autos,Varejo,24,TOYOTA/HILUX SW4,1246
2025,4,Abril,Com. Leves,Varejo,24,NISSAN/FRONTIER,84
2025,4,Abril,Autos,Varejo,25,HONDA/CITY HATCH,955
2025,4,Abril,Com. Leves,Varejo,25,FORD/F150,74
2025,4,Abril,Autos,Varejo,26,HONDA/CITY,954
2025,4,Abril,Com. Leves,Varejo,26,RAM/1500,73
2025,4,Abril,Autos,Varejo,27,VW/VIRTUS,948
2025,4,Abril,Com. Leves,Varejo,27,IVECO/DAILY,70
2025,4,Abril,Autos,Varejo,28,BYD/DOLPHIN,923
2025,4,Abril,Com. Leves,Varejo,28,FIAT/DUCATO,64
2025,4,Abril,Autos,Varejo,29,CAOA CHERY/TIGGO 5X,902
2025,4,Abril,Com. Leves,Varejo,29,VW/AMAROK,62
2025,4,Abril,Autos,Varejo,30,BYD/KING,844
2025,4,Abril,Com. Leves,Varejo,30,M.BENZ/SPRINTER 315,59
2025,4,Abril,Autos,Varejo,31,HYUNDAI/HB20S,777
2025,4,Abril,Com. Leves,Varejo,31,JAC/HUNTER,48
2025,4,Abril,Autos,Varejo,32,RENAULT/DUSTER,729
2025,4,Abril,Com. Leves,Varejo,32,FORD/TRANSIT,46
2025,4,Abril,Autos,Varejo,33,VW/TAOS,700
2025,4,Abril,Com. Leves,Varejo,33,RAM/3500,43
2025,4,Abril,Autos,Varejo,34,NISSAN/VERSA,699
2025,4,Abril,Com. Leves,Varejo,34,SHINERAY/P TRUCKS,41
2025,4,Abril,Autos,Varejo,35,MITSUBISHI/ECLIPSE CROSS,692
2025,4,Abril,Com. Leves,Varejo,35,RENAULT/KANGOO,39
2025,4,Abril,Autos,Varejo,36,JEEP/COMMANDER,679
2025,4,Abril,Com. Leves,Varejo,36,EFFA/V22,38
2025,4,Abril,Autos,Varejo,37,TOYOTA/YARIS HB,613
2025,4,Abril,Com. Leves,Varejo,37,M.BENZ/SPRINTER 517,35
2025,4,Abril,Autos,Varejo,38,FIAT/CRONOS,592
2025,4,Abril,Com. Leves,Varejo,38,CITROEN/JUMPY,34
2025,4,Abril,Autos,Varejo,39,GM/SPIN,591
2025,4,Abril,Com. Leves,Varejo,39,PEUGEOT/EXPERT,32
2025,4,Abril,Autos,Varejo,40,BMW/X1,406
2025,4,Abril,Com. Leves,Varejo,40,RAM/2500,29
2025,4,Abril,Autos,Varejo,41,FORD/TERRITORY,373
2025,4,Abril,Com. Leves,Varejo,41,CITROEN/JUMPER,24
2025,4,Abril,Autos,Varejo,42,TOYOTA/YARIS SEDAN,356
2025,4,Abril,Com. Leves,Varejo,42,M.BENZ/SPRINTER,19
2025,4,Abril,Autos,Varejo,43,BMW/320I,317
2025,4,Abril,Com. Leves,Varejo,43,PEUGEOT/PARTNER,17
2025,4,Abril,Autos,Varejo,44,CITROEN/C3,271
2025,4,Abril,Com. Leves,Varejo,44,EFFA/V25,16
2025,4,Abril,Autos,Varejo,45,NISSAN/SENTRA,265
2025,4,Abril,Com. Leves,Varejo,45,IVECO/DAILY 35-180,15
2025,4,Abril,Autos,Varejo,46,RENAULT/KWID,265
2025,4,Abril,Com. Leves,Varejo,46,PEUGEOT/BOXER,14
2025,4,Abril,Autos,Varejo,47,FIAT/MOBI,253
2025,4,Abril,Com. Leves,Varejo,47,M.BENZ/SPRINTER 317,10
2025,4,Abril,Autos,Varejo,48,M.BENZ/GLC,251
2025,4,Abril,Com. Leves,Varejo,48,FEVER/NEXTEM FN1000,8
2025,4,Abril,Autos,Varejo,49,BYD/YUAN,251
2025,4,Abril,Com. Leves,Varejo,49,M.BENZ/SPRINTER 417,7
2025,4,Abril,Autos,Varejo,50,HONDA/ZR-V,237
2025,4,Abril,Com. Leves,Varejo,50,MON/PROTOTIPO,4
2025,5,Maio,Autos,Total,1,VW/POLO,12911
2025,5,Maio,Com. Leves,Total,1,FIAT/STRADA,11854
2025,5,Maio,Autos,Total,2,VW/T CROSS,9408
2025,5,Maio,Com. Leves,Total,2,VW/SAVEIRO,5536
2025,5,Maio,Autos,Total,3,FIAT/ARGO,9063
2025,5,Maio,Com. Leves,Total,3,FIAT/TORO,4690
2025,5,Maio,Autos,Total,4,HYUNDAI/HB20,8673
2025,5,Maio,Com. Leves,Total,4,TOYOTA/HILUX,4425
2025,5,Maio,Autos,Total,5,FIAT/MOBI,6459
2025,5,Maio,Com. Leves,Total,5,GM/S10,2770
2025,5,Maio,Autos,Total,6,HONDA/HR-V,6406
2025,5,Maio,Com. Leves,Total,6,FORD/RANGER,2670
2025,5,Maio,Autos,Total,7,GM/ONIX,6157
2025,5,Maio,Com. Leves,Total,7,RAM/RAMPAGE,2182
2025,5,Maio,Autos,Total,8,JEEP/COMPASS,5687
2025,5,Maio,Com. Leves,Total,8,FIAT/FIORINO,2044
2025,5,Maio,Autos,Total,9,TOYOTA/COROLLA CROSS,5513
2025,5,Maio,Com. Leves,Total,9,GM/MONTANA,1872
2025,5,Maio,Autos,Total,10,RENAULT/KWID,5344
2025,5,Maio,Com. Leves,Total,10,RENAULT/MASTER,1454
2025,5,Maio,Autos,Total,11,HYUNDAI/CRETA,5333
2025,5,Maio,Com. Leves,Total,11,MITSUBISHI/TRITON,892
2025,5,Maio,Autos,Total,12,FIAT/FASTBACK,4809
2025,5,Maio,Com. Leves,Total,12,RENAULT/OROCH,872
2025,5,Maio,Autos,Total,13,VW/NIVUS,4590
2025,5,Maio,Com. Leves,Total,13,FIAT/TITANO,657
2025,5,Maio,Autos,Total,14,HYUNDAI/HB20S,4421
2025,5,Maio,Com. Leves,Total,14,MITSUBISHI/L200,571
2025,5,Maio,Autos,Total,15,GM/TRACKER,4331
2025,5,Maio,Com. Leves,Total,15,RENAULT/KANGOO,424
2025,5,Maio,Autos,Total,16,GM/ONIX PLUS,3924
2025,5,Maio,Com. Leves,Total,16,IVECO/DAILY,378
2025,5,Maio,Autos,Total,17,JEEP/RENEGADE,3641
2025,5,Maio,Com. Leves,Total,17,HYUNDAI/HR,376
2025,5,Maio,Autos,Total,18,NISSAN/KICKS,3607
2025,5,Maio,Com. Leves,Total,18,NISSAN/FRONTIER,363
2025,5,Maio,Autos,Total,19,FIAT/PULSE,3351
2025,5,Maio,Com. Leves,Total,19,FORD/TRANSIT,333
2025,5,Maio,Autos,Total,20,VW/VIRTUS,3317
2025,5,Maio,Com. Leves,Total,20,FIAT/DUCATO,274
2025,5,Maio,Autos,Total,21,TOYOTA/COROLLA,3233
2025,5,Maio,Com. Leves,Total,21,KIA/K2500,255
2025,5,Maio,Autos,Total,22,CAOA CHERY/TIGGO 7,3211
2025,5,Maio,Com. Leves,Total,22,FIAT/SCUDO,215
2025,5,Maio,Autos,Total,23,BYD/SONG,2899
2025,5,Maio,Com. Leves,Total,23,VW TRUCK E BUS/EXPRESS,211
2025,5,Maio,Autos,Total,24,FIAT/CRONOS,2677
2025,5,Maio,Com. Leves,Total,24,RAM/3500,192
2025,5,Maio,Autos,Total,25,BYD/DOLPHIN MINI,2575
2025,5,Maio,Com. Leves,Total,25,FORD/MAVERICK,149
2025,5,Maio,Autos,Total,26,GWM/HAVAL H6,2432
2025,5,Maio,Com. Leves,Total,26,IVECO/DAILY 30-130,136
2025,5,Maio,Autos,Total,27,GM/SPIN,2195
2025,5,Maio,Com. Leves,Total,27,EFFA/V21,134
2025,5,Maio,Autos,Total,28,CITROEN/BASALT,1873
2025,5,Maio,Com. Leves,Total,28,BYD/SHARK,103
2025,5,Maio,Autos,Total,29,BYD/DOLPHIN,1862
2025,5,Maio,Com. Leves,Total,29,FORD/F150,96
2025,5,Maio,Autos,Total,30,CAOA CHERY/TIGGO 8,1483
2025,5,Maio,Com. Leves,Total,30,RAM/1500,89
2025,5,Maio,Autos,Total,31,RENAULT/KARDIAN,1455
2025,5,Maio,Com. Leves,Total,31,RAM/2500,78
2025,5,Maio,Autos,Total,32,TOYOTA/HILUX SW4,1330
2025,5,Maio,Com. Leves,Total,32,GM/SILVERADO,65
2025,5,Maio,Autos,Total,33,RENAULT/DUSTER,1321
2025,5,Maio,Com. Leves,Total,33,PEUGEOT/EXPERT,48
2025,5,Maio,Autos,Total,34,HONDA/CITY,1301
2025,5,Maio,Com. Leves,Total,34,M.BENZ/SPRINTER 315,47
2025,5,Maio,Autos,Total,35,CAOA CHERY/TIGGO 5X,1257
2025,5,Maio,Com. Leves,Total,35,CITROEN/JUMPER,40
2025,5,Maio,Autos,Total,36,PEUGEOT/2008,1217
2025,5,Maio,Com. Leves,Total,36,SHINERAY/P TRUCKS,40
2025,5,Maio,Autos,Total,37,JEEP/COMMANDER,1198
2025,5,Maio,Com. Leves,Total,37,VW/AMAROK,30
2025,5,Maio,Autos,Total,38,HONDA/CITY HATCH,1195
2025,5,Maio,Com. Leves,Total,38,PEUGEOT/PARTNER,29
2025,5,Maio,Autos,Total,39,VW/TAOS,975
2025,5,Maio,Com. Leves,Total,39,PEUGEOT/BOXER,26
2025,5,Maio,Autos,Total,40,CITROEN/C3,870
2025,5,Maio,Com. Leves,Total,40,M.BENZ/SPRINTER 317,24
2025,5,Maio,Autos,Total,41,MITSUBISHI/ECLIPSE CROSS,842
2025,5,Maio,Com. Leves,Total,41,EFFA/V22,23
2025,5,Maio,Autos,Total,42,BYD/KING,802
2025,5,Maio,Com. Leves,Total,42,M.BENZ/SPRINTER 517,21
2025,5,Maio,Autos,Total,43,PEUGEOT/208,771
2025,5,Maio,Com. Leves,Total,43,JAC/HUNTER,17
2025,5,Maio,Autos,Total,44,BYD/YUAN,751
2025,5,Maio,Com. Leves,Total,44,IVECO/DAILY 35-180,16
2025,5,Maio,Autos,Total,45,GWM/TANK 300,603
2025,5,Maio,Com. Leves,Total,45,EFFA/V25,16
2025,5,Maio,Autos,Total,46,NISSAN/VERSA,562
2025,5,Maio,Com. Leves,Total,46,CITROEN/JUMPY,13
2025,5,Maio,Autos,Total,47,NISSAN/SENTRA,538
2025,5,Maio,Com. Leves,Total,47,M.BENZ/SPRINTER,13
2025,5,Maio,Autos,Total,48,TOYOTA/YARIS HB,530
2025,5,Maio,Com. Leves,Total,48,RENAULT/KWID,7
2025,5,Maio,Autos,Total,49,BMW/X1,463
2025,5,Maio,Com. Leves,Total,49,FORD/ETRANSIT,6
2025,5,Maio,Autos,Total,50,VOLVO/EX30,429
2025,5,Maio,Com. Leves,Total,50,FEVER/NEXTEM FN1000,6
2025,5,Maio,Autos,Direta,1,VW/POLO,9370
2025,5,Maio,Com. Leves,Direta,1,FIAT/STRADA,8144
2025,5,Maio,Autos,Direta,2,FIAT/ARGO,6859
2025,5,Maio,Com. Leves,Direta,2,VW/SAVEIRO,5229
2025,5,Maio,Autos,Direta,3,FIAT/MOBI,6255
2025,5,Maio,Com. Leves,Direta,3,FIAT/TORO,2384
2025,5,Maio,Autos,Direta,4,HYUNDAI/HB20,6178
2025,5,Maio,Com. Leves,Direta,4,TOYOTA/HILUX,2174
2025,5,Maio,Autos,Direta,5,VW/T CROSS,5411
2025,5,Maio,Com. Leves,Direta,5,GM/S10,2112
2025,5,Maio,Autos,Direta,6,RENAULT/KWID,5019
2025,5,Maio,Com. Leves,Direta,6,FIAT/FIORINO,1737
2025,5,Maio,Autos,Direta,7,JEEP/COMPASS,3811
2025,5,Maio,Com. Leves,Direta,7,RAM/RAMPAGE,1426
2025,5,Maio,Autos,Direta,8,HYUNDAI/HB20S,3703
2025,5,Maio,Com. Leves,Direta,8,GM/MONTANA,1146
2025,5,Maio,Autos,Direta,9,GM/ONIX,3153
2025,5,Maio,Com. Leves,Direta,9,RENAULT/MASTER,1051
2025,5,Maio,Autos,Direta,10,TOYOTA/COROLLA CROSS,2862
2025,5,Maio,Com. Leves,Direta,10,FORD/RANGER,916
2025,5,Maio,Autos,Direta,11,VW/VIRTUS,2428
2025,5,Maio,Com. Leves,Direta,11,RENAULT/OROCH,671
2025,5,Maio,Autos,Direta,12,GM/ONIX PLUS,2360
2025,5,Maio,Com. Leves,Direta,12,MITSUBISHI/L200,422
2025,5,Maio,Autos,Direta,13,FIAT/CRONOS,2219
2025,5,Maio,Com. Leves,Direta,13,FIAT/TITANO,413
2025,5,Maio,Autos,Direta,14,CITROEN/BASALT,1802
2025,5,Maio,Com. Leves,Direta,14,RENAULT/KANGOO,396
2025,5,Maio,Autos,Direta,15,HONDA/HR-V,1749
2025,5,Maio,Com. Leves,Direta,15,IVECO/DAILY,329
2025,5,Maio,Autos,Direta,16,JEEP/RENEGADE,1633
2025,5,Maio,Com. Leves,Direta,16,NISSAN/FRONTIER,308
2025,5,Maio,Autos,Direta,17,GM/SPIN,1623
2025,5,Maio,Com. Leves,Direta,17,FORD/TRANSIT,290
2025,5,Maio,Autos,Direta,18,NISSAN/KICKS,1556
2025,5,Maio,Com. Leves,Direta,18,FIAT/DUCATO,213
2025,5,Maio,Autos,Direta,19,FIAT/FASTBACK,1432
2025,5,Maio,Com. Leves,Direta,19,MITSUBISHI/TRITON,202
2025,5,Maio,Autos,Direta,20,TOYOTA/COROLLA,1381
2025,5,Maio,Com. Leves,Direta,20,RAM/3500,132
2025,5,Maio,Autos,Direta,21,VW/NIVUS,1368
2025,5,Maio,Com. Leves,Direta,21,FIAT/SCUDO,89
2025,5,Maio,Autos,Direta,22,FIAT/PULSE,1339
2025,5,Maio,Com. Leves,Direta,22,FORD/MAVERICK,73
2025,5,Maio,Autos,Direta,23,GM/TRACKER,1335
2025,5,Maio,Com. Leves,Direta,23,IVECO/DAILY 30-130,73
2025,5,Maio,Autos,Direta,24,HYUNDAI/CRETA,1312
2025,5,Maio,Com. Leves,Direta,24,RAM/2500,49
2025,5,Maio,Autos,Direta,25,PEUGEOT/2008,1138
2025,5,Maio,Com. Leves,Direta,25,VW TRUCK E BUS/EXPRESS,46
2025,5,Maio,Autos,Direta,26,RENAULT/DUSTER,853
2025,5,Maio,Com. Leves,Direta,26,RAM/1500,34
2025,5,Maio,Autos,Direta,27,PEUGEOT/208,659
2025,5,Maio,Com. Leves,Direta,27,PEUGEOT/PARTNER,17
2025,5,Maio,Autos,Direta,28,CITROEN/C3,627
2025,5,Maio,Com. Leves,Direta,28,VW/AMAROK,12
2025,5,Maio,Autos,Direta,29,JEEP/COMMANDER,581
2025,5,Maio,Com. Leves,Direta,29,CITROEN/JUMPER,10
2025,5,Maio,Autos,Direta,30,RENAULT/KARDIAN,485
2025,5,Maio,Com. Leves,Direta,30,RENAULT/KWID,7
2025,5,Maio,Autos,Direta,31,HONDA/CITY,460
2025,5,Maio,Com. Leves,Direta,31,FORD/ETRANSIT,6
2025,5,Maio,Autos,Direta,32,VOLVO/EX30,429
2025,5,Maio,Com. Leves,Direta,32,FORD/F150,4
2025,5,Maio,Autos,Direta,33,GWM/HAVAL H6,414
2025,5,Maio,Com. Leves,Direta,33,PEUGEOT/EXPERT,4
2025,5,Maio,Autos,Direta,34,GWM/TANK 300,394
2025,5,Maio,Com. Leves,Direta,34,BYD/SHARK,4
2025,5,Maio,Autos,Direta,35,NISSAN/SENTRA,292
2025,5,Maio,Com. Leves,Direta,35,KIA/K2500,3
2025,5,Maio,Autos,Direta,36,HONDA/CITY HATCH,264
2025,5,Maio,Com. Leves,Direta,36,ARROW/ONE,3
2025,5,Maio,Autos,Direta,37,TOYOTA/YARIS HB,257
2025,5,Maio,Com. Leves,Direta,37,CITROEN/JUMPY,2
2025,5,Maio,Autos,Direta,38,CITROEN/C3 AIRCROSS,210
2025,5,Maio,Com. Leves,Direta,38,IVECO/DAILY 35-180,2
2025,5,Maio,Autos,Direta,39,VW/TAOS,197
2025,5,Maio,Com. Leves,Direta,39,PEUGEOT/BOXER,2
2025,5,Maio,Autos,Direta,40,VW/TERA,195
2025,5,Maio,Com. Leves,Direta,40,GM/SILVERADO,1
2025,5,Maio,Autos,Direta,41,VOLVO/XC60,181
2025,5,Maio,Com. Leves,Direta,41,HYUNDAI/HR,1
2025,5,Maio,Autos,Direta,42,NISSAN/VERSA,174
2025,5,Maio,Autos,Direta,43,CAOA CHERY/TIGGO 7,164
2025,5,Maio,Autos,Direta,44,BYD/DOLPHIN MINI,133
2025,5,Maio,Autos,Direta,45,MITSUBISHI/ECLIPSE CROSS,124
2025,5,Maio,Autos,Direta,46,VOLVO/XC90,95
2025,5,Maio,Autos,Direta,47,BYD/SONG,92
2025,5,Maio,Autos,Direta,48,GM/TRAILBLAZER,74
2025,5,Maio,Autos,Direta,49,MITSUBISHI/PAJERO,74
2025,5,Maio,Autos,Direta,50,GWM/ORA 03,65
2025,5,Maio,Autos,Varejo,1,HONDA/HR-V,4657
2025,5,Maio,Com. Leves,Varejo,1,FIAT/STRADA,3710
2025,5,Maio,Autos,Varejo,2,HYUNDAI/CRETA,4021
2025,5,Maio,Com. Leves,Varejo,2,FIAT/TORO,2306
2025,5,Maio,Autos,Varejo,3,VW/T CROSS,3997
2025,5,Maio,Com. Leves,Varejo,3,TOYOTA/HILUX,2251
2025,5,Maio,Autos,Varejo,4,VW/POLO,3541
2025,5,Maio,Com. Leves,Varejo,4,FORD/RANGER,1754
2025,5,Maio,Autos,Varejo,5,FIAT/FASTBACK,3377
2025,5,Maio,Com. Leves,Varejo,5,RAM/RAMPAGE,756
2025,5,Maio,Autos,Varejo,6,VW/NIVUS,3222
2025,5,Maio,Com. Leves,Varejo,6,GM/MONTANA,726
2025,5,Maio,Autos,Varejo,7,CAOA CHERY/TIGGO 7,3047
2025,5,Maio,Com. Leves,Varejo,7,MITSUBISHI/TRITON,690
2025,5,Maio,Autos,Varejo,8,GM/ONIX,3004
2025,5,Maio,Com. Leves,Varejo,8,GM/S10,658
2025,5,Maio,Autos,Varejo,9,GM/TRACKER,2996
2025,5,Maio,Com. Leves,Varejo,9,RENAULT/MASTER,403
2025,5,Maio,Autos,Varejo,10,BYD/SONG,2807
2025,5,Maio,Com. Leves,Varejo,10,HYUNDAI/HR,375
2025,5,Maio,Autos,Varejo,11,TOYOTA/COROLLA CROSS,2651
2025,5,Maio,Com. Leves,Varejo,11,FIAT/FIORINO,307
2025,5,Maio,Autos,Varejo,12,HYUNDAI/HB20,2495
2025,5,Maio,Com. Leves,Varejo,12,VW/SAVEIRO,307
2025,5,Maio,Autos,Varejo,13,BYD/DOLPHIN MINI,2442
2025,5,Maio,Com. Leves,Varejo,13,KIA/K2500,252
2025,5,Maio,Autos,Varejo,14,FIAT/ARGO,2204
2025,5,Maio,Com. Leves,Varejo,14,FIAT/TITANO,244
2025,5,Maio,Autos,Varejo,15,NISSAN/KICKS,2051
2025,5,Maio,Com. Leves,Varejo,15,RENAULT/OROCH,201
2025,5,Maio,Autos,Varejo,16,GWM/HAVAL H6,2018
2025,5,Maio,Com. Leves,Varejo,16,VW TRUCK E BUS/EXPRESS,165
2025,5,Maio,Autos,Varejo,17,FIAT/PULSE,2012
2025,5,Maio,Com. Leves,Varejo,17,MITSUBISHI/L200,149
2025,5,Maio,Autos,Varejo,18,JEEP/RENEGADE,2008
2025,5,Maio,Com. Leves,Varejo,18,EFFA/V21,134
2025,5,Maio,Autos,Varejo,19,JEEP/COMPASS,1876
2025,5,Maio,Com. Leves,Varejo,19,FIAT/SCUDO,126
2025,5,Maio,Autos,Varejo,20,TOYOTA/COROLLA,1852
2025,5,Maio,Com. Leves,Varejo,20,BYD/SHARK,9
2025,5,Maio,Autos,Varejo,21,BYD/DOLPHIN,1798
2025,5,Maio,Com. Leves,Varejo,21,FORD/F150,92
2025,5,Maio,Autos,Varejo,22,GM/ONIX PLUS,1564
2025,5,Maio,Com. Leves,Varejo,22,FORD/MAVERICK,76
2025,5,Maio,Autos,Varejo,23,CAOA CHERY/TIGGO 8,1478
2025,5,Maio,Com. Leves,Varejo,23,GM/SILVERADO,64
2025,5,Maio,Autos,Varejo,24,TOYOTA/HILUX SW4,1269
2025,5,Maio,Com. Leves,Varejo,24,IVECO/DAILY 30-130,63
2025,5,Maio,Autos,Varejo,25,CAOA CHERY/TIGGO 5X,1228
2025,5,Maio,Com. Leves,Varejo,25,FIAT/DUCATO,61
2025,5,Maio,Autos,Varejo,26,RENAULT/KARDIAN,970
2025,5,Maio,Com. Leves,Varejo,26,RAM/3500,60
2025,5,Maio,Autos,Varejo,27,HONDA/CITY HATCH,931
2025,5,Maio,Com. Leves,Varejo,27,NISSAN/FRONTIER,5
2025,5,Maio,Autos,Varejo,28,VW/VIRTUS,889
2025,5,Maio,Com. Leves,Varejo,28,RAM/1500,5
2025,5,Maio,Autos,Varejo,29,HONDA/CITY,841
2025,5,Maio,Com. Leves,Varejo,29,IVECO/DAILY,49
2025,5,Maio,Autos,Varejo,30,VW/TAOS,778
2025,5,Maio,Com. Leves,Varejo,30,M.BENZ/SPRINTER 315,47
2025,5,Maio,Autos,Varejo,31,BYD/KING,771
2025,5,Maio,Com. Leves,Varejo,31,PEUGEOT/EXPERT,4
2025,5,Maio,Autos,Varejo,32,BYD/YUAN,719
2025,5,Maio,Com. Leves,Varejo,32,FORD/TRANSIT,43
2025,5,Maio,Autos,Varejo,33,HYUNDAI/HB20S,718
2025,5,Maio,Com. Leves,Varejo,33,SHINERAY/P TRUCKS,40
2025,5,Maio,Autos,Varejo,34,MITSUBISHI/ECLIPSE CROSS,718
2025,5,Maio,Com. Leves,Varejo,34,CITROEN/JUMPER,30
2025,5,Maio,Autos,Varejo,35,JEEP/COMMANDER,617
2025,5,Maio,Com. Leves,Varejo,35,RAM/2500,29
2025,5,Maio,Autos,Varejo,36,GM/SPIN,572
2025,5,Maio,Com. Leves,Varejo,36,RENAULT/KANGOO,28
2025,5,Maio,Autos,Varejo,37,RENAULT/DUSTER,468
2025,5,Maio,Com. Leves,Varejo,37,M.BENZ/SPRINTER 317,24
2025,5,Maio,Autos,Varejo,38,FIAT/CRONOS,458
2025,5,Maio,Com. Leves,Varejo,38,PEUGEOT/BOXER,24
2025,5,Maio,Autos,Varejo,39,BMW/X1,427
2025,5,Maio,Com. Leves,Varejo,39,EFFA/V22,23
2025,5,Maio,Autos,Varejo,40,NISSAN/VERSA,388
2025,5,Maio,Com. Leves,Varejo,40,M.BENZ/SPRINTER 517,21
2025,5,Maio,Autos,Varejo,41,BYD/SEAL,362
2025,5,Maio,Com. Leves,Varejo,41,VW/AMAROK,18
2025,5,Maio,Autos,Varejo,42,BMW/320I,357
2025,5,Maio,Com. Leves,Varejo,42,JAC/HUNTER,17
2025,5,Maio,Autos,Varejo,43,RENAULT/KWID,325
2025,5,Maio,Com. Leves,Varejo,43,EFFA/V25,16
2025,5,Maio,Autos,Varejo,44,TOYOTA/RAV4,304
2025,5,Maio,Com. Leves,Varejo,44,IVECO/DAILY 35-180,14
2025,5,Maio,Autos,Varejo,45,JAECOO/7,275
2025,5,Maio,Com. Leves,Varejo,45,M.BENZ/SPRINTER,13
2025,5,Maio,Autos,Varejo,46,TOYOTA/YARIS HB,273
2025,5,Maio,Com. Leves,Varejo,46,PEUGEOT/PARTNER,12
2025,5,Maio,Autos,Varejo,47,NISSAN/SENTRA,246
2025,5,Maio,Com. Leves,Varejo,47,CITROEN/JUMPY,1
2025,5,Maio,Autos,Varejo,48,CITROEN/C3,243
2025,5,Maio,Com. Leves,Varejo,48,FEVER/NEXTEM FN1000,6
2025,5,Maio,Autos,Varejo,49,M.BENZ/GLC,220
2025,5,Maio,Com. Leves,Varejo,49,M.BENZ/SPRINTER 417,5
2025,5,Maio,Autos,Varejo,50,HONDA/ZR-V,214
2025,5,Maio,Com. Leves,Varejo,50,VW/KOMBI,3
2025,6,Junho,Autos,Total,1,VW/POLO,11492
2025,6,Junho,Com. Leves,Total,1,FIAT/STRADA,11474
2025,6,Junho,Autos,Total,2,VW/T CROSS,8629
2025,6,Junho,Com. Leves,Total,2,VW/SAVEIRO,4849
2025,6,Junho,Autos,Total,3,FIAT/ARGO,7235
2025,6,Junho,Com. Leves,Total,3,TOYOTA/HILUX,4576
2025,6,Junho,Autos,Total,4,HYUNDAI/HB20,6917
2025,6,Junho,Com. Leves,Total,4,FIAT/TORO,3414
2025,6,Junho,Autos,Total,5,GM/ONIX,6782
2025,6,Junho,Com. Leves,Total,5,FORD/RANGER,2961
2025,6,Junho,Autos,Total,6,HYUNDAI/CRETA,6415
2025,6,Junho,Com. Leves,Total,6,GM/S10,2612
2025,6,Junho,Autos,Total,7,FIAT/MOBI,6347
2025,6,Junho,Com. Leves,Total,7,FIAT/FIORINO,2224
2025,6,Junho,Autos,Total,8,HONDA/HR-V,6179
2025,6,Junho,Com. Leves,Total,8,RAM/RAMPAGE,2000
2025,6,Junho,Autos,Total,9,TOYOTA/COROLLA CROSS,5335
2025,6,Junho,Com. Leves,Total,9,GM/MONTANA,1692
2025,6,Junho,Autos,Total,10,RENAULT/KWID,5324
2025,6,Junho,Com. Leves,Total,10,RENAULT/MASTER,1080
2025,6,Junho,Autos,Total,11,GM/TRACKER,4993
2025,6,Junho,Com. Leves,Total,11,MITSUBISHI/TRITON,983
2025,6,Junho,Autos,Total,12,FIAT/FASTBACK,4930
2025,6,Junho,Com. Leves,Total,12,RENAULT/OROCH,907
2025,6,Junho,Autos,Total,13,VW/NIVUS,4731
2025,6,Junho,Com. Leves,Total,13,RENAULT/KANGOO,418
2025,6,Junho,Autos,Total,14,JEEP/COMPASS,4546
2025,6,Junho,Com. Leves,Total,14,HYUNDAI/HR,349
2025,6,Junho,Autos,Total,15,FIAT/PULSE,3823
2025,6,Junho,Com. Leves,Total,15,MITSUBISHI/L200,343
2025,6,Junho,Autos,Total,16,VW/VIRTUS,3719
2025,6,Junho,Com. Leves,Total,16,NISSAN/FRONTIER,313
2025,6,Junho,Autos,Total,17,GM/ONIX PLUS,3494
2025,6,Junho,Com. Leves,Total,17,FORD/MAVERICK,242
2025,6,Junho,Autos,Total,18,JEEP/RENEGADE,3411
2025,6,Junho,Com. Leves,Total,18,IVECO/DAILY,221
2025,6,Junho,Autos,Total,19,NISSAN/KICKS,3394
2025,6,Junho,Com. Leves,Total,19,VW TRUCK E BUS/EXPRESS,198
2025,6,Junho,Autos,Total,20,TOYOTA/COROLLA,3004
2025,6,Junho,Com. Leves,Total,20,IVECO/DAILY 30-130,186
2025,6,Junho,Autos,Total,21,BYD/SONG,2805
2025,6,Junho,Com. Leves,Total,21,KIA/K2500,186
2025,6,Junho,Autos,Total,22,CAOA CHERY/TIGGO 7,2589
2025,6,Junho,Com. Leves,Total,22,FIAT/TITANO,170
2025,6,Junho,Autos,Total,23,VW/TERA,2555
2025,6,Junho,Com. Leves,Total,23,FORD/TRANSIT,167
2025,6,Junho,Autos,Total,24,GWM/HAVAL H6,2497
2025,6,Junho,Com. Leves,Total,24,EFFA/V21,164
2025,6,Junho,Autos,Total,25,HYUNDAI/HB20S,2241
2025,6,Junho,Com. Leves,Total,25,FIAT/DUCATO,150
2025,6,Junho,Autos,Total,26,GM/SPIN,1975
2025,6,Junho,Com. Leves,Total,26,FIAT/SCUDO,144
2025,6,Junho,Autos,Total,27,FIAT/CRONOS,1919
2025,6,Junho,Com. Leves,Total,27,RAM/3500,103
2025,6,Junho,Autos,Total,28,BYD/DOLPHIN MINI,1913
2025,6,Junho,Com. Leves,Total,28,RAM/1500,93
2025,6,Junho,Autos,Total,29,CITROEN/BASALT,1565
2025,6,Junho,Com. Leves,Total,29,BYD/SHARK,86
2025,6,Junho,Autos,Total,30,BYD/DOLPHIN,1490
2025,6,Junho,Com. Leves,Total,30,FORD/F150,65
2025,6,Junho,Autos,Total,31,HONDA/CITY,1453
2025,6,Junho,Com. Leves,Total,31,GM/SILVERADO,63
2025,6,Junho,Autos,Total,32,RENAULT/DUSTER,1426
2025,6,Junho,Com. Leves,Total,32,RAM/2500,5
2025,6,Junho,Autos,Total,33,TOYOTA/HILUX SW4,1343
2025,6,Junho,Com. Leves,Total,33,SHINERAY/P TRUCKS,52
2025,6,Junho,Autos,Total,34,RENAULT/KARDIAN,1240
2025,6,Junho,Com. Leves,Total,34,M.BENZ/SPRINTER 315,51
2025,6,Junho,Autos,Total,35,HONDA/CITY HATCH,1205
2025,6,Junho,Com. Leves,Total,35,FOTON/TUNLAND,45
2025,6,Junho,Autos,Total,36,JEEP/COMMANDER,1194
2025,6,Junho,Com. Leves,Total,36,EFFA/V22,43
2025,6,Junho,Autos,Total,37,CITROEN/C3,1146
2025,6,Junho,Com. Leves,Total,37,PEUGEOT/EXPERT,41
2025,6,Junho,Autos,Total,38,CAOA CHERY/TIGGO 8,1062
2025,6,Junho,Com. Leves,Total,38,JAC/HUNTER,41
2025,6,Junho,Autos,Total,39,NISSAN/VERSA,949
2025,6,Junho,Com. Leves,Total,39,PEUGEOT/PARTNER,3
2025,6,Junho,Autos,Total,40,VW/TAOS,889
2025,6,Junho,Com. Leves,Total,40,CITROEN/JUMPY,32
2025,6,Junho,Autos,Total,41,PEUGEOT/2008,869
2025,6,Junho,Com. Leves,Total,41,M.BENZ/ESPRINTER 320,31
2025,6,Junho,Autos,Total,42,MITSUBISHI/ECLIPSE CROSS,833
2025,6,Junho,Com. Leves,Total,42,M.BENZ/SPRINTER 317,31
2025,6,Junho,Autos,Total,43,CAOA CHERY/TIGGO 5X,822
2025,6,Junho,Com. Leves,Total,43,PEUGEOT/BOXER,25
2025,6,Junho,Autos,Total,44,BYD/KING,797
2025,6,Junho,Com. Leves,Total,44,CITROEN/JUMPER,2
2025,6,Junho,Autos,Total,45,PEUGEOT/208,796
2025,6,Junho,Com. Leves,Total,45,IVECO/DAILY 35-180,14
2025,6,Junho,Autos,Total,46,BYD/YUAN,743
2025,6,Junho,Com. Leves,Total,46,M.BENZ/SPRINTER,13
2025,6,Junho,Autos,Total,47,CITROEN/C3 AIRCROSS,636
2025,6,Junho,Com. Leves,Total,47,KIA/UK2500,12
2025,6,Junho,Autos,Total,48,NISSAN/SENTRA,524
2025,6,Junho,Com. Leves,Total,48,M.BENZ/SPRINTER 517,12
2025,6,Junho,Autos,Total,49,JAECOO/7,381
2025,6,Junho,Com. Leves,Total,49,VW/AMAROK,10
2025,6,Junho,Autos,Total,50,FORD/BRONCO,378
2025,6,Junho,Com. Leves,Total,50,EFFA/V25,10
2025,6,Junho,Autos,Direta,1,VW/POLO,8369
2025,6,Junho,Com. Leves,Direta,1,FIAT/STRADA,8017
2025,6,Junho,Autos,Direta,2,FIAT/MOBI,6196
2025,6,Junho,Com. Leves,Direta,2,VW/SAVEIRO,4625
2025,6,Junho,Autos,Direta,3,FIAT/ARGO,5414
2025,6,Junho,Com. Leves,Direta,3,TOYOTA/HILUX,2747
2025,6,Junho,Autos,Direta,4,VW/T CROSS,5026
2025,6,Junho,Com. Leves,Direta,4,GM/S10,2162
2025,6,Junho,Autos,Direta,5,RENAULT/KWID,5005
2025,6,Junho,Com. Leves,Direta,5,FIAT/FIORINO,1952
2025,6,Junho,Autos,Direta,6,HYUNDAI/HB20,4644
2025,6,Junho,Com. Leves,Direta,6,FIAT/TORO,1873
2025,6,Junho,Autos,Direta,7,GM/ONIX,3546
2025,6,Junho,Com. Leves,Direta,7,RAM/RAMPAGE,1274
2025,6,Junho,Autos,Direta,8,VW/VIRTUS,2908
2025,6,Junho,Com. Leves,Direta,8,FORD/RANGER,1118
2025,6,Junho,Autos,Direta,9,JEEP/COMPASS,2845
2025,6,Junho,Com. Leves,Direta,9,GM/MONTANA,1117
2025,6,Junho,Autos,Direta,10,TOYOTA/COROLLA CROSS,2653
2025,6,Junho,Com. Leves,Direta,10,RENAULT/MASTER,862
2025,6,Junho,Autos,Direta,11,GM/ONIX PLUS,2336
2025,6,Junho,Com. Leves,Direta,11,RENAULT/OROCH,727
2025,6,Junho,Autos,Direta,12,GM/TRACKER,2062
2025,6,Junho,Com. Leves,Direta,12,RENAULT/KANGOO,410
2025,6,Junho,Autos,Direta,13,HONDA/HR-V,2039
2025,6,Junho,Com. Leves,Direta,13,MITSUBISHI/TRITON,381
2025,6,Junho,Autos,Direta,14,JEEP/RENEGADE,1781
2025,6,Junho,Com. Leves,Direta,14,NISSAN/FRONTIER,267
2025,6,Junho,Autos,Direta,15,FIAT/PULSE,1708
2025,6,Junho,Com. Leves,Direta,15,MITSUBISHI/L200,202
2025,6,Junho,Autos,Direta,16,FIAT/FASTBACK,1648
2025,6,Junho,Com. Leves,Direta,16,IVECO/DAILY,166
2025,6,Junho,Autos,Direta,17,NISSAN/KICKS,1642
2025,6,Junho,Com. Leves,Direta,17,FORD/TRANSIT,140
2025,6,Junho,Autos,Direta,18,CITROEN/BASALT,1557
2025,6,Junho,Com. Leves,Direta,18,FORD/MAVERICK,102
2025,6,Junho,Autos,Direta,19,HYUNDAI/HB20S,1534
2025,6,Junho,Com. Leves,Direta,19,FIAT/DUCATO,97
2025,6,Junho,Autos,Direta,20,FIAT/CRONOS,1507
2025,6,Junho,Com. Leves,Direta,20,IVECO/DAILY 30-130,96
2025,6,Junho,Autos,Direta,21,GM/SPIN,1485
2025,6,Junho,Com. Leves,Direta,21,FIAT/SCUDO,86
2025,6,Junho,Autos,Direta,22,VW/TERA,1325
2025,6,Junho,Com. Leves,Direta,22,FIAT/TITANO,81
2025,6,Junho,Autos,Direta,23,TOYOTA/COROLLA,1269
2025,6,Junho,Com. Leves,Direta,23,RAM/3500,64
2025,6,Junho,Autos,Direta,24,VW/NIVUS,1227
2025,6,Junho,Com. Leves,Direta,24,RAM/1500,35
2025,6,Junho,Autos,Direta,25,HYUNDAI/CRETA,988
2025,6,Junho,Com. Leves,Direta,25,VW TRUCK E BUS/EXPRESS,35
2025,6,Junho,Autos,Direta,26,CITROEN/C3,915
2025,6,Junho,Com. Leves,Direta,26,PEUGEOT/PARTNER,25
2025,6,Junho,Autos,Direta,27,PEUGEOT/2008,783
2025,6,Junho,Com. Leves,Direta,27,RAM/2500,19
2025,6,Junho,Autos,Direta,28,RENAULT/DUSTER,717
2025,6,Junho,Com. Leves,Direta,28,FORD/F150,18
2025,6,Junho,Autos,Direta,29,PEUGEOT/208,716
2025,6,Junho,Com. Leves,Direta,29,VW/AMAROK,6
2025,6,Junho,Autos,Direta,30,JEEP/COMMANDER,656
2025,6,Junho,Com. Leves,Direta,30,FORD/F250,5
2025,6,Junho,Autos,Direta,31,NISSAN/VERSA,602
2025,6,Junho,Com. Leves,Direta,31,GM/SILVERADO,4
2025,6,Junho,Autos,Direta,32,GWM/HAVAL H6,576
2025,6,Junho,Com. Leves,Direta,32,KIA/K2500,3
2025,6,Junho,Autos,Direta,33,HONDA/CITY,497
2025,6,Junho,Com. Leves,Direta,33,IVECO/DAILY 35-180,2
2025,6,Junho,Autos,Direta,34,CITROEN/C3 AIRCROSS,477
2025,6,Junho,Com. Leves,Direta,34,FORD/ETRANSIT,1
2025,6,Junho,Autos,Direta,35,VOLVO/EX30,332
2025,6,Junho,Com. Leves,Direta,35,HYUNDAI/HR,1
2025,6,Junho,Autos,Direta,36,NISSAN/SENTRA,326
2025,6,Junho,Com. Leves,Direta,36,PEUGEOT/EXPERT,1
2025,6,Junho,Autos,Direta,37,VOLVO/XC60,277
2025,6,Junho,Com. Leves,Direta,37,RENAULT/KWID,1
2025,6,Junho,Autos,Direta,38,RENAULT/KARDIAN,267
2025,6,Junho,Autos,Direta,39,HONDA/CITY HATCH,243
2025,6,Junho,Autos,Direta,40,VW/TAOS,196
2025,6,Junho,Autos,Direta,41,GWM/TANK 300,151
2025,6,Junho,Autos,Direta,42,GM/TRAILBLAZER,143
2025,6,Junho,Autos,Direta,43,MITSUBISHI/OUTLANDER,138
2025,6,Junho,Autos,Direta,44,BYD/DOLPHIN MINI,128
2025,6,Junho,Autos,Direta,45,MITSUBISHI/PAJERO,125
2025,6,Junho,Autos,Direta,46,MITSUBISHI/ECLIPSE CROSS,124
2025,6,Junho,Autos,Direta,47,FORD/BRONCO,118
2025,6,Junho,Autos,Direta,48,BYD/SONG,116
2025,6,Junho,Autos,Direta,49,CAOA CHERY/TIGGO 7,109
2025,6,Junho,Autos,Direta,50,BYD/YUAN,97
2025,6,Junho,Autos,Varejo,1,HYUNDAI/CRETA,5427
2025,6,Junho,Com. Leves,Varejo,1,FIAT/STRADA,3457
2025,6,Junho,Autos,Varejo,2,HONDA/HR-V,4140
2025,6,Junho,Com. Leves,Varejo,2,FORD/RANGER,1843
2025,6,Junho,Autos,Varejo,3,VW/T CROSS,3603
2025,6,Junho,Com. Leves,Varejo,3,TOYOTA/HILUX,1829
2025,6,Junho,Autos,Varejo,4,VW/NIVUS,3504
2025,6,Junho,Com. Leves,Varejo,4,FIAT/TORO,1541
2025,6,Junho,Autos,Varejo,5,FIAT/FASTBACK,3282
2025,6,Junho,Com. Leves,Varejo,5,RAM/RAMPAGE,726
2025,6,Junho,Autos,Varejo,6,GM/ONIX,3236
2025,6,Junho,Com. Leves,Varejo,6,MITSUBISHI/TRITON,602
2025,6,Junho,Autos,Varejo,7,VW/POLO,3123
2025,6,Junho,Com. Leves,Varejo,7,GM/MONTANA,575
2025,6,Junho,Autos,Varejo,8,GM/TRACKER,2931
2025,6,Junho,Com. Leves,Varejo,8,GM/S10,450
2025,6,Junho,Autos,Varejo,9,BYD/SONG,2689
2025,6,Junho,Com. Leves,Varejo,9,HYUNDAI/HR,348
2025,6,Junho,Autos,Varejo,10,TOYOTA/COROLLA CROSS,2682
2025,6,Junho,Com. Leves,Varejo,10,FIAT/FIORINO,272
2025,6,Junho,Autos,Varejo,11,CAOA CHERY/TIGGO 7,2480
2025,6,Junho,Com. Leves,Varejo,11,VW/SAVEIRO,224
2025,6,Junho,Autos,Varejo,12,HYUNDAI/HB20,2273
2025,6,Junho,Com. Leves,Varejo,12,RENAULT/MASTER,218
2025,6,Junho,Autos,Varejo,13,FIAT/PULSE,2115
2025,6,Junho,Com. Leves,Varejo,13,KIA/K2500,183
2025,6,Junho,Autos,Varejo,14,GWM/HAVAL H6,1921
2025,6,Junho,Com. Leves,Varejo,14,RENAULT/OROCH,180
2025,6,Junho,Autos,Varejo,15,FIAT/ARGO,1821
2025,6,Junho,Com. Leves,Varejo,15,EFFA/V21,164
2025,6,Junho,Autos,Varejo,16,BYD/DOLPHIN MINI,1785
2025,6,Junho,Com. Leves,Varejo,16,VW TRUCK E BUS/EXPRESS,163
2025,6,Junho,Autos,Varejo,17,NISSAN/KICKS,1752
2025,6,Junho,Com. Leves,Varejo,17,MITSUBISHI/L200,141
2025,6,Junho,Autos,Varejo,18,TOYOTA/COROLLA,1735
2025,6,Junho,Com. Leves,Varejo,18,FORD/MAVERICK,140
2025,6,Junho,Autos,Varejo,19,JEEP/COMPASS,1701
2025,6,Junho,Com. Leves,Varejo,19,IVECO/DAILY 30-130,90
2025,6,Junho,Autos,Varejo,20,JEEP/RENEGADE,1630
2025,6,Junho,Com. Leves,Varejo,20,FIAT/TITANO,89
2025,6,Junho,Autos,Varejo,21,BYD/DOLPHIN,1414
2025,6,Junho,Com. Leves,Varejo,21,BYD/SHARK,85
2025,6,Junho,Autos,Varejo,22,TOYOTA/HILUX SW4,1324
2025,6,Junho,Com. Leves,Varejo,22,GM/SILVERADO,59
2025,6,Junho,Autos,Varejo,23,VW/TERA,1230
2025,6,Junho,Com. Leves,Varejo,23,FIAT/SCUDO,58
2025,6,Junho,Autos,Varejo,24,GM/ONIX PLUS,1158
2025,6,Junho,Com. Leves,Varejo,24,RAM/1500,58
2025,6,Junho,Autos,Varejo,25,CAOA CHERY/TIGGO 8,1059
2025,6,Junho,Com. Leves,Varejo,25,IVECO/DAILY,5
2025,6,Junho,Autos,Varejo,26,RENAULT/KARDIAN,973
2025,6,Junho,Com. Leves,Varejo,26,FIAT/DUCATO,53
2025,6,Junho,Autos,Varejo,27,HONDA/CITY HATCH,962
2025,6,Junho,Com. Leves,Varejo,27,SHINERAY/P TRUCKS,52
2025,6,Junho,Autos,Varejo,28,HONDA/CITY,956
2025,6,Junho,Com. Leves,Varejo,28,M.BENZ/SPRINTER 315,51
2025,6,Junho,Autos,Varejo,29,VW/VIRTUS,811
2025,6,Junho,Com. Leves,Varejo,29,FORD/F150,47
2025,6,Junho,Autos,Varejo,30,CAOA CHERY/TIGGO 5X,806
2025,6,Junho,Com. Leves,Varejo,30,NISSAN/FRONTIER,46
2025,6,Junho,Autos,Varejo,31,BYD/KING,772
2025,6,Junho,Com. Leves,Varejo,31,FOTON/TUNLAND,45
2025,6,Junho,Autos,Varejo,32,MITSUBISHI/ECLIPSE CROSS,709
2025,6,Junho,Com. Leves,Varejo,32,EFFA/V22,43
2025,6,Junho,Autos,Varejo,33,RENAULT/DUSTER,709
2025,6,Junho,Com. Leves,Varejo,33,JAC/HUNTER,41
2025,6,Junho,Autos,Varejo,34,HYUNDAI/HB20S,707
2025,6,Junho,Com. Leves,Varejo,34,PEUGEOT/EXPERT,40
2025,6,Junho,Autos,Varejo,35,VW/TAOS,693
2025,6,Junho,Com. Leves,Varejo,35,RAM/3500,39
2025,6,Junho,Autos,Varejo,36,BYD/YUAN,646
2025,6,Junho,Com. Leves,Varejo,36,RAM/2500,36
2025,6,Junho,Autos,Varejo,37,JEEP/COMMANDER,538
2025,6,Junho,Com. Leves,Varejo,37,CITROEN/JUMPY,32
2025,6,Junho,Autos,Varejo,38,GM/SPIN,490
2025,6,Junho,Com. Leves,Varejo,38,M.BENZ/ESPRINTER 320,31
2025,6,Junho,Autos,Varejo,39,FIAT/CRONOS,412
2025,6,Junho,Com. Leves,Varejo,39,M.BENZ/SPRINTER 317,31
2025,6,Junho,Autos,Varejo,40,JAECOO/7,381
2025,6,Junho,Com. Leves,Varejo,40,FORD/TRANSIT,27
2025,6,Junho,Autos,Varejo,41,TOYOTA/RAV4,357
2025,6,Junho,Com. Leves,Varejo,41,PEUGEOT/BOXER,25
2025,6,Junho,Autos,Varejo,42,NISSAN/VERSA,347
2025,6,Junho,Com. Leves,Varejo,42,CITROEN/JUMPER,2
2025,6,Junho,Autos,Varejo,43,BMW/X1,321
2025,6,Junho,Com. Leves,Varejo,43,M.BENZ/SPRINTER,13
2025,6,Junho,Autos,Varejo,44,RENAULT/KWID,319
2025,6,Junho,Com. Leves,Varejo,44,IVECO/DAILY 35-180,12
2025,6,Junho,Autos,Varejo,45,BYD/SEAL,293
2025,6,Junho,Com. Leves,Varejo,45,KIA/UK2500,12
2025,6,Junho,Autos,Varejo,46,BMW/320I,274
2025,6,Junho,Com. Leves,Varejo,46,M.BENZ/SPRINTER 517,12
2025,6,Junho,Autos,Varejo,47,CAOA CHERY/ARRIZO 6,269
2025,6,Junho,Com. Leves,Varejo,47,EFFA/V25,10
2025,6,Junho,Autos,Varejo,48,FORD/BRONCO,260
2025,6,Junho,Com. Leves,Varejo,48,PEUGEOT/PARTNER,8
2025,6,Junho,Autos,Varejo,49,HONDA/ZR-V,235
2025,6,Junho,Com. Leves,Varejo,49,RENAULT/KANGOO,8
2025,6,Junho,Autos,Varejo,50,CITROEN/C3,231
2025,6,Junho,Com. Leves,Varejo,50,M.BENZ/SPRINTER 417,6
2025,7,Julho,Autos,Total,1,VW/POLO,12940
2025,7,Julho,Com. Leves,Total,1,FIAT/STRADA,12895
2025,7,Julho,Autos,Total,2,FIAT/ARGO,9966
2025,7,Julho,Com. Leves,Total,2,VW/SAVEIRO,5696
2025,7,Julho,Autos,Total,3,VW/T CROSS,9022
2025,7,Julho,Com. Leves,Total,3,TOYOTA/HILUX,5370
2025,7,Julho,Autos,Total,4,FIAT/MOBI,8099
2025,7,Julho,Com. Leves,Total,4,FIAT/TORO,3985
2025,7,Julho,Autos,Total,5,HYUNDAI/CRETA,7856
2025,7,Julho,Com. Leves,Total,5,FORD/RANGER,3104
2025,7,Julho,Autos,Total,6,GM/ONIX,7689
2025,7,Julho,Com. Leves,Total,6,GM/S10,2649
2025,7,Julho,Autos,Total,7,GM/TRACKER,6974
2025,7,Julho,Com. Leves,Total,7,RAM/RAMPAGE,1976
2025,7,Julho,Autos,Total,8,TOYOTA/COROLLA CROSS,6866
2025,7,Julho,Com. Leves,Total,8,FIAT/FIORINO,1799
2025,7,Julho,Autos,Total,9,NISSAN/KICKS,6341
2025,7,Julho,Com. Leves,Total,9,GM/MONTANA,1655
2025,7,Julho,Autos,Total,10,FIAT/FASTBACK,6207
2025,7,Julho,Com. Leves,Total,10,RENAULT/MASTER,1512
2025,7,Julho,Autos,Total,11,VW/NIVUS,5777
2025,7,Julho,Com. Leves,Total,11,MITSUBISHI/TRITON,1058
2025,7,Julho,Autos,Total,12,HYUNDAI/HB20,5519
2025,7,Julho,Com. Leves,Total,12,RENAULT/OROCH,940
2025,7,Julho,Autos,Total,13,JEEP/COMPASS,4935
2025,7,Julho,Com. Leves,Total,13,FORD/MAVERICK,705
2025,7,Julho,Autos,Total,14,FIAT/PULSE,4836
2025,7,Julho,Com. Leves,Total,14,RENAULT/KANGOO,498
2025,7,Julho,Autos,Total,15,HONDA/HR-V,4086
2025,7,Julho,Com. Leves,Total,15,FIAT/TITANO,415
2025,7,Julho,Autos,Total,16,VW/VIRTUS,3863
2025,7,Julho,Com. Leves,Total,16,IVECO/DAILY,350
2025,7,Julho,Autos,Total,17,RENAULT/KWID,3726
2025,7,Julho,Com. Leves,Total,17,HYUNDAI/HR,338
2025,7,Julho,Autos,Total,18,CAOA CHERY/TIGGO 7,3721
2025,7,Julho,Com. Leves,Total,18,FIAT/SCUDO,317
2025,7,Julho,Autos,Total,19,JEEP/RENEGADE,3711
2025,7,Julho,Com. Leves,Total,19,FORD/TRANSIT,307
2025,7,Julho,Autos,Total,20,GWM/HAVAL H6,3339
2025,7,Julho,Com. Leves,Total,20,NISSAN/FRONTIER,267
2025,7,Julho,Autos,Total,21,VW/TERA,3244
2025,7,Julho,Com. Leves,Total,21,MITSUBISHI/L200,244
2025,7,Julho,Autos,Total,22,TOYOTA/COROLLA,3170
2025,7,Julho,Com. Leves,Total,22,EFFA/V21,230
2025,7,Julho,Autos,Total,23,BYD/SONG,3164
2025,7,Julho,Com. Leves,Total,23,VW TRUCK E BUS/EXPRESS,212
2025,7,Julho,Autos,Total,24,GM/ONIX PLUS,3108
2025,7,Julho,Com. Leves,Total,24,FIAT/DUCATO,182
2025,7,Julho,Autos,Total,25,BYD/DOLPHIN MINI,3011
2025,7,Julho,Com. Leves,Total,25,IVECO/DAILY 30-130,180
2025,7,Julho,Autos,Total,26,HYUNDAI/HB20S,2638
2025,7,Julho,Com. Leves,Total,26,KIA/K2500,172
2025,7,Julho,Autos,Total,27,GM/SPIN,1942
2025,7,Julho,Com. Leves,Total,27,FORD/F150,113
2025,7,Julho,Autos,Total,28,FIAT/CRONOS,1894
2025,7,Julho,Com. Leves,Total,28,RAM/1500,100
2025,7,Julho,Autos,Total,29,RENAULT/DUSTER,1851
2025,7,Julho,Com. Leves,Total,29,CITROEN/JUMPY,87
2025,7,Julho,Autos,Total,30,CITROEN/BASALT,1613
2025,7,Julho,Com. Leves,Total,30,PEUGEOT/EXPERT,83
2025,7,Julho,Autos,Total,31,HONDA/CITY,1565
2025,7,Julho,Com. Leves,Total,31,BYD/SHARK,76
2025,7,Julho,Autos,Total,32,TOYOTA/HILUX SW4,1500
2025,7,Julho,Com. Leves,Total,32,FOTON/TUNLAND,60
2025,7,Julho,Autos,Total,33,CAOA CHERY/TIGGO 8,1440
2025,7,Julho,Com. Leves,Total,33,M.BENZ/SPRINTER 317,58
2025,7,Julho,Autos,Total,34,CAOA CHERY/TIGGO 5X,1434
2025,7,Julho,Com. Leves,Total,34,RAM/3500,57
2025,7,Julho,Autos,Total,35,HONDA/CITY HATCH,1427
2025,7,Julho,Com. Leves,Total,35,KIA/UK2500,52
2025,7,Julho,Autos,Total,36,RENAULT/KARDIAN,1332
2025,7,Julho,Com. Leves,Total,36,PEUGEOT/PARTNER,49
2025,7,Julho,Autos,Total,37,JEEP/COMMANDER,1312
2025,7,Julho,Com. Leves,Total,37,EFFA/V22,4
2025,7,Julho,Autos,Total,38,BYD/DOLPHIN,1305
2025,7,Julho,Com. Leves,Total,38,GM/SILVERADO,43
2025,7,Julho,Autos,Total,39,MITSUBISHI/ECLIPSE CROSS,1096
2025,7,Julho,Com. Leves,Total,39,SHINERAY/P TRUCKS,38
2025,7,Julho,Autos,Total,40,CITROEN/C3,1086
2025,7,Julho,Com. Leves,Total,40,CITROEN/JUMPER,37
2025,7,Julho,Autos,Total,41,BYD/KING,964
2025,7,Julho,Com. Leves,Total,41,RAM/2500,30
2025,7,Julho,Autos,Total,42,PEUGEOT/2008,944
2025,7,Julho,Com. Leves,Total,42,PEUGEOT/BOXER,25
2025,7,Julho,Autos,Total,43,NISSAN/VERSA,930
2025,7,Julho,Com. Leves,Total,43,M.BENZ/SPRINTER 315,24
2025,7,Julho,Autos,Total,44,FORD/TERRITORY,916
2025,7,Julho,Com. Leves,Total,44,JAC/HUNTER,24
2025,7,Julho,Autos,Total,45,VW/TAOS,882
2025,7,Julho,Com. Leves,Total,45,M.BENZ/SPRINTER 517,2
2025,7,Julho,Autos,Total,46,PEUGEOT/208,865
2025,7,Julho,Com. Leves,Total,46,IVECO/DAILY 35-180,20
2025,7,Julho,Autos,Total,47,BYD/YUAN,860
2025,7,Julho,Com. Leves,Total,47,EFFA/V25,14
2025,7,Julho,Autos,Total,48,OMODA JAECOO/JAECOO 7,620
2025,7,Julho,Com. Leves,Total,48,ARROW/ONE,13
2025,7,Julho,Autos,Total,49,FORD/BRONCO,551
2025,7,Julho,Com. Leves,Total,49,FORD/ETRANSIT,10
2025,7,Julho,Autos,Total,50,BMW/X1,542
2025,7,Julho,Com. Leves,Total,50,VW/AMAROK,7
2025,7,Julho,Autos,Direta,1,VW/POLO,8046
2025,7,Julho,Com. Leves,Direta,1,FIAT/STRADA,8993
2025,7,Julho,Autos,Direta,2,FIAT/MOBI,7896
2025,7,Julho,Com. Leves,Direta,2,VW/SAVEIRO,5417
2025,7,Julho,Autos,Direta,3,FIAT/ARGO,7144
2025,7,Julho,Com. Leves,Direta,3,TOYOTA/HILUX,3153
2025,7,Julho,Autos,Direta,4,VW/T CROSS,5036
2025,7,Julho,Com. Leves,Direta,4,FIAT/TORO,2165
2025,7,Julho,Autos,Direta,5,GM/ONIX,3548
2025,7,Julho,Com. Leves,Direta,5,GM/S10,2136
2025,7,Julho,Autos,Direta,6,TOYOTA/COROLLA CROSS,3313
2025,7,Julho,Com. Leves,Direta,6,FIAT/FIORINO,1481
2025,7,Julho,Autos,Direta,7,NISSAN/KICKS,3250
2025,7,Julho,Com. Leves,Direta,7,FORD/RANGER,1354
2025,7,Julho,Autos,Direta,8,RENAULT/KWID,3219
2025,7,Julho,Com. Leves,Direta,8,RAM/RAMPAGE,1174
2025,7,Julho,Autos,Direta,9,VW/VIRTUS,2790
2025,7,Julho,Com. Leves,Direta,9,RENAULT/MASTER,1164
2025,7,Julho,Autos,Direta,10,JEEP/COMPASS,2615
2025,7,Julho,Com. Leves,Direta,10,GM/MONTANA,1067
2025,7,Julho,Autos,Direta,11,JEEP/RENEGADE,2494
2025,7,Julho,Com. Leves,Direta,11,RENAULT/OROCH,773
2025,7,Julho,Autos,Direta,12,HYUNDAI/HB20,2170
2025,7,Julho,Com. Leves,Direta,12,RENAULT/KANGOO,458
2025,7,Julho,Autos,Direta,13,GM/TRACKER,2046
2025,7,Julho,Com. Leves,Direta,13,FIAT/TITANO,367
2025,7,Julho,Autos,Direta,14,FIAT/FASTBACK,2022
2025,7,Julho,Com. Leves,Direta,14,HYUNDAI/HR,338
2025,7,Julho,Autos,Direta,15,GM/ONIX PLUS,2021
2025,7,Julho,Com. Leves,Direta,15,MITSUBISHI/TRITON,337
2025,7,Julho,Autos,Direta,16,HYUNDAI/HB20S,1809
2025,7,Julho,Com. Leves,Direta,16,FORD/TRANSIT,287
2025,7,Julho,Autos,Direta,17,FIAT/PULSE,1717
2025,7,Julho,Com. Leves,Direta,17,IVECO/DAILY,280
2025,7,Julho,Autos,Direta,18,CITROEN/BASALT,1587
2025,7,Julho,Com. Leves,Direta,18,FIAT/SCUDO,265
2025,7,Julho,Autos,Direta,19,HYUNDAI/CRETA,1497
2025,7,Julho,Com. Leves,Direta,19,NISSAN/FRONTIER,221
2025,7,Julho,Autos,Direta,20,FIAT/CRONOS,1463
2025,7,Julho,Com. Leves,Direta,20,FORD/MAVERICK,155
2025,7,Julho,Autos,Direta,21,GM/SPIN,1344
2025,7,Julho,Com. Leves,Direta,21,MITSUBISHI/L200,152
2025,7,Julho,Autos,Direta,22,TOYOTA/COROLLA,1288
2025,7,Julho,Com. Leves,Direta,22,IVECO/DAILY 30-130,130
2025,7,Julho,Autos,Direta,23,VW/NIVUS,1051
2025,7,Julho,Com. Leves,Direta,23,FIAT/DUCATO,116
2025,7,Julho,Autos,Direta,24,JEEP/COMMANDER,892
2025,7,Julho,Com. Leves,Direta,24,VW TRUCK E BUS/EXPRESS,71
2025,7,Julho,Autos,Direta,25,GWM/HAVAL H6,856
2025,7,Julho,Com. Leves,Direta,25,FORD/F150,47
2025,7,Julho,Autos,Direta,26,PEUGEOT/2008,837
2025,7,Julho,Com. Leves,Direta,26,RAM/1500,36
2025,7,Julho,Autos,Direta,27,RENAULT/DUSTER,830
2025,7,Julho,Com. Leves,Direta,27,PEUGEOT/PARTNER,28
2025,7,Julho,Autos,Direta,28,PEUGEOT/208,797
2025,7,Julho,Com. Leves,Direta,28,RAM/3500,26
2025,7,Julho,Autos,Direta,29,CITROEN/C3,759
2025,7,Julho,Com. Leves,Direta,29,ARROW/ONE,13
2025,7,Julho,Autos,Direta,30,HONDA/HR-V,719
2025,7,Julho,Com. Leves,Direta,30,FORD/ETRANSIT,10
2025,7,Julho,Autos,Direta,31,NISSAN/VERSA,490
2025,7,Julho,Com. Leves,Direta,31,RAM/2500,6
2025,7,Julho,Autos,Direta,32,HONDA/CITY,411
2025,7,Julho,Com. Leves,Direta,32,KIA/K2500,2
2025,7,Julho,Autos,Direta,33,CITROEN/C3 AIRCROSS,352
2025,7,Julho,Com. Leves,Direta,33,VW/AMAROK,2
2025,7,Julho,Autos,Direta,34,VOLVO/XC60,318
2025,7,Julho,Com. Leves,Direta,34,CITROEN/JUMPY,1
2025,7,Julho,Autos,Direta,35,HONDA/CITY HATCH,269
2025,7,Julho,Com. Leves,Direta,35,GM/SILVERADO,1
2025,7,Julho,Autos,Direta,36,VW/TERA,261
2025,7,Julho,Com. Leves,Direta,36,IVECO/DAILY 35-180,1
2025,7,Julho,Autos,Direta,37,NISSAN/SENTRA,255
2025,7,Julho,Com. Leves,Direta,37,BYD/T3,1
2025,7,Julho,Autos,Direta,38,VW/TAOS,232
2025,7,Julho,Autos,Direta,39,BYD/SONG,230
2025,7,Julho,Autos,Direta,40,VOLVO/EX30,203
2025,7,Julho,Autos,Direta,41,BYD/YUAN,203
2025,7,Julho,Autos,Direta,42,MITSUBISHI/OUTLANDER,197
2025,7,Julho,Autos,Direta,43,FORD/TERRITORY,192
2025,7,Julho,Autos,Direta,44,BYD/DOLPHIN MINI,179
2025,7,Julho,Autos,Direta,45,CAOA CHERY/TIGGO 7,177
2025,7,Julho,Autos,Direta,46,GM/TRAILBLAZER,176
2025,7,Julho,Autos,Direta,47,FORD/BRONCO,149
2025,7,Julho,Autos,Direta,48,MITSUBISHI/ECLIPSE CROSS,147
2025,7,Julho,Autos,Direta,49,RENAULT/KARDIAN,141
2025,7,Julho,Autos,Direta,50,MITSUBISHI/PAJERO,122
2025,7,Julho,Autos,Varejo,1,HYUNDAI/CRETA,6359
2025,7,Julho,Com. Leves,Varejo,1,FIAT/STRADA,3902
2025,7,Julho,Autos,Varejo,2,GM/TRACKER,4928
2025,7,Julho,Com. Leves,Varejo,2,TOYOTA/HILUX,2217
2025,7,Julho,Autos,Varejo,3,VW/POLO,4894
2025,7,Julho,Com. Leves,Varejo,3,FIAT/TORO,1820
2025,7,Julho,Autos,Varejo,4,VW/NIVUS,4726
2025,7,Julho,Com. Leves,Varejo,4,FORD/RANGER,1750
2025,7,Julho,Autos,Varejo,5,FIAT/FASTBACK,4185
2025,7,Julho,Com. Leves,Varejo,5,RAM/RAMPAGE,802
2025,7,Julho,Autos,Varejo,6,GM/ONIX,4141
2025,7,Julho,Com. Leves,Varejo,6,MITSUBISHI/TRITON,721
2025,7,Julho,Autos,Varejo,7,VW/T CROSS,3986
2025,7,Julho,Com. Leves,Varejo,7,GM/MONTANA,588
2025,7,Julho,Autos,Varejo,8,TOYOTA/COROLLA CROSS,3553
2025,7,Julho,Com. Leves,Varejo,8,FORD/MAVERICK,550
2025,7,Julho,Autos,Varejo,9,CAOA CHERY/TIGGO 7,3544
2025,7,Julho,Com. Leves,Varejo,9,GM/S10,513
2025,7,Julho,Autos,Varejo,10,HONDA/HR-V,3367
2025,7,Julho,Com. Leves,Varejo,10,RENAULT/MASTER,348
2025,7,Julho,Autos,Varejo,11,HYUNDAI/HB20,3349
2025,7,Julho,Com. Leves,Varejo,11,FIAT/FIORINO,318
2025,7,Julho,Autos,Varejo,12,FIAT/PULSE,3119
2025,7,Julho,Com. Leves,Varejo,12,VW/SAVEIRO,279
2025,7,Julho,Autos,Varejo,13,NISSAN/KICKS,3091
2025,7,Julho,Com. Leves,Varejo,13,EFFA/V21,230
2025,7,Julho,Autos,Varejo,14,VW/TERA,2983
2025,7,Julho,Com. Leves,Varejo,14,KIA/K2500,170
2025,7,Julho,Autos,Varejo,15,BYD/SONG,2934
2025,7,Julho,Com. Leves,Varejo,15,RENAULT/OROCH,167
2025,7,Julho,Autos,Varejo,16,BYD/DOLPHIN MINI,2832
2025,7,Julho,Com. Leves,Varejo,16,VW TRUCK E BUS/EXPRESS,141
2025,7,Julho,Autos,Varejo,17,FIAT/ARGO,2822
2025,7,Julho,Com. Leves,Varejo,17,MITSUBISHI/L200,92
2025,7,Julho,Autos,Varejo,18,GWM/HAVAL H6,2483
2025,7,Julho,Com. Leves,Varejo,18,CITROEN/JUMPY,86
2025,7,Julho,Autos,Varejo,19,JEEP/COMPASS,2320
2025,7,Julho,Com. Leves,Varejo,19,PEUGEOT/EXPERT,83
2025,7,Julho,Autos,Varejo,20,TOYOTA/COROLLA,1882
2025,7,Julho,Com. Leves,Varejo,20,BYD/SHARK,76
2025,7,Julho,Autos,Varejo,21,TOYOTA/HILUX SW4,1452
2025,7,Julho,Com. Leves,Varejo,21,IVECO/DAILY,70
2025,7,Julho,Autos,Varejo,22,CAOA CHERY/TIGGO 8,1429
2025,7,Julho,Com. Leves,Varejo,22,FIAT/DUCATO,6
2025,7,Julho,Autos,Varejo,23,CAOA CHERY/TIGGO 5X,1414
2025,7,Julho,Com. Leves,Varejo,23,FORD/F150,6
2025,7,Julho,Autos,Varejo,24,JEEP/RENEGADE,1217
2025,7,Julho,Com. Leves,Varejo,24,RAM/1500,64
2025,7,Julho,Autos,Varejo,25,BYD/DOLPHIN,1196
2025,7,Julho,Com. Leves,Varejo,25,FOTON/TUNLAND,60
2025,7,Julho,Autos,Varejo,26,RENAULT/KARDIAN,1191
2025,7,Julho,Com. Leves,Varejo,26,M.BENZ/SPRINTER 317,58
2025,7,Julho,Autos,Varejo,27,HONDA/CITY HATCH,1158
2025,7,Julho,Com. Leves,Varejo,27,FIAT/SCUDO,52
2025,7,Julho,Autos,Varejo,28,HONDA/CITY,1154
2025,7,Julho,Com. Leves,Varejo,28,KIA/UK2500,52
2025,7,Julho,Autos,Varejo,29,GM/ONIX PLUS,1087
2025,7,Julho,Com. Leves,Varejo,29,IVECO/DAILY 30-130,50
2025,7,Julho,Autos,Varejo,30,VW/VIRTUS,1073
2025,7,Julho,Com. Leves,Varejo,30,FIAT/TITANO,48
2025,7,Julho,Autos,Varejo,31,RENAULT/DUSTER,1021
2025,7,Julho,Com. Leves,Varejo,31,NISSAN/FRONTIER,46
2025,7,Julho,Autos,Varejo,32,BYD/KING,956
2025,7,Julho,Com. Leves,Varejo,32,EFFA/V22,4
2025,7,Julho,Autos,Varejo,33,MITSUBISHI/ECLIPSE CROSS,949
2025,7,Julho,Com. Leves,Varejo,33,GM/SILVERADO,42
2025,7,Julho,Autos,Varejo,34,HYUNDAI/HB20S,829
2025,7,Julho,Com. Leves,Varejo,34,RENAULT/KANGOO,40
2025,7,Julho,Autos,Varejo,35,FORD/TERRITORY,724
2025,7,Julho,Com. Leves,Varejo,35,SHINERAY/P TRUCKS,38
2025,7,Julho,Autos,Varejo,36,BYD/YUAN,657
2025,7,Julho,Com. Leves,Varejo,36,CITROEN/JUMPER,37
2025,7,Julho,Autos,Varejo,37,VW/TAOS,650
2025,7,Julho,Com. Leves,Varejo,37,RAM/3500,31
2025,7,Julho,Autos,Varejo,38,OMODA JAECOO/JAECOO 7,620
2025,7,Julho,Com. Leves,Varejo,38,PEUGEOT/BOXER,25
2025,7,Julho,Autos,Varejo,39,GM/SPIN,598
2025,7,Julho,Com. Leves,Varejo,39,M.BENZ/SPRINTER 315,24
2025,7,Julho,Autos,Varejo,40,RENAULT/KWID,507
2025,7,Julho,Com. Leves,Varejo,40,JAC/HUNTER,24
2025,7,Julho,Autos,Varejo,41,BMW/X1,474
2025,7,Julho,Com. Leves,Varejo,41,RAM/2500,24
2025,7,Julho,Autos,Varejo,42,NISSAN/VERSA,440
2025,7,Julho,Com. Leves,Varejo,42,M.BENZ/SPRINTER 517,2
2025,7,Julho,Autos,Varejo,43,FIAT/CRONOS,431
2025,7,Julho,Com. Leves,Varejo,43,PEUGEOT/PARTNER,21
2025,7,Julho,Autos,Varejo,44,JEEP/COMMANDER,420
2025,7,Julho,Com. Leves,Varejo,44,FORD/TRANSIT,20
2025,7,Julho,Autos,Varejo,45,FORD/BRONCO,402
2025,7,Julho,Com. Leves,Varejo,45,IVECO/DAILY 35-180,19
2025,7,Julho,Autos,Varejo,46,GAC/GS4,367
2025,7,Julho,Com. Leves,Varejo,46,EFFA/V25,14
2025,7,Julho,Autos,Varejo,47,CITROEN/C3,327
2025,7,Julho,Com. Leves,Varejo,47,VW/AMAROK,5
2025,7,Julho,Autos,Varejo,48,BMW/320I,323
2025,7,Julho,Com. Leves,Varejo,48,MON/PROTOTIPO,4
2025,7,Julho,Autos,Varejo,49,TOYOTA/RAV4,321
2025,7,Julho,Com. Leves,Varejo,49,M.BENZ/SPRINTER 417,3
2025,7,Julho,Autos,Varejo,50,GWM/TANK 300,314
2025,7,Julho,Com. Leves,Varejo,50,JAC/EJV5.5,2
2025,8,Agosto,Autos,Total,1,VW/POLO,12908
2025,8,Agosto,Com. Leves,Total,1,FIAT/STRADA,11833
2025,8,Agosto,Autos,Total,2,FIAT/ARGO,10097
2025,8,Agosto,Com. Leves,Total,2,VW/SAVEIRO,5358
2025,8,Agosto,Autos,Total,3,TOYOTA/COROLLA CROSS,7737
2025,8,Agosto,Com. Leves,Total,3,TOYOTA/HILUX,3570
2025,8,Agosto,Autos,Total,4,VW/T CROSS,7702
2025,8,Agosto,Com. Leves,Total,4,FIAT/TORO,3181
2025,8,Agosto,Autos,Total,5,HYUNDAI/HB20,7590
2025,8,Agosto,Com. Leves,Total,5,FORD/RANGER,2628
2025,8,Agosto,Autos,Total,6,FIAT/MOBI,7045
2025,8,Agosto,Com. Leves,Total,6,GM/S10,2340
2025,8,Agosto,Autos,Total,7,HYUNDAI/CRETA,6649
2025,8,Agosto,Com. Leves,Total,7,RAM/RAMPAGE,1951
2025,8,Agosto,Autos,Total,8,GM/ONIX,5815
2025,8,Agosto,Com. Leves,Total,8,FIAT/FIORINO,1778
2025,8,Agosto,Autos,Total,9,FIAT/FASTBACK,5040
2025,8,Agosto,Com. Leves,Total,9,GM/MONTANA,1657
2025,8,Agosto,Autos,Total,10,RENAULT/KWID,5025
2025,8,Agosto,Com. Leves,Total,10,RENAULT/MASTER,1158
2025,8,Agosto,Autos,Total,11,GM/TRACKER,4942
2025,8,Agosto,Com. Leves,Total,11,MITSUBISHI/TRITON,1008
2025,8,Agosto,Autos,Total,12,NISSAN/KICKS,4740
2025,8,Agosto,Com. Leves,Total,12,RENAULT/OROCH,959
2025,8,Agosto,Autos,Total,13,JEEP/COMPASS,4717
2025,8,Agosto,Com. Leves,Total,13,FORD/MAVERICK,479
2025,8,Agosto,Autos,Total,14,GM/ONIX PLUS,4632
2025,8,Agosto,Com. Leves,Total,14,RENAULT/KANGOO,349
2025,8,Agosto,Autos,Total,15,VW/NIVUS,4557
2025,8,Agosto,Com. Leves,Total,15,FIAT/TITANO,311
2025,8,Agosto,Autos,Total,16,FIAT/PULSE,4282
2025,8,Agosto,Com. Leves,Total,16,MITSUBISHI/L200,283
2025,8,Agosto,Autos,Total,17,VW/TERA,4157
2025,8,Agosto,Com. Leves,Total,17,HYUNDAI/HR,247
2025,8,Agosto,Autos,Total,18,HONDA/HR-V,4028
2025,8,Agosto,Com. Leves,Total,18,FORD/TRANSIT,244
2025,8,Agosto,Autos,Total,19,VW/VIRTUS,3646
2025,8,Agosto,Com. Leves,Total,19,IVECO/DAILY 30-130,241
2025,8,Agosto,Autos,Total,20,CAOA CHERY/TIGGO 7,3541
2025,8,Agosto,Com. Leves,Total,20,EFFA/V21,231
2025,8,Agosto,Autos,Total,21,BYD/DOLPHIN MINI,3300
2025,8,Agosto,Com. Leves,Total,21,FIAT/SCUDO,229
2025,8,Agosto,Autos,Total,22,JEEP/RENEGADE,3228
2025,8,Agosto,Com. Leves,Total,22,NISSAN/FRONTIER,220
2025,8,Agosto,Autos,Total,23,GWM/HAVAL H6,3102
2025,8,Agosto,Com. Leves,Total,23,IVECO/DAILY,218
2025,8,Agosto,Autos,Total,24,BYD/SONG,3011
2025,8,Agosto,Com. Leves,Total,24,VW TRUCK E BUS/EXPRESS,184
2025,8,Agosto,Autos,Total,25,TOYOTA/COROLLA,2890
2025,8,Agosto,Com. Leves,Total,25,FIAT/DUCATO,179
2025,8,Agosto,Autos,Total,26,HYUNDAI/HB20S,2251
2025,8,Agosto,Com. Leves,Total,26,KIA/K2500,147
2025,8,Agosto,Autos,Total,27,RENAULT/KARDIAN,1929
2025,8,Agosto,Com. Leves,Total,27,GWM/POER,9
2025,8,Agosto,Autos,Total,28,CAOA CHERY/TIGGO 8,1916
2025,8,Agosto,Com. Leves,Total,28,KIA/UK2500,98
2025,8,Agosto,Autos,Total,29,HONDA/CITY,1848
2025,8,Agosto,Com. Leves,Total,29,PEUGEOT/EXPERT,96
2025,8,Agosto,Autos,Total,30,GM/SPIN,1794
2025,8,Agosto,Com. Leves,Total,30,FOTON/TUNLAND,86
2025,8,Agosto,Autos,Total,31,FIAT/CRONOS,1395
2025,8,Agosto,Com. Leves,Total,31,FORD/F150,83
2025,8,Agosto,Autos,Total,32,RENAULT/DUSTER,1369
2025,8,Agosto,Com. Leves,Total,32,CITROEN/JUMPY,68
2025,8,Agosto,Autos,Total,33,HONDA/CITY HATCH,1357
2025,8,Agosto,Com. Leves,Total,33,RAM/1500,68
2025,8,Agosto,Autos,Total,34,BYD/DOLPHIN,1311
2025,8,Agosto,Com. Leves,Total,34,FOTON/AUMARK S 315,67
2025,8,Agosto,Autos,Total,35,CAOA CHERY/TIGGO 5X,1208
2025,8,Agosto,Com. Leves,Total,35,BYD/SHARK,6
2025,8,Agosto,Autos,Total,36,FORD/TERRITORY,1191
2025,8,Agosto,Com. Leves,Total,36,EFFA/V22,52
2025,8,Agosto,Autos,Total,37,TOYOTA/HILUX SW4,1174
2025,8,Agosto,Com. Leves,Total,37,M.BENZ/SPRINTER 417,51
2025,8,Agosto,Autos,Total,38,BYD/KING,1086
2025,8,Agosto,Com. Leves,Total,38,M.BENZ/SPRINTER 317,49
2025,8,Agosto,Autos,Total,39,JEEP/COMMANDER,1068
2025,8,Agosto,Com. Leves,Total,39,RAM/2500,46
2025,8,Agosto,Autos,Total,40,CITROEN/BASALT,991
2025,8,Agosto,Com. Leves,Total,40,PEUGEOT/PARTNER,41
2025,8,Agosto,Autos,Total,41,MITSUBISHI/ECLIPSE CROSS,894
2025,8,Agosto,Com. Leves,Total,41,RAM/3500,36
2025,8,Agosto,Autos,Total,42,CITROEN/C3,852
2025,8,Agosto,Com. Leves,Total,42,GM/SILVERADO,3
2025,8,Agosto,Autos,Total,43,BYD/YUAN,773
2025,8,Agosto,Com. Leves,Total,43,JAC/HUNTER,31
2025,8,Agosto,Autos,Total,44,PEUGEOT/208,749
2025,8,Agosto,Com. Leves,Total,44,SHINERAY/TLUX,29
2025,8,Agosto,Autos,Total,45,VW/TAOS,726
2025,8,Agosto,Com. Leves,Total,45,M.BENZ/SPRINTER 315,27
2025,8,Agosto,Autos,Total,46,PEUGEOT/2008,663
2025,8,Agosto,Com. Leves,Total,46,PEUGEOT/BOXER,25
2025,8,Agosto,Autos,Total,47,NISSAN/VERSA,655
2025,8,Agosto,Com. Leves,Total,47,CITROEN/JUMPER,20
2025,8,Agosto,Autos,Total,48,OMODA JAECOO/JAECOO 7,635
2025,8,Agosto,Com. Leves,Total,48,EFFA/V25,15
2025,8,Agosto,Autos,Total,49,CITROEN/C3 AIRCROSS,485
2025,8,Agosto,Com. Leves,Total,49,IVECO/DAILY 35-180,1
2025,8,Agosto,Autos,Total,50,BMW/X1,479
2025,8,Agosto,Com. Leves,Total,50,M.BENZ/SPRINTER,5
2025,8,Agosto,Autos,Direta,1,VW/POLO,7694
2025,8,Agosto,Com. Leves,Direta,1,FIAT/STRADA,8096
2025,8,Agosto,Autos,Direta,2,FIAT/MOBI,6877
2025,8,Agosto,Com. Leves,Direta,2,VW/SAVEIRO,5116
2025,8,Agosto,Autos,Direta,3,FIAT/ARGO,6708
2025,8,Agosto,Com. Leves,Direta,3,GM/S10,1972
2025,8,Agosto,Autos,Direta,4,VW/T CROSS,4821
2025,8,Agosto,Com. Leves,Direta,4,FIAT/TORO,1774
2025,8,Agosto,Autos,Direta,5,RENAULT/KWID,4579
2025,8,Agosto,Com. Leves,Direta,5,TOYOTA/HILUX,1695
2025,8,Agosto,Autos,Direta,6,HYUNDAI/HB20,4152
2025,8,Agosto,Com. Leves,Direta,6,FIAT/FIORINO,1532
2025,8,Agosto,Autos,Direta,7,GM/ONIX PLUS,3553
2025,8,Agosto,Com. Leves,Direta,7,RAM/RAMPAGE,1319
2025,8,Agosto,Autos,Direta,8,TOYOTA/COROLLA CROSS,3349
2025,8,Agosto,Com. Leves,Direta,8,GM/MONTANA,1021
2025,8,Agosto,Autos,Direta,9,GM/ONIX,2915
2025,8,Agosto,Com. Leves,Direta,9,FORD/RANGER,828
2025,8,Agosto,Autos,Direta,10,VW/VIRTUS,2732
2025,8,Agosto,Com. Leves,Direta,10,RENAULT/OROCH,766
2025,8,Agosto,Autos,Direta,11,JEEP/COMPASS,2649
2025,8,Agosto,Com. Leves,Direta,11,RENAULT/MASTER,669
2025,8,Agosto,Autos,Direta,12,JEEP/RENEGADE,2219
2025,8,Agosto,Com. Leves,Direta,12,RENAULT/KANGOO,295
2025,8,Agosto,Autos,Direta,13,NISSAN/KICKS,2158
2025,8,Agosto,Com. Leves,Direta,13,MITSUBISHI/TRITON,288
2025,8,Agosto,Autos,Direta,14,GM/TRACKER,1611
2025,8,Agosto,Com. Leves,Direta,14,FIAT/TITANO,255
2025,8,Agosto,Autos,Direta,15,HYUNDAI/CRETA,1434
2025,8,Agosto,Com. Leves,Direta,15,HYUNDAI/HR,247
2025,8,Agosto,Autos,Direta,16,FIAT/PULSE,1391
2025,8,Agosto,Com. Leves,Direta,16,FORD/TRANSIT,231
2025,8,Agosto,Autos,Direta,17,GM/SPIN,1387
2025,8,Agosto,Com. Leves,Direta,17,MITSUBISHI/L200,219
2025,8,Agosto,Autos,Direta,18,HYUNDAI/HB20S,1341
2025,8,Agosto,Com. Leves,Direta,18,NISSAN/FRONTIER,204
2025,8,Agosto,Autos,Direta,19,FIAT/FASTBACK,1188
2025,8,Agosto,Com. Leves,Direta,19,FIAT/SCUDO,179
2025,8,Agosto,Autos,Direta,20,FIAT/CRONOS,1117
2025,8,Agosto,Com. Leves,Direta,20,IVECO/DAILY,176
2025,8,Agosto,Autos,Direta,21,TOYOTA/COROLLA,1067
2025,8,Agosto,Com. Leves,Direta,21,IVECO/DAILY 30-130,172
2025,8,Agosto,Autos,Direta,22,VW/TERA,991
2025,8,Agosto,Com. Leves,Direta,22,FIAT/DUCATO,146
2025,8,Agosto,Autos,Direta,23,CITROEN/BASALT,961
2025,8,Agosto,Com. Leves,Direta,23,GWM/POER,97
2025,8,Agosto,Autos,Direta,24,HONDA/CITY,806
2025,8,Agosto,Com. Leves,Direta,24,FORD/MAVERICK,93
2025,8,Agosto,Autos,Direta,25,JEEP/COMMANDER,714
2025,8,Agosto,Com. Leves,Direta,25,VW TRUCK E BUS/EXPRESS,31
2025,8,Agosto,Autos,Direta,26,VW/NIVUS,655
2025,8,Agosto,Com. Leves,Direta,26,PEUGEOT/PARTNER,25
2025,8,Agosto,Autos,Direta,27,CITROEN/C3,634
2025,8,Agosto,Com. Leves,Direta,27,RAM/1500,20
2025,8,Agosto,Autos,Direta,28,RENAULT/DUSTER,628
2025,8,Agosto,Com. Leves,Direta,28,FORD/F150,14
2025,8,Agosto,Autos,Direta,29,PEUGEOT/208,608
2025,8,Agosto,Com. Leves,Direta,29,RAM/3500,13
2025,8,Agosto,Autos,Direta,30,GWM/HAVAL H6,608
2025,8,Agosto,Com. Leves,Direta,30,PEUGEOT/BOXER,1
2025,8,Agosto,Autos,Direta,31,PEUGEOT/2008,557
2025,8,Agosto,Com. Leves,Direta,31,KIA/K2500,5
2025,8,Agosto,Autos,Direta,32,HONDA/HR-V,423
2025,8,Agosto,Com. Leves,Direta,32,RENAULT/KWID,5
2025,8,Agosto,Autos,Direta,33,VOLVO/XC60,380
2025,8,Agosto,Com. Leves,Direta,33,RAM/2500,5
2025,8,Agosto,Autos,Direta,34,HONDA/CITY HATCH,363
2025,8,Agosto,Com. Leves,Direta,34,ARROW/ONE,4
2025,8,Agosto,Autos,Direta,35,CAOA CHERY/TIGGO 7,349
2025,8,Agosto,Com. Leves,Direta,35,VW/AMAROK,2
2025,8,Agosto,Autos,Direta,36,CITROEN/C3 AIRCROSS,337
2025,8,Agosto,Com. Leves,Direta,36,CITROEN/JUMPER,1
2025,8,Agosto,Autos,Direta,37,BYD/SONG,309
2025,8,Agosto,Com. Leves,Direta,37,IVECO/DAILY 35-180,1
2025,8,Agosto,Autos,Direta,38,NISSAN/SENTRA,296
2025,8,Agosto,Com. Leves,Direta,38,IVECO/DAILY 42S14,1
2025,8,Agosto,Autos,Direta,39,VW/TAOS,293
2025,8,Agosto,Com. Leves,Direta,39,JEEP/GLADIATOR,1
2025,8,Agosto,Autos,Direta,40,BYD/DOLPHIN MINI,264
2025,8,Agosto,Autos,Direta,41,GM/SPARK,251
2025,8,Agosto,Autos,Direta,42,NISSAN/VERSA,233
2025,8,Agosto,Autos,Direta,43,GM/EQUINOX,203
2025,8,Agosto,Autos,Direta,44,VOLVO/EX30,199
2025,8,Agosto,Autos,Direta,45,FORD/MUSTANG,154
2025,8,Agosto,Autos,Direta,46,FORD/TERRITORY,145
2025,8,Agosto,Autos,Direta,47,MITSUBISHI/ECLIPSE CROSS,140
2025,8,Agosto,Autos,Direta,48,BYD/KING,129
2025,8,Agosto,Autos,Direta,49,AUDI/A5,114
2025,8,Agosto,Autos,Direta,50,RENAULT/KARDIAN,114
2025,8,Agosto,Autos,Varejo,1,HYUNDAI/CRETA,5215
2025,8,Agosto,Com. Leves,Varejo,1,FIAT/STRADA,3737
2025,8,Agosto,Autos,Varejo,2,VW/POLO,5214
2025,8,Agosto,Com. Leves,Varejo,2,TOYOTA/HILUX,1875
2025,8,Agosto,Autos,Varejo,3,TOYOTA/COROLLA CROSS,4388
2025,8,Agosto,Com. Leves,Varejo,3,FORD/RANGER,1800
2025,8,Agosto,Autos,Varejo,4,VW/NIVUS,3902
2025,8,Agosto,Com. Leves,Varejo,4,FIAT/TORO,1407
2025,8,Agosto,Autos,Varejo,5,FIAT/FASTBACK,3852
2025,8,Agosto,Com. Leves,Varejo,5,MITSUBISHI/TRITON,720
2025,8,Agosto,Autos,Varejo,6,HONDA/HR-V,3605
2025,8,Agosto,Com. Leves,Varejo,6,GM/MONTANA,636
2025,8,Agosto,Autos,Varejo,7,HYUNDAI/HB20,3438
2025,8,Agosto,Com. Leves,Varejo,7,RAM/RAMPAGE,632
2025,8,Agosto,Autos,Varejo,8,FIAT/ARGO,3389
2025,8,Agosto,Com. Leves,Varejo,8,RENAULT/MASTER,489
2025,8,Agosto,Autos,Varejo,9,GM/TRACKER,3331
2025,8,Agosto,Com. Leves,Varejo,9,FORD/MAVERICK,386
2025,8,Agosto,Autos,Varejo,10,CAOA CHERY/TIGGO 7,3192
2025,8,Agosto,Com. Leves,Varejo,10,GM/S10,368
2025,8,Agosto,Autos,Varejo,11,VW/TERA,3166
2025,8,Agosto,Com. Leves,Varejo,11,FIAT/FIORINO,246
2025,8,Agosto,Autos,Varejo,12,BYD/DOLPHIN MINI,3036
2025,8,Agosto,Com. Leves,Varejo,12,VW/SAVEIRO,242
2025,8,Agosto,Autos,Varejo,13,GM/ONIX,2900
2025,8,Agosto,Com. Leves,Varejo,13,EFFA/V21,231
2025,8,Agosto,Autos,Varejo,14,FIAT/PULSE,2891
2025,8,Agosto,Com. Leves,Varejo,14,RENAULT/OROCH,193
2025,8,Agosto,Autos,Varejo,15,VW/T CROSS,2881
2025,8,Agosto,Com. Leves,Varejo,15,VW TRUCK E BUS/EXPRESS,153
2025,8,Agosto,Autos,Varejo,16,BYD/SONG,2702
2025,8,Agosto,Com. Leves,Varejo,16,KIA/K2500,142
2025,8,Agosto,Autos,Varejo,17,NISSAN/KICKS,2582
2025,8,Agosto,Com. Leves,Varejo,17,KIA/UK2500,98
2025,8,Agosto,Autos,Varejo,18,GWM/HAVAL H6,2494
2025,8,Agosto,Com. Leves,Varejo,18,PEUGEOT/EXPERT,95
2025,8,Agosto,Autos,Varejo,19,JEEP/COMPASS,2068
2025,8,Agosto,Com. Leves,Varejo,19,FOTON/TUNLAND,86
2025,8,Agosto,Autos,Varejo,20,CAOA CHERY/TIGGO 8,1911
2025,8,Agosto,Com. Leves,Varejo,20,FORD/F150,69
2025,8,Agosto,Autos,Varejo,21,TOYOTA/COROLLA,1823
2025,8,Agosto,Com. Leves,Varejo,21,IVECO/DAILY 30-130,69
2025,8,Agosto,Autos,Varejo,22,RENAULT/KARDIAN,1815
2025,8,Agosto,Com. Leves,Varejo,22,CITROEN/JUMPY,68
2025,8,Agosto,Autos,Varejo,23,BYD/DOLPHIN,1208
2025,8,Agosto,Com. Leves,Varejo,23,FOTON/AUMARK S 315,67
2025,8,Agosto,Autos,Varejo,24,TOYOTA/HILUX SW4,1155
2025,8,Agosto,Com. Leves,Varejo,24,BYD/SHARK,6
2025,8,Agosto,Autos,Varejo,25,CAOA CHERY/TIGGO 5X,1127
2025,8,Agosto,Com. Leves,Varejo,25,MITSUBISHI/L200,64
2025,8,Agosto,Autos,Varejo,26,GM/ONIX PLUS,1079
2025,8,Agosto,Com. Leves,Varejo,26,FIAT/TITANO,56
2025,8,Agosto,Autos,Varejo,27,FORD/TERRITORY,1046
2025,8,Agosto,Com. Leves,Varejo,27,RENAULT/KANGOO,54
2025,8,Agosto,Autos,Varejo,28,HONDA/CITY,1042
2025,8,Agosto,Com. Leves,Varejo,28,EFFA/V22,52
2025,8,Agosto,Autos,Varejo,29,JEEP/RENEGADE,1009
2025,8,Agosto,Com. Leves,Varejo,29,M.BENZ/SPRINTER 417,51
2025,8,Agosto,Autos,Varejo,30,HONDA/CITY HATCH,994
2025,8,Agosto,Com. Leves,Varejo,30,FIAT/SCUDO,50
2025,8,Agosto,Autos,Varejo,31,BYD/KING,957
2025,8,Agosto,Com. Leves,Varejo,31,M.BENZ/SPRINTER 317,49
2025,8,Agosto,Autos,Varejo,32,VW/VIRTUS,914
2025,8,Agosto,Com. Leves,Varejo,32,RAM/1500,48
2025,8,Agosto,Autos,Varejo,33,HYUNDAI/HB20S,910
2025,8,Agosto,Com. Leves,Varejo,33,IVECO/DAILY,42
2025,8,Agosto,Autos,Varejo,34,MITSUBISHI/ECLIPSE CROSS,754
2025,8,Agosto,Com. Leves,Varejo,34,RAM/2500,41
2025,8,Agosto,Autos,Varejo,35,RENAULT/DUSTER,741
2025,8,Agosto,Com. Leves,Varejo,35,FIAT/DUCATO,3
2025,8,Agosto,Autos,Varejo,36,BYD/YUAN,695
2025,8,Agosto,Com. Leves,Varejo,36,GM/SILVERADO,3
2025,8,Agosto,Autos,Varejo,37,OMODA JAECOO/JAECOO 7,635
2025,8,Agosto,Com. Leves,Varejo,37,JAC/HUNTER,31
2025,8,Agosto,Autos,Varejo,38,RENAULT/KWID,446
2025,8,Agosto,Com. Leves,Varejo,38,SHINERAY/TLUX,29
2025,8,Agosto,Autos,Varejo,39,BMW/X1,440
2025,8,Agosto,Com. Leves,Varejo,39,M.BENZ/SPRINTER 315,27
2025,8,Agosto,Autos,Varejo,40,VW/TAOS,433
2025,8,Agosto,Com. Leves,Varejo,40,RAM/3500,23
2025,8,Agosto,Autos,Varejo,41,NISSAN/VERSA,422
2025,8,Agosto,Com. Leves,Varejo,41,CITROEN/JUMPER,19
2025,8,Agosto,Autos,Varejo,42,GM/SPIN,407
2025,8,Agosto,Com. Leves,Varejo,42,NISSAN/FRONTIER,16
2025,8,Agosto,Autos,Varejo,43,JEEP/COMMANDER,354
2025,8,Agosto,Com. Leves,Varejo,43,PEUGEOT/PARTNER,16
2025,8,Agosto,Autos,Varejo,44,BMW/320I,349
2025,8,Agosto,Com. Leves,Varejo,44,EFFA/V25,15
2025,8,Agosto,Autos,Varejo,45,GAC/GS4,297
2025,8,Agosto,Com. Leves,Varejo,45,PEUGEOT/BOXER,14
2025,8,Agosto,Autos,Varejo,46,FIAT/CRONOS,278
2025,8,Agosto,Com. Leves,Varejo,46,FORD/TRANSIT,13
2025,8,Agosto,Autos,Varejo,47,GWM/ORA 03,266
2025,8,Agosto,Com. Leves,Varejo,47,IVECO/DAILY 35-180,10
2025,8,Agosto,Autos,Varejo,48,BYD/SEAL,240
2025,8,Agosto,Com. Leves,Varejo,48,M.BENZ/SPRINTER,5
2025,8,Agosto,Autos,Varejo,49,GWM/TANK 300,228
2025,8,Agosto,Com. Leves,Varejo,49,TOYOTA/BANDEIRANTE,2
2025,8,Agosto,Autos,Varejo,50,TOYOTA/RAV4,225
2025,8,Agosto,Com. Leves,Varejo,50,GWM/POER,2
2025,9,Setembro,Autos,Total,1,VW/POLO,10647
2025,9,Setembro,Com. Leves,Total,1,FIAT/STRADA,13876
2025,9,Setembro,Autos,Total,2,FIAT/ARGO,9484
2025,9,Setembro,Com. Leves,Total,2,VW/SAVEIRO,8154
2025,9,Setembro,Autos,Total,3,HYUNDAI/HB20,8796
2025,9,Setembro,Com. Leves,Total,3,FIAT/TORO,5174
2025,9,Setembro,Autos,Total,4,VW/TERA,7610
2025,9,Setembro,Com. Leves,Total,4,TOYOTA/HILUX,4066
2025,9,Setembro,Autos,Total,5,TOYOTA/COROLLA CROSS,7282
2025,9,Setembro,Com. Leves,Total,5,FORD/RANGER,3114
2025,9,Setembro,Autos,Total,6,GM/ONIX,7039
2025,9,Setembro,Com. Leves,Total,6,GM/S10,2793
2025,9,Setembro,Autos,Total,7,NISSAN/KICKS,6319
2025,9,Setembro,Com. Leves,Total,7,FIAT/FIORINO,2384
2025,9,Setembro,Autos,Total,8,HYUNDAI/CRETA,5953
2025,9,Setembro,Com. Leves,Total,8,RAM/RAMPAGE,2253
2025,9,Setembro,Autos,Total,9,GM/TRACKER,5657
2025,9,Setembro,Com. Leves,Total,9,GM/MONTANA,2183
2025,9,Setembro,Autos,Total,10,RENAULT/KWID,5439
2025,9,Setembro,Com. Leves,Total,10,RENAULT/MASTER,1350
2025,9,Setembro,Autos,Total,11,FIAT/FASTBACK,5344
2025,9,Setembro,Com. Leves,Total,11,MITSUBISHI/TRITON,1160
2025,9,Setembro,Autos,Total,12,JEEP/COMPASS,5291
2025,9,Setembro,Com. Leves,Total,12,RENAULT/OROCH,923
2025,9,Setembro,Autos,Total,13,GM/ONIX PLUS,5169
2025,9,Setembro,Com. Leves,Total,13,FORD/MAVERICK,453
2025,9,Setembro,Autos,Total,14,HONDA/HR-V,5041
2025,9,Setembro,Com. Leves,Total,14,NISSAN/FRONTIER,386
2025,9,Setembro,Autos,Total,15,FIAT/MOBI,4741
2025,9,Setembro,Com. Leves,Total,15,FIAT/DUCATO,357
2025,9,Setembro,Autos,Total,16,VW/T CROSS,4736
2025,9,Setembro,Com. Leves,Total,16,FIAT/TITANO,336
2025,9,Setembro,Autos,Total,17,JEEP/RENEGADE,4547
2025,9,Setembro,Com. Leves,Total,17,IVECO/DAILY 30-130,318
2025,9,Setembro,Autos,Total,18,VW/NIVUS,4173
2025,9,Setembro,Com. Leves,Total,18,RENAULT/KANGOO,287
2025,9,Setembro,Autos,Total,19,HYUNDAI/HB20S,3883
2025,9,Setembro,Com. Leves,Total,19,EFFA/V21,263
2025,9,Setembro,Autos,Total,20,FIAT/PULSE,3756
2025,9,Setembro,Com. Leves,Total,20,IVECO/DAILY,262
2025,9,Setembro,Autos,Total,21,CAOA CHERY/TIGGO 7,3742
2025,9,Setembro,Com. Leves,Total,21,VW TRUCK E BUS/EXPRESS,222
2025,9,Setembro,Autos,Total,22,BYD/DOLPHIN MINI,3392
2025,9,Setembro,Com. Leves,Total,22,FORD/TRANSIT,213
2025,9,Setembro,Autos,Total,23,BYD/SONG,3246
2025,9,Setembro,Com. Leves,Total,23,HYUNDAI/HR,201
2025,9,Setembro,Autos,Total,24,TOYOTA/COROLLA,3121
2025,9,Setembro,Com. Leves,Total,24,FIAT/SCUDO,187
2025,9,Setembro,Autos,Total,25,VW/VIRTUS,2973
2025,9,Setembro,Com. Leves,Total,25,KIA/K2500,172
2025,9,Setembro,Autos,Total,26,GWM/HAVAL H6,2886
2025,9,Setembro,Com. Leves,Total,26,TOYOTA/HIACE,133
2025,9,Setembro,Autos,Total,27,CAOA CHERY/TIGGO 8,2137
2025,9,Setembro,Com. Leves,Total,27,PEUGEOT/EXPERT,131
2025,9,Setembro,Autos,Total,28,RENAULT/KARDIAN,2014
2025,9,Setembro,Com. Leves,Total,28,FORD/F150,126
2025,9,Setembro,Autos,Total,29,GM/SPIN,1906
2025,9,Setembro,Com. Leves,Total,29,KIA/UK2500,116
2025,9,Setembro,Autos,Total,30,JEEP/COMMANDER,1643
2025,9,Setembro,Com. Leves,Total,30,RAM/3500,9
2025,9,Setembro,Autos,Total,31,FIAT/CRONOS,1606
2025,9,Setembro,Com. Leves,Total,31,BYD/SHARK,90
2025,9,Setembro,Autos,Total,32,RENAULT/DUSTER,1513
2025,9,Setembro,Com. Leves,Total,32,CITROEN/JUMPY,89
2025,9,Setembro,Autos,Total,33,BYD/DOLPHIN,1454
2025,9,Setembro,Com. Leves,Total,33,GWM/POER,80
2025,9,Setembro,Autos,Total,34,HONDA/CITY,1453
2025,9,Setembro,Com. Leves,Total,34,RAM/1500,75
2025,9,Setembro,Autos,Total,35,CAOA CHERY/TIGGO 5X,1423
2025,9,Setembro,Com. Leves,Total,35,M.BENZ/SPRINTER 417,71
2025,9,Setembro,Autos,Total,36,TOYOTA/HILUX SW4,1310
2025,9,Setembro,Com. Leves,Total,36,PEUGEOT/BOXER,71
2025,9,Setembro,Autos,Total,37,HONDA/CITY HATCH,1276
2025,9,Setembro,Com. Leves,Total,37,RAM/2500,69
2025,9,Setembro,Autos,Total,38,CITROEN/BASALT,1226
2025,9,Setembro,Com. Leves,Total,38,MITSUBISHI/L200,63
2025,9,Setembro,Autos,Total,39,VW/TAOS,1144
2025,9,Setembro,Com. Leves,Total,39,FOTON/AUMARK S 315,61
2025,9,Setembro,Autos,Total,40,FORD/TERRITORY,1141
2025,9,Setembro,Com. Leves,Total,40,GM/SILVERADO,60
2025,9,Setembro,Autos,Total,41,BYD/KING,1001
2025,9,Setembro,Com. Leves,Total,41,M.BENZ/SPRINTER 317,60
2025,9,Setembro,Autos,Total,42,MITSUBISHI/ECLIPSE CROSS,988
2025,9,Setembro,Com. Leves,Total,42,SHINERAY/TLUX,58
2025,9,Setembro,Autos,Total,43,CITROEN/C3,953
2025,9,Setembro,Com. Leves,Total,43,PEUGEOT/PARTNER,48
2025,9,Setembro,Autos,Total,44,PEUGEOT/208,879
2025,9,Setembro,Com. Leves,Total,44,JAC/HUNTER,41
2025,9,Setembro,Autos,Total,45,OMODA JAECOO/JAECOO 7,740
2025,9,Setembro,Com. Leves,Total,45,FOTON/TUNLAND,41
2025,9,Setembro,Autos,Total,46,PEUGEOT/2008,668
2025,9,Setembro,Com. Leves,Total,46,EFFA/V22,40
2025,9,Setembro,Autos,Total,47,NISSAN/VERSA,628
2025,9,Setembro,Com. Leves,Total,47,CITROEN/JUMPER,39
2025,9,Setembro,Autos,Total,48,BYD/YUAN,553
2025,9,Setembro,Com. Leves,Total,48,IVECO/DAILY 35-180,13
2025,9,Setembro,Autos,Total,49,BMW/X1,512
2025,9,Setembro,Com. Leves,Total,49,EFFA/V25,13
2025,9,Setembro,Autos,Total,50,GWM/ORA 03,429
2025,9,Setembro,Com. Leves,Total,50,M.BENZ/SPRINTER 315,12
2025,9,Setembro,Autos,Direta,1,VW/POLO,6105
2025,9,Setembro,Com. Leves,Direta,1,FIAT/STRADA,10091
2025,9,Setembro,Autos,Direta,2,FIAT/ARGO,6000
2025,9,Setembro,Com. Leves,Direta,2,VW/SAVEIRO,7917
2025,9,Setembro,Autos,Direta,3,HYUNDAI/HB20,5468
2025,9,Setembro,Com. Leves,Direta,3,FIAT/TORO,2937
2025,9,Setembro,Autos,Direta,4,RENAULT/KWID,4996
2025,9,Setembro,Com. Leves,Direta,4,GM/S10,2357
2025,9,Setembro,Autos,Direta,5,FIAT/MOBI,4597
2025,9,Setembro,Com. Leves,Direta,5,FIAT/FIORINO,2213
2025,9,Setembro,Autos,Direta,6,GM/ONIX PLUS,3888
2025,9,Setembro,Com. Leves,Direta,6,TOYOTA/HILUX,2053
2025,9,Setembro,Autos,Direta,7,VW/TERA,3694
2025,9,Setembro,Com. Leves,Direta,7,RAM/RAMPAGE,1698
2025,9,Setembro,Autos,Direta,8,JEEP/COMPASS,3540
2025,9,Setembro,Com. Leves,Direta,8,GM/MONTANA,1685
2025,9,Setembro,Autos,Direta,9,JEEP/RENEGADE,3472
2025,9,Setembro,Com. Leves,Direta,9,FORD/RANGER,954
2025,9,Setembro,Autos,Direta,10,NISSAN/KICKS,3374
2025,9,Setembro,Com. Leves,Direta,10,RENAULT/OROCH,680
2025,9,Setembro,Autos,Direta,11,TOYOTA/COROLLA CROSS,3160
2025,9,Setembro,Com. Leves,Direta,11,RENAULT/MASTER,674
2025,9,Setembro,Autos,Direta,12,GM/ONIX,3013
2025,9,Setembro,Com. Leves,Direta,12,MITSUBISHI/TRITON,369
2025,9,Setembro,Autos,Direta,13,HYUNDAI/HB20S,2838
2025,9,Setembro,Com. Leves,Direta,13,NISSAN/FRONTIER,362
2025,9,Setembro,Autos,Direta,14,VW/T CROSS,2393
2025,9,Setembro,Com. Leves,Direta,14,FIAT/DUCATO,317
2025,9,Setembro,Autos,Direta,15,VW/VIRTUS,1925
2025,9,Setembro,Com. Leves,Direta,15,FIAT/TITANO,274
2025,9,Setembro,Autos,Direta,16,GM/TRACKER,1894
2025,9,Setembro,Com. Leves,Direta,16,RENAULT/KANGOO,259
2025,9,Setembro,Autos,Direta,17,FIAT/FASTBACK,1552
2025,9,Setembro,Com. Leves,Direta,17,IVECO/DAILY 30-130,237
2025,9,Setembro,Autos,Direta,18,HONDA/HR-V,1472
2025,9,Setembro,Com. Leves,Direta,18,HYUNDAI/HR,200
2025,9,Setembro,Autos,Direta,19,GM/SPIN,1412
2025,9,Setembro,Com. Leves,Direta,19,IVECO/DAILY,189
2025,9,Setembro,Autos,Direta,20,JEEP/COMMANDER,1347
2025,9,Setembro,Com. Leves,Direta,20,FORD/TRANSIT,185
2025,9,Setembro,Autos,Direta,21,FIAT/PULSE,1276
2025,9,Setembro,Com. Leves,Direta,21,FIAT/SCUDO,153
2025,9,Setembro,Autos,Direta,22,FIAT/CRONOS,1223
2025,9,Setembro,Com. Leves,Direta,22,TOYOTA/HIACE,95
2025,9,Setembro,Autos,Direta,23,TOYOTA/COROLLA,1175
2025,9,Setembro,Com. Leves,Direta,23,FORD/MAVERICK,87
2025,9,Setembro,Autos,Direta,24,CITROEN/BASALT,1174
2025,9,Setembro,Com. Leves,Direta,24,RAM/3500,86
2025,9,Setembro,Autos,Direta,25,HYUNDAI/CRETA,977
2025,9,Setembro,Com. Leves,Direta,25,MITSUBISHI/L200,5
2025,9,Setembro,Autos,Direta,26,RENAULT/DUSTER,860
2025,9,Setembro,Com. Leves,Direta,26,RAM/2500,4
2025,9,Setembro,Autos,Direta,27,CITROEN/C3,812
2025,9,Setembro,Com. Leves,Direta,27,PEUGEOT/PARTNER,37
2025,9,Setembro,Autos,Direta,28,VW/TAOS,789
2025,9,Setembro,Com. Leves,Direta,28,VW TRUCK E BUS/EXPRESS,36
2025,9,Setembro,Autos,Direta,29,PEUGEOT/208,771
2025,9,Setembro,Com. Leves,Direta,29,FORD/F150,21
2025,9,Setembro,Autos,Direta,30,GWM/HAVAL H6,709
2025,9,Setembro,Com. Leves,Direta,30,GWM/POER,21
2025,9,Setembro,Autos,Direta,31,VW/NIVUS,681
2025,9,Setembro,Com. Leves,Direta,31,RAM/1500,14
2025,9,Setembro,Autos,Direta,32,HONDA/CITY,583
2025,9,Setembro,Com. Leves,Direta,32,GM/SILVERADO,9
2025,9,Setembro,Autos,Direta,33,PEUGEOT/2008,582
2025,9,Setembro,Com. Leves,Direta,33,RENAULT/KWID,9
2025,9,Setembro,Autos,Direta,34,BYD/SONG,519
2025,9,Setembro,Com. Leves,Direta,34,IVECO/DAILY 35-180,3
2025,9,Setembro,Autos,Direta,35,VOLVO/XC60,378
2025,9,Setembro,Com. Leves,Direta,35,KIA/UK2500,3
2025,9,Setembro,Autos,Direta,36,RENAULT/KARDIAN,375
2025,9,Setembro,Com. Leves,Direta,36,TOYOTA/ALPHARD,2
2025,9,Setembro,Autos,Direta,37,BYD/DOLPHIN MINI,325
2025,9,Setembro,Com. Leves,Direta,37,BYD/SHARK,2
2025,9,Setembro,Autos,Direta,38,HONDA/CITY HATCH,308
2025,9,Setembro,Com. Leves,Direta,38,IVECO/DAILY 30S13,1
2025,9,Setembro,Autos,Direta,39,GM/SPARK,293
2025,9,Setembro,Com. Leves,Direta,39,PEUGEOT/EXPERT,1
2025,9,Setembro,Autos,Direta,40,AUDI/A5,280
2025,9,Setembro,Com. Leves,Direta,40,RENAULT/KANGOO E-TECH,1
2025,9,Setembro,Autos,Direta,41,CAOA CHERY/TIGGO 7,236
2025,9,Setembro,Autos,Direta,42,VOLVO/EX30,224
2025,9,Setembro,Autos,Direta,43,CAOA CHERY/TIGGO 5X,203
2025,9,Setembro,Autos,Direta,44,NISSAN/VERSA,194
2025,9,Setembro,Autos,Direta,45,NISSAN/SENTRA,175
2025,9,Setembro,Autos,Direta,46,BYD/KING,173
2025,9,Setembro,Autos,Direta,47,MITSUBISHI/ECLIPSE CROSS,171
2025,9,Setembro,Autos,Direta,48,GM/TRAILBLAZER,168
2025,9,Setembro,Autos,Direta,49,CITROEN/C3 AIRCROSS,157
2025,9,Setembro,Autos,Direta,50,GWM/ORA 03,147
2025,9,Setembro,Autos,Varejo,1,HYUNDAI/CRETA,4976
2025,9,Setembro,Com. Leves,Varejo,1,FIAT/STRADA,3785
2025,9,Setembro,Autos,Varejo,2,VW/POLO,4542
2025,9,Setembro,Com. Leves,Varejo,2,FIAT/TORO,2237
2025,9,Setembro,Autos,Varejo,3,TOYOTA/COROLLA CROSS,4122
2025,9,Setembro,Com. Leves,Varejo,3,FORD/RANGER,2160
2025,9,Setembro,Autos,Varejo,4,GM/ONIX,4026
2025,9,Setembro,Com. Leves,Varejo,4,TOYOTA/HILUX,2013
2025,9,Setembro,Autos,Varejo,5,VW/TERA,3916
2025,9,Setembro,Com. Leves,Varejo,5,MITSUBISHI/TRITON,791
2025,9,Setembro,Autos,Varejo,6,FIAT/FASTBACK,3792
2025,9,Setembro,Com. Leves,Varejo,6,RENAULT/MASTER,676
2025,9,Setembro,Autos,Varejo,7,GM/TRACKER,3763
2025,9,Setembro,Com. Leves,Varejo,7,RAM/RAMPAGE,555
2025,9,Setembro,Autos,Varejo,8,HONDA/HR-V,3569
2025,9,Setembro,Com. Leves,Varejo,8,GM/MONTANA,498
2025,9,Setembro,Autos,Varejo,9,CAOA CHERY/TIGGO 7,3506
2025,9,Setembro,Com. Leves,Varejo,9,GM/S10,436
2025,9,Setembro,Autos,Varejo,10,VW/NIVUS,3492
2025,9,Setembro,Com. Leves,Varejo,10,FORD/MAVERICK,366
2025,9,Setembro,Autos,Varejo,11,FIAT/ARGO,3484
2025,9,Setembro,Com. Leves,Varejo,11,EFFA/V21,263
2025,9,Setembro,Autos,Varejo,12,HYUNDAI/HB20,3328
2025,9,Setembro,Com. Leves,Varejo,12,RENAULT/OROCH,243
2025,9,Setembro,Autos,Varejo,13,BYD/DOLPHIN MINI,3067
2025,9,Setembro,Com. Leves,Varejo,13,VW/SAVEIRO,237
2025,9,Setembro,Autos,Varejo,14,NISSAN/KICKS,2945
2025,9,Setembro,Com. Leves,Varejo,14,VW TRUCK E BUS/EXPRESS,186
2025,9,Setembro,Autos,Varejo,15,BYD/SONG,2727
2025,9,Setembro,Com. Leves,Varejo,15,KIA/K2500,172
2025,9,Setembro,Autos,Varejo,16,FIAT/PULSE,2480
2025,9,Setembro,Com. Leves,Varejo,16,FIAT/FIORINO,171
2025,9,Setembro,Autos,Varejo,17,VW/T CROSS,2343
2025,9,Setembro,Com. Leves,Varejo,17,PEUGEOT/EXPERT,130
2025,9,Setembro,Autos,Varejo,18,GWM/HAVAL H6,2177
2025,9,Setembro,Com. Leves,Varejo,18,KIA/UK2500,113
2025,9,Setembro,Autos,Varejo,19,CAOA CHERY/TIGGO 8,2124
2025,9,Setembro,Com. Leves,Varejo,19,FORD/F150,105
2025,9,Setembro,Autos,Varejo,20,TOYOTA/COROLLA,1946
2025,9,Setembro,Com. Leves,Varejo,20,CITROEN/JUMPY,89
2025,9,Setembro,Autos,Varejo,21,JEEP/COMPASS,1751
2025,9,Setembro,Com. Leves,Varejo,21,BYD/SHARK,8
2025,9,Setembro,Autos,Varejo,22,RENAULT/KARDIAN,1639
2025,9,Setembro,Com. Leves,Varejo,22,IVECO/DAILY 30-130,81
2025,9,Setembro,Autos,Varejo,23,BYD/DOLPHIN,1311
2025,9,Setembro,Com. Leves,Varejo,23,IVECO/DAILY,73
2025,9,Setembro,Autos,Varejo,24,TOYOTA/HILUX SW4,1302
2025,9,Setembro,Com. Leves,Varejo,24,M.BENZ/SPRINTER 417,71
2025,9,Setembro,Autos,Varejo,25,GM/ONIX PLUS,1281
2025,9,Setembro,Com. Leves,Varejo,25,PEUGEOT/BOXER,71
2025,9,Setembro,Autos,Varejo,26,CAOA CHERY/TIGGO 5X,1220
2025,9,Setembro,Com. Leves,Varejo,26,FIAT/TITANO,62
2025,9,Setembro,Autos,Varejo,27,JEEP/RENEGADE,1075
2025,9,Setembro,Com. Leves,Varejo,27,FOTON/AUMARK S 315,61
2025,9,Setembro,Autos,Varejo,28,VW/VIRTUS,1048
2025,9,Setembro,Com. Leves,Varejo,28,RAM/1500,61
2025,9,Setembro,Autos,Varejo,29,HYUNDAI/HB20S,1045
2025,9,Setembro,Com. Leves,Varejo,29,M.BENZ/SPRINTER 317,60
2025,9,Setembro,Autos,Varejo,30,FORD/TERRITORY,1001
2025,9,Setembro,Com. Leves,Varejo,30,GWM/POER,59
2025,9,Setembro,Autos,Varejo,31,HONDA/CITY HATCH,968
2025,9,Setembro,Com. Leves,Varejo,31,SHINERAY/TLUX,58
2025,9,Setembro,Autos,Varejo,32,HONDA/CITY,870
2025,9,Setembro,Com. Leves,Varejo,32,GM/SILVERADO,51
2025,9,Setembro,Autos,Varejo,33,BYD/KING,828
2025,9,Setembro,Com. Leves,Varejo,33,JAC/HUNTER,41
2025,9,Setembro,Autos,Varejo,34,MITSUBISHI/ECLIPSE CROSS,817
2025,9,Setembro,Com. Leves,Varejo,34,FOTON/TUNLAND,41
2025,9,Setembro,Autos,Varejo,35,OMODA JAECOO/JAECOO 7,740
2025,9,Setembro,Com. Leves,Varejo,35,FIAT/DUCATO,40
2025,9,Setembro,Autos,Varejo,36,RENAULT/DUSTER,653
2025,9,Setembro,Com. Leves,Varejo,36,EFFA/V22,40
2025,9,Setembro,Autos,Varejo,37,GM/SPIN,494
2025,9,Setembro,Com. Leves,Varejo,37,CITROEN/JUMPER,39
2025,9,Setembro,Autos,Varejo,38,BYD/YUAN,481
2025,9,Setembro,Com. Leves,Varejo,38,TOYOTA/HIACE,38
2025,9,Setembro,Autos,Varejo,39,RENAULT/KWID,443
2025,9,Setembro,Com. Leves,Varejo,39,FIAT/SCUDO,34
2025,9,Setembro,Autos,Varejo,40,BMW/X1,436
2025,9,Setembro,Com. Leves,Varejo,40,FORD/TRANSIT,28
2025,9,Setembro,Autos,Varejo,41,NISSAN/VERSA,434
2025,9,Setembro,Com. Leves,Varejo,41,RENAULT/KANGOO,28
2025,9,Setembro,Autos,Varejo,42,FIAT/CRONOS,383
2025,9,Setembro,Com. Leves,Varejo,42,RAM/2500,25
2025,9,Setembro,Autos,Varejo,43,GAC/GS4,374
2025,9,Setembro,Com. Leves,Varejo,43,NISSAN/FRONTIER,24
2025,9,Setembro,Autos,Varejo,44,VW/TAOS,355
2025,9,Setembro,Com. Leves,Varejo,44,EFFA/V25,13
2025,9,Setembro,Autos,Varejo,45,BMW/320I,302
2025,9,Setembro,Com. Leves,Varejo,45,RAM/3500,13
2025,9,Setembro,Autos,Varejo,46,JEEP/COMMANDER,296
2025,9,Setembro,Com. Leves,Varejo,46,M.BENZ/SPRINTER 315,12
2025,9,Setembro,Autos,Varejo,47,GWM/ORA 03,282
2025,9,Setembro,Com. Leves,Varejo,47,PEUGEOT/PARTNER,1
2025,9,Setembro,Autos,Varejo,48,BYD/SEAL,253
2025,9,Setembro,Com. Leves,Varejo,48,IVECO/DAILY 35-180,10
2025,9,Setembro,Autos,Varejo,49,GWM/HAVAL H9,223
2025,9,Setembro,Com. Leves,Varejo,49,M.BENZ/SPRINTER,8
2025,9,Setembro,Autos,Varejo,50,GWM/TANK 300,216
2025,9,Setembro,Com. Leves,Varejo,50,MITSUBISHI/L200,8
2025,10,Outubro,Autos,Total,1,VW/TERA,10162
2025,10,Outubro,Com. Leves,Total,1,FIAT/STRADA,14041
2025,10,Outubro,Autos,Total,2,FIAT/ARGO,9981
2025,10,Outubro,Com. Leves,Total,2,VW/SAVEIRO,6437
2025,10,Outubro,Autos,Total,3,HYUNDAI/HB20,9687
2025,10,Outubro,Com. Leves,Total,3,FIAT/TORO,5915
2025,10,Outubro,Autos,Total,4,VW/POLO,9150
2025,10,Outubro,Com. Leves,Total,4,TOYOTA/HILUX,5204
2025,10,Outubro,Autos,Total,5,HYUNDAI/CRETA,8679
2025,10,Outubro,Com. Leves,Total,5,GM/S10,3312
2025,10,Outubro,Autos,Total,6,GM/ONIX,7439
2025,10,Outubro,Com. Leves,Total,6,FORD/RANGER,3310
2025,10,Outubro,Autos,Total,7,VW/T CROSS,7113
2025,10,Outubro,Com. Leves,Total,7,RAM/RAMPAGE,3053
2025,10,Outubro,Autos,Total,8,HONDA/HR-V,6711
2025,10,Outubro,Com. Leves,Total,8,FIAT/FIORINO,1951
2025,10,Outubro,Autos,Total,9,FIAT/MOBI,6277
2025,10,Outubro,Com. Leves,Total,9,GM/MONTANA,1848
2025,10,Outubro,Autos,Total,10,JEEP/COMPASS,6257
2025,10,Outubro,Com. Leves,Total,10,RENAULT/MASTER,1646
2025,10,Outubro,Autos,Total,11,GM/ONIX PLUS,5853
2025,10,Outubro,Com. Leves,Total,11,MITSUBISHI/TRITON,1312
2025,10,Outubro,Autos,Total,12,NISSAN/KICKS,5721
2025,10,Outubro,Com. Leves,Total,12,RENAULT/OROCH,929
2025,10,Outubro,Autos,Total,13,FIAT/FASTBACK,5666
2025,10,Outubro,Com. Leves,Total,13,RENAULT/KANGOO,574
2025,10,Outubro,Autos,Total,14,HYUNDAI/HB20S,5517
2025,10,Outubro,Com. Leves,Total,14,FIAT/SCUDO,471
2025,10,Outubro,Autos,Total,15,RENAULT/KWID,5316
2025,10,Outubro,Com. Leves,Total,15,GWM/POER,431
2025,10,Outubro,Autos,Total,16,GM/TRACKER,5290
2025,10,Outubro,Com. Leves,Total,16,FORD/MAVERICK,424
2025,10,Outubro,Autos,Total,17,JEEP/RENEGADE,4263
2025,10,Outubro,Com. Leves,Total,17,IVECO/DAILY,403
2025,10,Outubro,Autos,Total,18,VW/NIVUS,4257
2025,10,Outubro,Com. Leves,Total,18,FIAT/TITANO,337
2025,10,Outubro,Autos,Total,19,CAOA CHERY/TIGGO 7,4248
2025,10,Outubro,Com. Leves,Total,19,EFFA/V21,238
2025,10,Outubro,Autos,Total,20,FIAT/PULSE,3965
2025,10,Outubro,Com. Leves,Total,20,FORD/TRANSIT,230
2025,10,Outubro,Autos,Total,21,VW/VIRTUS,3615
2025,10,Outubro,Com. Leves,Total,21,IVECO/DAILY 30-130,225
2025,10,Outubro,Autos,Total,22,TOYOTA/COROLLA CROSS,3609
2025,10,Outubro,Com. Leves,Total,22,VW TRUCK E BUS/EXPRESS,213
2025,10,Outubro,Autos,Total,23,BYD/SONG,3444
2025,10,Outubro,Com. Leves,Total,23,KIA/UK2500,207
2025,10,Outubro,Autos,Total,24,GWM/HAVAL H6,3375
2025,10,Outubro,Com. Leves,Total,24,FIAT/DUCATO,198
2025,10,Outubro,Autos,Total,25,BYD/DOLPHIN MINI,2794
2025,10,Outubro,Com. Leves,Total,25,KIA/K2500,184
2025,10,Outubro,Autos,Total,26,TOYOTA/COROLLA,2287
2025,10,Outubro,Com. Leves,Total,26,NISSAN/FRONTIER,162
2025,10,Outubro,Autos,Total,27,JEEP/COMMANDER,2162
2025,10,Outubro,Com. Leves,Total,27,M.BENZ/SPRINTER 317,161
2025,10,Outubro,Autos,Total,28,GM/SPIN,2103
2025,10,Outubro,Com. Leves,Total,28,PEUGEOT/EXPERT,149
2025,10,Outubro,Autos,Total,29,CAOA CHERY/TIGGO 5X,1994
2025,10,Outubro,Com. Leves,Total,29,GM/SILVERADO,147
2025,10,Outubro,Autos,Total,30,FIAT/CRONOS,1846
2025,10,Outubro,Com. Leves,Total,30,HYUNDAI/HR,141
2025,10,Outubro,Autos,Total,31,CAOA CHERY/TIGGO 8,1772
2025,10,Outubro,Com. Leves,Total,31,RAM/3500,139
2025,10,Outubro,Autos,Total,32,BYD/DOLPHIN,1731
2025,10,Outubro,Com. Leves,Total,32,FORD/F150,119
2025,10,Outubro,Autos,Total,33,RENAULT/DUSTER,1680
2025,10,Outubro,Com. Leves,Total,33,TOYOTA/HIACE,105
2025,10,Outubro,Autos,Total,34,HONDA/CITY,1644
2025,10,Outubro,Com. Leves,Total,34,CITROEN/JUMPY,9
2025,10,Outubro,Autos,Total,35,CITROEN/BASALT,1562
2025,10,Outubro,Com. Leves,Total,35,FOTON/AUMARK S 315,89
2025,10,Outubro,Autos,Total,36,HONDA/CITY HATCH,1540
2025,10,Outubro,Com. Leves,Total,36,M.BENZ/SPRINTER 417,69
2025,10,Outubro,Autos,Total,37,RENAULT/KARDIAN,1533
2025,10,Outubro,Com. Leves,Total,37,SHINERAY/TLUX,67
2025,10,Outubro,Autos,Total,38,TOYOTA/HILUX SW4,1421
2025,10,Outubro,Com. Leves,Total,38,BYD/SHARK,67
2025,10,Outubro,Autos,Total,39,CITROEN/C3,1383
2025,10,Outubro,Com. Leves,Total,39,FOTON/TUNLAND,58
2025,10,Outubro,Autos,Total,40,BYD/KING,1291
2025,10,Outubro,Com. Leves,Total,40,RAM/1500,56
2025,10,Outubro,Autos,Total,41,FORD/TERRITORY,1138
2025,10,Outubro,Com. Leves,Total,41,PEUGEOT/PARTNER,54
2025,10,Outubro,Autos,Total,42,MITSUBISHI/ECLIPSE CROSS,1043
2025,10,Outubro,Com. Leves,Total,42,RAM/2500,50
2025,10,Outubro,Autos,Total,43,PEUGEOT/208,842
2025,10,Outubro,Com. Leves,Total,43,RADAR/RD6,4
2025,10,Outubro,Autos,Total,44,NISSAN/SENTRA,761
2025,10,Outubro,Com. Leves,Total,44,MITSUBISHI/L200,37
2025,10,Outubro,Autos,Total,45,PEUGEOT/2008,734
2025,10,Outubro,Com. Leves,Total,45,EFFA/V22,37
2025,10,Outubro,Autos,Total,46,OMODA JAECOO/JAECOO 7,677
2025,10,Outubro,Com. Leves,Total,46,JAC/HUNTER,29
2025,10,Outubro,Autos,Total,47,BYD/YUAN,551
2025,10,Outubro,Com. Leves,Total,47,VW/AMAROK,24
2025,10,Outubro,Autos,Total,48,NISSAN/VERSA,515
2025,10,Outubro,Com. Leves,Total,48,CITROEN/JUMPER,16
2025,10,Outubro,Autos,Total,49,VW/TAOS,496
2025,10,Outubro,Com. Leves,Total,49,IVECO/DAILY 35-180,15
2025,10,Outubro,Autos,Total,50,VW/TIGUAN,486
2025,10,Outubro,Com. Leves,Total,50,PEUGEOT/BOXER,14
2025,10,Outubro,Autos,Direta,1,FIAT/ARGO,6563
2025,10,Outubro,Com. Leves,Direta,1,FIAT/STRADA,9996
2025,10,Outubro,Autos,Direta,2,HYUNDAI/HB20,6056
2025,10,Outubro,Com. Leves,Direta,2,VW/SAVEIRO,6234
2025,10,Outubro,Autos,Direta,3,FIAT/MOBI,6021
2025,10,Outubro,Com. Leves,Direta,3,FIAT/TORO,3605
2025,10,Outubro,Autos,Direta,4,VW/POLO,5421
2025,10,Outubro,Com. Leves,Direta,4,TOYOTA/HILUX,3414
2025,10,Outubro,Autos,Direta,5,VW/T CROSS,5088
2025,10,Outubro,Com. Leves,Direta,5,GM/S10,2601
2025,10,Outubro,Autos,Direta,6,GM/ONIX PLUS,4950
2025,10,Outubro,Com. Leves,Direta,6,RAM/RAMPAGE,2493
2025,10,Outubro,Autos,Direta,7,RENAULT/KWID,4855
2025,10,Outubro,Com. Leves,Direta,7,FIAT/FIORINO,1746
2025,10,Outubro,Autos,Direta,8,VW/TERA,4767
2025,10,Outubro,Com. Leves,Direta,8,GM/MONTANA,1360
2025,10,Outubro,Autos,Direta,9,HYUNDAI/HB20S,4364
2025,10,Outubro,Com. Leves,Direta,9,RENAULT/MASTER,1168
2025,10,Outubro,Autos,Direta,10,JEEP/COMPASS,4058
2025,10,Outubro,Com. Leves,Direta,10,FORD/RANGER,1112
2025,10,Outubro,Autos,Direta,11,HYUNDAI/CRETA,3199
2025,10,Outubro,Com. Leves,Direta,11,RENAULT/OROCH,738
2025,10,Outubro,Autos,Direta,12,GM/ONIX,3107
2025,10,Outubro,Com. Leves,Direta,12,RENAULT/KANGOO,557
2025,10,Outubro,Autos,Direta,13,JEEP/RENEGADE,2856
2025,10,Outubro,Com. Leves,Direta,13,MITSUBISHI/TRITON,468
2025,10,Outubro,Autos,Direta,14,NISSAN/KICKS,2572
2025,10,Outubro,Com. Leves,Direta,14,FIAT/SCUDO,409
2025,10,Outubro,Autos,Direta,15,VW/VIRTUS,2542
2025,10,Outubro,Com. Leves,Direta,15,IVECO/DAILY,327
2025,10,Outubro,Autos,Direta,16,FIAT/FASTBACK,2072
2025,10,Outubro,Com. Leves,Direta,16,FIAT/TITANO,277
2025,10,Outubro,Autos,Direta,17,TOYOTA/COROLLA CROSS,1856
2025,10,Outubro,Com. Leves,Direta,17,GWM/POER,230
2025,10,Outubro,Autos,Direta,18,HONDA/HR-V,1841
2025,10,Outubro,Com. Leves,Direta,18,FORD/TRANSIT,198
2025,10,Outubro,Autos,Direta,19,JEEP/COMMANDER,1751
2025,10,Outubro,Com. Leves,Direta,19,FIAT/DUCATO,172
2025,10,Outubro,Autos,Direta,20,FIAT/PULSE,1684
2025,10,Outubro,Com. Leves,Direta,20,IVECO/DAILY 30-130,144
2025,10,Outubro,Autos,Direta,21,CITROEN/BASALT,1530
2025,10,Outubro,Com. Leves,Direta,21,HYUNDAI/HR,141
2025,10,Outubro,Autos,Direta,22,GM/SPIN,1514
2025,10,Outubro,Com. Leves,Direta,22,NISSAN/FRONTIER,135
2025,10,Outubro,Autos,Direta,23,GM/TRACKER,1435
2025,10,Outubro,Com. Leves,Direta,23,RAM/3500,134
2025,10,Outubro,Autos,Direta,24,FIAT/CRONOS,1398
2025,10,Outubro,Com. Leves,Direta,24,FORD/MAVERICK,60
2025,10,Outubro,Autos,Direta,25,CITROEN/C3,1220
2025,10,Outubro,Com. Leves,Direta,25,TOYOTA/HIACE,4
2025,10,Outubro,Autos,Direta,26,TOYOTA/COROLLA,1072
2025,10,Outubro,Com. Leves,Direta,26,RAM/2500,40
2025,10,Outubro,Autos,Direta,27,VW/NIVUS,824
2025,10,Outubro,Com. Leves,Direta,27,VW TRUCK E BUS/EXPRESS,38
2025,10,Outubro,Autos,Direta,28,GWM/HAVAL H6,778
2025,10,Outubro,Com. Leves,Direta,28,MITSUBISHI/L200,30
2025,10,Outubro,Autos,Direta,29,PEUGEOT/208,725
2025,10,Outubro,Com. Leves,Direta,29,PEUGEOT/PARTNER,29
2025,10,Outubro,Autos,Direta,30,HONDA/CITY,710
2025,10,Outubro,Com. Leves,Direta,30,VW/AMAROK,21
2025,10,Outubro,Autos,Direta,31,RENAULT/DUSTER,682
2025,10,Outubro,Com. Leves,Direta,31,FORD/F150,13
2025,10,Outubro,Autos,Direta,32,PEUGEOT/2008,669
2025,10,Outubro,Com. Leves,Direta,32,GM/SILVERADO,13
2025,10,Outubro,Autos,Direta,33,NISSAN/SENTRA,635
2025,10,Outubro,Com. Leves,Direta,33,RAM/1500,9
2025,10,Outubro,Autos,Direta,34,BYD/SONG,585
2025,10,Outubro,Com. Leves,Direta,34,KIA/UK2500,6
2025,10,Outubro,Autos,Direta,35,HONDA/CITY HATCH,529
2025,10,Outubro,Com. Leves,Direta,35,RENAULT/KWID,5
2025,10,Outubro,Autos,Direta,36,CAOA CHERY/TIGGO 5X,497
2025,10,Outubro,Com. Leves,Direta,36,BYD/SHARK,5
2025,10,Outubro,Autos,Direta,37,VOLVO/XC60,384
2025,10,Outubro,Com. Leves,Direta,37,KIA/K2500,4
2025,10,Outubro,Autos,Direta,38,BYD/KING,338
2025,10,Outubro,Com. Leves,Direta,38,IVECO/DAILY 35-180,3
2025,10,Outubro,Autos,Direta,39,GWM/HAVAL H9,333
2025,10,Outubro,Com. Leves,Direta,39,CITROEN/JUMPER,1
2025,10,Outubro,Autos,Direta,40,VOLVO/EX30,283
2025,10,Outubro,Com. Leves,Direta,40,CITROEN/JUMPY,1
2025,10,Outubro,Autos,Direta,41,CITROEN/AIRCROSS,236
2025,10,Outubro,Com. Leves,Direta,41,IVECO/DAILY 42S14,1
2025,10,Outubro,Autos,Direta,42,MITSUBISHI/ECLIPSE CROSS,219
2025,10,Outubro,Com. Leves,Direta,42,IVECO/DAILY 5516,1
2025,10,Outubro,Autos,Direta,43,BYD/DOLPHIN MINI,216
2025,10,Outubro,Com. Leves,Direta,43,PEUGEOT/BOXER,1
2025,10,Outubro,Autos,Direta,44,RENAULT/KARDIAN,206
2025,10,Outubro,Com. Leves,Direta,44,PEUGEOT/EXPERT,1
2025,10,Outubro,Autos,Direta,45,RENAULT/BOREAL,202
2025,10,Outubro,Autos,Direta,46,GM/SPARK,200
2025,10,Outubro,Autos,Direta,47,AUDI/A5,196
2025,10,Outubro,Autos,Direta,48,GM/TRAILBLAZER,177
2025,10,Outubro,Autos,Direta,49,VW/TAOS,177
2025,10,Outubro,Autos,Direta,50,NISSAN/VERSA,173
2025,10,Outubro,Autos,Varejo,1,HYUNDAI/CRETA,5480
2025,10,Outubro,Com. Leves,Varejo,1,FIAT/STRADA,4045
2025,10,Outubro,Autos,Varejo,2,VW/TERA,5395
2025,10,Outubro,Com. Leves,Varejo,2,FIAT/TORO,2310
2025,10,Outubro,Autos,Varejo,3,HONDA/HR-V,4870
2025,10,Outubro,Com. Leves,Varejo,3,FORD/RANGER,2198
2025,10,Outubro,Autos,Varejo,4,GM/ONIX,4332
2025,10,Outubro,Com. Leves,Varejo,4,TOYOTA/HILUX,1790
2025,10,Outubro,Autos,Varejo,5,CAOA CHERY/TIGGO 7,4100
2025,10,Outubro,Com. Leves,Varejo,5,MITSUBISHI/TRITON,844
2025,10,Outubro,Autos,Varejo,6,GM/TRACKER,3855
2025,10,Outubro,Com. Leves,Varejo,6,GM/S10,711
2025,10,Outubro,Autos,Varejo,7,VW/POLO,3729
2025,10,Outubro,Com. Leves,Varejo,7,RAM/RAMPAGE,560
2025,10,Outubro,Autos,Varejo,8,HYUNDAI/HB20,3631
2025,10,Outubro,Com. Leves,Varejo,8,GM/MONTANA,488
2025,10,Outubro,Autos,Varejo,9,FIAT/FASTBACK,3594
2025,10,Outubro,Com. Leves,Varejo,9,RENAULT/MASTER,478
2025,10,Outubro,Autos,Varejo,10,VW/NIVUS,3433
2025,10,Outubro,Com. Leves,Varejo,10,FORD/MAVERICK,364
2025,10,Outubro,Autos,Varejo,11,FIAT/ARGO,3418
2025,10,Outubro,Com. Leves,Varejo,11,EFFA/V21,238
2025,10,Outubro,Autos,Varejo,12,NISSAN/KICKS,3149
2025,10,Outubro,Com. Leves,Varejo,12,FIAT/FIORINO,205
2025,10,Outubro,Autos,Varejo,13,BYD/SONG,2859
2025,10,Outubro,Com. Leves,Varejo,13,VW/SAVEIRO,203
2025,10,Outubro,Autos,Varejo,14,GWM/HAVAL H6,2597
2025,10,Outubro,Com. Leves,Varejo,14,KIA/UK2500,201
2025,10,Outubro,Autos,Varejo,15,BYD/DOLPHIN MINI,2578
2025,10,Outubro,Com. Leves,Varejo,15,GWM/POER,201
2025,10,Outubro,Autos,Varejo,16,FIAT/PULSE,2281
2025,10,Outubro,Com. Leves,Varejo,16,RENAULT/OROCH,191
2025,10,Outubro,Autos,Varejo,17,JEEP/COMPASS,2199
2025,10,Outubro,Com. Leves,Varejo,17,KIA/K2500,180
2025,10,Outubro,Autos,Varejo,18,VW/T CROSS,2025
2025,10,Outubro,Com. Leves,Varejo,18,VW TRUCK E BUS/EXPRESS,175
2025,10,Outubro,Autos,Varejo,19,TOYOTA/COROLLA CROSS,1753
2025,10,Outubro,Com. Leves,Varejo,19,M.BENZ/SPRINTER 317,161
2025,10,Outubro,Autos,Varejo,20,CAOA CHERY/TIGGO 8,1732
2025,10,Outubro,Com. Leves,Varejo,20,PEUGEOT/EXPERT,148
2025,10,Outubro,Autos,Varejo,21,BYD/DOLPHIN,1598
2025,10,Outubro,Com. Leves,Varejo,21,GM/SILVERADO,134
2025,10,Outubro,Autos,Varejo,22,CAOA CHERY/TIGGO 5X,1497
2025,10,Outubro,Com. Leves,Varejo,22,FORD/F150,106
2025,10,Outubro,Autos,Varejo,23,JEEP/RENEGADE,1407
2025,10,Outubro,Com. Leves,Varejo,23,CITROEN/JUMPY,98
2025,10,Outubro,Autos,Varejo,24,TOYOTA/HILUX SW4,1402
2025,10,Outubro,Com. Leves,Varejo,24,FOTON/AUMARK S 315,89
2025,10,Outubro,Autos,Varejo,25,RENAULT/KARDIAN,1327
2025,10,Outubro,Com. Leves,Varejo,25,IVECO/DAILY 30-130,81
2025,10,Outubro,Autos,Varejo,26,TOYOTA/COROLLA,1215
2025,10,Outubro,Com. Leves,Varejo,26,IVECO/DAILY,76
2025,10,Outubro,Autos,Varejo,27,HYUNDAI/HB20S,1153
2025,10,Outubro,Com. Leves,Varejo,27,M.BENZ/SPRINTER 417,69
2025,10,Outubro,Autos,Varejo,28,FORD/TERRITORY,1088
2025,10,Outubro,Com. Leves,Varejo,28,SHINERAY/TLUX,67
2025,10,Outubro,Autos,Varejo,29,VW/VIRTUS,1073
2025,10,Outubro,Com. Leves,Varejo,29,FIAT/SCUDO,62
2025,10,Outubro,Autos,Varejo,30,HONDA/CITY HATCH,1011
2025,10,Outubro,Com. Leves,Varejo,30,BYD/SHARK,62
2025,10,Outubro,Autos,Varejo,31,RENAULT/DUSTER,998
2025,10,Outubro,Com. Leves,Varejo,31,TOYOTA/HIACE,61
2025,10,Outubro,Autos,Varejo,32,BYD/KING,953
2025,10,Outubro,Com. Leves,Varejo,32,FIAT/TITANO,60
2025,10,Outubro,Autos,Varejo,33,HONDA/CITY,934
2025,10,Outubro,Com. Leves,Varejo,33,FOTON/TUNLAND,58
2025,10,Outubro,Autos,Varejo,34,GM/ONIX PLUS,903
2025,10,Outubro,Com. Leves,Varejo,34,RAM/1500,47
2025,10,Outubro,Autos,Varejo,35,MITSUBISHI/ECLIPSE CROSS,824
2025,10,Outubro,Com. Leves,Varejo,35,RADAR/RD6,4
2025,10,Outubro,Autos,Varejo,36,OMODA JAECOO/JAECOO 7,677
2025,10,Outubro,Com. Leves,Varejo,36,EFFA/V22,37
2025,10,Outubro,Autos,Varejo,37,GM/SPIN,589
2025,10,Outubro,Com. Leves,Varejo,37,FORD/TRANSIT,32
2025,10,Outubro,Autos,Varejo,38,BYD/YUAN,521
2025,10,Outubro,Com. Leves,Varejo,38,JAC/HUNTER,29
2025,10,Outubro,Autos,Varejo,39,RENAULT/KWID,461
2025,10,Outubro,Com. Leves,Varejo,39,NISSAN/FRONTIER,27
2025,10,Outubro,Autos,Varejo,40,BMW/X1,450
2025,10,Outubro,Com. Leves,Varejo,40,FIAT/DUCATO,26
2025,10,Outubro,Autos,Varejo,41,FIAT/CRONOS,448
2025,10,Outubro,Com. Leves,Varejo,41,PEUGEOT/PARTNER,25
2025,10,Outubro,Autos,Varejo,42,JEEP/COMMANDER,411
2025,10,Outubro,Com. Leves,Varejo,42,RENAULT/KANGOO,17
2025,10,Outubro,Autos,Varejo,43,GAC/GS4,381
2025,10,Outubro,Com. Leves,Varejo,43,CITROEN/JUMPER,15
2025,10,Outubro,Autos,Varejo,44,GWM/TANK 300,371
2025,10,Outubro,Com. Leves,Varejo,44,PEUGEOT/BOXER,13
2025,10,Outubro,Autos,Varejo,45,VW/TIGUAN,368
2025,10,Outubro,Com. Leves,Varejo,45,IVECO/DAILY 35-180,12
2025,10,Outubro,Autos,Varejo,46,NISSAN/VERSA,342
2025,10,Outubro,Com. Leves,Varejo,46,M.BENZ/SPRINTER 315,12
2025,10,Outubro,Autos,Varejo,47,BMW/320I,330
2025,10,Outubro,Com. Leves,Varejo,47,EFFA/V25,10
2025,10,Outubro,Autos,Varejo,48,VW/TAOS,319
2025,10,Outubro,Com. Leves,Varejo,48,FOTON/EWONDER,10
2025,10,Outubro,Autos,Varejo,49,BYD/SEAL,296
2025,10,Outubro,Com. Leves,Varejo,49,RAM/2500,10
2025,10,Outubro,Autos,Varejo,50,FIAT/MOBI,256
2025,10,Outubro,Com. Leves,Varejo,50,M.BENZ/SPRINTER,7
2025,11,Novembro,Autos,Total,1,VW/TERA,9772
2025,11,Novembro,Com. Leves,Total,1,FIAT/STRADA,13019
2025,11,Novembro,Autos,Total,2,GM/ONIX,9524
2025,11,Novembro,Com. Leves,Total,2,VW/SAVEIRO,4796
2025,11,Novembro,Autos,Total,3,VW/POLO,9381
2025,11,Novembro,Com. Leves,Total,3,FIAT/TORO,4268
2025,11,Novembro,Autos,Total,4,VW/T CROSS,9016
2025,11,Novembro,Com. Leves,Total,4,TOYOTA/HILUX,4047
2025,11,Novembro,Autos,Total,5,FIAT/ARGO,8386
2025,11,Novembro,Com. Leves,Total,5,GM/S10,2998
2025,11,Novembro,Autos,Total,6,HYUNDAI/CRETA,7689
2025,11,Novembro,Com. Leves,Total,6,FORD/RANGER,2676
2025,11,Novembro,Autos,Total,7,HYUNDAI/HB20,7640
2025,11,Novembro,Com. Leves,Total,7,RAM/RAMPAGE,2423
2025,11,Novembro,Autos,Total,8,RENAULT/KWID,7302
2025,11,Novembro,Com. Leves,Total,8,FIAT/FIORINO,1399
2025,11,Novembro,Autos,Total,9,FIAT/MOBI,7188
2025,11,Novembro,Com. Leves,Total,9,GM/MONTANA,1375
2025,11,Novembro,Autos,Total,10,GM/ONIX PLUS,5995
2025,11,Novembro,Com. Leves,Total,10,RENAULT/MASTER,1139
2025,11,Novembro,Autos,Total,11,JEEP/COMPASS,5889
2025,11,Novembro,Com. Leves,Total,11,MITSUBISHI/TRITON,1045
2025,11,Novembro,Autos,Total,12,NISSAN/KICKS,5646
2025,11,Novembro,Com. Leves,Total,12,RENAULT/OROCH,961
2025,11,Novembro,Autos,Total,13,HONDA/HR-V,4963
2025,11,Novembro,Com. Leves,Total,13,RENAULT/KANGOO,491
2025,11,Novembro,Autos,Total,14,GM/TRACKER,4528
2025,11,Novembro,Com. Leves,Total,14,FIAT/TITANO,378
2025,11,Novembro,Autos,Total,15,HYUNDAI/HB20S,4425
2025,11,Novembro,Com. Leves,Total,15,FORD/MAVERICK,370
2025,11,Novembro,Autos,Total,16,FIAT/FASTBACK,4381
2025,11,Novembro,Com. Leves,Total,16,GWM/POER,331
2025,11,Novembro,Autos,Total,17,BYD/SONG,4380
2025,11,Novembro,Com. Leves,Total,17,VW/AMAROK,326
2025,11,Novembro,Autos,Total,18,JEEP/RENEGADE,4230
2025,11,Novembro,Com. Leves,Total,18,FIAT/SCUDO,325
2025,11,Novembro,Autos,Total,19,CAOA CHERY/TIGGO 7,4060
2025,11,Novembro,Com. Leves,Total,19,VW TRUCK E BUS/EXPRESS,217
2025,11,Novembro,Autos,Total,20,VW/VIRTUS,3285
2025,11,Novembro,Com. Leves,Total,20,IVECO/DAILY,205
2025,11,Novembro,Autos,Total,21,GWM/HAVAL H6,3215
2025,11,Novembro,Com. Leves,Total,21,KIA/K2500,194
2025,11,Novembro,Autos,Total,22,FIAT/PULSE,3213
2025,11,Novembro,Com. Leves,Total,22,EFFA/V21,185
2025,11,Novembro,Autos,Total,23,VW/NIVUS,3124
2025,11,Novembro,Com. Leves,Total,23,FORD/TRANSIT,175
2025,11,Novembro,Autos,Total,24,BYD/DOLPHIN MINI,2881
2025,11,Novembro,Com. Leves,Total,24,FIAT/DUCATO,167
2025,11,Novembro,Autos,Total,25,FIAT/CRONOS,2375
2025,11,Novembro,Com. Leves,Total,25,KIA/UK2500,164
2025,11,Novembro,Autos,Total,26,GM/SPIN,2317
2025,11,Novembro,Com. Leves,Total,26,PEUGEOT/EXPERT,140
2025,11,Novembro,Autos,Total,27,JEEP/COMMANDER,1830
2025,11,Novembro,Com. Leves,Total,27,IVECO/DAILY 30-130,132
2025,11,Novembro,Autos,Total,28,RENAULT/DUSTER,1789
2025,11,Novembro,Com. Leves,Total,28,GM/SILVERADO,121
2025,11,Novembro,Autos,Total,29,CAOA CHERY/TIGGO 8,1501
2025,11,Novembro,Com. Leves,Total,29,FORD/F150,89
2025,11,Novembro,Autos,Total,30,TOYOTA/COROLLA CROSS,1465
2025,11,Novembro,Com. Leves,Total,30,BYD/SHARK,82
2025,11,Novembro,Autos,Total,31,CAOA CHERY/TIGGO 5X,1437
2025,11,Novembro,Com. Leves,Total,31,RAM/3500,81
2025,11,Novembro,Autos,Total,32,TOYOTA/HILUX SW4,1432
2025,11,Novembro,Com. Leves,Total,32,HYUNDAI/HR,78
2025,11,Novembro,Autos,Total,33,CITROEN/BASALT,1404
2025,11,Novembro,Com. Leves,Total,33,FOTON/AUMARK S 315,75
2025,11,Novembro,Autos,Total,34,CITROEN/C3,1368
2025,11,Novembro,Com. Leves,Total,34,NISSAN/FRONTIER,74
2025,11,Novembro,Autos,Total,35,HONDA/WR-V,1342
2025,11,Novembro,Com. Leves,Total,35,M.BENZ/SPRINTER 317,58
2025,11,Novembro,Autos,Total,36,HONDA/CITY,1292
2025,11,Novembro,Com. Leves,Total,36,CITROEN/JUMPY,54
2025,11,Novembro,Autos,Total,37,HONDA/CITY HATCH,1269
2025,11,Novembro,Com. Leves,Total,37,FOTON/TUNLAND,54
2025,11,Novembro,Autos,Total,38,RENAULT/KARDIAN,1097
2025,11,Novembro,Com. Leves,Total,38,TOYOTA/HIACE,49
2025,11,Novembro,Autos,Total,39,FORD/TERRITORY,1058
2025,11,Novembro,Com. Leves,Total,39,SHINERAY/TLUX,4
2025,11,Novembro,Autos,Total,40,TOYOTA/COROLLA,1034
2025,11,Novembro,Com. Leves,Total,40,PEUGEOT/PARTNER,43
2025,11,Novembro,Autos,Total,41,MITSUBISHI/ECLIPSE CROSS,899
2025,11,Novembro,Com. Leves,Total,41,M.BENZ/SPRINTER 417,37
2025,11,Novembro,Autos,Total,42,BYD/KING,857
2025,11,Novembro,Com. Leves,Total,42,JAC/HUNTER,31
2025,11,Novembro,Autos,Total,43,GEELY/EX2,835
2025,11,Novembro,Com. Leves,Total,43,EFFA/V22,29
2025,11,Novembro,Autos,Total,44,BYD/DOLPHIN,802
2025,11,Novembro,Com. Leves,Total,44,RAM/2500,23
2025,11,Novembro,Autos,Total,45,PEUGEOT/208,674
2025,11,Novembro,Com. Leves,Total,45,MITSUBISHI/L200,21
2025,11,Novembro,Autos,Total,46,PEUGEOT/2008,654
2025,11,Novembro,Com. Leves,Total,46,CITROEN/JUMPER,20
2025,11,Novembro,Autos,Total,47,RENAULT/BOREAL,586
2025,11,Novembro,Com. Leves,Total,47,PEUGEOT/BOXER,18
2025,11,Novembro,Autos,Total,48,GWM/HAVAL H9,570
2025,11,Novembro,Com. Leves,Total,48,RAM/1500,18
2025,11,Novembro,Autos,Total,49,OMODA JAECOO/JAECOO 7,564
2025,11,Novembro,Com. Leves,Total,49,IVECO/DAILY 35-180,17
2025,11,Novembro,Autos,Total,50,OMODA JAECOO/OMODA 5,504
2025,11,Novembro,Com. Leves,Total,50,FEVER/ORCA,14
2025,11,Novembro,Autos,Direta,1,VW/T CROSS,7178
2025,11,Novembro,Com. Leves,Direta,1,FIAT/STRADA,9387
2025,11,Novembro,Autos,Direta,2,FIAT/MOBI,7026
2025,11,Novembro,Com. Leves,Direta,2,VW/SAVEIRO,4609
2025,11,Novembro,Autos,Direta,3,RENAULT/KWID,7004
2025,11,Novembro,Com. Leves,Direta,3,TOYOTA/HILUX,2481
2025,11,Novembro,Autos,Direta,4,VW/POLO,6342
2025,11,Novembro,Com. Leves,Direta,4,FIAT/TORO,2417
2025,11,Novembro,Autos,Direta,5,FIAT/ARGO,5752
2025,11,Novembro,Com. Leves,Direta,5,GM/S10,2409
2025,11,Novembro,Autos,Direta,6,GM/ONIX,5714
2025,11,Novembro,Com. Leves,Direta,6,RAM/RAMPAGE,1940
2025,11,Novembro,Autos,Direta,7,VW/TERA,5173
2025,11,Novembro,Com. Leves,Direta,7,FIAT/FIORINO,1233
2025,11,Novembro,Autos,Direta,8,GM/ONIX PLUS,5154
2025,11,Novembro,Com. Leves,Direta,8,GM/MONTANA,1047
2025,11,Novembro,Autos,Direta,9,HYUNDAI/HB20,4496
2025,11,Novembro,Com. Leves,Direta,9,RENAULT/OROCH,823
2025,11,Novembro,Autos,Direta,10,JEEP/COMPASS,3759
2025,11,Novembro,Com. Leves,Direta,10,FORD/RANGER,784
2025,11,Novembro,Autos,Direta,11,HYUNDAI/HB20S,3477
2025,11,Novembro,Com. Leves,Direta,11,RENAULT/MASTER,755
2025,11,Novembro,Autos,Direta,12,HYUNDAI/CRETA,3113
2025,11,Novembro,Com. Leves,Direta,12,RENAULT/KANGOO,483
2025,11,Novembro,Autos,Direta,13,NISSAN/KICKS,2974
2025,11,Novembro,Com. Leves,Direta,13,MITSUBISHI/TRITON,355
2025,11,Novembro,Autos,Direta,14,JEEP/RENEGADE,2878
2025,11,Novembro,Com. Leves,Direta,14,FIAT/TITANO,284
2025,11,Novembro,Autos,Direta,15,VW/VIRTUS,2400
2025,11,Novembro,Com. Leves,Direta,15,VW/AMAROK,281
2025,11,Novembro,Autos,Direta,16,FIAT/CRONOS,1792
2025,11,Novembro,Com. Leves,Direta,16,FIAT/SCUDO,257
2025,11,Novembro,Autos,Direta,17,GM/SPIN,1791
2025,11,Novembro,Com. Leves,Direta,17,FORD/TRANSIT,157
2025,11,Novembro,Autos,Direta,18,FIAT/FASTBACK,1460
2025,11,Novembro,Com. Leves,Direta,18,IVECO/DAILY,147
2025,11,Novembro,Autos,Direta,19,GM/TRACKER,1397
2025,11,Novembro,Com. Leves,Direta,19,FIAT/DUCATO,146
2025,11,Novembro,Autos,Direta,20,JEEP/COMMANDER,1385
2025,11,Novembro,Com. Leves,Direta,20,HYUNDAI/HR,75
2025,11,Novembro,Autos,Direta,21,CITROEN/BASALT,1372
2025,11,Novembro,Com. Leves,Direta,21,RAM/3500,75
2025,11,Novembro,Autos,Direta,22,FIAT/PULSE,1230
2025,11,Novembro,Com. Leves,Direta,22,NISSAN/FRONTIER,61
2025,11,Novembro,Autos,Direta,23,RENAULT/DUSTER,1213
2025,11,Novembro,Com. Leves,Direta,23,VW TRUCK E BUS/EXPRESS,53
2025,11,Novembro,Autos,Direta,24,HONDA/HR-V,1184
2025,11,Novembro,Com. Leves,Direta,24,GWM/POER,52
2025,11,Novembro,Autos,Direta,25,CITROEN/C3,1047
2025,11,Novembro,Com. Leves,Direta,25,FORD/MAVERICK,49
2025,11,Novembro,Autos,Direta,26,BYD/SONG,785
2025,11,Novembro,Com. Leves,Direta,26,IVECO/DAILY 30-130,4
2025,11,Novembro,Autos,Direta,27,PEUGEOT/2008,626
2025,11,Novembro,Com. Leves,Direta,27,BYD/SHARK,30
2025,11,Novembro,Autos,Direta,28,HONDA/CITY,613
2025,11,Novembro,Com. Leves,Direta,28,PEUGEOT/PARTNER,24
2025,11,Novembro,Autos,Direta,29,PEUGEOT/208,574
2025,11,Novembro,Com. Leves,Direta,29,RAM/2500,17
2025,11,Novembro,Autos,Direta,30,TOYOTA/COROLLA,546
2025,11,Novembro,Com. Leves,Direta,30,GM/SILVERADO,15
2025,11,Novembro,Autos,Direta,31,GWM/HAVAL H6,533
2025,11,Novembro,Com. Leves,Direta,31,MITSUBISHI/L200,15
2025,11,Novembro,Autos,Direta,32,VW/NIVUS,416
2025,11,Novembro,Com. Leves,Direta,32,FORD/F150,6
2025,11,Novembro,Autos,Direta,33,CAOA CHERY/TIGGO 5X,393
2025,11,Novembro,Com. Leves,Direta,33,KIA/K2500,5
2025,11,Novembro,Autos,Direta,34,HONDA/CITY HATCH,390
2025,11,Novembro,Com. Leves,Direta,34,KIA/UK2500,3
2025,11,Novembro,Autos,Direta,35,GWM/HAVAL H9,351
2025,11,Novembro,Com. Leves,Direta,35,TOYOTA/HIACE,2
2025,11,Novembro,Autos,Direta,36,RENAULT/BOREAL,346
2025,11,Novembro,Com. Leves,Direta,36,RAM/1500,2
2025,11,Novembro,Autos,Direta,37,CITROEN/AIRCROSS,310
2025,11,Novembro,Com. Leves,Direta,37,IVECO/DAILY 35-180,1
2025,11,Novembro,Autos,Direta,38,VOLVO/XC60,283
2025,11,Novembro,Com. Leves,Direta,38,RENAULT/KWID,1
2025,11,Novembro,Autos,Direta,39,TOYOTA/COROLLA CROSS,243
2025,11,Novembro,Com. Leves,Direta,39,VW/KOMBI,1
2025,11,Novembro,Autos,Direta,40,BYD/DOLPHIN MINI,228
2025,11,Novembro,Autos,Direta,41,TOYOTA/HILUX SW4,227
2025,11,Novembro,Autos,Direta,42,HONDA/WR-V,224
2025,11,Novembro,Autos,Direta,43,RENAULT/KARDIAN,223
2025,11,Novembro,Autos,Direta,44,BYD/KING,191
2025,11,Novembro,Autos,Direta,45,NISSAN/SENTRA,179
2025,11,Novembro,Autos,Direta,46,VOLVO/EX30,179
2025,11,Novembro,Autos,Direta,47,CAOA CHERY/TIGGO 7,177
2025,11,Novembro,Autos,Direta,48,VW/TAOS,163
2025,11,Novembro,Autos,Direta,49,GWM/ORA 03,134
2025,11,Novembro,Autos,Direta,50,GM/TRAILBLAZER,124
2025,11,Novembro,Autos,Varejo,1,VW/TERA,4599
2025,11,Novembro,Com. Leves,Varejo,1,FIAT/STRADA,3632
2025,11,Novembro,Autos,Varejo,2,HYUNDAI/CRETA,4576
2025,11,Novembro,Com. Leves,Varejo,2,FORD/RANGER,1892
2025,11,Novembro,Autos,Varejo,3,CAOA CHERY/TIGGO 7,3883
2025,11,Novembro,Com. Leves,Varejo,3,FIAT/TORO,1851
2025,11,Novembro,Autos,Varejo,4,GM/ONIX,3810
2025,11,Novembro,Com. Leves,Varejo,4,TOYOTA/HILUX,1566
2025,11,Novembro,Autos,Varejo,5,HONDA/HR-V,3779
2025,11,Novembro,Com. Leves,Varejo,5,MITSUBISHI/TRITON,690
2025,11,Novembro,Autos,Varejo,6,BYD/SONG,3595
2025,11,Novembro,Com. Leves,Varejo,6,GM/S10,589
2025,11,Novembro,Autos,Varejo,7,HYUNDAI/HB20,3144
2025,11,Novembro,Com. Leves,Varejo,7,RAM/RAMPAGE,483
2025,11,Novembro,Autos,Varejo,8,GM/TRACKER,3131
2025,11,Novembro,Com. Leves,Varejo,8,RENAULT/MASTER,384
2025,11,Novembro,Autos,Varejo,9,VW/POLO,3039
2025,11,Novembro,Com. Leves,Varejo,9,GM/MONTANA,328
2025,11,Novembro,Autos,Varejo,10,FIAT/FASTBACK,2921
2025,11,Novembro,Com. Leves,Varejo,10,FORD/MAVERICK,321
2025,11,Novembro,Autos,Varejo,11,VW/NIVUS,2708
2025,11,Novembro,Com. Leves,Varejo,11,GWM/POER,279
2025,11,Novembro,Autos,Varejo,12,GWM/HAVAL H6,2682
2025,11,Novembro,Com. Leves,Varejo,12,KIA/K2500,189
2025,11,Novembro,Autos,Varejo,13,NISSAN/KICKS,2672
2025,11,Novembro,Com. Leves,Varejo,13,VW/SAVEIRO,187
2025,11,Novembro,Autos,Varejo,14,BYD/DOLPHIN MINI,2653
2025,11,Novembro,Com. Leves,Varejo,14,EFFA/V21,185
2025,11,Novembro,Autos,Varejo,15,FIAT/ARGO,2634
2025,11,Novembro,Com. Leves,Varejo,15,FIAT/FIORINO,166
2025,11,Novembro,Autos,Varejo,16,JEEP/COMPASS,2130
2025,11,Novembro,Com. Leves,Varejo,16,VW TRUCK E BUS/EXPRESS,164
2025,11,Novembro,Autos,Varejo,17,FIAT/PULSE,1983
2025,11,Novembro,Com. Leves,Varejo,17,KIA/UK2500,161
2025,11,Novembro,Autos,Varejo,18,VW/T CROSS,1838
2025,11,Novembro,Com. Leves,Varejo,18,PEUGEOT/EXPERT,140
2025,11,Novembro,Autos,Varejo,19,CAOA CHERY/TIGGO 8,1493
2025,11,Novembro,Com. Leves,Varejo,19,RENAULT/OROCH,138
2025,11,Novembro,Autos,Varejo,20,JEEP/RENEGADE,1352
2025,11,Novembro,Com. Leves,Varejo,20,GM/SILVERADO,106
2025,11,Novembro,Autos,Varejo,21,TOYOTA/COROLLA CROSS,1222
2025,11,Novembro,Com. Leves,Varejo,21,FIAT/TITANO,94
2025,11,Novembro,Autos,Varejo,22,TOYOTA/HILUX SW4,1205
2025,11,Novembro,Com. Leves,Varejo,22,IVECO/DAILY 30-130,8
2025,11,Novembro,Autos,Varejo,23,HONDA/WR-V,1118
2025,11,Novembro,Com. Leves,Varejo,23,FORD/F150,83
2025,11,Novembro,Autos,Varejo,24,CAOA CHERY/TIGGO 5X,1044
2025,11,Novembro,Com. Leves,Varejo,24,FOTON/AUMARK S 315,75
2025,11,Novembro,Autos,Varejo,25,FORD/TERRITORY,960
2025,11,Novembro,Com. Leves,Varejo,25,FIAT/SCUDO,68
2025,11,Novembro,Autos,Varejo,26,HYUNDAI/HB20S,948
2025,11,Novembro,Com. Leves,Varejo,26,IVECO/DAILY,58
2025,11,Novembro,Autos,Varejo,27,VW/VIRTUS,885
2025,11,Novembro,Com. Leves,Varejo,27,M.BENZ/SPRINTER 317,58
2025,11,Novembro,Autos,Varejo,28,HONDA/CITY HATCH,879
2025,11,Novembro,Com. Leves,Varejo,28,CITROEN/JUMPY,54
2025,11,Novembro,Autos,Varejo,29,RENAULT/KARDIAN,874
2025,11,Novembro,Com. Leves,Varejo,29,FOTON/TUNLAND,54
2025,11,Novembro,Autos,Varejo,30,GM/ONIX PLUS,841
2025,11,Novembro,Com. Leves,Varejo,30,BYD/SHARK,52
2025,11,Novembro,Autos,Varejo,31,MITSUBISHI/ECLIPSE CROSS,821
2025,11,Novembro,Com. Leves,Varejo,31,TOYOTA/HIACE,47
2025,11,Novembro,Autos,Varejo,32,GEELY/EX2,748
2025,11,Novembro,Com. Leves,Varejo,32,VW/AMAROK,45
2025,11,Novembro,Autos,Varejo,33,BYD/DOLPHIN,686
2025,11,Novembro,Com. Leves,Varejo,33,SHINERAY/TLUX,4
2025,11,Novembro,Autos,Varejo,34,HONDA/CITY,679
2025,11,Novembro,Com. Leves,Varejo,34,M.BENZ/SPRINTER 417,37
2025,11,Novembro,Autos,Varejo,35,BYD/KING,666
2025,11,Novembro,Com. Leves,Varejo,35,JAC/HUNTER,31
2025,11,Novembro,Autos,Varejo,36,FIAT/CRONOS,583
2025,11,Novembro,Com. Leves,Varejo,36,EFFA/V22,29
2025,11,Novembro,Autos,Varejo,37,RENAULT/DUSTER,576
2025,11,Novembro,Com. Leves,Varejo,37,FIAT/DUCATO,21
2025,11,Novembro,Autos,Varejo,38,OMODA JAECOO/JAECOO 7,564
2025,11,Novembro,Com. Leves,Varejo,38,CITROEN/JUMPER,20
2025,11,Novembro,Autos,Varejo,39,GM/SPIN,526
2025,11,Novembro,Com. Leves,Varejo,39,PEUGEOT/PARTNER,19
2025,11,Novembro,Autos,Varejo,40,OMODA JAECOO/OMODA 5,504
2025,11,Novembro,Com. Leves,Varejo,40,FORD/TRANSIT,18
2025,11,Novembro,Autos,Varejo,41,TOYOTA/COROLLA,488
2025,11,Novembro,Com. Leves,Varejo,41,PEUGEOT/BOXER,18
2025,11,Novembro,Autos,Varejo,42,JEEP/COMMANDER,445
2025,11,Novembro,Com. Leves,Varejo,42,IVECO/DAILY 35-180,16
2025,11,Novembro,Autos,Varejo,43,BYD/YUAN,418
2025,11,Novembro,Com. Leves,Varejo,43,RAM/1500,16
2025,11,Novembro,Autos,Varejo,44,VW/JETTA,384
2025,11,Novembro,Com. Leves,Varejo,44,FEVER/ORCA,14
2025,11,Novembro,Autos,Varejo,45,GWM/TANK 300,367
2025,11,Novembro,Com. Leves,Varejo,45,NISSAN/FRONTIER,13
2025,11,Novembro,Autos,Varejo,46,GAC/GS4,355
2025,11,Novembro,Com. Leves,Varejo,46,M.BENZ/SPRINTER,1
2025,11,Novembro,Autos,Varejo,47,NISSAN/VERSA,354
2025,11,Novembro,Com. Leves,Varejo,47,EFFA/V25,10
2025,11,Novembro,Autos,Varejo,48,BMW/X1,350
2025,11,Novembro,Com. Leves,Varejo,48,RENAULT/KANGOO,8
2025,11,Novembro,Autos,Varejo,49,CITROEN/C3,321
2025,11,Novembro,Com. Leves,Varejo,49,M.BENZ/SPRINTER 315,6
2025,11,Novembro,Autos,Varejo,50,BMW/320I,317
2025,11,Novembro,Com. Leves,Varejo,50,MITSUBISHI/L200,6
2025,12,Dezembro,Autos,Total,1,VW/T CROSS,10721
2025,12,Dezembro,Com. Leves,Total,1,FIAT/STRADA,14536
2025,12,Dezembro,Autos,Total,2,VW/TERA,10448
2025,12,Dezembro,Com. Leves,Total,2,VW/SAVEIRO,8165
2025,12,Dezembro,Autos,Total,3,VW/POLO,10434
2025,12,Dezembro,Com. Leves,Total,3,FIAT/TORO,6275
2025,12,Dezembro,Autos,Total,4,FIAT/ARGO,10256
2025,12,Dezembro,Com. Leves,Total,4,TOYOTA/HILUX,4319
2025,12,Dezembro,Autos,Total,5,HYUNDAI/HB20,8928
2025,12,Dezembro,Com. Leves,Total,5,GM/S10,3583
2025,12,Dezembro,Autos,Total,6,HYUNDAI/CRETA,8160
2025,12,Dezembro,Com. Leves,Total,6,FORD/RANGER,3255
2025,12,Dezembro,Autos,Total,7,GM/ONIX,7995
2025,12,Dezembro,Com. Leves,Total,7,RAM/RAMPAGE,3055
2025,12,Dezembro,Autos,Total,8,BYD/SONG,7475
2025,12,Dezembro,Com. Leves,Total,8,FIAT/FIORINO,2106
2025,12,Dezembro,Autos,Total,9,GM/ONIX PLUS,6642
2025,12,Dezembro,Com. Leves,Total,9,GM/MONTANA,1538
2025,12,Dezembro,Autos,Total,10,JEEP/COMPASS,6640
2025,12,Dezembro,Com. Leves,Total,10,RENAULT/MASTER,1316
2025,12,Dezembro,Autos,Total,11,NISSAN/KICKS,6433
2025,12,Dezembro,Com. Leves,Total,11,RENAULT/OROCH,1229
2025,12,Dezembro,Autos,Total,12,FIAT/MOBI,6432
2025,12,Dezembro,Com. Leves,Total,12,MITSUBISHI/TRITON,1222
2025,12,Dezembro,Autos,Total,13,GM/TRACKER,6242
2025,12,Dezembro,Com. Leves,Total,13,FORD/MAVERICK,738
2025,12,Dezembro,Autos,Total,14,RENAULT/KWID,5784
2025,12,Dezembro,Com. Leves,Total,14,FIAT/TITANO,674
2025,12,Dezembro,Autos,Total,15,FIAT/FASTBACK,5506
2025,12,Dezembro,Com. Leves,Total,15,RENAULT/KANGOO,384
2025,12,Dezembro,Autos,Total,16,CAOA CHERY/TIGGO 7,4944
2025,12,Dezembro,Com. Leves,Total,16,VW/AMAROK,363
2025,12,Dezembro,Autos,Total,17,HONDA/HR-V,4401
2025,12,Dezembro,Com. Leves,Total,17,GWM/POER,339
2025,12,Dezembro,Autos,Total,18,VW/NIVUS,4213
2025,12,Dezembro,Com. Leves,Total,18,FIAT/SCUDO,313
2025,12,Dezembro,Autos,Total,19,JEEP/RENEGADE,4152
2025,12,Dezembro,Com. Leves,Total,19,FIAT/DUCATO,240
2025,12,Dezembro,Autos,Total,20,FIAT/PULSE,4114
2025,12,Dezembro,Com. Leves,Total,20,KIA/K2500,210
2025,12,Dezembro,Autos,Total,21,BYD/DOLPHIN MINI,3889
2025,12,Dezembro,Com. Leves,Total,21,VW TRUCK E BUS/EXPRESS,195
2025,12,Dezembro,Autos,Total,22,GWM/HAVAL H6,3381
2025,12,Dezembro,Com. Leves,Total,22,GM/SILVERADO,191
2025,12,Dezembro,Autos,Total,23,HYUNDAI/HB20S,3303
2025,12,Dezembro,Com. Leves,Total,23,PEUGEOT/EXPERT,178
2025,12,Dezembro,Autos,Total,24,HONDA/WR-V,3229
2025,12,Dezembro,Com. Leves,Total,24,EFFA/V21,177
2025,12,Dezembro,Autos,Total,25,CITROEN/BASALT,2980
2025,12,Dezembro,Com. Leves,Total,25,IVECO/DAILY 30-130,165
2025,12,Dezembro,Autos,Total,26,FIAT/CRONOS,2883
2025,12,Dezembro,Com. Leves,Total,26,IVECO/DAILY,161
2025,12,Dezembro,Autos,Total,27,TOYOTA/COROLLA CROSS,2628
2025,12,Dezembro,Com. Leves,Total,27,FORD/TRANSIT,144
2025,12,Dezembro,Autos,Total,28,JEEP/COMMANDER,2555
2025,12,Dezembro,Com. Leves,Total,28,BYD/SHARK,129
2025,12,Dezembro,Autos,Total,29,VW/VIRTUS,2425
2025,12,Dezembro,Com. Leves,Total,29,CITROEN/JUMPY,126
2025,12,Dezembro,Autos,Total,30,BYD/DOLPHIN,2347
2025,12,Dezembro,Com. Leves,Total,30,FORD/F150,106
2025,12,Dezembro,Autos,Total,31,GM/SPIN,2331
2025,12,Dezembro,Com. Leves,Total,31,M.BENZ/SPRINTER 317,97
2025,12,Dezembro,Autos,Total,32,TOYOTA/COROLLA,2272
2025,12,Dezembro,Com. Leves,Total,32,FOTON/AUMARK S 315,82
2025,12,Dezembro,Autos,Total,33,TOYOTA/HILUX SW4,1913
2025,12,Dezembro,Com. Leves,Total,33,TOYOTA/HIACE,80
2025,12,Dezembro,Autos,Total,34,CAOA CHERY/TIGGO 8,1651
2025,12,Dezembro,Com. Leves,Total,34,KIA/UK2500,7
2025,12,Dezembro,Autos,Total,35,RENAULT/DUSTER,1647
2025,12,Dezembro,Com. Leves,Total,35,NISSAN/FRONTIER,70
2025,12,Dezembro,Autos,Total,36,HONDA/CITY,1618
2025,12,Dezembro,Com. Leves,Total,36,SHINERAY/TLUX,51
2025,12,Dezembro,Autos,Total,37,PEUGEOT/208,1600
2025,12,Dezembro,Com. Leves,Total,37,RAM/3500,51
2025,12,Dezembro,Autos,Total,38,GEELY/EX2,1557
2025,12,Dezembro,Com. Leves,Total,38,HYUNDAI/HR,47
2025,12,Dezembro,Autos,Total,39,HONDA/CITY HATCH,1493
2025,12,Dezembro,Com. Leves,Total,39,JAC/HUNTER,47
2025,12,Dezembro,Autos,Total,40,RENAULT/BOREAL,1384
2025,12,Dezembro,Com. Leves,Total,40,PEUGEOT/PARTNER,40
2025,12,Dezembro,Autos,Total,41,CITROEN/C3,1344
2025,12,Dezembro,Com. Leves,Total,41,EFFA/V22,40
2025,12,Dezembro,Autos,Total,42,RENAULT/KARDIAN,1161
2025,12,Dezembro,Com. Leves,Total,42,M.BENZ/SPRINTER 417,36
2025,12,Dezembro,Autos,Total,43,FORD/TERRITORY,1115
2025,12,Dezembro,Com. Leves,Total,43,MITSUBISHI/L200,29
2025,12,Dezembro,Autos,Total,44,PEUGEOT/2008,1029
2025,12,Dezembro,Com. Leves,Total,44,M.BENZ/ESPRINTER 320,27
2025,12,Dezembro,Autos,Total,45,OMODA JAECOO/JAECOO 7,997
2025,12,Dezembro,Com. Leves,Total,45,FOTON/TUNLAND,24
2025,12,Dezembro,Autos,Total,46,BYD/KING,956
2025,12,Dezembro,Com. Leves,Total,46,RAM/2500,23
2025,12,Dezembro,Autos,Total,47,MITSUBISHI/ECLIPSE CROSS,836
2025,12,Dezembro,Com. Leves,Total,47,CITROEN/JUMPER,16
2025,12,Dezembro,Autos,Total,48,OMODA JAECOO/OMODA 5,791
2025,12,Dezembro,Com. Leves,Total,48,RAM/1500,14
2025,12,Dezembro,Autos,Total,49,GWM/HAVAL H9,774
2025,12,Dezembro,Com. Leves,Total,49,M.BENZ/SPRINTER,13
2025,12,Dezembro,Autos,Total,50,NISSAN/VERSA,715
2025,12,Dezembro,Com. Leves,Total,50,PEUGEOT/BOXER,12
2025,12,Dezembro,Autos,Direta,1,VW/T CROSS,7788
2025,12,Dezembro,Com. Leves,Direta,1,FIAT/STRADA,10376
2025,12,Dezembro,Autos,Direta,2,FIAT/ARGO,7405
2025,12,Dezembro,Com. Leves,Direta,2,VW/SAVEIRO,7950
2025,12,Dezembro,Autos,Direta,3,VW/POLO,6381
2025,12,Dezembro,Com. Leves,Direta,3,FIAT/TORO,3692
2025,12,Dezembro,Autos,Direta,4,FIAT/MOBI,6254
2025,12,Dezembro,Com. Leves,Direta,4,GM/S10,2673
2025,12,Dezembro,Autos,Direta,5,RENAULT/KWID,5423
2025,12,Dezembro,Com. Leves,Direta,5,RAM/RAMPAGE,2510
2025,12,Dezembro,Autos,Direta,6,GM/ONIX PLUS,5364
2025,12,Dezembro,Com. Leves,Direta,6,TOYOTA/HILUX,2129
2025,12,Dezembro,Autos,Direta,7,HYUNDAI/HB20,5258
2025,12,Dezembro,Com. Leves,Direta,7,FIAT/FIORINO,1933
2025,12,Dezembro,Autos,Direta,8,JEEP/COMPASS,4227
2025,12,Dezembro,Com. Leves,Direta,8,GM/MONTANA,1119
2025,12,Dezembro,Autos,Direta,9,VW/TERA,4203
2025,12,Dezembro,Com. Leves,Direta,9,RENAULT/OROCH,1041
2025,12,Dezembro,Autos,Direta,10,GM/ONIX,3486
2025,12,Dezembro,Com. Leves,Direta,10,RENAULT/MASTER,897
2025,12,Dezembro,Autos,Direta,11,NISSAN/KICKS,2993
2025,12,Dezembro,Com. Leves,Direta,11,FORD/RANGER,708
2025,12,Dezembro,Autos,Direta,12,CITROEN/BASALT,2866
2025,12,Dezembro,Com. Leves,Direta,12,FIAT/TITANO,526
2025,12,Dezembro,Autos,Direta,13,HYUNDAI/CRETA,2851
2025,12,Dezembro,Com. Leves,Direta,13,MITSUBISHI/TRITON,463
2025,12,Dezembro,Autos,Direta,14,JEEP/RENEGADE,2582
2025,12,Dezembro,Com. Leves,Direta,14,RENAULT/KANGOO,366
2025,12,Dezembro,Autos,Direta,15,HYUNDAI/HB20S,2230
2025,12,Dezembro,Com. Leves,Direta,15,VW/AMAROK,310
2025,12,Dezembro,Autos,Direta,16,JEEP/COMMANDER,2112
2025,12,Dezembro,Com. Leves,Direta,16,FIAT/SCUDO,248
2025,12,Dezembro,Autos,Direta,17,FIAT/CRONOS,1960
2025,12,Dezembro,Com. Leves,Direta,17,FORD/MAVERICK,241
2025,12,Dezembro,Autos,Direta,18,FIAT/FASTBACK,1814
2025,12,Dezembro,Com. Leves,Direta,18,FIAT/DUCATO,192
2025,12,Dezembro,Autos,Direta,19,FIAT/PULSE,1644
2025,12,Dezembro,Com. Leves,Direta,19,IVECO/DAILY,117
2025,12,Dezembro,Autos,Direta,20,GM/SPIN,1537
2025,12,Dezembro,Com. Leves,Direta,20,FORD/TRANSIT,108
2025,12,Dezembro,Autos,Direta,21,PEUGEOT/208,1439
2025,12,Dezembro,Com. Leves,Direta,21,IVECO/DAILY 30-130,85
2025,12,Dezembro,Autos,Direta,22,VW/VIRTUS,1426
2025,12,Dezembro,Com. Leves,Direta,22,VW TRUCK E BUS/EXPRESS,60
2025,12,Dezembro,Autos,Direta,23,TOYOTA/COROLLA,1399
2025,12,Dezembro,Com. Leves,Direta,23,GWM/POER,57
2025,12,Dezembro,Autos,Direta,24,GM/TRACKER,1173
2025,12,Dezembro,Com. Leves,Direta,24,BYD/SHARK,5
2025,12,Dezembro,Autos,Direta,25,RENAULT/DUSTER,1104
2025,12,Dezembro,Com. Leves,Direta,25,RAM/3500,48
2025,12,Dezembro,Autos,Direta,26,HONDA/HR-V,1076
2025,12,Dezembro,Com. Leves,Direta,26,HYUNDAI/HR,47
2025,12,Dezembro,Autos,Direta,27,CITROEN/C3,1017
2025,12,Dezembro,Com. Leves,Direta,27,NISSAN/FRONTIER,46
2025,12,Dezembro,Autos,Direta,28,PEUGEOT/2008,963
2025,12,Dezembro,Com. Leves,Direta,28,MITSUBISHI/L200,27
2025,12,Dezembro,Autos,Direta,29,HONDA/CITY,819
2025,12,Dezembro,Com. Leves,Direta,29,PEUGEOT/PARTNER,26
2025,12,Dezembro,Autos,Direta,30,GWM/HAVAL H6,782
2025,12,Dezembro,Com. Leves,Direta,30,GM/SILVERADO,25
2025,12,Dezembro,Autos,Direta,31,BYD/SONG,742
2025,12,Dezembro,Com. Leves,Direta,31,RAM/2500,15
2025,12,Dezembro,Autos,Direta,32,RENAULT/BOREAL,604
2025,12,Dezembro,Com. Leves,Direta,32,KIA/K2500,6
2025,12,Dezembro,Autos,Direta,33,VW/NIVUS,585
2025,12,Dezembro,Com. Leves,Direta,33,FORD/F150,5
2025,12,Dezembro,Autos,Direta,34,BYD/DOLPHIN,496
2025,12,Dezembro,Com. Leves,Direta,34,TOYOTA/HIACE,5
2025,12,Dezembro,Autos,Direta,35,CAOA CHERY/TIGGO 7,472
2025,12,Dezembro,Com. Leves,Direta,35,RENAULT/KWID,3
2025,12,Dezembro,Autos,Direta,36,HONDA/CITY HATCH,452
2025,12,Dezembro,Com. Leves,Direta,36,RAM/1500,2
2025,12,Dezembro,Autos,Direta,37,VOLVO/XC60,444
2025,12,Dezembro,Com. Leves,Direta,37,IVECO/DAILY 35-180,1
2025,12,Dezembro,Autos,Direta,38,LEAPMOTOR/C10,431
2025,12,Dezembro,Com. Leves,Direta,38,KIA/UK2500,1
2025,12,Dezembro,Autos,Direta,39,CITROEN/AIRCROSS,407
2025,12,Dezembro,Autos,Direta,40,VOLVO/EX30,384
2025,12,Dezembro,Autos,Direta,41,GWM/HAVAL H9,334
2025,12,Dezembro,Autos,Direta,42,NISSAN/VERSA,286
2025,12,Dezembro,Autos,Direta,43,TOYOTA/COROLLA CROSS,253
2025,12,Dezembro,Autos,Direta,44,VW/TAOS,217
2025,12,Dezembro,Autos,Direta,45,AUDI/Q5,215
2025,12,Dezembro,Autos,Direta,46,GM/TRAILBLAZER,215
2025,12,Dezembro,Autos,Direta,47,TOYOTA/RAV4,206
2025,12,Dezembro,Autos,Direta,48,FORD/BRONCO,190
2025,12,Dezembro,Autos,Direta,49,GWM/ORA 03,188
2025,12,Dezembro,Autos,Direta,50,GM/CAPTIVA,183
2025,12,Dezembro,Autos,Varejo,1,BYD/SONG,6733
2025,12,Dezembro,Com. Leves,Varejo,1,FIAT/STRADA,4160
2025,12,Dezembro,Autos,Varejo,2,VW/TERA,6245
2025,12,Dezembro,Com. Leves,Varejo,2,FIAT/TORO,2583
2025,12,Dezembro,Autos,Varejo,3,HYUNDAI/CRETA,5309
2025,12,Dezembro,Com. Leves,Varejo,3,FORD/RANGER,2547
2025,12,Dezembro,Autos,Varejo,4,GM/TRACKER,5069
2025,12,Dezembro,Com. Leves,Varejo,4,TOYOTA/HILUX,2190
2025,12,Dezembro,Autos,Varejo,5,GM/ONIX,4509
2025,12,Dezembro,Com. Leves,Varejo,5,GM/S10,910
2025,12,Dezembro,Autos,Varejo,6,CAOA CHERY/TIGGO 7,4472
2025,12,Dezembro,Com. Leves,Varejo,6,MITSUBISHI/TRITON,759
2025,12,Dezembro,Autos,Varejo,7,VW/POLO,4053
2025,12,Dezembro,Com. Leves,Varejo,7,RAM/RAMPAGE,545
2025,12,Dezembro,Autos,Varejo,8,BYD/DOLPHIN MINI,3767
2025,12,Dezembro,Com. Leves,Varejo,8,FORD/MAVERICK,497
2025,12,Dezembro,Autos,Varejo,9,FIAT/FASTBACK,3692
2025,12,Dezembro,Com. Leves,Varejo,9,GM/MONTANA,419
2025,12,Dezembro,Autos,Varejo,10,HYUNDAI/HB20,3670
2025,12,Dezembro,Com. Leves,Varejo,10,RENAULT/MASTER,419
2025,12,Dezembro,Autos,Varejo,11,VW/NIVUS,3628
2025,12,Dezembro,Com. Leves,Varejo,11,GWM/POER,282
2025,12,Dezembro,Autos,Varejo,12,NISSAN/KICKS,3440
2025,12,Dezembro,Com. Leves,Varejo,12,VW/SAVEIRO,215
2025,12,Dezembro,Autos,Varejo,13,HONDA/HR-V,3325
2025,12,Dezembro,Com. Leves,Varejo,13,KIA/K2500,204
2025,12,Dezembro,Autos,Varejo,14,HONDA/WR-V,3179
2025,12,Dezembro,Com. Leves,Varejo,14,RENAULT/OROCH,188
2025,12,Dezembro,Autos,Varejo,15,VW/T CROSS,2933
2025,12,Dezembro,Com. Leves,Varejo,15,PEUGEOT/EXPERT,178
2025,12,Dezembro,Autos,Varejo,16,FIAT/ARGO,2851
2025,12,Dezembro,Com. Leves,Varejo,16,EFFA/V21,177
2025,12,Dezembro,Autos,Varejo,17,GWM/HAVAL H6,2599
2025,12,Dezembro,Com. Leves,Varejo,17,FIAT/FIORINO,173
2025,12,Dezembro,Autos,Varejo,18,FIAT/PULSE,2470
2025,12,Dezembro,Com. Leves,Varejo,18,GM/SILVERADO,166
2025,12,Dezembro,Autos,Varejo,19,JEEP/COMPASS,2413
2025,12,Dezembro,Com. Leves,Varejo,19,FIAT/TITANO,148
2025,12,Dezembro,Autos,Varejo,20,TOYOTA/COROLLA CROSS,2375
2025,12,Dezembro,Com. Leves,Varejo,20,VW TRUCK E BUS/EXPRESS,135
2025,12,Dezembro,Autos,Varejo,21,BYD/DOLPHIN,1851
2025,12,Dezembro,Com. Leves,Varejo,21,CITROEN/JUMPY,126
2025,12,Dezembro,Autos,Varejo,22,TOYOTA/HILUX SW4,1799
2025,12,Dezembro,Com. Leves,Varejo,22,FORD/F150,101
2025,12,Dezembro,Autos,Varejo,23,CAOA CHERY/TIGGO 8,1643
2025,12,Dezembro,Com. Leves,Varejo,23,M.BENZ/SPRINTER 317,97
2025,12,Dezembro,Autos,Varejo,24,JEEP/RENEGADE,1570
2025,12,Dezembro,Com. Leves,Varejo,24,FOTON/AUMARK S 315,82
2025,12,Dezembro,Autos,Varejo,25,GEELY/EX2,1541
2025,12,Dezembro,Com. Leves,Varejo,25,IVECO/DAILY 30-130,80
2025,12,Dezembro,Autos,Varejo,26,GM/ONIX PLUS,1278
2025,12,Dezembro,Com. Leves,Varejo,26,KIA/UK2500,76
2025,12,Dezembro,Autos,Varejo,27,HYUNDAI/HB20S,1073
2025,12,Dezembro,Com. Leves,Varejo,27,TOYOTA/HIACE,75
2025,12,Dezembro,Autos,Varejo,28,HONDA/CITY HATCH,1041
2025,12,Dezembro,Com. Leves,Varejo,28,BYD/SHARK,74
2025,12,Dezembro,Autos,Varejo,29,RENAULT/KARDIAN,1028
2025,12,Dezembro,Com. Leves,Varejo,29,FIAT/SCUDO,65
2025,12,Dezembro,Autos,Varejo,30,FORD/TERRITORY,1017
2025,12,Dezembro,Com. Leves,Varejo,30,VW/AMAROK,53
2025,12,Dezembro,Autos,Varejo,31,VW/VIRTUS,999
2025,12,Dezembro,Com. Leves,Varejo,31,SHINERAY/TLUX,51
2025,12,Dezembro,Autos,Varejo,32,OMODA JAECOO/JAECOO 7,997
2025,12,Dezembro,Com. Leves,Varejo,32,FIAT/DUCATO,48
2025,12,Dezembro,Autos,Varejo,33,FIAT/CRONOS,923
2025,12,Dezembro,Com. Leves,Varejo,33,JAC/HUNTER,47
2025,12,Dezembro,Autos,Varejo,34,TOYOTA/COROLLA,873
2025,12,Dezembro,Com. Leves,Varejo,34,IVECO/DAILY,4
2025,12,Dezembro,Autos,Varejo,35,BYD/KING,810
2025,12,Dezembro,Com. Leves,Varejo,35,EFFA/V22,40
2025,12,Dezembro,Autos,Varejo,36,HONDA/CITY,799
2025,12,Dezembro,Com. Leves,Varejo,36,FORD/TRANSIT,36
2025,12,Dezembro,Autos,Varejo,37,GM/SPIN,794
2025,12,Dezembro,Com. Leves,Varejo,37,M.BENZ/SPRINTER 417,36
2025,12,Dezembro,Autos,Varejo,38,OMODA JAECOO/OMODA 5,791
2025,12,Dezembro,Com. Leves,Varejo,38,M.BENZ/ESPRINTER 320,27
2025,12,Dezembro,Autos,Varejo,39,RENAULT/BOREAL,780
2025,12,Dezembro,Com. Leves,Varejo,39,NISSAN/FRONTIER,24
2025,12,Dezembro,Autos,Varejo,40,MITSUBISHI/ECLIPSE CROSS,740
2025,12,Dezembro,Com. Leves,Varejo,40,FOTON/TUNLAND,24
2025,12,Dezembro,Autos,Varejo,41,RENAULT/DUSTER,543
2025,12,Dezembro,Com. Leves,Varejo,41,RENAULT/KANGOO,18
2025,12,Dezembro,Autos,Varejo,42,BMW/X1,468
2025,12,Dezembro,Com. Leves,Varejo,42,CITROEN/JUMPER,16
2025,12,Dezembro,Autos,Varejo,43,VW/TAOS,445
2025,12,Dezembro,Com. Leves,Varejo,43,PEUGEOT/PARTNER,14
2025,12,Dezembro,Autos,Varejo,44,JEEP/COMMANDER,443
2025,12,Dezembro,Com. Leves,Varejo,44,M.BENZ/SPRINTER,13
2025,12,Dezembro,Autos,Varejo,45,GWM/HAVAL H9,440
2025,12,Dezembro,Com. Leves,Varejo,45,EFFA/V25,12
2025,12,Dezembro,Autos,Varejo,46,BYD/YUAN,436
2025,12,Dezembro,Com. Leves,Varejo,46,RAM/1500,12
2025,12,Dezembro,Autos,Varejo,47,NISSAN/VERSA,429
2025,12,Dezembro,Com. Leves,Varejo,47,RADAR/RD6,12
2025,12,Dezembro,Autos,Varejo,48,CAOA CHERY/TIGGO 5X,409
2025,12,Dezembro,Com. Leves,Varejo,48,PEUGEOT/BOXER,1
2025,12,Dezembro,Autos,Varejo,49,GAC/GS4,406
2025,12,Dezembro,Com. Leves,Varejo,49,IVECO/DAILY 35-180,9
2025,12,Dezembro,Autos,Varejo,50,GWM/TANK 300,403
2025,12,Dezembro,Com. Leves,Varejo,50,RAM/2500,8
2026,1,Janeiro,Autos,Total,1,VW/T CROSS,5741
2026,1,Janeiro,Com. Leves,Total,1,FIAT/STRADA,10541
2026,1,Janeiro,Autos,Total,2,VW/POLO,5699
2026,1,Janeiro,Com. Leves,Total,2,TOYOTA/HILUX,4137
2026,1,Janeiro,Autos,Total,3,FIAT/ARGO,5177
2026,1,Janeiro,Com. Leves,Total,3,FIAT/TORO,4094
2026,1,Janeiro,Autos,Total,4,VW/TERA,4992
2026,1,Janeiro,Com. Leves,Total,4,VW/SAVEIRO,2863
2026,1,Janeiro,Autos,Total,5,GM/ONIX,4948
2026,1,Janeiro,Com. Leves,Total,5,FORD/RANGER,2345
2026,1,Janeiro,Autos,Total,6,GM/TRACKER,4532
2026,1,Janeiro,Com. Leves,Total,6,RAM/RAMPAGE,2144
2026,1,Janeiro,Autos,Total,7,JEEP/COMPASS,4503
2026,1,Janeiro,Com. Leves,Total,7,GM/S10,1854
2026,1,Janeiro,Autos,Total,8,HYUNDAI/CRETA,4429
2026,1,Janeiro,Com. Leves,Total,8,FIAT/FIORINO,1359
2026,1,Janeiro,Autos,Total,9,HYUNDAI/HB20,4065
2026,1,Janeiro,Com. Leves,Total,9,RENAULT/OROCH,1065
2026,1,Janeiro,Autos,Total,10,FIAT/FASTBACK,3927
2026,1,Janeiro,Com. Leves,Total,10,RENAULT/MASTER,969
2026,1,Janeiro,Autos,Total,11,BYD/SONG,3802
2026,1,Janeiro,Com. Leves,Total,11,GM/MONTANA,955
2026,1,Janeiro,Autos,Total,12,FIAT/MOBI,3530
2026,1,Janeiro,Com. Leves,Total,12,MITSUBISHI/TRITON,644
2026,1,Janeiro,Autos,Total,13,FIAT/PULSE,3193
2026,1,Janeiro,Com. Leves,Total,13,FIAT/TITANO,500
2026,1,Janeiro,Autos,Total,14,VW/NIVUS,3167
2026,1,Janeiro,Com. Leves,Total,14,FORD/MAVERICK,345
2026,1,Janeiro,Autos,Total,15,NISSAN/KICKS,3058
2026,1,Janeiro,Com. Leves,Total,15,FIAT/SCUDO,336
2026,1,Janeiro,Autos,Total,16,JEEP/RENEGADE,3052
2026,1,Janeiro,Com. Leves,Total,16,RENAULT/KANGOO,264
2026,1,Janeiro,Autos,Total,17,BYD/DOLPHIN MINI,2840
2026,1,Janeiro,Com. Leves,Total,17,GWM/POER,245
2026,1,Janeiro,Autos,Total,18,HONDA/HR-V,2773
2026,1,Janeiro,Com. Leves,Total,18,FIAT/DUCATO,239
2026,1,Janeiro,Autos,Total,19,GWM/HAVAL H6,2628
2026,1,Janeiro,Com. Leves,Total,19,KIA/K2500,238
2026,1,Janeiro,Autos,Total,20,RENAULT/KWID,2613
2026,1,Janeiro,Com. Leves,Total,20,EFFA/V21,232
2026,1,Janeiro,Autos,Total,21,TOYOTA/COROLLA CROSS,2176
2026,1,Janeiro,Com. Leves,Total,21,VW/AMAROK,218
2026,1,Janeiro,Autos,Total,22,CAOA CHERY/TIGGO 7,1937
2026,1,Janeiro,Com. Leves,Total,22,VW TRUCK E BUS/EXPRESS,140
2026,1,Janeiro,Autos,Total,23,GM/ONIX PLUS,1869
2026,1,Janeiro,Com. Leves,Total,23,PEUGEOT/EXPERT,138
2026,1,Janeiro,Autos,Total,24,HONDA/WR-V,1812
2026,1,Janeiro,Com. Leves,Total,24,GM/SILVERADO,125
2026,1,Janeiro,Autos,Total,25,VW/VIRTUS,1645
2026,1,Janeiro,Com. Leves,Total,25,IVECO/DAILY,121
2026,1,Janeiro,Autos,Total,26,HYUNDAI/HB20S,1580
2026,1,Janeiro,Com. Leves,Total,26,TOYOTA/HIACE,109
2026,1,Janeiro,Autos,Total,27,BYD/DOLPHIN,1511
2026,1,Janeiro,Com. Leves,Total,27,FORD/TRANSIT,101
2026,1,Janeiro,Autos,Total,28,TOYOTA/COROLLA,1399
2026,1,Janeiro,Com. Leves,Total,28,NISSAN/FRONTIER,9
2026,1,Janeiro,Autos,Total,29,FIAT/CRONOS,1360
2026,1,Janeiro,Com. Leves,Total,29,IVECO/DAILY 30-130,84
2026,1,Janeiro,Autos,Total,30,JEEP/COMMANDER,1330
2026,1,Janeiro,Com. Leves,Total,30,CITROEN/JUMPY,73
2026,1,Janeiro,Autos,Total,31,CAOA CHERY/TIGGO 8,1271
2026,1,Janeiro,Com. Leves,Total,31,FOTON/AUMARK S 315,71
2026,1,Janeiro,Autos,Total,32,GM/SPIN,1235
2026,1,Janeiro,Com. Leves,Total,32,FORD/F150,67
2026,1,Janeiro,Autos,Total,33,TOYOTA/HILUX SW4,1231
2026,1,Janeiro,Com. Leves,Total,33,JAC/HUNTER,64
2026,1,Janeiro,Autos,Total,34,VW/TAOS,1225
2026,1,Janeiro,Com. Leves,Total,34,MITSUBISHI/L200,61
2026,1,Janeiro,Autos,Total,35,RENAULT/KARDIAN,1210
2026,1,Janeiro,Com. Leves,Total,35,M.BENZ/SPRINTER 317,50
2026,1,Janeiro,Autos,Total,36,GEELY/EX2,1124
2026,1,Janeiro,Com. Leves,Total,36,EFFA/V22,49
2026,1,Janeiro,Autos,Total,37,HONDA/CITY HATCH,1071
2026,1,Janeiro,Com. Leves,Total,37,BYD/SHARK,46
2026,1,Janeiro,Autos,Total,38,OMODA JAECOO/OMODA 5,1067
2026,1,Janeiro,Com. Leves,Total,38,M.BENZ/SPRINTER 417,41
2026,1,Janeiro,Autos,Total,39,CITROEN/BASALT,1027
2026,1,Janeiro,Com. Leves,Total,39,SHINERAY/TLUX,34
2026,1,Janeiro,Autos,Total,40,CITROEN/C3,1027
2026,1,Janeiro,Com. Leves,Total,40,RAM/3500,34
2026,1,Janeiro,Autos,Total,41,HONDA/CITY,987
2026,1,Janeiro,Com. Leves,Total,41,PEUGEOT/PARTNER,32
2026,1,Janeiro,Autos,Total,42,RENAULT/DUSTER,936
2026,1,Janeiro,Com. Leves,Total,42,HYUNDAI/HR,31
2026,1,Janeiro,Autos,Total,43,GWM/HAVAL H9,882
2026,1,Janeiro,Com. Leves,Total,43,KIA/UK2500,31
2026,1,Janeiro,Autos,Total,44,FORD/TERRITORY,851
2026,1,Janeiro,Com. Leves,Total,44,RAM/DAKOTA,25
2026,1,Janeiro,Autos,Total,45,BYD/KING,840
2026,1,Janeiro,Com. Leves,Total,45,FOTON/TUNLAND,24
2026,1,Janeiro,Autos,Total,46,PEUGEOT/2008,774
2026,1,Janeiro,Com. Leves,Total,46,PEUGEOT/BOXER,2
2026,1,Janeiro,Autos,Total,47,NISSAN/VERSA,653
2026,1,Janeiro,Com. Leves,Total,47,IVECO/DAILY 35-180,20
2026,1,Janeiro,Autos,Total,48,NISSAN/KAIT,644
2026,1,Janeiro,Com. Leves,Total,48,RAM/2500,13
2026,1,Janeiro,Autos,Total,49,RENAULT/BOREAL,641
2026,1,Janeiro,Com. Leves,Total,49,CITROEN/JUMPER,1
2026,1,Janeiro,Autos,Total,50,PEUGEOT/208,568
2026,1,Janeiro,Com. Leves,Total,50,RAM/1500,8
2026,1,Janeiro,Autos,Direta,1,FIAT/MOBI,3364
2026,1,Janeiro,Com. Leves,Direta,1,FIAT/STRADA,6933
2026,1,Janeiro,Autos,Direta,2,VW/T CROSS,3163
2026,1,Janeiro,Com. Leves,Direta,2,VW/SAVEIRO,2656
2026,1,Janeiro,Autos,Direta,3,FIAT/ARGO,3029
2026,1,Janeiro,Com. Leves,Direta,3,TOYOTA/HILUX,2450
2026,1,Janeiro,Autos,Direta,4,VW/POLO,2633
2026,1,Janeiro,Com. Leves,Direta,4,FIAT/TORO,2246
2026,1,Janeiro,Autos,Direta,5,JEEP/COMPASS,2621
2026,1,Janeiro,Com. Leves,Direta,5,RAM/RAMPAGE,1751
2026,1,Janeiro,Autos,Direta,6,RENAULT/KWID,2203
2026,1,Janeiro,Com. Leves,Direta,6,GM/S10,1216
2026,1,Janeiro,Autos,Direta,7,GM/ONIX,2104
2026,1,Janeiro,Com. Leves,Direta,7,FIAT/FIORINO,1175
2026,1,Janeiro,Autos,Direta,8,JEEP/RENEGADE,1665
2026,1,Janeiro,Com. Leves,Direta,8,RENAULT/OROCH,907
2026,1,Janeiro,Autos,Direta,9,VW/TERA,1327
2026,1,Janeiro,Com. Leves,Direta,9,GM/MONTANA,676
2026,1,Janeiro,Autos,Direta,10,FIAT/FASTBACK,1037
2026,1,Janeiro,Com. Leves,Direta,10,FORD/RANGER,605
2026,1,Janeiro,Autos,Direta,11,FIAT/PULSE,986
2026,1,Janeiro,Com. Leves,Direta,11,RENAULT/MASTER,511
2026,1,Janeiro,Autos,Direta,12,JEEP/COMMANDER,979
2026,1,Janeiro,Com. Leves,Direta,12,FIAT/TITANO,399
2026,1,Janeiro,Autos,Direta,13,HYUNDAI/HB20,943
2026,1,Janeiro,Com. Leves,Direta,13,FIAT/SCUDO,259
2026,1,Janeiro,Autos,Direta,14,VW/VIRTUS,934
2026,1,Janeiro,Com. Leves,Direta,14,RENAULT/KANGOO,204
2026,1,Janeiro,Autos,Direta,15,GM/ONIX PLUS,930
2026,1,Janeiro,Com. Leves,Direta,15,VW/AMAROK,183
2026,1,Janeiro,Autos,Direta,16,GM/TRACKER,847
2026,1,Janeiro,Com. Leves,Direta,16,FIAT/DUCATO,152
2026,1,Janeiro,Autos,Direta,17,CITROEN/BASALT,835
2026,1,Janeiro,Com. Leves,Direta,17,MITSUBISHI/TRITON,146
2026,1,Janeiro,Autos,Direta,18,TOYOTA/COROLLA,773
2026,1,Janeiro,Com. Leves,Direta,18,FORD/TRANSIT,86
2026,1,Janeiro,Autos,Direta,19,CITROEN/C3,759
2026,1,Janeiro,Com. Leves,Direta,19,IVECO/DAILY,82
2026,1,Janeiro,Autos,Direta,20,HYUNDAI/HB20S,757
2026,1,Janeiro,Com. Leves,Direta,20,NISSAN/FRONTIER,70
2026,1,Janeiro,Autos,Direta,21,GM/SPIN,698
2026,1,Janeiro,Com. Leves,Direta,21,TOYOTA/HIACE,65
2026,1,Janeiro,Autos,Direta,22,VW/TAOS,696
2026,1,Janeiro,Com. Leves,Direta,22,MITSUBISHI/L200,43
2026,1,Janeiro,Autos,Direta,23,PEUGEOT/2008,687
2026,1,Janeiro,Com. Leves,Direta,23,GWM/POER,39
2026,1,Janeiro,Autos,Direta,24,HONDA/HR-V,681
2026,1,Janeiro,Com. Leves,Direta,24,IVECO/DAILY 30-130,36
2026,1,Janeiro,Autos,Direta,25,NISSAN/KICKS,680
2026,1,Janeiro,Com. Leves,Direta,25,HYUNDAI/HR,30
2026,1,Janeiro,Autos,Direta,26,FIAT/CRONOS,610
2026,1,Janeiro,Com. Leves,Direta,26,FORD/MAVERICK,27
2026,1,Janeiro,Autos,Direta,27,BYD/SONG,595
2026,1,Janeiro,Com. Leves,Direta,27,RAM/DAKOTA,25
2026,1,Janeiro,Autos,Direta,28,GWM/HAVAL H6,562
2026,1,Janeiro,Com. Leves,Direta,28,RAM/3500,23
2026,1,Janeiro,Autos,Direta,29,VW/NIVUS,536
2026,1,Janeiro,Com. Leves,Direta,29,GM/SILVERADO,2
2026,1,Janeiro,Autos,Direta,30,HYUNDAI/CRETA,524
2026,1,Janeiro,Com. Leves,Direta,30,VW TRUCK E BUS/EXPRESS,20
2026,1,Janeiro,Autos,Direta,31,RENAULT/DUSTER,462
2026,1,Janeiro,Com. Leves,Direta,31,PEUGEOT/PARTNER,15
2026,1,Janeiro,Autos,Direta,32,PEUGEOT/208,412
2026,1,Janeiro,Com. Leves,Direta,32,BYD/SHARK,12
2026,1,Janeiro,Autos,Direta,33,RENAULT/KARDIAN,356
2026,1,Janeiro,Com. Leves,Direta,33,RAM/2500,9
2026,1,Janeiro,Autos,Direta,34,HONDA/CITY,355
2026,1,Janeiro,Com. Leves,Direta,34,FORD/F150,3
2026,1,Janeiro,Autos,Direta,35,LEAPMOTOR/C10,341
2026,1,Janeiro,Com. Leves,Direta,35,KIA/K2500,2
2026,1,Janeiro,Autos,Direta,36,NISSAN/VERSA,324
2026,1,Janeiro,Com. Leves,Direta,36,RAM/1500,2
2026,1,Janeiro,Autos,Direta,37,VOLVO/EX30,285
2026,1,Janeiro,Com. Leves,Direta,37,ARROW/ONE,2
2026,1,Janeiro,Autos,Direta,38,NISSAN/KAIT,273
2026,1,Janeiro,Autos,Direta,39,VOLVO/XC60,257
2026,1,Janeiro,Autos,Direta,40,GWM/HAVAL H9,251
2026,1,Janeiro,Autos,Direta,41,BYD/DOLPHIN,211
2026,1,Janeiro,Autos,Direta,42,CITROEN/AIRCROSS,190
2026,1,Janeiro,Autos,Direta,43,HONDA/CITY HATCH,165
2026,1,Janeiro,Autos,Direta,44,TOYOTA/COROLLA CROSS,165
2026,1,Janeiro,Autos,Direta,45,CAOA CHERY/TIGGO 7,158
2026,1,Janeiro,Autos,Direta,46,BYD/KING,148
2026,1,Janeiro,Autos,Direta,47,AUDI/Q5,123
2026,1,Janeiro,Autos,Direta,48,TOYOTA/RAV4,122
2026,1,Janeiro,Autos,Direta,49,GM/TRAILBLAZER,114
2026,1,Janeiro,Autos,Direta,50,GAC/GS4,103
2026,1,Janeiro,Autos,Varejo,1,HYUNDAI/CRETA,3905
2026,1,Janeiro,Com. Leves,Varejo,1,FIAT/STRADA,3608
2026,1,Janeiro,Autos,Varejo,2,GM/TRACKER,3685
2026,1,Janeiro,Com. Leves,Varejo,2,FIAT/TORO,1848
2026,1,Janeiro,Autos,Varejo,3,VW/TERA,3665
2026,1,Janeiro,Com. Leves,Varejo,3,FORD/RANGER,1740
2026,1,Janeiro,Autos,Varejo,4,BYD/SONG,3207
2026,1,Janeiro,Com. Leves,Varejo,4,TOYOTA/HILUX,1687
2026,1,Janeiro,Autos,Varejo,5,HYUNDAI/HB20,3122
2026,1,Janeiro,Com. Leves,Varejo,5,GM/S10,638
2026,1,Janeiro,Autos,Varejo,6,VW/POLO,3066
2026,1,Janeiro,Com. Leves,Varejo,6,MITSUBISHI/TRITON,498
2026,1,Janeiro,Autos,Varejo,7,FIAT/FASTBACK,2890
2026,1,Janeiro,Com. Leves,Varejo,7,RENAULT/MASTER,458
2026,1,Janeiro,Autos,Varejo,8,GM/ONIX,2844
2026,1,Janeiro,Com. Leves,Varejo,8,RAM/RAMPAGE,393
2026,1,Janeiro,Autos,Varejo,9,BYD/DOLPHIN MINI,2797
2026,1,Janeiro,Com. Leves,Varejo,9,FORD/MAVERICK,318
2026,1,Janeiro,Autos,Varejo,10,VW/NIVUS,2631
2026,1,Janeiro,Com. Leves,Varejo,10,GM/MONTANA,279
2026,1,Janeiro,Autos,Varejo,11,VW/T CROSS,2578
2026,1,Janeiro,Com. Leves,Varejo,11,KIA/K2500,236
2026,1,Janeiro,Autos,Varejo,12,NISSAN/KICKS,2378
2026,1,Janeiro,Com. Leves,Varejo,12,EFFA/V21,232
2026,1,Janeiro,Autos,Varejo,13,FIAT/PULSE,2207
2026,1,Janeiro,Com. Leves,Varejo,13,VW/SAVEIRO,207
2026,1,Janeiro,Autos,Varejo,14,FIAT/ARGO,2148
2026,1,Janeiro,Com. Leves,Varejo,14,GWM/POER,206
2026,1,Janeiro,Autos,Varejo,15,HONDA/HR-V,2092
2026,1,Janeiro,Com. Leves,Varejo,15,FIAT/FIORINO,184
2026,1,Janeiro,Autos,Varejo,16,GWM/HAVAL H6,2066
2026,1,Janeiro,Com. Leves,Varejo,16,RENAULT/OROCH,158
2026,1,Janeiro,Autos,Varejo,17,TOYOTA/COROLLA CROSS,2011
2026,1,Janeiro,Com. Leves,Varejo,17,PEUGEOT/EXPERT,138
2026,1,Janeiro,Autos,Varejo,18,JEEP/COMPASS,1882
2026,1,Janeiro,Com. Leves,Varejo,18,VW TRUCK E BUS/EXPRESS,120
2026,1,Janeiro,Autos,Varejo,19,HONDA/WR-V,1810
2026,1,Janeiro,Com. Leves,Varejo,19,GM/SILVERADO,103
2026,1,Janeiro,Autos,Varejo,20,CAOA CHERY/TIGGO 7,1779
2026,1,Janeiro,Com. Leves,Varejo,20,FIAT/TITANO,101
2026,1,Janeiro,Autos,Varejo,21,JEEP/RENEGADE,1387
2026,1,Janeiro,Com. Leves,Varejo,21,FIAT/DUCATO,87
2026,1,Janeiro,Autos,Varejo,22,BYD/DOLPHIN,1300
2026,1,Janeiro,Com. Leves,Varejo,22,FIAT/SCUDO,7
2026,1,Janeiro,Autos,Varejo,23,CAOA CHERY/TIGGO 8,1265
2026,1,Janeiro,Com. Leves,Varejo,23,CITROEN/JUMPY,73
2026,1,Janeiro,Autos,Varejo,24,TOYOTA/HILUX SW4,1198
2026,1,Janeiro,Com. Leves,Varejo,24,FOTON/AUMARK S 315,71
2026,1,Janeiro,Autos,Varejo,25,GEELY/EX2,1113
2026,1,Janeiro,Com. Leves,Varejo,25,FORD/F150,64
2026,1,Janeiro,Autos,Varejo,26,OMODA JAECOO/OMODA 5,1067
2026,1,Janeiro,Com. Leves,Varejo,26,JAC/HUNTER,64
2026,1,Janeiro,Autos,Varejo,27,GM/ONIX PLUS,939
2026,1,Janeiro,Com. Leves,Varejo,27,RENAULT/KANGOO,60
2026,1,Janeiro,Autos,Varejo,28,HONDA/CITY HATCH,906
2026,1,Janeiro,Com. Leves,Varejo,28,M.BENZ/SPRINTER 317,50
2026,1,Janeiro,Autos,Varejo,29,RENAULT/KARDIAN,854
2026,1,Janeiro,Com. Leves,Varejo,29,EFFA/V22,49
2026,1,Janeiro,Autos,Varejo,30,HYUNDAI/HB20S,823
2026,1,Janeiro,Com. Leves,Varejo,30,IVECO/DAILY 30-130,48
2026,1,Janeiro,Autos,Varejo,31,FORD/TERRITORY,784
2026,1,Janeiro,Com. Leves,Varejo,31,TOYOTA/HIACE,4
2026,1,Janeiro,Autos,Varejo,32,FIAT/CRONOS,750
2026,1,Janeiro,Com. Leves,Varejo,32,M.BENZ/SPRINTER 417,41
2026,1,Janeiro,Autos,Varejo,33,VW/VIRTUS,711
2026,1,Janeiro,Com. Leves,Varejo,33,IVECO/DAILY,39
2026,1,Janeiro,Autos,Varejo,34,BYD/KING,692
2026,1,Janeiro,Com. Leves,Varejo,34,VW/AMAROK,35
2026,1,Janeiro,Autos,Varejo,35,HONDA/CITY,632
2026,1,Janeiro,Com. Leves,Varejo,35,SHINERAY/TLUX,34
2026,1,Janeiro,Autos,Varejo,36,GWM/HAVAL H9,631
2026,1,Janeiro,Com. Leves,Varejo,36,BYD/SHARK,34
2026,1,Janeiro,Autos,Varejo,37,TOYOTA/COROLLA,626
2026,1,Janeiro,Com. Leves,Varejo,37,KIA/UK2500,31
2026,1,Janeiro,Autos,Varejo,38,RENAULT/BOREAL,565
2026,1,Janeiro,Com. Leves,Varejo,38,NISSAN/FRONTIER,29
2026,1,Janeiro,Autos,Varejo,39,GM/SPIN,537
2026,1,Janeiro,Com. Leves,Varejo,39,FOTON/TUNLAND,24
2026,1,Janeiro,Autos,Varejo,40,MITSUBISHI/ECLIPSE CROSS,532
2026,1,Janeiro,Com. Leves,Varejo,40,PEUGEOT/BOXER,2
2026,1,Janeiro,Autos,Varejo,41,VW/TAOS,529
2026,1,Janeiro,Com. Leves,Varejo,41,IVECO/DAILY 35-180,20
2026,1,Janeiro,Autos,Varejo,42,BYD/YUAN,488
2026,1,Janeiro,Com. Leves,Varejo,42,MITSUBISHI/L200,18
2026,1,Janeiro,Autos,Varejo,43,OMODA JAECOO/JAECOO 7,476
2026,1,Janeiro,Com. Leves,Varejo,43,PEUGEOT/PARTNER,17
2026,1,Janeiro,Autos,Varejo,44,RENAULT/DUSTER,474
2026,1,Janeiro,Com. Leves,Varejo,44,FORD/TRANSIT,15
2026,1,Janeiro,Autos,Varejo,45,RENAULT/KWID,410
2026,1,Janeiro,Com. Leves,Varejo,45,CITROEN/JUMPER,1
2026,1,Janeiro,Autos,Varejo,46,GAC/GS4,385
2026,1,Janeiro,Com. Leves,Varejo,46,RAM/3500,1
2026,1,Janeiro,Autos,Varejo,47,NISSAN/KAIT,371
2026,1,Janeiro,Com. Leves,Varejo,47,EFFA/V25,7
2026,1,Janeiro,Autos,Varejo,48,TOYOTA/RAV4,366
2026,1,Janeiro,Com. Leves,Varejo,48,RAM/1500,6
2026,1,Janeiro,Autos,Varejo,49,GWM/TANK 300,355
2026,1,Janeiro,Com. Leves,Varejo,49,M.BENZ/SPRINTER 315,5
2026,1,Janeiro,Autos,Varejo,50,JEEP/COMMANDER,351
2026,1,Janeiro,Com. Leves,Varejo,50,RAM/2500,4
2026,2,Fevereiro,Autos,Total,1,VW/POLO,7517
2026,2,Fevereiro,Com. Leves,Total,1,FIAT/STRADA,11191
2026,2,Fevereiro,Autos,Total,2,FIAT/MOBI,6560
2026,2,Fevereiro,Com. Leves,Total,2,FIAT/TORO,3941
2026,2,Fevereiro,Autos,Total,3,FIAT/ARGO,6478
2026,2,Fevereiro,Com. Leves,Total,3,TOYOTA/HILUX,3304
2026,2,Fevereiro,Autos,Total,4,GM/ONIX,6450
2026,2,Fevereiro,Com. Leves,Total,4,VW/SAVEIRO,2827
2026,2,Fevereiro,Autos,Total,5,VW/T CROSS,5667
2026,2,Fevereiro,Com. Leves,Total,5,FORD/RANGER,2048
2026,2,Fevereiro,Autos,Total,6,VW/TERA,5358
2026,2,Fevereiro,Com. Leves,Total,6,RAM/RAMPAGE,1889
2026,2,Fevereiro,Autos,Total,7,RENAULT/KWID,5194
2026,2,Fevereiro,Com. Leves,Total,7,FIAT/FIORINO,1821
2026,2,Fevereiro,Autos,Total,8,HYUNDAI/HB20,5124
2026,2,Fevereiro,Com. Leves,Total,8,GM/S10,1578
2026,2,Fevereiro,Autos,Total,9,HYUNDAI/CRETA,5045
2026,2,Fevereiro,Com. Leves,Total,9,GM/MONTANA,1066
2026,2,Fevereiro,Autos,Total,10,BYD/DOLPHIN MINI,4874
2026,2,Fevereiro,Com. Leves,Total,10,RENAULT/OROCH,808
2026,2,Fevereiro,Autos,Total,11,JEEP/COMPASS,4169
2026,2,Fevereiro,Com. Leves,Total,11,MITSUBISHI/TRITON,710
2026,2,Fevereiro,Autos,Total,12,GM/TRACKER,4003
2026,2,Fevereiro,Com. Leves,Total,12,RENAULT/MASTER,655
2026,2,Fevereiro,Autos,Total,13,VW/NIVUS,3851
2026,2,Fevereiro,Com. Leves,Total,13,FIAT/TITANO,367
2026,2,Fevereiro,Autos,Total,14,FIAT/FASTBACK,3833
2026,2,Fevereiro,Com. Leves,Total,14,FIAT/SCUDO,364
2026,2,Fevereiro,Autos,Total,15,BYD/SONG,3702
2026,2,Fevereiro,Com. Leves,Total,15,KIA/K2500,324
2026,2,Fevereiro,Autos,Total,16,GWM/HAVAL H6,3237
2026,2,Fevereiro,Com. Leves,Total,16,FORD/MAVERICK,297
2026,2,Fevereiro,Autos,Total,17,FIAT/PULSE,3057
2026,2,Fevereiro,Com. Leves,Total,17,GWM/POER,258
2026,2,Fevereiro,Autos,Total,18,HONDA/HR-V,2948
2026,2,Fevereiro,Com. Leves,Total,18,VW/AMAROK,233
2026,2,Fevereiro,Autos,Total,19,TOYOTA/COROLLA CROSS,2899
2026,2,Fevereiro,Com. Leves,Total,19,VW TRUCK E BUS/EXPRESS,204
2026,2,Fevereiro,Autos,Total,20,NISSAN/KICKS,2875
2026,2,Fevereiro,Com. Leves,Total,20,FIAT/DUCATO,197
2026,2,Fevereiro,Autos,Total,21,JEEP/RENEGADE,2686
2026,2,Fevereiro,Com. Leves,Total,21,FORD/TRANSIT,195
2026,2,Fevereiro,Autos,Total,22,HONDA/WR-V,2630
2026,2,Fevereiro,Com. Leves,Total,22,TOYOTA/HIACE,185
2026,2,Fevereiro,Autos,Total,23,VW/VIRTUS,2489
2026,2,Fevereiro,Com. Leves,Total,23,EFFA/V21,185
2026,2,Fevereiro,Autos,Total,24,CAOA CHERY/TIGGO 7,2205
2026,2,Fevereiro,Com. Leves,Total,24,IVECO/DAILY,177
2026,2,Fevereiro,Autos,Total,25,TOYOTA/COROLLA,2149
2026,2,Fevereiro,Com. Leves,Total,25,RENAULT/KANGOO,175
2026,2,Fevereiro,Autos,Total,26,GM/ONIX PLUS,1994
2026,2,Fevereiro,Com. Leves,Total,26,PEUGEOT/EXPERT,130
2026,2,Fevereiro,Autos,Total,27,FIAT/CRONOS,1856
2026,2,Fevereiro,Com. Leves,Total,27,RAM/DAKOTA,114
2026,2,Fevereiro,Autos,Total,28,HYUNDAI/HB20S,1855
2026,2,Fevereiro,Com. Leves,Total,28,CITROEN/JUMPY,92
2026,2,Fevereiro,Autos,Total,29,JEEP/COMMANDER,1371
2026,2,Fevereiro,Com. Leves,Total,29,GM/SILVERADO,86
2026,2,Fevereiro,Autos,Total,30,NISSAN/KAIT,1294
2026,2,Fevereiro,Com. Leves,Total,30,NISSAN/FRONTIER,83
2026,2,Fevereiro,Autos,Total,31,BYD/DOLPHIN,1193
2026,2,Fevereiro,Com. Leves,Total,31,FOTON/AUMARK S 315,78
2026,2,Fevereiro,Autos,Total,32,OMODA JAECOO/OMODA 5,1179
2026,2,Fevereiro,Com. Leves,Total,32,IVECO/DAILY 30-130,7
2026,2,Fevereiro,Autos,Total,33,RENAULT/KARDIAN,1122
2026,2,Fevereiro,Com. Leves,Total,33,FORD/F150,75
2026,2,Fevereiro,Autos,Total,34,HONDA/CITY,1058
2026,2,Fevereiro,Com. Leves,Total,34,M.BENZ/SPRINTER 417,5
2026,2,Fevereiro,Autos,Total,35,TOYOTA/HILUX SW4,1031
2026,2,Fevereiro,Com. Leves,Total,35,M.BENZ/SPRINTER 317,53
2026,2,Fevereiro,Autos,Total,36,GM/SPIN,1024
2026,2,Fevereiro,Com. Leves,Total,36,BYD/SHARK,51
2026,2,Fevereiro,Autos,Total,37,VW/TAOS,1022
2026,2,Fevereiro,Com. Leves,Total,37,SHINERAY/TLUX,45
2026,2,Fevereiro,Autos,Total,38,CAOA CHERY/TIGGO 8,973
2026,2,Fevereiro,Com. Leves,Total,38,FOTON/TUNLAND,4
2026,2,Fevereiro,Autos,Total,39,CITROEN/BASALT,971
2026,2,Fevereiro,Com. Leves,Total,39,JAC/HUNTER,39
2026,2,Fevereiro,Autos,Total,40,RENAULT/DUSTER,951
2026,2,Fevereiro,Com. Leves,Total,40,PEUGEOT/PARTNER,34
2026,2,Fevereiro,Autos,Total,41,BYD/KING,907
2026,2,Fevereiro,Com. Leves,Total,41,EFFA/V22,34
2026,2,Fevereiro,Autos,Total,42,HONDA/CITY HATCH,873
2026,2,Fevereiro,Com. Leves,Total,42,CITROEN/JUMPER,28
2026,2,Fevereiro,Autos,Total,43,CITROEN/C3,779
2026,2,Fevereiro,Com. Leves,Total,43,RAM/3500,25
2026,2,Fevereiro,Autos,Total,44,FORD/TERRITORY,682
2026,2,Fevereiro,Com. Leves,Total,44,HYUNDAI/HR,23
2026,2,Fevereiro,Autos,Total,45,GWM/HAVAL H9,672
2026,2,Fevereiro,Com. Leves,Total,45,PEUGEOT/BOXER,18
2026,2,Fevereiro,Autos,Total,46,NISSAN/VERSA,625
2026,2,Fevereiro,Com. Leves,Total,46,IVECO/DAILY 35-180,10
2026,2,Fevereiro,Autos,Total,47,RENAULT/BOREAL,611
2026,2,Fevereiro,Com. Leves,Total,47,KIA/UK2500,9
2026,2,Fevereiro,Autos,Total,48,TOYOTA/YARIS CROSS,593
2026,2,Fevereiro,Com. Leves,Total,48,EFFA/V25,9
2026,2,Fevereiro,Autos,Total,49,MITSUBISHI/ECLIPSE CROSS,555
2026,2,Fevereiro,Com. Leves,Total,49,MITSUBISHI/L200,7
2026,2,Fevereiro,Autos,Total,50,PEUGEOT/2008,551
2026,2,Fevereiro,Com. Leves,Total,50,JAC/EJV5.5,5
2026,2,Fevereiro,Autos,Direta,1,FIAT/MOBI,6426
2026,2,Fevereiro,Com. Leves,Direta,1,FIAT/STRADA,7977
2026,2,Fevereiro,Autos,Direta,2,RENAULT/KWID,4706
2026,2,Fevereiro,Com. Leves,Direta,2,VW/SAVEIRO,2673
2026,2,Fevereiro,Autos,Direta,3,VW/POLO,4686
2026,2,Fevereiro,Com. Leves,Direta,3,FIAT/TORO,2323
2026,2,Fevereiro,Autos,Direta,4,FIAT/ARGO,4625
2026,2,Fevereiro,Com. Leves,Direta,4,FIAT/FIORINO,1698
2026,2,Fevereiro,Autos,Direta,5,GM/ONIX,4370
2026,2,Fevereiro,Com. Leves,Direta,5,TOYOTA/HILUX,1686
2026,2,Fevereiro,Autos,Direta,6,VW/T CROSS,3698
2026,2,Fevereiro,Com. Leves,Direta,6,RAM/RAMPAGE,1425
2026,2,Fevereiro,Autos,Direta,7,JEEP/COMPASS,2622
2026,2,Fevereiro,Com. Leves,Direta,7,GM/S10,1072
2026,2,Fevereiro,Autos,Direta,8,HYUNDAI/HB20,2565
2026,2,Fevereiro,Com. Leves,Direta,8,GM/MONTANA,772
2026,2,Fevereiro,Autos,Direta,9,VW/VIRTUS,1950
2026,2,Fevereiro,Com. Leves,Direta,9,RENAULT/OROCH,595
2026,2,Fevereiro,Autos,Direta,10,JEEP/RENEGADE,1661
2026,2,Fevereiro,Com. Leves,Direta,10,RENAULT/MASTER,313
2026,2,Fevereiro,Autos,Direta,11,VW/TERA,1502
2026,2,Fevereiro,Com. Leves,Direta,11,FORD/RANGER,306
2026,2,Fevereiro,Autos,Direta,12,HYUNDAI/CRETA,1448
2026,2,Fevereiro,Com. Leves,Direta,12,FIAT/SCUDO,277
2026,2,Fevereiro,Autos,Direta,13,FIAT/FASTBACK,1369
2026,2,Fevereiro,Com. Leves,Direta,13,FIAT/TITANO,253
2026,2,Fevereiro,Autos,Direta,14,NISSAN/KICKS,1318
2026,2,Fevereiro,Com. Leves,Direta,14,MITSUBISHI/TRITON,173
2026,2,Fevereiro,Autos,Direta,15,GM/ONIX PLUS,1274
2026,2,Fevereiro,Com. Leves,Direta,15,FORD/TRANSIT,169
2026,2,Fevereiro,Autos,Direta,16,FIAT/CRONOS,1256
2026,2,Fevereiro,Com. Leves,Direta,16,VW/AMAROK,162
2026,2,Fevereiro,Autos,Direta,17,HYUNDAI/HB20S,1167
2026,2,Fevereiro,Com. Leves,Direta,17,TOYOTA/HIACE,153
2026,2,Fevereiro,Autos,Direta,18,FIAT/PULSE,1105
2026,2,Fevereiro,Com. Leves,Direta,18,IVECO/DAILY,147
2026,2,Fevereiro,Autos,Direta,19,GM/TRACKER,980
2026,2,Fevereiro,Com. Leves,Direta,19,FIAT/DUCATO,139
2026,2,Fevereiro,Autos,Direta,20,TOYOTA/COROLLA,946
2026,2,Fevereiro,Com. Leves,Direta,20,RENAULT/KANGOO,135
2026,2,Fevereiro,Autos,Direta,21,HONDA/HR-V,912
2026,2,Fevereiro,Com. Leves,Direta,21,NISSAN/FRONTIER,70
2026,2,Fevereiro,Autos,Direta,22,VW/NIVUS,880
2026,2,Fevereiro,Com. Leves,Direta,22,RAM/DAKOTA,68
2026,2,Fevereiro,Autos,Direta,23,JEEP/COMMANDER,868
2026,2,Fevereiro,Com. Leves,Direta,23,VW TRUCK E BUS/EXPRESS,63
2026,2,Fevereiro,Autos,Direta,24,GWM/HAVAL H6,838
2026,2,Fevereiro,Com. Leves,Direta,24,HYUNDAI/HR,23
2026,2,Fevereiro,Autos,Direta,25,TOYOTA/COROLLA CROSS,788
2026,2,Fevereiro,Com. Leves,Direta,25,BYD/SHARK,23
2026,2,Fevereiro,Autos,Direta,26,NISSAN/KAIT,784
2026,2,Fevereiro,Com. Leves,Direta,26,FORD/MAVERICK,17
2026,2,Fevereiro,Autos,Direta,27,CITROEN/BASALT,713
2026,2,Fevereiro,Com. Leves,Direta,27,PEUGEOT/PARTNER,14
2026,2,Fevereiro,Autos,Direta,28,GM/SPIN,578
2026,2,Fevereiro,Com. Leves,Direta,28,GWM/POER,12
2026,2,Fevereiro,Autos,Direta,29,HONDA/CITY,557
2026,2,Fevereiro,Com. Leves,Direta,29,IVECO/DAILY 30-130,10
2026,2,Fevereiro,Autos,Direta,30,BYD/SONG,535
2026,2,Fevereiro,Com. Leves,Direta,30,RAM/3500,10
2026,2,Fevereiro,Autos,Direta,31,CITROEN/C3,532
2026,2,Fevereiro,Com. Leves,Direta,31,KIA/K2500,5
2026,2,Fevereiro,Autos,Direta,32,PEUGEOT/2008,418
2026,2,Fevereiro,Com. Leves,Direta,32,FORD/F150,4
2026,2,Fevereiro,Autos,Direta,33,RENAULT/DUSTER,388
2026,2,Fevereiro,Com. Leves,Direta,33,GM/SILVERADO,4
2026,2,Fevereiro,Autos,Direta,34,RENAULT/KARDIAN,385
2026,2,Fevereiro,Com. Leves,Direta,34,RAM/2500,3
2026,2,Fevereiro,Autos,Direta,35,NISSAN/VERSA,331
2026,2,Fevereiro,Com. Leves,Direta,35,IVECO/DAILY 35-180,1
2026,2,Fevereiro,Autos,Direta,36,PEUGEOT/208,270
2026,2,Fevereiro,Com. Leves,Direta,36,MITSUBISHI/L200,1
2026,2,Fevereiro,Autos,Direta,37,CITROEN/AIRCROSS,219
2026,2,Fevereiro,Autos,Direta,38,HONDA/CITY HATCH,219
2026,2,Fevereiro,Autos,Direta,39,TOYOTA/YARIS CROSS,203
2026,2,Fevereiro,Autos,Direta,40,VOLVO/EX30,151
2026,2,Fevereiro,Autos,Direta,41,VOLVO/XC60,142
2026,2,Fevereiro,Autos,Direta,42,RENAULT/BOREAL,135
2026,2,Fevereiro,Autos,Direta,43,GWM/HAVAL H9,129
2026,2,Fevereiro,Autos,Direta,44,BYD/KING,128
2026,2,Fevereiro,Autos,Direta,45,GM/TRAILBLAZER,117
2026,2,Fevereiro,Autos,Direta,46,AUDI/Q5,95
2026,2,Fevereiro,Autos,Direta,47,LEAPMOTOR/C10,91
2026,2,Fevereiro,Autos,Direta,48,FORD/TERRITORY,87
2026,2,Fevereiro,Autos,Direta,49,MITSUBISHI/ECLIPSE CROSS,83
2026,2,Fevereiro,Autos,Direta,50,BYD/DOLPHIN,76
2026,2,Fevereiro,Autos,Varejo,1,BYD/DOLPHIN MINI,4810
2026,2,Fevereiro,Com. Leves,Varejo,1,FIAT/STRADA,3214
2026,2,Fevereiro,Autos,Varejo,2,VW/TERA,3856
2026,2,Fevereiro,Com. Leves,Varejo,2,FORD/RANGER,1742
2026,2,Fevereiro,Autos,Varejo,3,HYUNDAI/CRETA,3597
2026,2,Fevereiro,Com. Leves,Varejo,3,FIAT/TORO,1618
2026,2,Fevereiro,Autos,Varejo,4,BYD/SONG,3167
2026,2,Fevereiro,Com. Leves,Varejo,4,TOYOTA/HILUX,1618
2026,2,Fevereiro,Autos,Varejo,5,GM/TRACKER,3023
2026,2,Fevereiro,Com. Leves,Varejo,5,MITSUBISHI/TRITON,537
2026,2,Fevereiro,Autos,Varejo,6,VW/NIVUS,2971
2026,2,Fevereiro,Com. Leves,Varejo,6,GM/S10,506
2026,2,Fevereiro,Autos,Varejo,7,VW/POLO,2831
2026,2,Fevereiro,Com. Leves,Varejo,7,RAM/RAMPAGE,464
2026,2,Fevereiro,Autos,Varejo,8,HONDA/WR-V,2617
2026,2,Fevereiro,Com. Leves,Varejo,8,RENAULT/MASTER,342
2026,2,Fevereiro,Autos,Varejo,9,HYUNDAI/HB20,2559
2026,2,Fevereiro,Com. Leves,Varejo,9,KIA/K2500,319
2026,2,Fevereiro,Autos,Varejo,10,FIAT/FASTBACK,2464
2026,2,Fevereiro,Com. Leves,Varejo,10,GM/MONTANA,294
2026,2,Fevereiro,Autos,Varejo,11,GWM/HAVAL H6,2399
2026,2,Fevereiro,Com. Leves,Varejo,11,FORD/MAVERICK,280
2026,2,Fevereiro,Autos,Varejo,12,CAOA CHERY/TIGGO 7,2172
2026,2,Fevereiro,Com. Leves,Varejo,12,GWM/POER,246
2026,2,Fevereiro,Autos,Varejo,13,TOYOTA/COROLLA CROSS,2111
2026,2,Fevereiro,Com. Leves,Varejo,13,RENAULT/OROCH,213
2026,2,Fevereiro,Autos,Varejo,14,GM/ONIX,2080
2026,2,Fevereiro,Com. Leves,Varejo,14,EFFA/V21,185
2026,2,Fevereiro,Autos,Varejo,15,HONDA/HR-V,2036
2026,2,Fevereiro,Com. Leves,Varejo,15,VW/SAVEIRO,154
2026,2,Fevereiro,Autos,Varejo,16,VW/T CROSS,1969
2026,2,Fevereiro,Com. Leves,Varejo,16,VW TRUCK E BUS/EXPRESS,141
2026,2,Fevereiro,Autos,Varejo,17,FIAT/PULSE,1952
2026,2,Fevereiro,Com. Leves,Varejo,17,PEUGEOT/EXPERT,130
2026,2,Fevereiro,Autos,Varejo,18,FIAT/ARGO,1853
2026,2,Fevereiro,Com. Leves,Varejo,18,FIAT/FIORINO,123
2026,2,Fevereiro,Autos,Varejo,19,NISSAN/KICKS,1557
2026,2,Fevereiro,Com. Leves,Varejo,19,FIAT/TITANO,114
2026,2,Fevereiro,Autos,Varejo,20,JEEP/COMPASS,1547
2026,2,Fevereiro,Com. Leves,Varejo,20,CITROEN/JUMPY,92
2026,2,Fevereiro,Autos,Varejo,21,TOYOTA/COROLLA,1203
2026,2,Fevereiro,Com. Leves,Varejo,21,FIAT/SCUDO,87
2026,2,Fevereiro,Autos,Varejo,22,OMODA JAECOO/OMODA 5,1179
2026,2,Fevereiro,Com. Leves,Varejo,22,GM/SILVERADO,82
2026,2,Fevereiro,Autos,Varejo,23,BYD/DOLPHIN,1117
2026,2,Fevereiro,Com. Leves,Varejo,23,FOTON/AUMARK S 315,78
2026,2,Fevereiro,Autos,Varejo,24,JEEP/RENEGADE,1025
2026,2,Fevereiro,Com. Leves,Varejo,24,FORD/F150,71
2026,2,Fevereiro,Autos,Varejo,25,TOYOTA/HILUX SW4,1019
2026,2,Fevereiro,Com. Leves,Varejo,25,VW/AMAROK,71
2026,2,Fevereiro,Autos,Varejo,26,CAOA CHERY/TIGGO 8,968
2026,2,Fevereiro,Com. Leves,Varejo,26,IVECO/DAILY 30-130,67
2026,2,Fevereiro,Autos,Varejo,27,VW/TAOS,954
2026,2,Fevereiro,Com. Leves,Varejo,27,FIAT/DUCATO,58
2026,2,Fevereiro,Autos,Varejo,28,BYD/KING,779
2026,2,Fevereiro,Com. Leves,Varejo,28,M.BENZ/SPRINTER 417,5
2026,2,Fevereiro,Autos,Varejo,29,RENAULT/KARDIAN,737
2026,2,Fevereiro,Com. Leves,Varejo,29,M.BENZ/SPRINTER 317,53
2026,2,Fevereiro,Autos,Varejo,30,GM/ONIX PLUS,720
2026,2,Fevereiro,Com. Leves,Varejo,30,RAM/DAKOTA,46
2026,2,Fevereiro,Autos,Varejo,31,HYUNDAI/HB20S,688
2026,2,Fevereiro,Com. Leves,Varejo,31,SHINERAY/TLUX,45
2026,2,Fevereiro,Autos,Varejo,32,HONDA/CITY HATCH,654
2026,2,Fevereiro,Com. Leves,Varejo,32,FOTON/TUNLAND,4
2026,2,Fevereiro,Autos,Varejo,33,FIAT/CRONOS,600
2026,2,Fevereiro,Com. Leves,Varejo,33,RENAULT/KANGOO,40
2026,2,Fevereiro,Autos,Varejo,34,FORD/TERRITORY,595
2026,2,Fevereiro,Com. Leves,Varejo,34,JAC/HUNTER,39
2026,2,Fevereiro,Autos,Varejo,35,RENAULT/DUSTER,563
2026,2,Fevereiro,Com. Leves,Varejo,35,EFFA/V22,34
2026,2,Fevereiro,Autos,Varejo,36,GWM/HAVAL H9,543
2026,2,Fevereiro,Com. Leves,Varejo,36,TOYOTA/HIACE,32
2026,2,Fevereiro,Autos,Varejo,37,VW/VIRTUS,539
2026,2,Fevereiro,Com. Leves,Varejo,37,IVECO/DAILY,30
2026,2,Fevereiro,Autos,Varejo,38,BYD/YUAN,511
2026,2,Fevereiro,Com. Leves,Varejo,38,CITROEN/JUMPER,28
2026,2,Fevereiro,Autos,Varejo,39,NISSAN/KAIT,510
2026,2,Fevereiro,Com. Leves,Varejo,39,BYD/SHARK,28
2026,2,Fevereiro,Autos,Varejo,40,JEEP/COMMANDER,503
2026,2,Fevereiro,Com. Leves,Varejo,40,FORD/TRANSIT,26
2026,2,Fevereiro,Autos,Varejo,41,HONDA/CITY,501
2026,2,Fevereiro,Com. Leves,Varejo,41,PEUGEOT/PARTNER,20
2026,2,Fevereiro,Autos,Varejo,42,RENAULT/KWID,488
2026,2,Fevereiro,Com. Leves,Varejo,42,PEUGEOT/BOXER,18
2026,2,Fevereiro,Autos,Varejo,43,RENAULT/BOREAL,476
2026,2,Fevereiro,Com. Leves,Varejo,43,RAM/3500,15
2026,2,Fevereiro,Autos,Varejo,44,MITSUBISHI/ECLIPSE CROSS,472
2026,2,Fevereiro,Com. Leves,Varejo,44,NISSAN/FRONTIER,13
2026,2,Fevereiro,Autos,Varejo,45,OMODA JAECOO/JAECOO 7,458
2026,2,Fevereiro,Com. Leves,Varejo,45,IVECO/DAILY 35-180,9
2026,2,Fevereiro,Autos,Varejo,46,GM/SPIN,446
2026,2,Fevereiro,Com. Leves,Varejo,46,KIA/UK2500,9
2026,2,Fevereiro,Autos,Varejo,47,GWM/TANK 300,404
2026,2,Fevereiro,Com. Leves,Varejo,47,EFFA/V25,9
2026,2,Fevereiro,Autos,Varejo,48,TOYOTA/YARIS CROSS,390
2026,2,Fevereiro,Com. Leves,Varejo,48,MITSUBISHI/L200,6
2026,2,Fevereiro,Autos,Varejo,49,GAC/GS4,304
2026,2,Fevereiro,Com. Leves,Varejo,49,JAC/EJV5.5,5
2026,2,Fevereiro,Autos,Varejo,50,NISSAN/VERSA,294
2026,2,Fevereiro,Com. Leves,Varejo,50,TOYOTA/BANDEIRANTE,4
2026,3,Março,Autos,Total,1,VW/POLO,11051
2026,3,Março,Com. Leves,Total,1,FIAT/STRADA,16706
2026,3,Março,Autos,Total,2,GM/ONIX,10182
2026,3,Março,Com. Leves,Total,2,FIAT/TORO,5091
2026,3,Março,Autos,Total,3,FIAT/ARGO,8281
2026,3,Março,Com. Leves,Total,3,VW/SAVEIRO,4876
2026,3,Março,Autos,Total,4,VW/TERA,7977
2026,3,Março,Com. Leves,Total,4,TOYOTA/HILUX,3979
2026,3,Março,Autos,Total,5,HYUNDAI/HB20,7713
2026,3,Março,Com. Leves,Total,5,FORD/RANGER,2998
2026,3,Março,Autos,Total,6,VW/T CROSS,7622
2026,3,Março,Com. Leves,Total,6,GM/S10,2625
2026,3,Março,Autos,Total,7,FIAT/MOBI,7241
2026,3,Março,Com. Leves,Total,7,FIAT/FIORINO,2412
2026,3,Março,Autos,Total,8,BYD/DOLPHIN MINI,7053
2026,3,Março,Com. Leves,Total,8,RAM/RAMPAGE,2198
2026,3,Março,Autos,Total,9,HYUNDAI/CRETA,6674
2026,3,Março,Com. Leves,Total,9,GM/MONTANA,1576
2026,3,Março,Autos,Total,10,RENAULT/KWID,6454
2026,3,Março,Com. Leves,Total,10,RENAULT/MASTER,1106
2026,3,Março,Autos,Total,11,GM/TRACKER,5795
2026,3,Março,Com. Leves,Total,11,MITSUBISHI/TRITON,964
2026,3,Março,Autos,Total,12,VW/NIVUS,5795
2026,3,Março,Com. Leves,Total,12,RENAULT/OROCH,915
2026,3,Março,Autos,Total,13,JEEP/COMPASS,5434
2026,3,Março,Com. Leves,Total,13,GWM/POER,677
2026,3,Março,Autos,Total,14,FIAT/PULSE,5167
2026,3,Março,Com. Leves,Total,14,FIAT/TITANO,581
2026,3,Março,Autos,Total,15,BYD/SONG,5054
2026,3,Março,Com. Leves,Total,15,KIA/K2500,448
2026,3,Março,Autos,Total,16,CAOA CHERY/TIGGO 5X,5007
2026,3,Março,Com. Leves,Total,16,FORD/MAVERICK,433
2026,3,Março,Autos,Total,17,GM/ONIX PLUS,4921
2026,3,Março,Com. Leves,Total,17,RAM/DAKOTA,378
2026,3,Março,Autos,Total,18,HYUNDAI/HB20S,4655
2026,3,Março,Com. Leves,Total,18,FIAT/DUCATO,346
2026,3,Março,Autos,Total,19,NISSAN/KAIT,4462
2026,3,Março,Com. Leves,Total,19,NISSAN/FRONTIER,306
2026,3,Março,Autos,Total,20,FIAT/FASTBACK,4444
2026,3,Março,Com. Leves,Total,20,TOYOTA/HIACE,299
2026,3,Março,Autos,Total,21,HONDA/HR-V,3995
2026,3,Março,Com. Leves,Total,21,FIAT/SCUDO,280
2026,3,Março,Autos,Total,22,TOYOTA/YARIS CROSS,3864
2026,3,Março,Com. Leves,Total,22,FORD/TRANSIT,271
2026,3,Março,Autos,Total,23,TOYOTA/COROLLA CROSS,3747
2026,3,Março,Com. Leves,Total,23,EFFA/V21,220
2026,3,Março,Autos,Total,24,HONDA/WR-V,3540
2026,3,Março,Com. Leves,Total,24,VW TRUCK E BUS/EXPRESS,220
2026,3,Março,Autos,Total,25,VW/VIRTUS,3410
2026,3,Março,Com. Leves,Total,25,PEUGEOT/EXPERT,216
2026,3,Março,Autos,Total,26,JEEP/RENEGADE,3319
2026,3,Março,Com. Leves,Total,26,IVECO/DAILY,182
2026,3,Março,Autos,Total,27,GWM/HAVAL H6,3318
2026,3,Março,Com. Leves,Total,27,RENAULT/KANGOO,148
2026,3,Março,Autos,Total,28,NISSAN/KICKS,3028
2026,3,Março,Com. Leves,Total,28,IVECO/DAILY 30-130,142
2026,3,Março,Autos,Total,29,TOYOTA/COROLLA,2900
2026,3,Março,Com. Leves,Total,29,BYD/SHARK,135
2026,3,Março,Autos,Total,30,CAOA CHERY/TIGGO 7,2665
2026,3,Março,Com. Leves,Total,30,CITROEN/JUMPY,126
2026,3,Março,Autos,Total,31,FIAT/CRONOS,2126
2026,3,Março,Com. Leves,Total,31,VW/AMAROK,125
2026,3,Março,Autos,Total,32,BYD/DOLPHIN,1852
2026,3,Março,Com. Leves,Total,32,FORD/F150,109
2026,3,Março,Autos,Total,33,GM/SPIN,1658
2026,3,Março,Com. Leves,Total,33,M.BENZ/SPRINTER 317,87
2026,3,Março,Autos,Total,34,OMODA JAECOO/OMODA 5,1580
2026,3,Março,Com. Leves,Total,34,FOTON/AUMARK S 315,80
2026,3,Março,Autos,Total,35,RENAULT/KARDIAN,1389
2026,3,Março,Com. Leves,Total,35,M.BENZ/SPRINTER 417,78
2026,3,Março,Autos,Total,36,JEEP/COMMANDER,1355
2026,3,Março,Com. Leves,Total,36,GM/SILVERADO,76
2026,3,Março,Autos,Total,37,CITROEN/C3,1334
2026,3,Março,Com. Leves,Total,37,PEUGEOT/PARTNER,56
2026,3,Março,Autos,Total,38,BYD/KING,1274
2026,3,Março,Com. Leves,Total,38,SHINERAY/TLUX,54
2026,3,Março,Autos,Total,39,RENAULT/BOREAL,1272
2026,3,Março,Com. Leves,Total,39,PEUGEOT/BOXER,51
2026,3,Março,Autos,Total,40,GWM/HAVAL H9,1170
2026,3,Março,Com. Leves,Total,40,FOTON/TUNLAND,35
2026,3,Março,Autos,Total,41,HONDA/CITY HATCH,1161
2026,3,Março,Com. Leves,Total,41,EFFA/V22,3
2026,3,Março,Autos,Total,42,HONDA/CITY,1159
2026,3,Março,Com. Leves,Total,42,CITROEN/JUMPER,31
2026,3,Março,Autos,Total,43,GEELY/EX2,1157
2026,3,Março,Com. Leves,Total,43,JAC/HUNTER,27
2026,3,Março,Autos,Total,44,VW/TAOS,1143
2026,3,Março,Com. Leves,Total,44,FEVER/ORCA,20
2026,3,Março,Autos,Total,45,RENAULT/DUSTER,1125
2026,3,Março,Com. Leves,Total,45,M.BENZ/ESPRINTER 320,17
2026,3,Março,Autos,Total,46,TOYOTA/HILUX SW4,1117
2026,3,Março,Com. Leves,Total,46,RAM/3500,17
2026,3,Março,Autos,Total,47,CAOA CHERY/TIGGO 8,1090
2026,3,Março,Com. Leves,Total,47,IVECO/DAILY 35-180,16
2026,3,Março,Autos,Total,48,CITROEN/BASALT,1015
2026,3,Março,Com. Leves,Total,48,EFFA/V25,14
2026,3,Março,Autos,Total,49,FORD/TERRITORY,995
2026,3,Março,Com. Leves,Total,49,FARIZON/V6E,1
2026,3,Março,Autos,Total,50,PEUGEOT/2008,972
2026,3,Março,Com. Leves,Total,50,HYUNDAI/HR,10
2026,3,Março,Autos,Direta,1,VW/POLO,7405
2026,3,Março,Com. Leves,Direta,1,FIAT/STRADA,12782
2026,3,Março,Autos,Direta,2,FIAT/MOBI,7108
2026,3,Março,Com. Leves,Direta,2,VW/SAVEIRO,4647
2026,3,Março,Autos,Direta,3,GM/ONIX,6934
2026,3,Março,Com. Leves,Direta,3,FIAT/TORO,3207
2026,3,Março,Autos,Direta,4,FIAT/ARGO,6052
2026,3,Março,Com. Leves,Direta,4,FIAT/FIORINO,2227
2026,3,Março,Autos,Direta,5,HYUNDAI/HB20,4796
2026,3,Março,Com. Leves,Direta,5,TOYOTA/HILUX,2187
2026,3,Março,Autos,Direta,6,VW/T CROSS,4791
2026,3,Março,Com. Leves,Direta,6,GM/S10,1890
2026,3,Março,Autos,Direta,7,RENAULT/KWID,4570
2026,3,Março,Com. Leves,Direta,7,RAM/RAMPAGE,1581
2026,3,Março,Autos,Direta,8,GM/ONIX PLUS,3995
2026,3,Março,Com. Leves,Direta,8,GM/MONTANA,984
2026,3,Março,Autos,Direta,9,HYUNDAI/HB20S,3879
2026,3,Março,Com. Leves,Direta,9,RENAULT/MASTER,689
2026,3,Março,Autos,Direta,10,VW/TERA,3472
2026,3,Março,Com. Leves,Direta,10,RENAULT/OROCH,519
2026,3,Março,Autos,Direta,11,NISSAN/KAIT,3414
2026,3,Março,Com. Leves,Direta,11,FORD/RANGER,487
2026,3,Março,Autos,Direta,12,JEEP/COMPASS,3261
2026,3,Março,Com. Leves,Direta,12,FIAT/TITANO,445
2026,3,Março,Autos,Direta,13,VW/VIRTUS,2730
2026,3,Março,Com. Leves,Direta,13,MITSUBISHI/TRITON,395
2026,3,Março,Autos,Direta,14,FIAT/PULSE,2644
2026,3,Março,Com. Leves,Direta,14,FIAT/DUCATO,298
2026,3,Março,Autos,Direta,15,JEEP/RENEGADE,1984
2026,3,Março,Com. Leves,Direta,15,NISSAN/FRONTIER,294
2026,3,Março,Autos,Direta,16,FIAT/FASTBACK,1901
2026,3,Março,Com. Leves,Direta,16,TOYOTA/HIACE,269
2026,3,Março,Autos,Direta,17,HYUNDAI/CRETA,1871
2026,3,Março,Com. Leves,Direta,17,FORD/TRANSIT,238
2026,3,Março,Autos,Direta,18,GM/TRACKER,1816
2026,3,Março,Com. Leves,Direta,18,FIAT/SCUDO,207
2026,3,Março,Autos,Direta,19,VW/NIVUS,1570
2026,3,Março,Com. Leves,Direta,19,RAM/DAKOTA,184
2026,3,Março,Autos,Direta,20,NISSAN/KICKS,1563
2026,3,Março,Com. Leves,Direta,20,IVECO/DAILY,129
2026,3,Março,Autos,Direta,21,FIAT/CRONOS,1412
2026,3,Março,Com. Leves,Direta,21,RENAULT/KANGOO,128
2026,3,Março,Autos,Direta,22,TOYOTA/COROLLA CROSS,1359
2026,3,Março,Com. Leves,Direta,22,VW/AMAROK,80
2026,3,Março,Autos,Direta,23,BYD/SONG,1265
2026,3,Março,Com. Leves,Direta,23,VW TRUCK E BUS/EXPRESS,46
2026,3,Março,Autos,Direta,24,TOYOTA/COROLLA,1191
2026,3,Março,Com. Leves,Direta,24,FORD/MAVERICK,35
2026,3,Março,Autos,Direta,25,GM/SPIN,1123
2026,3,Março,Com. Leves,Direta,25,BYD/SHARK,35
2026,3,Março,Autos,Direta,26,HONDA/HR-V,1095
2026,3,Março,Com. Leves,Direta,26,PEUGEOT/PARTNER,3
2026,3,Março,Autos,Direta,27,BYD/DOLPHIN MINI,976
2026,3,Março,Com. Leves,Direta,27,GWM/POER,26
2026,3,Março,Autos,Direta,28,CITROEN/C3,951
2026,3,Março,Com. Leves,Direta,28,IVECO/DAILY 30-130,18
2026,3,Março,Autos,Direta,29,JEEP/COMMANDER,840
2026,3,Março,Com. Leves,Direta,29,HYUNDAI/HR,10
2026,3,Março,Autos,Direta,30,PEUGEOT/2008,805
2026,3,Março,Com. Leves,Direta,30,KIA/K2500,10
2026,3,Março,Autos,Direta,31,RENAULT/DUSTER,732
2026,3,Março,Com. Leves,Direta,31,FORD/F150,8
2026,3,Março,Autos,Direta,32,CITROEN/BASALT,719
2026,3,Março,Com. Leves,Direta,32,RAM/3500,7
2026,3,Março,Autos,Direta,33,RENAULT/BOREAL,626
2026,3,Março,Com. Leves,Direta,33,RENAULT/KWID,3
2026,3,Março,Autos,Direta,34,HONDA/WR-V,620
2026,3,Março,Com. Leves,Direta,34,ARROW/ONE,2
2026,3,Março,Autos,Direta,35,NISSAN/VERSA,613
2026,3,Março,Com. Leves,Direta,35,FORD/ETRANSIT,1
2026,3,Março,Autos,Direta,36,HONDA/CITY,584
2026,3,Março,Autos,Direta,37,TOYOTA/YARIS CROSS,523
2026,3,Março,Autos,Direta,38,PEUGEOT/208,482
2026,3,Março,Autos,Direta,39,RENAULT/KARDIAN,461
2026,3,Março,Autos,Direta,40,GWM/HAVAL H6,405
2026,3,Março,Autos,Direta,41,HONDA/CITY HATCH,328
2026,3,Março,Autos,Direta,42,VOLVO/EX30,287
2026,3,Março,Autos,Direta,43,VOLVO/XC60,257
2026,3,Março,Autos,Direta,44,BYD/KING,229
2026,3,Março,Autos,Direta,45,VW/TAOS,195
2026,3,Março,Autos,Direta,46,CITROEN/AIRCROSS,187
2026,3,Março,Autos,Direta,47,BYD/DOLPHIN,174
2026,3,Março,Autos,Direta,48,GWM/HAVAL H9,162
2026,3,Março,Autos,Direta,49,AUDI/Q5,159
2026,3,Março,Autos,Direta,50,GM/TRAILBLAZER,144
2026,3,Março,Autos,Varejo,1,BYD/DOLPHIN MINI,6077
2026,3,Março,Com. Leves,Varejo,1,FIAT/STRADA,3924
2026,3,Março,Autos,Varejo,2,CAOA CHERY/TIGGO 5X,5005
2026,3,Março,Com. Leves,Varejo,2,FORD/RANGER,2511
2026,3,Março,Autos,Varejo,3,HYUNDAI/CRETA,4803
2026,3,Março,Com. Leves,Varejo,3,FIAT/TORO,1884
2026,3,Março,Autos,Varejo,4,VW/TERA,4505
2026,3,Março,Com. Leves,Varejo,4,TOYOTA/HILUX,1792
2026,3,Março,Autos,Varejo,5,VW/NIVUS,4225
2026,3,Março,Com. Leves,Varejo,5,GM/S10,735
2026,3,Março,Autos,Varejo,6,GM/TRACKER,3979
2026,3,Março,Com. Leves,Varejo,6,GWM/POER,651
2026,3,Março,Autos,Varejo,7,BYD/SONG,3789
2026,3,Março,Com. Leves,Varejo,7,RAM/RAMPAGE,617
2026,3,Março,Autos,Varejo,8,VW/POLO,3646
2026,3,Março,Com. Leves,Varejo,8,GM/MONTANA,592
2026,3,Março,Autos,Varejo,9,TOYOTA/YARIS CROSS,3341
2026,3,Março,Com. Leves,Varejo,9,MITSUBISHI/TRITON,569
2026,3,Março,Autos,Varejo,10,GM/ONIX,3248
2026,3,Março,Com. Leves,Varejo,10,KIA/K2500,438
2026,3,Março,Autos,Varejo,11,HONDA/WR-V,2920
2026,3,Março,Com. Leves,Varejo,11,RENAULT/MASTER,417
2026,3,Março,Autos,Varejo,12,HYUNDAI/HB20,2917
2026,3,Março,Com. Leves,Varejo,12,FORD/MAVERICK,398
2026,3,Março,Autos,Varejo,13,GWM/HAVAL H6,2913
2026,3,Março,Com. Leves,Varejo,13,RENAULT/OROCH,396
2026,3,Março,Autos,Varejo,14,HONDA/HR-V,2900
2026,3,Março,Com. Leves,Varejo,14,VW/SAVEIRO,229
2026,3,Março,Autos,Varejo,15,VW/T CROSS,2831
2026,3,Março,Com. Leves,Varejo,15,EFFA/V21,220
2026,3,Março,Autos,Varejo,16,CAOA CHERY/TIGGO 7,2602
2026,3,Março,Com. Leves,Varejo,16,PEUGEOT/EXPERT,216
2026,3,Março,Autos,Varejo,17,FIAT/FASTBACK,2543
2026,3,Março,Com. Leves,Varejo,17,RAM/DAKOTA,194
2026,3,Março,Autos,Varejo,18,FIAT/PULSE,2523
2026,3,Março,Com. Leves,Varejo,18,FIAT/FIORINO,185
2026,3,Março,Autos,Varejo,19,TOYOTA/COROLLA CROSS,2388
2026,3,Março,Com. Leves,Varejo,19,VW TRUCK E BUS/EXPRESS,174
2026,3,Março,Autos,Varejo,20,FIAT/ARGO,2229
2026,3,Março,Com. Leves,Varejo,20,FIAT/TITANO,136
2026,3,Março,Autos,Varejo,21,JEEP/COMPASS,2173
2026,3,Março,Com. Leves,Varejo,21,CITROEN/JUMPY,126
2026,3,Março,Autos,Varejo,22,RENAULT/KWID,1884
2026,3,Março,Com. Leves,Varejo,22,IVECO/DAILY 30-130,124
2026,3,Março,Autos,Varejo,23,TOYOTA/COROLLA,1709
2026,3,Março,Com. Leves,Varejo,23,FORD/F150,101
2026,3,Março,Autos,Varejo,24,BYD/DOLPHIN,1678
2026,3,Março,Com. Leves,Varejo,24,BYD/SHARK,100
2026,3,Março,Autos,Varejo,25,OMODA JAECOO/OMODA 5,1577
2026,3,Março,Com. Leves,Varejo,25,M.BENZ/SPRINTER 317,87
2026,3,Março,Autos,Varejo,26,NISSAN/KICKS,1465
2026,3,Março,Com. Leves,Varejo,26,FOTON/AUMARK S 315,80
2026,3,Março,Autos,Varejo,27,JEEP/RENEGADE,1335
2026,3,Março,Com. Leves,Varejo,27,M.BENZ/SPRINTER 417,78
2026,3,Março,Autos,Varejo,28,GEELY/EX2,1153
2026,3,Março,Com. Leves,Varejo,28,GM/SILVERADO,76
2026,3,Março,Autos,Varejo,29,TOYOTA/HILUX SW4,1108
2026,3,Março,Com. Leves,Varejo,29,FIAT/SCUDO,73
2026,3,Março,Autos,Varejo,30,CAOA CHERY/TIGGO 8,1081
2026,3,Março,Com. Leves,Varejo,30,SHINERAY/TLUX,54
2026,3,Março,Autos,Varejo,31,NISSAN/KAIT,1048
2026,3,Março,Com. Leves,Varejo,31,IVECO/DAILY,53
2026,3,Março,Autos,Varejo,32,BYD/KING,1045
2026,3,Março,Com. Leves,Varejo,32,PEUGEOT/BOXER,51
2026,3,Março,Autos,Varejo,33,GWM/HAVAL H9,1008
2026,3,Março,Com. Leves,Varejo,33,FIAT/DUCATO,48
2026,3,Março,Autos,Varejo,34,VW/TAOS,948
2026,3,Março,Com. Leves,Varejo,34,VW/AMAROK,45
2026,3,Março,Autos,Varejo,35,RENAULT/KARDIAN,928
2026,3,Março,Com. Leves,Varejo,35,FOTON/TUNLAND,35
2026,3,Março,Autos,Varejo,36,GM/ONIX PLUS,926
2026,3,Março,Com. Leves,Varejo,36,FORD/TRANSIT,3
2026,3,Março,Autos,Varejo,37,FORD/TERRITORY,920
2026,3,Março,Com. Leves,Varejo,37,EFFA/V22,3
2026,3,Março,Autos,Varejo,38,BYD/YUAN,846
2026,3,Março,Com. Leves,Varejo,38,CITROEN/JUMPER,31
2026,3,Março,Autos,Varejo,39,GWM/TANK 300,841
2026,3,Março,Com. Leves,Varejo,39,TOYOTA/HIACE,30
2026,3,Março,Autos,Varejo,40,HONDA/CITY HATCH,833
2026,3,Março,Com. Leves,Varejo,40,JAC/HUNTER,27
2026,3,Março,Autos,Varejo,41,HYUNDAI/HB20S,776
2026,3,Março,Com. Leves,Varejo,41,PEUGEOT/PARTNER,23
2026,3,Março,Autos,Varejo,42,FIAT/CRONOS,714
2026,3,Março,Com. Leves,Varejo,42,RENAULT/KANGOO,20
2026,3,Março,Autos,Varejo,43,VW/VIRTUS,680
2026,3,Março,Com. Leves,Varejo,43,FEVER/ORCA,20
2026,3,Março,Autos,Varejo,44,OMODA JAECOO/JAECOO 7,658
2026,3,Março,Com. Leves,Varejo,44,M.BENZ/ESPRINTER 320,17
2026,3,Março,Autos,Varejo,45,RENAULT/BOREAL,646
2026,3,Março,Com. Leves,Varejo,45,IVECO/DAILY 35-180,16
2026,3,Março,Autos,Varejo,46,HONDA/CITY,575
2026,3,Março,Com. Leves,Varejo,46,EFFA/V25,14
2026,3,Março,Autos,Varejo,47,GM/SPARK,549
2026,3,Março,Com. Leves,Varejo,47,NISSAN/FRONTIER,12
2026,3,Março,Autos,Varejo,48,GM/SPIN,535
2026,3,Março,Com. Leves,Varejo,48,FARIZON/V6E,1
2026,3,Março,Autos,Varejo,49,MITSUBISHI/ECLIPSE CROSS,528
2026,3,Março,Com. Leves,Varejo,49,RAM/3500,10
2026,3,Março,Autos,Varejo,50,JEEP/COMMANDER,515
2026,3,Março,Com. Leves,Varejo,50,MITSUBISHI/L200,9
2026,4,Abril,Autos,Total,1,VW/POLO,8367
2026,4,Abril,Com. Leves,Total,1,FIAT/STRADA,14905
2026,4,Abril,Autos,Total,2,FIAT/ARGO,7991
2026,4,Abril,Com. Leves,Total,2,VW/SAVEIRO,6457
2026,4,Abril,Autos,Total,3,GM/ONIX,7847
2026,4,Abril,Com. Leves,Total,3,FIAT/TORO,4169
2026,4,Abril,Autos,Total,4,VW/T CROSS,7810
2026,4,Abril,Com. Leves,Total,4,TOYOTA/HILUX,4078
2026,4,Abril,Autos,Total,5,HYUNDAI/CRETA,7649
2026,4,Abril,Com. Leves,Total,5,FORD/RANGER,3103
2026,4,Abril,Autos,Total,6,BYD/DOLPHIN MINI,6880
2026,4,Abril,Com. Leves,Total,6,GM/S10,2731
2026,4,Abril,Autos,Total,7,HYUNDAI/HB20,6764
2026,4,Abril,Com. Leves,Total,7,FIAT/FIORINO,2096
2026,4,Abril,Autos,Total,8,RENAULT/KWID,6451
2026,4,Abril,Com. Leves,Total,8,RAM/RAMPAGE,1928
2026,4,Abril,Autos,Total,9,VW/TERA,6231
2026,4,Abril,Com. Leves,Total,9,GM/MONTANA,1627
2026,4,Abril,Autos,Total,10,BYD/SONG,6041
2026,4,Abril,Com. Leves,Total,10,RENAULT/OROCH,986
2026,4,Abril,Autos,Total,11,FIAT/MOBI,5361
2026,4,Abril,Com. Leves,Total,11,MITSUBISHI/TRITON,929
2026,4,Abril,Autos,Total,12,VW/NIVUS,5346
2026,4,Abril,Com. Leves,Total,12,RENAULT/MASTER,913
2026,4,Abril,Autos,Total,13,GM/TRACKER,5305
2026,4,Abril,Com. Leves,Total,13,GWM/POER,564
2026,4,Abril,Autos,Total,14,FIAT/PULSE,4387
2026,4,Abril,Com. Leves,Total,14,VW/AMAROK,457
2026,4,Abril,Autos,Total,15,FIAT/FASTBACK,4305
2026,4,Abril,Com. Leves,Total,15,RAM/DAKOTA,432
2026,4,Abril,Autos,Total,16,JEEP/COMPASS,4219
2026,4,Abril,Com. Leves,Total,16,FIAT/TITANO,421
2026,4,Abril,Autos,Total,17,HONDA/HR-V,4078
2026,4,Abril,Com. Leves,Total,17,RENAULT/KANGOO,371
2026,4,Abril,Autos,Total,18,HYUNDAI/HB20S,4054
2026,4,Abril,Com. Leves,Total,18,KIA/K2500,333
2026,4,Abril,Autos,Total,19,CAOA CHERY/TIGGO 5X,3924
2026,4,Abril,Com. Leves,Total,19,FORD/MAVERICK,285
2026,4,Abril,Autos,Total,20,GM/ONIX PLUS,3856
2026,4,Abril,Com. Leves,Total,20,IVECO/DAILY 30-130,253
2026,4,Abril,Autos,Total,21,TOYOTA/YARIS CROSS,3628
2026,4,Abril,Com. Leves,Total,21,EFFA/V21,232
2026,4,Abril,Autos,Total,22,GEELY/EX2,3602
2026,4,Abril,Com. Leves,Total,22,IVECO/DAILY,214
2026,4,Abril,Autos,Total,23,TOYOTA/COROLLA CROSS,3176
2026,4,Abril,Com. Leves,Total,23,VW TRUCK E BUS/EXPRESS,210
2026,4,Abril,Autos,Total,24,JEEP/RENEGADE,3144
2026,4,Abril,Com. Leves,Total,24,FIAT/DUCATO,203
2026,4,Abril,Autos,Total,25,BYD/DOLPHIN,3022
2026,4,Abril,Com. Leves,Total,25,FIAT/SCUDO,195
2026,4,Abril,Autos,Total,26,HONDA/WR-V,2857
2026,4,Abril,Com. Leves,Total,26,FORD/TRANSIT,180
2026,4,Abril,Autos,Total,27,VW/VIRTUS,2768
2026,4,Abril,Com. Leves,Total,27,PEUGEOT/EXPERT,179
2026,4,Abril,Autos,Total,28,GWM/HAVAL H6,2688
2026,4,Abril,Com. Leves,Total,28,NISSAN/FRONTIER,171
2026,4,Abril,Autos,Total,29,NISSAN/KAIT,2503
2026,4,Abril,Com. Leves,Total,29,TOYOTA/HIACE,171
2026,4,Abril,Autos,Total,30,TOYOTA/COROLLA,2410
2026,4,Abril,Com. Leves,Total,30,CITROEN/JUMPY,132
2026,4,Abril,Autos,Total,31,CAOA CHERY/TIGGO 7,2402
2026,4,Abril,Com. Leves,Total,31,FORD/F150,114
2026,4,Abril,Autos,Total,32,NISSAN/KICKS,2170
2026,4,Abril,Com. Leves,Total,32,PEUGEOT/BOXER,102
2026,4,Abril,Autos,Total,33,OMODA JAECOO/OMODA 5,1872
2026,4,Abril,Com. Leves,Total,33,RAM/3500,9
2026,4,Abril,Autos,Total,34,GM/SPIN,1851
2026,4,Abril,Com. Leves,Total,34,M.BENZ/SPRINTER 417,80
2026,4,Abril,Autos,Total,35,BYD/KING,1645
2026,4,Abril,Com. Leves,Total,35,FOTON/AUMARK S 315,76
2026,4,Abril,Autos,Total,36,FIAT/CRONOS,1589
2026,4,Abril,Com. Leves,Total,36,BYD/SHARK,76
2026,4,Abril,Autos,Total,37,RENAULT/KARDIAN,1285
2026,4,Abril,Com. Leves,Total,37,CITROEN/JUMPER,64
2026,4,Abril,Autos,Total,38,CITROEN/C3,1227
2026,4,Abril,Com. Leves,Total,38,GM/SILVERADO,64
2026,4,Abril,Autos,Total,39,HONDA/CITY,1226
2026,4,Abril,Com. Leves,Total,39,M.BENZ/SPRINTER 317,58
2026,4,Abril,Autos,Total,40,JEEP/COMMANDER,1160
2026,4,Abril,Com. Leves,Total,40,PEUGEOT/PARTNER,56
2026,4,Abril,Autos,Total,41,CAOA CHERY/TIGGO 8,1150
2026,4,Abril,Com. Leves,Total,41,FOTON/TUNLAND,53
2026,4,Abril,Autos,Total,42,VW/TAOS,1131
2026,4,Abril,Com. Leves,Total,42,RAM/2500,40
2026,4,Abril,Autos,Total,43,TOYOTA/HILUX SW4,1091
2026,4,Abril,Com. Leves,Total,43,SHINERAY/TLUX,32
2026,4,Abril,Autos,Total,44,GM/SPARK,1047
2026,4,Abril,Com. Leves,Total,44,EFFA/V22,25
2026,4,Abril,Autos,Total,45,RENAULT/BOREAL,1008
2026,4,Abril,Com. Leves,Total,45,IVECO/DAILY 35-180,17
2026,4,Abril,Autos,Total,46,RENAULT/DUSTER,1004
2026,4,Abril,Com. Leves,Total,46,JAC/HUNTER,10
2026,4,Abril,Autos,Total,47,CITROEN/BASALT,930
2026,4,Abril,Com. Leves,Total,47,EFFA/V25,7
2026,4,Abril,Autos,Total,48,GWM/HAVAL H9,922
2026,4,Abril,Com. Leves,Total,48,HYUNDAI/HR,6
2026,4,Abril,Autos,Total,49,FORD/TERRITORY,868
2026,4,Abril,Com. Leves,Total,49,KIA/UK2500,6
2026,4,Abril,Autos,Total,50,HONDA/CITY HATCH,826
2026,4,Abril,Com. Leves,Total,50,M.BENZ/ESPRINTER 320,3
2026,4,Abril,Autos,Direta,1,FIAT/ARGO,5737
2026,4,Abril,Com. Leves,Direta,1,FIAT/STRADA,11189
2026,4,Abril,Autos,Direta,2,FIAT/MOBI,5233
2026,4,Abril,Com. Leves,Direta,2,VW/SAVEIRO,6253
2026,4,Abril,Autos,Direta,3,VW/T CROSS,5155
2026,4,Abril,Com. Leves,Direta,3,FIAT/TORO,2510
2026,4,Abril,Autos,Direta,4,VW/POLO,5129
2026,4,Abril,Com. Leves,Direta,4,TOYOTA/HILUX,2386
2026,4,Abril,Autos,Direta,5,GM/ONIX,4875
2026,4,Abril,Com. Leves,Direta,5,GM/S10,2119
2026,4,Abril,Autos,Direta,6,RENAULT/KWID,4331
2026,4,Abril,Com. Leves,Direta,6,FIAT/FIORINO,1970
2026,4,Abril,Autos,Direta,7,HYUNDAI/HB20,4143
2026,4,Abril,Com. Leves,Direta,7,RAM/RAMPAGE,1359
2026,4,Abril,Autos,Direta,8,HYUNDAI/HB20S,3457
2026,4,Abril,Com. Leves,Direta,8,GM/MONTANA,1201
2026,4,Abril,Autos,Direta,9,GM/ONIX PLUS,3075
2026,4,Abril,Com. Leves,Direta,9,RENAULT/OROCH,626
2026,4,Abril,Autos,Direta,10,VW/TERA,2761
2026,4,Abril,Com. Leves,Direta,10,RENAULT/MASTER,608
2026,4,Abril,Autos,Direta,11,HYUNDAI/CRETA,2754
2026,4,Abril,Com. Leves,Direta,11,VW/AMAROK,431
2026,4,Abril,Autos,Direta,12,JEEP/COMPASS,2531
2026,4,Abril,Com. Leves,Direta,12,FORD/RANGER,390
2026,4,Abril,Autos,Direta,13,VW/VIRTUS,2229
2026,4,Abril,Com. Leves,Direta,13,RENAULT/KANGOO,352
2026,4,Abril,Autos,Direta,14,FIAT/PULSE,2125
2026,4,Abril,Com. Leves,Direta,14,MITSUBISHI/TRITON,350
2026,4,Abril,Autos,Direta,15,BYD/SONG,1963
2026,4,Abril,Com. Leves,Direta,15,FIAT/TITANO,264
2026,4,Abril,Autos,Direta,16,GM/TRACKER,1633
2026,4,Abril,Com. Leves,Direta,16,IVECO/DAILY 30-130,176
2026,4,Abril,Autos,Direta,17,FIAT/FASTBACK,1550
2026,4,Abril,Com. Leves,Direta,17,FIAT/DUCATO,162
2026,4,Abril,Autos,Direta,18,VW/NIVUS,1489
2026,4,Abril,Com. Leves,Direta,18,IVECO/DAILY,153
2026,4,Abril,Autos,Direta,19,JEEP/RENEGADE,1466
2026,4,Abril,Com. Leves,Direta,19,NISSAN/FRONTIER,149
2026,4,Abril,Autos,Direta,20,GM/SPIN,1449
2026,4,Abril,Com. Leves,Direta,20,TOYOTA/HIACE,145
2026,4,Abril,Autos,Direta,21,NISSAN/KAIT,1124
2026,4,Abril,Com. Leves,Direta,21,PEUGEOT/EXPERT,133
2026,4,Abril,Autos,Direta,22,TOYOTA/COROLLA,1083
2026,4,Abril,Com. Leves,Direta,22,FORD/TRANSIT,126
2026,4,Abril,Autos,Direta,23,HONDA/HR-V,1036
2026,4,Abril,Com. Leves,Direta,23,RAM/DAKOTA,109
2026,4,Abril,Autos,Direta,24,NISSAN/KICKS,962
2026,4,Abril,Com. Leves,Direta,24,FIAT/SCUDO,106
2026,4,Abril,Autos,Direta,25,FIAT/CRONOS,957
2026,4,Abril,Com. Leves,Direta,25,CITROEN/JUMPY,97
2026,4,Abril,Autos,Direta,26,BYD/DOLPHIN MINI,937
2026,4,Abril,Com. Leves,Direta,26,RAM/3500,95
2026,4,Abril,Autos,Direta,27,CITROEN/C3,911
2026,4,Abril,Com. Leves,Direta,27,PEUGEOT/BOXER,93
2026,4,Abril,Autos,Direta,28,TOYOTA/COROLLA CROSS,830
2026,4,Abril,Com. Leves,Direta,28,GWM/POER,67
2026,4,Abril,Autos,Direta,29,JEEP/COMMANDER,808
2026,4,Abril,Com. Leves,Direta,29,VW TRUCK E BUS/EXPRESS,65
2026,4,Abril,Autos,Direta,30,CITROEN/BASALT,766
2026,4,Abril,Com. Leves,Direta,30,CITROEN/JUMPER,48
2026,4,Abril,Autos,Direta,31,HONDA/CITY,652
2026,4,Abril,Com. Leves,Direta,31,RAM/2500,38
2026,4,Abril,Autos,Direta,32,RENAULT/DUSTER,561
2026,4,Abril,Com. Leves,Direta,32,PEUGEOT/PARTNER,37
2026,4,Abril,Autos,Direta,33,HONDA/WR-V,515
2026,4,Abril,Com. Leves,Direta,33,FORD/F150,1
2026,4,Abril,Autos,Direta,34,RENAULT/BOREAL,507
2026,4,Abril,Com. Leves,Direta,34,FORD/MAVERICK,9
2026,4,Abril,Autos,Direta,35,GWM/HAVAL H6,485
2026,4,Abril,Com. Leves,Direta,35,BYD/SHARK,9
2026,4,Abril,Autos,Direta,36,PEUGEOT/2008,439
2026,4,Abril,Com. Leves,Direta,36,HYUNDAI/HR,5
2026,4,Abril,Autos,Direta,37,VW/TAOS,420
2026,4,Abril,Com. Leves,Direta,37,KIA/K2500,3
2026,4,Abril,Autos,Direta,38,GM/TRAILBLAZER,388
2026,4,Abril,Com. Leves,Direta,38,IVECO/DAILY 35-180,2
2026,4,Abril,Autos,Direta,39,PEUGEOT/208,353
2026,4,Abril,Com. Leves,Direta,39,RENAULT/KANGOO E-TECH,2
2026,4,Abril,Autos,Direta,40,RENAULT/KARDIAN,321
2026,4,Abril,Com. Leves,Direta,40,GM/SILVERADO,1
2026,4,Abril,Autos,Direta,41,VOLVO/EX30,306
2026,4,Abril,Com. Leves,Direta,41,IVECO/DAILY 35S14,1
2026,4,Abril,Autos,Direta,42,BYD/KING,280
2026,4,Abril,Com. Leves,Direta,42,RAM/1500,1
2026,4,Abril,Autos,Direta,43,NISSAN/VERSA,263
2026,4,Abril,Autos,Direta,44,VOLVO/XC60,253
2026,4,Abril,Autos,Direta,45,HONDA/CITY HATCH,251
2026,4,Abril,Autos,Direta,46,CITROEN/AIRCROSS,224
2026,4,Abril,Autos,Direta,47,BYD/DOLPHIN,211
2026,4,Abril,Autos,Direta,48,TOYOTA/YARIS CROSS,197
2026,4,Abril,Autos,Direta,49,VW/TIGUAN,170
2026,4,Abril,Autos,Direta,50,LEAPMOTOR/C10,124
2026,4,Abril,Autos,Varejo,1,BYD/DOLPHIN MINI,5943
2026,4,Abril,Com. Leves,Varejo,1,FIAT/STRADA,3716
2026,4,Abril,Autos,Varejo,2,HYUNDAI/CRETA,4895
2026,4,Abril,Com. Leves,Varejo,2,FORD/RANGER,2713
2026,4,Abril,Autos,Varejo,3,BYD/SONG,4078
2026,4,Abril,Com. Leves,Varejo,3,TOYOTA/HILUX,1692
2026,4,Abril,Autos,Varejo,4,CAOA CHERY/TIGGO 5X,3915
2026,4,Abril,Com. Leves,Varejo,4,FIAT/TORO,1659
2026,4,Abril,Autos,Varejo,5,VW/NIVUS,3857
2026,4,Abril,Com. Leves,Varejo,5,GM/S10,612
2026,4,Abril,Autos,Varejo,6,GM/TRACKER,3672
2026,4,Abril,Com. Leves,Varejo,6,MITSUBISHI/TRITON,579
2026,4,Abril,Autos,Varejo,7,GEELY/EX2,3590
2026,4,Abril,Com. Leves,Varejo,7,RAM/RAMPAGE,569
2026,4,Abril,Autos,Varejo,8,VW/TERA,3470
2026,4,Abril,Com. Leves,Varejo,8,GWM/POER,497
2026,4,Abril,Autos,Varejo,9,TOYOTA/YARIS CROSS,3431
2026,4,Abril,Com. Leves,Varejo,9,GM/MONTANA,426
2026,4,Abril,Autos,Varejo,10,VW/POLO,3238
2026,4,Abril,Com. Leves,Varejo,10,RENAULT/OROCH,360
2026,4,Abril,Autos,Varejo,11,HONDA/HR-V,3042
2026,4,Abril,Com. Leves,Varejo,11,KIA/K2500,330
2026,4,Abril,Autos,Varejo,12,GM/ONIX,2972
2026,4,Abril,Com. Leves,Varejo,12,RAM/DAKOTA,323
2026,4,Abril,Autos,Varejo,13,BYD/DOLPHIN,2811
2026,4,Abril,Com. Leves,Varejo,13,RENAULT/MASTER,305
2026,4,Abril,Autos,Varejo,14,FIAT/FASTBACK,2755
2026,4,Abril,Com. Leves,Varejo,14,FORD/MAVERICK,276
2026,4,Abril,Autos,Varejo,15,VW/T CROSS,2655
2026,4,Abril,Com. Leves,Varejo,15,EFFA/V21,232
2026,4,Abril,Autos,Varejo,16,HYUNDAI/HB20,2621
2026,4,Abril,Com. Leves,Varejo,16,VW/SAVEIRO,204
2026,4,Abril,Autos,Varejo,17,TOYOTA/COROLLA CROSS,2346
2026,4,Abril,Com. Leves,Varejo,17,FIAT/TITANO,157
2026,4,Abril,Autos,Varejo,18,HONDA/WR-V,2342
2026,4,Abril,Com. Leves,Varejo,18,VW TRUCK E BUS/EXPRESS,145
2026,4,Abril,Autos,Varejo,19,CAOA CHERY/TIGGO 7,2309
2026,4,Abril,Com. Leves,Varejo,19,FIAT/FIORINO,126
2026,4,Abril,Autos,Varejo,20,FIAT/PULSE,2262
2026,4,Abril,Com. Leves,Varejo,20,FORD/F150,103
2026,4,Abril,Autos,Varejo,21,FIAT/ARGO,2254
2026,4,Abril,Com. Leves,Varejo,21,FIAT/SCUDO,89
2026,4,Abril,Autos,Varejo,22,GWM/HAVAL H6,2203
2026,4,Abril,Com. Leves,Varejo,22,M.BENZ/SPRINTER 417,80
2026,4,Abril,Autos,Varejo,23,RENAULT/KWID,2120
2026,4,Abril,Com. Leves,Varejo,23,IVECO/DAILY 30-130,7
2026,4,Abril,Autos,Varejo,24,OMODA JAECOO/OMODA 5,1872
2026,4,Abril,Com. Leves,Varejo,24,FOTON/AUMARK S 315,76
2026,4,Abril,Autos,Varejo,25,JEEP/COMPASS,1688
2026,4,Abril,Com. Leves,Varejo,25,BYD/SHARK,67
2026,4,Abril,Autos,Varejo,26,JEEP/RENEGADE,1678
2026,4,Abril,Com. Leves,Varejo,26,GM/SILVERADO,63
2026,4,Abril,Autos,Varejo,27,NISSAN/KAIT,1379
2026,4,Abril,Com. Leves,Varejo,27,IVECO/DAILY,61
2026,4,Abril,Autos,Varejo,28,BYD/KING,1365
2026,4,Abril,Com. Leves,Varejo,28,M.BENZ/SPRINTER 317,58
2026,4,Abril,Autos,Varejo,29,TOYOTA/COROLLA,1327
2026,4,Abril,Com. Leves,Varejo,29,FORD/TRANSIT,54
2026,4,Abril,Autos,Varejo,30,NISSAN/KICKS,1208
2026,4,Abril,Com. Leves,Varejo,30,FOTON/TUNLAND,53
2026,4,Abril,Autos,Varejo,31,CAOA CHERY/TIGGO 8,1142
2026,4,Abril,Com. Leves,Varejo,31,PEUGEOT/EXPERT,46
2026,4,Abril,Autos,Varejo,32,TOYOTA/HILUX SW4,1082
2026,4,Abril,Com. Leves,Varejo,32,FIAT/DUCATO,41
2026,4,Abril,Autos,Varejo,33,GM/SPARK,973
2026,4,Abril,Com. Leves,Varejo,33,CITROEN/JUMPY,35
2026,4,Abril,Autos,Varejo,34,RENAULT/KARDIAN,964
2026,4,Abril,Com. Leves,Varejo,34,SHINERAY/TLUX,32
2026,4,Abril,Autos,Varejo,35,GWM/HAVAL H9,859
2026,4,Abril,Com. Leves,Varejo,35,TOYOTA/HIACE,26
2026,4,Abril,Autos,Varejo,36,FORD/TERRITORY,818
2026,4,Abril,Com. Leves,Varejo,36,VW/AMAROK,26
2026,4,Abril,Autos,Varejo,37,GM/ONIX PLUS,781
2026,4,Abril,Com. Leves,Varejo,37,EFFA/V22,25
2026,4,Abril,Autos,Varejo,38,VW/TAOS,711
2026,4,Abril,Com. Leves,Varejo,38,NISSAN/FRONTIER,2
2026,4,Abril,Autos,Varejo,39,OMODA JAECOO/JAECOO 7,704
2026,4,Abril,Com. Leves,Varejo,39,PEUGEOT/PARTNER,19
2026,4,Abril,Autos,Varejo,40,FIAT/CRONOS,632
2026,4,Abril,Com. Leves,Varejo,40,RENAULT/KANGOO,19
2026,4,Abril,Autos,Varejo,41,HYUNDAI/HB20S,597
2026,4,Abril,Com. Leves,Varejo,41,CITROEN/JUMPER,16
2026,4,Abril,Autos,Varejo,42,HONDA/CITY HATCH,575
2026,4,Abril,Com. Leves,Varejo,42,IVECO/DAILY 35-180,15
2026,4,Abril,Autos,Varejo,43,HONDA/CITY,574
2026,4,Abril,Com. Leves,Varejo,43,JAC/HUNTER,10
2026,4,Abril,Autos,Varejo,44,VW/VIRTUS,539
2026,4,Abril,Com. Leves,Varejo,44,PEUGEOT/BOXER,9
2026,4,Abril,Autos,Varejo,45,RENAULT/BOREAL,501
2026,4,Abril,Com. Leves,Varejo,45,EFFA/V25,7
2026,4,Abril,Autos,Varejo,46,MITSUBISHI/ECLIPSE CROSS,497
2026,4,Abril,Com. Leves,Varejo,46,KIA/UK2500,6
2026,4,Abril,Autos,Varejo,47,RENAULT/DUSTER,443
2026,4,Abril,Com. Leves,Varejo,47,RAM/3500,4
2026,4,Abril,Autos,Varejo,48,GM/SPIN,402
2026,4,Abril,Com. Leves,Varejo,48,M.BENZ/ESPRINTER 320,3
2026,4,Abril,Autos,Varejo,49,BYD/YUAN,397
2026,4,Abril,Com. Leves,Varejo,49,MITSUBISHI/L200,3
2026,4,Abril,Autos,Varejo,50,LEAPMOTOR/C10,362
2026,4,Abril,Com. Leves,Varejo,50,RENAULT/KWID,2
2026,5,Maio,Autos,Total,1,VW/POLO,10523
2026,5,Maio,Com. Leves,Total,1,FIAT/STRADA,15395
2026,5,Maio,Autos,Total,2,VW/T CROSS,9455
2026,5,Maio,Com. Leves,Total,2,FIAT/TORO,4405
2026,5,Maio,Autos,Total,3,HYUNDAI/HB20,8357
2026,5,Maio,Com. Leves,Total,3,TOYOTA/HILUX,3982
2026,5,Maio,Autos,Total,4,FIAT/ARGO,8274
2026,5,Maio,Com. Leves,Total,4,FORD/RANGER,3530
2026,5,Maio,Autos,Total,5,GM/ONIX,7713
2026,5,Maio,Com. Leves,Total,5,FIAT/FIORINO,3105
2026,5,Maio,Autos,Total,6,BYD/DOLPHIN MINI,7577
2026,5,Maio,Com. Leves,Total,6,VW/SAVEIRO,3099
2026,5,Maio,Autos,Total,7,VW/TERA,7574
2026,5,Maio,Com. Leves,Total,7,GM/S10,3008
2026,5,Maio,Autos,Total,8,HYUNDAI/CRETA,6599
2026,5,Maio,Com. Leves,Total,8,RAM/RAMPAGE,1858
2026,5,Maio,Autos,Total,9,BYD/SONG,6307
2026,5,Maio,Com. Leves,Total,9,GM/MONTANA,1542
2026,5,Maio,Autos,Total,10,VW/NIVUS,5806
2026,5,Maio,Com. Leves,Total,10,MITSUBISHI/TRITON,971
2026,5,Maio,Autos,Total,11,FIAT/MOBI,5728
2026,5,Maio,Com. Leves,Total,11,RENAULT/MASTER,839
2026,5,Maio,Autos,Total,12,RENAULT/KWID,5237
2026,5,Maio,Com. Leves,Total,12,RENAULT/OROCH,825
2026,5,Maio,Autos,Total,13,HYUNDAI/HB20S,5205
2026,5,Maio,Com. Leves,Total,13,GWM/POER,753
2026,5,Maio,Autos,Total,14,GM/TRACKER,5099
2026,5,Maio,Com. Leves,Total,14,RAM/DAKOTA,477
2026,5,Maio,Autos,Total,15,BYD/DOLPHIN,4963
2026,5,Maio,Com. Leves,Total,15,FIAT/TITANO,467
2026,5,Maio,Autos,Total,16,FIAT/PULSE,4763
2026,5,Maio,Com. Leves,Total,16,FORD/MAVERICK,438
2026,5,Maio,Autos,Total,17,JEEP/COMPASS,4584
2026,5,Maio,Com. Leves,Total,17,IVECO/DAILY,400
2026,5,Maio,Autos,Total,18,HONDA/HR-V,4549
2026,5,Maio,Com. Leves,Total,18,VW/AMAROK,380
2026,5,Maio,Autos,Total,19,GWM/HAVAL H6,4328
2026,5,Maio,Com. Leves,Total,19,FIAT/DUCATO,374
2026,5,Maio,Autos,Total,20,JEEP/RENEGADE,4323
2026,5,Maio,Com. Leves,Total,20,RENAULT/KANGOO,371
2026,5,Maio,Autos,Total,21,GEELY/EX2,4321
2026,5,Maio,Com. Leves,Total,21,KIA/K2500,368
2026,5,Maio,Autos,Total,22,FIAT/FASTBACK,4121
2026,5,Maio,Com. Leves,Total,22,IVECO/DAILY 30-130,358
2026,5,Maio,Autos,Total,23,GM/ONIX PLUS,3806
2026,5,Maio,Com. Leves,Total,23,VW TRUCK E BUS/EXPRESS,337
2026,5,Maio,Autos,Total,24,TOYOTA/YARIS CROSS,3641
2026,5,Maio,Com. Leves,Total,24,FIAT/SCUDO,275
2026,5,Maio,Autos,Total,25,TOYOTA/COROLLA CROSS,3495
2026,5,Maio,Com. Leves,Total,25,EFFA/V21,241
2026,5,Maio,Autos,Total,26,NISSAN/KAIT,3352
2026,5,Maio,Com. Leves,Total,26,CITROEN/JUMPY,215
2026,5,Maio,Autos,Total,27,HONDA/WR-V,3254
2026,5,Maio,Com. Leves,Total,27,FORD/TRANSIT,203
2026,5,Maio,Autos,Total,28,NISSAN/KICKS,3197
2026,5,Maio,Com. Leves,Total,28,NISSAN/FRONTIER,186
2026,5,Maio,Autos,Total,29,VW/VIRTUS,2931
2026,5,Maio,Com. Leves,Total,29,TOYOTA/HIACE,183
2026,5,Maio,Autos,Total,30,CAOA CHERY/TIGGO 7,2883
2026,5,Maio,Com. Leves,Total,30,PEUGEOT/EXPERT,170
2026,5,Maio,Autos,Total,31,GM/SONIC,2778
2026,5,Maio,Com. Leves,Total,31,FORD/F150,129
2026,5,Maio,Autos,Total,32,CITROEN/BASALT,2744
2026,5,Maio,Com. Leves,Total,32,RAM/3500,112
2026,5,Maio,Autos,Total,33,FIAT/CRONOS,2734
2026,5,Maio,Com. Leves,Total,33,M.BENZ/SPRINTER 317,89
2026,5,Maio,Autos,Total,34,CAOA CHERY/TIGGO 5X,2482
2026,5,Maio,Com. Leves,Total,34,FOTON/AUMARK S 315,78
2026,5,Maio,Autos,Total,35,GM/SPIN,2254
2026,5,Maio,Com. Leves,Total,35,RAM/2500,6
2026,5,Maio,Autos,Total,36,TOYOTA/COROLLA,2217
2026,5,Maio,Com. Leves,Total,36,M.BENZ/SPRINTER 417,60
2026,5,Maio,Autos,Total,37,BYD/KING,1896
2026,5,Maio,Com. Leves,Total,37,CITROEN/JUMPER,52
2026,5,Maio,Autos,Total,38,VW/TAOS,1670
2026,5,Maio,Com. Leves,Total,38,PEUGEOT/BOXER,50
2026,5,Maio,Autos,Total,39,OMODA JAECOO/OMODA 5,1562
2026,5,Maio,Com. Leves,Total,39,PEUGEOT/PARTNER,4
2026,5,Maio,Autos,Total,40,HONDA/CITY,1502
2026,5,Maio,Com. Leves,Total,40,RIDDARA/RD6,42
2026,5,Maio,Autos,Total,41,JEEP/COMMANDER,1456
2026,5,Maio,Com. Leves,Total,41,EFFA/V22,40
2026,5,Maio,Autos,Total,42,OMODA JAECOO/JAECOO 7,1391
2026,5,Maio,Com. Leves,Total,42,FOTON/TUNLAND,38
2026,5,Maio,Autos,Total,43,CAOA CHERY/TIGGO 8,1289
2026,5,Maio,Com. Leves,Total,43,GM/SILVERADO,31
2026,5,Maio,Autos,Total,44,CITROEN/C3,1267
2026,5,Maio,Com. Leves,Total,44,BYD/SHARK,30
2026,5,Maio,Autos,Total,45,RENAULT/KARDIAN,1266
2026,5,Maio,Com. Leves,Total,45,SHINERAY/TLUX,29
2026,5,Maio,Autos,Total,46,RENAULT/BOREAL,1244
2026,5,Maio,Com. Leves,Total,46,JAC/HUNTER,19
2026,5,Maio,Autos,Total,47,RENAULT/DUSTER,1225
2026,5,Maio,Com. Leves,Total,47,JAC/EJV5.5,15
2026,5,Maio,Autos,Total,48,GWM/HAVAL H9,1220
2026,5,Maio,Com. Leves,Total,48,IVECO/DAILY 35-180,14
2026,5,Maio,Autos,Total,49,TOYOTA/HILUX SW4,1187
2026,5,Maio,Com. Leves,Total,49,EFFA/V25,10
2026,5,Maio,Autos,Total,50,VW/TIGUAN,1187
2026,5,Maio,Com. Leves,Total,50,FOTON/EWONDER,6
2026,5,Maio,Autos,Direta,1,VW/POLO,7681
2026,5,Maio,Com. Leves,Direta,1,FIAT/STRADA,11929
2026,5,Maio,Autos,Direta,2,VW/T CROSS,6355
2026,5,Maio,Com. Leves,Direta,2,FIAT/FIORINO,2969
2026,5,Maio,Autos,Direta,3,FIAT/ARGO,6169
2026,5,Maio,Com. Leves,Direta,3,VW/SAVEIRO,2935
2026,5,Maio,Autos,Direta,4,HYUNDAI/HB20,5699
2026,5,Maio,Com. Leves,Direta,4,FIAT/TORO,2921
2026,5,Maio,Autos,Direta,5,FIAT/MOBI,5622
2026,5,Maio,Com. Leves,Direta,5,GM/S10,2338
2026,5,Maio,Autos,Direta,6,HYUNDAI/HB20S,4618
2026,5,Maio,Com. Leves,Direta,6,TOYOTA/HILUX,2264
2026,5,Maio,Autos,Direta,7,GM/ONIX,4592
2026,5,Maio,Com. Leves,Direta,7,RAM/RAMPAGE,1313
2026,5,Maio,Autos,Direta,8,VW/TERA,4514
2026,5,Maio,Com. Leves,Direta,8,GM/MONTANA,1107
2026,5,Maio,Autos,Direta,9,RENAULT/KWID,3429
2026,5,Maio,Com. Leves,Direta,9,FORD/RANGER,739
2026,5,Maio,Autos,Direta,10,GM/ONIX PLUS,2966
2026,5,Maio,Com. Leves,Direta,10,RENAULT/MASTER,603
2026,5,Maio,Autos,Direta,11,JEEP/COMPASS,2818
2026,5,Maio,Com. Leves,Direta,11,RENAULT/OROCH,505
2026,5,Maio,Autos,Direta,12,JEEP/RENEGADE,2684
2026,5,Maio,Com. Leves,Direta,12,MITSUBISHI/TRITON,403
2026,5,Maio,Autos,Direta,13,VW/NIVUS,2629
2026,5,Maio,Com. Leves,Direta,13,IVECO/DAILY,367
2026,5,Maio,Autos,Direta,14,CITROEN/BASALT,2610
2026,5,Maio,Com. Leves,Direta,14,RENAULT/KANGOO,360
2026,5,Maio,Autos,Direta,15,FIAT/PULSE,2598
2026,5,Maio,Com. Leves,Direta,15,VW/AMAROK,354
2026,5,Maio,Autos,Direta,16,VW/VIRTUS,2493
2026,5,Maio,Com. Leves,Direta,16,FIAT/TITANO,344
2026,5,Maio,Autos,Direta,17,BYD/SONG,2278
2026,5,Maio,Com. Leves,Direta,17,FIAT/DUCATO,341
2026,5,Maio,Autos,Direta,18,FIAT/CRONOS,2109
2026,5,Maio,Com. Leves,Direta,18,RAM/DAKOTA,268
2026,5,Maio,Autos,Direta,19,NISSAN/KICKS,2021
2026,5,Maio,Com. Leves,Direta,19,IVECO/DAILY 30-130,231
2026,5,Maio,Autos,Direta,20,GM/SONIC,1968
2026,5,Maio,Com. Leves,Direta,20,FIAT/SCUDO,212
2026,5,Maio,Autos,Direta,21,GM/SPIN,1825
2026,5,Maio,Com. Leves,Direta,21,VW TRUCK E BUS/EXPRESS,204
2026,5,Maio,Autos,Direta,22,HYUNDAI/CRETA,1778
2026,5,Maio,Com. Leves,Direta,22,FORD/TRANSIT,184
2026,5,Maio,Autos,Direta,23,HONDA/HR-V,1760
2026,5,Maio,Com. Leves,Direta,23,CITROEN/JUMPY,180
2026,5,Maio,Autos,Direta,24,NISSAN/KAIT,1748
2026,5,Maio,Com. Leves,Direta,24,NISSAN/FRONTIER,169
2026,5,Maio,Autos,Direta,25,GM/TRACKER,1742
2026,5,Maio,Com. Leves,Direta,25,TOYOTA/HIACE,157
2026,5,Maio,Autos,Direta,26,FIAT/FASTBACK,1519
2026,5,Maio,Com. Leves,Direta,26,PEUGEOT/EXPERT,143
2026,5,Maio,Autos,Direta,27,TOYOTA/COROLLA CROSS,1379
2026,5,Maio,Com. Leves,Direta,27,RAM/3500,104
2026,5,Maio,Autos,Direta,28,JEEP/COMMANDER,1137
2026,5,Maio,Com. Leves,Direta,28,FORD/MAVERICK,87
2026,5,Maio,Autos,Direta,29,GWM/HAVAL H6,1115
2026,5,Maio,Com. Leves,Direta,29,RAM/2500,56
2026,5,Maio,Autos,Direta,30,BYD/DOLPHIN MINI,1099
2026,5,Maio,Com. Leves,Direta,30,CITROEN/JUMPER,46
2026,5,Maio,Autos,Direta,31,TOYOTA/COROLLA,1069
2026,5,Maio,Com. Leves,Direta,31,PEUGEOT/BOXER,43
2026,5,Maio,Autos,Direta,32,CITROEN/C3,1016
2026,5,Maio,Com. Leves,Direta,32,PEUGEOT/PARTNER,18
2026,5,Maio,Autos,Direta,33,PEUGEOT/2008,895
2026,5,Maio,Com. Leves,Direta,33,GWM/POER,6
2026,5,Maio,Autos,Direta,34,HONDA/CITY,854
2026,5,Maio,Com. Leves,Direta,34,HYUNDAI/HR,5
2026,5,Maio,Autos,Direta,35,VW/TAOS,816
2026,5,Maio,Com. Leves,Direta,35,FORD/F150,4
2026,5,Maio,Autos,Direta,36,BYD/DOLPHIN,800
2026,5,Maio,Com. Leves,Direta,36,BYD/SHARK,4
2026,5,Maio,Autos,Direta,37,HONDA/WR-V,794
2026,5,Maio,Com. Leves,Direta,37,FORD/ETRANSIT,1
2026,5,Maio,Autos,Direta,38,RENAULT/BOREAL,662
2026,5,Maio,Com. Leves,Direta,38,IVECO/DAILY 35-180,1
2026,5,Maio,Autos,Direta,39,RENAULT/DUSTER,660
2026,5,Maio,Com. Leves,Direta,39,KIA/K2500,1
2026,5,Maio,Autos,Direta,40,BYD/KING,556
2026,5,Maio,Com. Leves,Direta,40,PEUGEOT/ E EXPERT,1
2026,5,Maio,Autos,Direta,41,PEUGEOT/208,443
2026,5,Maio,Com. Leves,Direta,41,RENAULT/KANGOO E-TECH,1
2026,5,Maio,Autos,Direta,42,TOYOTA/YARIS CROSS,427
2026,5,Maio,Autos,Direta,43,HONDA/CITY HATCH,352
2026,5,Maio,Autos,Direta,44,RENAULT/KARDIAN,325
2026,5,Maio,Autos,Direta,45,GM/TRAILBLAZER,243
2026,5,Maio,Autos,Direta,46,CAOA CHERY/TIGGO 7,231
2026,5,Maio,Autos,Direta,47,VOLVO/XC60,222
2026,5,Maio,Autos,Direta,48,VW/GOLF,189
2026,5,Maio,Autos,Direta,49,CITROEN/AIRCROSS,179
2026,5,Maio,Autos,Direta,50,VOLVO/EX30,179
2026,5,Maio,Autos,Varejo,1,BYD/DOLPHIN MINI,6478
2026,5,Maio,Com. Leves,Varejo,1,FIAT/STRADA,3466
2026,5,Maio,Autos,Varejo,2,HYUNDAI/CRETA,4821
2026,5,Maio,Com. Leves,Varejo,2,FORD/RANGER,2791
2026,5,Maio,Autos,Varejo,3,GEELY/EX2,4250
2026,5,Maio,Com. Leves,Varejo,3,TOYOTA/HILUX,1718
2026,5,Maio,Autos,Varejo,4,BYD/DOLPHIN,4163
2026,5,Maio,Com. Leves,Varejo,4,FIAT/TORO,1484
2026,5,Maio,Autos,Varejo,5,BYD/SONG,4029
2026,5,Maio,Com. Leves,Varejo,5,GWM/POER,747
2026,5,Maio,Autos,Varejo,6,GM/TRACKER,3357
2026,5,Maio,Com. Leves,Varejo,6,GM/S10,670
2026,5,Maio,Autos,Varejo,7,TOYOTA/YARIS CROSS,3214
2026,5,Maio,Com. Leves,Varejo,7,MITSUBISHI/TRITON,568
2026,5,Maio,Autos,Varejo,8,GWM/HAVAL H6,3213
2026,5,Maio,Com. Leves,Varejo,8,RAM/RAMPAGE,545
2026,5,Maio,Autos,Varejo,9,VW/NIVUS,3177
2026,5,Maio,Com. Leves,Varejo,9,GM/MONTANA,435
2026,5,Maio,Autos,Varejo,10,GM/ONIX,3121
2026,5,Maio,Com. Leves,Varejo,10,KIA/K2500,367
2026,5,Maio,Autos,Varejo,11,VW/T CROSS,3100
2026,5,Maio,Com. Leves,Varejo,11,FORD/MAVERICK,351
2026,5,Maio,Autos,Varejo,12,VW/TERA,3060
2026,5,Maio,Com. Leves,Varejo,12,RENAULT/OROCH,320
2026,5,Maio,Autos,Varejo,13,VW/POLO,2842
2026,5,Maio,Com. Leves,Varejo,13,EFFA/V21,241
2026,5,Maio,Autos,Varejo,14,HONDA/HR-V,2789
2026,5,Maio,Com. Leves,Varejo,14,RENAULT/MASTER,236
2026,5,Maio,Autos,Varejo,15,HYUNDAI/HB20,2658
2026,5,Maio,Com. Leves,Varejo,15,RAM/DAKOTA,209
2026,5,Maio,Autos,Varejo,16,CAOA CHERY/TIGGO 7,2652
2026,5,Maio,Com. Leves,Varejo,16,VW/SAVEIRO,164
2026,5,Maio,Autos,Varejo,17,FIAT/FASTBACK,2602
2026,5,Maio,Com. Leves,Varejo,17,FIAT/FIORINO,136
2026,5,Maio,Autos,Varejo,18,CAOA CHERY/TIGGO 5X,2480
2026,5,Maio,Com. Leves,Varejo,18,VW TRUCK E BUS/EXPRESS,133
2026,5,Maio,Autos,Varejo,19,HONDA/WR-V,2460
2026,5,Maio,Com. Leves,Varejo,19,IVECO/DAILY 30-130,127
2026,5,Maio,Autos,Varejo,20,FIAT/PULSE,2165
2026,5,Maio,Com. Leves,Varejo,20,FORD/F150,125
2026,5,Maio,Autos,Varejo,21,TOYOTA/COROLLA CROSS,2116
2026,5,Maio,Com. Leves,Varejo,21,FIAT/TITANO,123
2026,5,Maio,Autos,Varejo,22,FIAT/ARGO,2105
2026,5,Maio,Com. Leves,Varejo,22,M.BENZ/SPRINTER 317,89
2026,5,Maio,Autos,Varejo,23,RENAULT/KWID,1808
2026,5,Maio,Com. Leves,Varejo,23,FOTON/AUMARK S 315,78
2026,5,Maio,Autos,Varejo,24,JEEP/COMPASS,1766
2026,5,Maio,Com. Leves,Varejo,24,FIAT/SCUDO,63
2026,5,Maio,Autos,Varejo,25,JEEP/RENEGADE,1639
2026,5,Maio,Com. Leves,Varejo,25,M.BENZ/SPRINTER 417,60
2026,5,Maio,Autos,Varejo,26,NISSAN/KAIT,1604
2026,5,Maio,Com. Leves,Varejo,26,RIDDARA/RD6,42
2026,5,Maio,Autos,Varejo,27,OMODA JAECOO/OMODA 5,1562
2026,5,Maio,Com. Leves,Varejo,27,EFFA/V22,40
2026,5,Maio,Autos,Varejo,28,OMODA JAECOO/JAECOO 7,1390
2026,5,Maio,Com. Leves,Varejo,28,FOTON/TUNLAND,38
2026,5,Maio,Autos,Varejo,29,BYD/KING,1340
2026,5,Maio,Com. Leves,Varejo,29,CITROEN/JUMPY,35
2026,5,Maio,Autos,Varejo,30,CAOA CHERY/TIGGO 8,1284
2026,5,Maio,Com. Leves,Varejo,30,FIAT/DUCATO,3
2026,5,Maio,Autos,Varejo,31,NISSAN/KICKS,1176
2026,5,Maio,Com. Leves,Varejo,31,IVECO/DAILY,3
2026,5,Maio,Autos,Varejo,32,TOYOTA/HILUX SW4,1176
2026,5,Maio,Com. Leves,Varejo,32,GM/SILVERADO,31
2026,5,Maio,Autos,Varejo,33,GWM/HAVAL H9,1172
2026,5,Maio,Com. Leves,Varejo,33,SHINERAY/TLUX,29
2026,5,Maio,Autos,Varejo,34,CAOA CHANGAN/UNIT-T,1162
2026,5,Maio,Com. Leves,Varejo,34,PEUGEOT/EXPERT,27
2026,5,Maio,Autos,Varejo,35,TOYOTA/COROLLA,1148
2026,5,Maio,Com. Leves,Varejo,35,PEUGEOT/PARTNER,26
2026,5,Maio,Autos,Varejo,36,VW/TIGUAN,1011
2026,5,Maio,Com. Leves,Varejo,36,TOYOTA/HIACE,26
2026,5,Maio,Autos,Varejo,37,GM/SPARK,1009
2026,5,Maio,Com. Leves,Varejo,37,VW/AMAROK,26
2026,5,Maio,Autos,Varejo,38,RENAULT/KARDIAN,941
2026,5,Maio,Com. Leves,Varejo,38,BYD/SHARK,26
2026,5,Maio,Autos,Varejo,39,VW/TAOS,854
2026,5,Maio,Com. Leves,Varejo,39,FORD/TRANSIT,19
2026,5,Maio,Autos,Varejo,40,GM/ONIX PLUS,840
2026,5,Maio,Com. Leves,Varejo,40,JAC/HUNTER,19
2026,5,Maio,Autos,Varejo,41,GM/SONIC,810
2026,5,Maio,Com. Leves,Varejo,41,NISSAN/FRONTIER,17
2026,5,Maio,Autos,Varejo,42,GEELY/EX5,798
2026,5,Maio,Com. Leves,Varejo,42,JAC/EJV5.5,15
2026,5,Maio,Autos,Varejo,43,FORD/TERRITORY,660
2026,5,Maio,Com. Leves,Varejo,43,IVECO/DAILY 35-180,13
2026,5,Maio,Autos,Varejo,44,HONDA/CITY,648
2026,5,Maio,Com. Leves,Varejo,44,RENAULT/KANGOO,1
2026,5,Maio,Autos,Varejo,45,FIAT/CRONOS,625
2026,5,Maio,Com. Leves,Varejo,45,EFFA/V25,10
2026,5,Maio,Autos,Varejo,46,HONDA/CITY HATCH,612
2026,5,Maio,Com. Leves,Varejo,46,RAM/2500,10
2026,5,Maio,Autos,Varejo,47,HYUNDAI/HB20S,587
2026,5,Maio,Com. Leves,Varejo,47,RAM/3500,8
2026,5,Maio,Autos,Varejo,48,RENAULT/BOREAL,582
2026,5,Maio,Com. Leves,Varejo,48,PEUGEOT/BOXER,7
2026,5,Maio,Autos,Varejo,49,RENAULT/DUSTER,565
2026,5,Maio,Com. Leves,Varejo,49,CITROEN/JUMPER,6
2026,5,Maio,Autos,Varejo,50,BYD/YUAN,543
2026,5,Maio,Com. Leves,Varejo,50,FOTON/EWONDER,6
2026,6,Junho,Autos,Total,1,VW/T CROSS,11753
2026,6,Junho,Com. Leves,Total,1,FIAT/STRADA,14303
2026,6,Junho,Autos,Total,2,VW/POLO,10939
2026,6,Junho,Com. Leves,Total,2,FIAT/TORO,4202
2026,6,Junho,Autos,Total,3,FIAT/ARGO,9831
2026,6,Junho,Com. Leves,Total,3,TOYOTA/HILUX,3888
2026,6,Junho,Autos,Total,4,VW/TERA,9289
2026,6,Junho,Com. Leves,Total,4,VW/SAVEIRO,3142
2026,6,Junho,Autos,Total,5,GM/ONIX,7972
2026,6,Junho,Com. Leves,Total,5,GM/S10,2964
2026,6,Junho,Autos,Total,6,HYUNDAI/HB20,6914
2026,6,Junho,Com. Leves,Total,6,FORD/RANGER,2949
2026,6,Junho,Autos,Total,7,BYD/SONG,6632
2026,6,Junho,Com. Leves,Total,7,FIAT/FIORINO,2014
2026,6,Junho,Autos,Total,8,BYD/DOLPHIN MINI,6457
2026,6,Junho,Com. Leves,Total,8,RAM/RAMPAGE,1996
2026,6,Junho,Autos,Total,9,HYUNDAI/CRETA,5533
2026,6,Junho,Com. Leves,Total,9,GM/MONTANA,1680
2026,6,Junho,Autos,Total,10,BYD/DOLPHIN,5512
2026,6,Junho,Com. Leves,Total,10,MITSUBISHI/TRITON,1500
2026,6,Junho,Autos,Total,11,FIAT/PULSE,5349
2026,6,Junho,Com. Leves,Total,11,RENAULT/OROCH,910
2026,6,Junho,Autos,Total,12,FIAT/MOBI,5073
2026,6,Junho,Com. Leves,Total,12,RENAULT/MASTER,783
2026,6,Junho,Autos,Total,13,RENAULT/KWID,4616
2026,6,Junho,Com. Leves,Total,13,FIAT/DUCATO,747
2026,6,Junho,Autos,Total,14,VW/NIVUS,4545
2026,6,Junho,Com. Leves,Total,14,GWM/POER,623
2026,6,Junho,Autos,Total,15,JEEP/RENEGADE,4533
2026,6,Junho,Com. Leves,Total,15,RAM/DAKOTA,613
2026,6,Junho,Autos,Total,16,GM/TRACKER,4490
2026,6,Junho,Com. Leves,Total,16,FORD/MAVERICK,429
2026,6,Junho,Autos,Total,17,GEELY/EX2,4383
2026,6,Junho,Com. Leves,Total,17,VW/AMAROK,419
2026,6,Junho,Autos,Total,18,FIAT/FASTBACK,4278
2026,6,Junho,Com. Leves,Total,18,FIAT/TITANO,410
2026,6,Junho,Autos,Total,19,HONDA/HR-V,4166
2026,6,Junho,Com. Leves,Total,19,IVECO/DAILY 30-130,384
2026,6,Junho,Autos,Total,20,JEEP/COMPASS,4132
2026,6,Junho,Com. Leves,Total,20,KIA/K2500,333
2026,6,Junho,Autos,Total,21,GWM/HAVAL H6,3943
2026,6,Junho,Com. Leves,Total,21,RENAULT/KANGOO,324
2026,6,Junho,Autos,Total,22,TOYOTA/YARIS CROSS,3896
2026,6,Junho,Com. Leves,Total,22,EFFA/V21,278
2026,6,Junho,Autos,Total,23,CAOA CHERY/TIGGO 5X,3831
2026,6,Junho,Com. Leves,Total,23,CITROEN/JUMPY,257
2026,6,Junho,Autos,Total,24,GM/ONIX PLUS,3587
2026,6,Junho,Com. Leves,Total,24,VW TRUCK E BUS/EXPRESS,231
2026,6,Junho,Autos,Total,25,HYUNDAI/HB20S,3239
2026,6,Junho,Com. Leves,Total,25,PEUGEOT/EXPERT,217
2026,6,Junho,Autos,Total,26,VW/VIRTUS,3206
2026,6,Junho,Com. Leves,Total,26,IVECO/DAILY,208
2026,6,Junho,Autos,Total,27,HONDA/WR-V,3137
2026,6,Junho,Com. Leves,Total,27,FORD/TRANSIT,181
2026,6,Junho,Autos,Total,28,TOYOTA/COROLLA CROSS,3130
2026,6,Junho,Com. Leves,Total,28,FIAT/SCUDO,172
2026,6,Junho,Autos,Total,29,NISSAN/KAIT,2941
2026,6,Junho,Com. Leves,Total,29,TOYOTA/HIACE,160
2026,6,Junho,Autos,Total,30,OMODA JAECOO/JAECOO 7,2731
2026,6,Junho,Com. Leves,Total,30,RAM/2500,138
2026,6,Junho,Autos,Total,31,FIAT/CRONOS,2686
2026,6,Junho,Com. Leves,Total,31,RAM/3500,137
2026,6,Junho,Autos,Total,32,GM/SONIC,2532
2026,6,Junho,Com. Leves,Total,32,NISSAN/FRONTIER,123
2026,6,Junho,Autos,Total,33,CAOA CHERY/TIGGO 7,2330
2026,6,Junho,Com. Leves,Total,33,M.BENZ/SPRINTER 317,103
2026,6,Junho,Autos,Total,34,NISSAN/KICKS,2294
2026,6,Junho,Com. Leves,Total,34,FOTON/AUMARK S 315,96
2026,6,Junho,Autos,Total,35,TOYOTA/COROLLA,1947
2026,6,Junho,Com. Leves,Total,35,FORD/F150,95
2026,6,Junho,Autos,Total,36,OMODA JAECOO/OMODA 5,1928
2026,6,Junho,Com. Leves,Total,36,EFFA/V22,67
2026,6,Junho,Autos,Total,37,GM/SPIN,1803
2026,6,Junho,Com. Leves,Total,37,FARIZON/V6E,64
2026,6,Junho,Autos,Total,38,BYD/KING,1643
2026,6,Junho,Com. Leves,Total,38,FOTON/TUNLAND,59
2026,6,Junho,Autos,Total,39,HONDA/CITY,1596
2026,6,Junho,Com. Leves,Total,39,M.BENZ/SPRINTER 417,49
2026,6,Junho,Autos,Total,40,JEEP/COMMANDER,1552
2026,6,Junho,Com. Leves,Total,40,PEUGEOT/BOXER,35
2026,6,Junho,Autos,Total,41,RENAULT/BOREAL,1547
2026,6,Junho,Com. Leves,Total,41,SHINERAY/TLUX,35
2026,6,Junho,Autos,Total,42,VW/TAOS,1485
2026,6,Junho,Com. Leves,Total,42,BYD/SHARK,35
2026,6,Junho,Autos,Total,43,GEELY/EX5,1450
2026,6,Junho,Com. Leves,Total,43,PEUGEOT/PARTNER,32
2026,6,Junho,Autos,Total,44,RENAULT/DUSTER,1370
2026,6,Junho,Com. Leves,Total,44,CITROEN/JUMPER,27
2026,6,Junho,Autos,Total,45,RENAULT/KARDIAN,1233
2026,6,Junho,Com. Leves,Total,45,GM/SILVERADO,17
2026,6,Junho,Autos,Total,46,TOYOTA/HILUX SW4,1125
2026,6,Junho,Com. Leves,Total,46,EFFA/V25,16
2026,6,Junho,Autos,Total,47,HONDA/CITY HATCH,1120
2026,6,Junho,Com. Leves,Total,47,RAM/1500,16
2026,6,Junho,Autos,Total,48,CITROEN/C3,1109
2026,6,Junho,Com. Leves,Total,48,JAC/HUNTER,14
2026,6,Junho,Autos,Total,49,GWM/HAVAL H9,1076
2026,6,Junho,Com. Leves,Total,49,FOTON/EVIEW CONNECT,12
2026,6,Junho,Autos,Total,50,VW/TIGUAN,1014
2026,6,Junho,Com. Leves,Total,50,IVECO/DAILY 35-180,1
2026,6,Junho,Autos,Direta,1,VW/T CROSS,8320
2026,6,Junho,Com. Leves,Direta,1,FIAT/STRADA,10832
2026,6,Junho,Autos,Direta,2,VW/POLO,7918
2026,6,Junho,Com. Leves,Direta,2,VW/SAVEIRO,2986
2026,6,Junho,Autos,Direta,3,FIAT/ARGO,7788
2026,6,Junho,Com. Leves,Direta,3,FIAT/TORO,2752
2026,6,Junho,Autos,Direta,4,VW/TERA,5880
2026,6,Junho,Com. Leves,Direta,4,GM/S10,2298
2026,6,Junho,Autos,Direta,5,GM/ONIX,4978
2026,6,Junho,Com. Leves,Direta,5,TOYOTA/HILUX,2046
2026,6,Junho,Autos,Direta,6,FIAT/MOBI,4974
2026,6,Junho,Com. Leves,Direta,6,FIAT/FIORINO,1906
2026,6,Junho,Autos,Direta,7,HYUNDAI/HB20,4555
2026,6,Junho,Com. Leves,Direta,7,RAM/RAMPAGE,1551
2026,6,Junho,Autos,Direta,8,FIAT/PULSE,3383
2026,6,Junho,Com. Leves,Direta,8,GM/MONTANA,1222
2026,6,Junho,Autos,Direta,9,JEEP/RENEGADE,3150
2026,6,Junho,Com. Leves,Direta,9,FIAT/DUCATO,720
2026,6,Junho,Autos,Direta,10,RENAULT/KWID,2975
2026,6,Junho,Com. Leves,Direta,10,FORD/RANGER,690
2026,6,Junho,Autos,Direta,11,VW/VIRTUS,2760
2026,6,Junho,Com. Leves,Direta,11,RENAULT/OROCH,672
2026,6,Junho,Autos,Direta,12,GM/ONIX PLUS,2744
2026,6,Junho,Com. Leves,Direta,12,MITSUBISHI/TRITON,632
2026,6,Junho,Autos,Direta,13,HYUNDAI/HB20S,2662
2026,6,Junho,Com. Leves,Direta,13,RENAULT/MASTER,527
2026,6,Junho,Autos,Direta,14,BYD/SONG,2486
2026,6,Junho,Com. Leves,Direta,14,RAM/DAKOTA,404
2026,6,Junho,Autos,Direta,15,JEEP/COMPASS,2453
2026,6,Junho,Com. Leves,Direta,15,VW/AMAROK,395
2026,6,Junho,Autos,Direta,16,FIAT/CRONOS,2069
2026,6,Junho,Com. Leves,Direta,16,IVECO/DAILY 30-130,314
2026,6,Junho,Autos,Direta,17,GM/TRACKER,1482
2026,6,Junho,Com. Leves,Direta,17,RENAULT/KANGOO,302
2026,6,Junho,Autos,Direta,18,NISSAN/KAIT,1469
2026,6,Junho,Com. Leves,Direta,18,FIAT/TITANO,296
2026,6,Junho,Autos,Direta,19,HONDA/HR-V,1439
2026,6,Junho,Com. Leves,Direta,19,CITROEN/JUMPY,227
2026,6,Junho,Autos,Direta,20,HYUNDAI/CRETA,1438
2026,6,Junho,Com. Leves,Direta,20,PEUGEOT/EXPERT,173
2026,6,Junho,Autos,Direta,21,GM/SPIN,1371
2026,6,Junho,Com. Leves,Direta,21,IVECO/DAILY,169
2026,6,Junho,Autos,Direta,22,FIAT/FASTBACK,1344
2026,6,Junho,Com. Leves,Direta,22,FORD/TRANSIT,150
2026,6,Junho,Autos,Direta,23,GWM/HAVAL H6,1341
2026,6,Junho,Com. Leves,Direta,23,TOYOTA/HIACE,139
2026,6,Junho,Autos,Direta,24,BYD/DOLPHIN MINI,1314
2026,6,Junho,Com. Leves,Direta,24,RAM/2500,136
2026,6,Junho,Autos,Direta,25,VW/NIVUS,1164
2026,6,Junho,Com. Leves,Direta,25,RAM/3500,136
2026,6,Junho,Autos,Direta,26,JEEP/COMMANDER,1158
2026,6,Junho,Com. Leves,Direta,26,FIAT/SCUDO,125
2026,6,Junho,Autos,Direta,27,RENAULT/BOREAL,1155
2026,6,Junho,Com. Leves,Direta,27,VW TRUCK E BUS/EXPRESS,121
2026,6,Junho,Autos,Direta,28,NISSAN/KICKS,1124
2026,6,Junho,Com. Leves,Direta,28,NISSAN/FRONTIER,113
2026,6,Junho,Autos,Direta,29,TOYOTA/COROLLA,954
2026,6,Junho,Com. Leves,Direta,29,FORD/MAVERICK,93
2026,6,Junho,Autos,Direta,30,GM/SONIC,916
2026,6,Junho,Com. Leves,Direta,30,GWM/POER,15
2026,6,Junho,Autos,Direta,31,HONDA/CITY,894
2026,6,Junho,Com. Leves,Direta,31,RAM/1500,15
2026,6,Junho,Autos,Direta,32,CITROEN/C3,882
2026,6,Junho,Com. Leves,Direta,32,CITROEN/JUMPER,13
2026,6,Junho,Autos,Direta,33,TOYOTA/COROLLA CROSS,880
2026,6,Junho,Com. Leves,Direta,33,PEUGEOT/BOXER,13
2026,6,Junho,Autos,Direta,34,RENAULT/DUSTER,820
2026,6,Junho,Com. Leves,Direta,34,PEUGEOT/PARTNER,1
2026,6,Junho,Autos,Direta,35,CITROEN/BASALT,782
2026,6,Junho,Com. Leves,Direta,35,BYD/SHARK,1
2026,6,Junho,Autos,Direta,36,HONDA/WR-V,747
2026,6,Junho,Com. Leves,Direta,36,HYUNDAI/HR,5
2026,6,Junho,Autos,Direta,37,BYD/DOLPHIN,685
2026,6,Junho,Com. Leves,Direta,37,IVECO/DAILY 35-180,5
2026,6,Junho,Autos,Direta,38,HYUNDAI/I20,642
2026,6,Junho,Com. Leves,Direta,38,KIA/K2500,4
2026,6,Junho,Autos,Direta,39,BYD/KING,622
2026,6,Junho,Com. Leves,Direta,39,RENAULT/KWID,4
2026,6,Junho,Autos,Direta,40,GM/TRAILBLAZER,610
2026,6,Junho,Com. Leves,Direta,40,FORD/F150,3
2026,6,Junho,Autos,Direta,41,RENAULT/KARDIAN,574
2026,6,Junho,Com. Leves,Direta,41,MITSUBISHI/L200,2
2026,6,Junho,Autos,Direta,42,VW/TAOS,528
2026,6,Junho,Autos,Direta,43,TOYOTA/YARIS CROSS,501
2026,6,Junho,Autos,Direta,44,NISSAN/VERSA,441
2026,6,Junho,Autos,Direta,45,HONDA/CITY HATCH,395
2026,6,Junho,Autos,Direta,46,PEUGEOT/2008,359
2026,6,Junho,Autos,Direta,47,PEUGEOT/208,269
2026,6,Junho,Autos,Direta,48,VOLVO/XC60,265
2026,6,Junho,Autos,Direta,49,CAOA CHERY/TIGGO 7,212
2026,6,Junho,Autos,Direta,50,LEAPMOTOR/C10,206
2026,6,Junho,Autos,Varejo,1,BYD/DOLPHIN MINI,5143
2026,6,Junho,Com. Leves,Varejo,1,FIAT/STRADA,3471
2026,6,Junho,Autos,Varejo,2,BYD/DOLPHIN,4827
2026,6,Junho,Com. Leves,Varejo,2,FORD/RANGER,2259
2026,6,Junho,Autos,Varejo,3,GEELY/EX2,4363
2026,6,Junho,Com. Leves,Varejo,3,TOYOTA/HILUX,1842
2026,6,Junho,Autos,Varejo,4,BYD/SONG,4146
2026,6,Junho,Com. Leves,Varejo,4,FIAT/TORO,1450
2026,6,Junho,Autos,Varejo,5,HYUNDAI/CRETA,4095
2026,6,Junho,Com. Leves,Varejo,5,MITSUBISHI/TRITON,868
2026,6,Junho,Autos,Varejo,6,CAOA CHERY/TIGGO 5X,3823
2026,6,Junho,Com. Leves,Varejo,6,GM/S10,666
2026,6,Junho,Autos,Varejo,7,VW/T CROSS,3433
2026,6,Junho,Com. Leves,Varejo,7,GWM/POER,608
2026,6,Junho,Autos,Varejo,8,VW/TERA,3409
2026,6,Junho,Com. Leves,Varejo,8,GM/MONTANA,458
2026,6,Junho,Autos,Varejo,9,TOYOTA/YARIS CROSS,3395
2026,6,Junho,Com. Leves,Varejo,9,RAM/RAMPAGE,445
2026,6,Junho,Autos,Varejo,10,VW/NIVUS,3381
2026,6,Junho,Com. Leves,Varejo,10,FORD/MAVERICK,336
2026,6,Junho,Autos,Varejo,11,VW/POLO,3021
2026,6,Junho,Com. Leves,Varejo,11,KIA/K2500,329
2026,6,Junho,Autos,Varejo,12,GM/TRACKER,3008
2026,6,Junho,Com. Leves,Varejo,12,EFFA/V21,278
2026,6,Junho,Autos,Varejo,13,GM/ONIX,2994
2026,6,Junho,Com. Leves,Varejo,13,RENAULT/MASTER,256
2026,6,Junho,Autos,Varejo,14,FIAT/FASTBACK,2934
2026,6,Junho,Com. Leves,Varejo,14,RENAULT/OROCH,238
2026,6,Junho,Autos,Varejo,15,OMODA JAECOO/JAECOO 7,2730
2026,6,Junho,Com. Leves,Varejo,15,RAM/DAKOTA,209
2026,6,Junho,Autos,Varejo,16,HONDA/HR-V,2727
2026,6,Junho,Com. Leves,Varejo,16,VW/SAVEIRO,156
2026,6,Junho,Autos,Varejo,17,GWM/HAVAL H6,2602
2026,6,Junho,Com. Leves,Varejo,17,FIAT/TITANO,114
2026,6,Junho,Autos,Varejo,18,HONDA/WR-V,2390
2026,6,Junho,Com. Leves,Varejo,18,VW TRUCK E BUS/EXPRESS,110
2026,6,Junho,Autos,Varejo,19,HYUNDAI/HB20,2359
2026,6,Junho,Com. Leves,Varejo,19,FIAT/FIORINO,108
2026,6,Junho,Autos,Varejo,20,TOYOTA/COROLLA CROSS,2250
2026,6,Junho,Com. Leves,Varejo,20,M.BENZ/SPRINTER 317,103
2026,6,Junho,Autos,Varejo,21,CAOA CHERY/TIGGO 7,2118
2026,6,Junho,Com. Leves,Varejo,21,FOTON/AUMARK S 315,96
2026,6,Junho,Autos,Varejo,22,FIAT/ARGO,2043
2026,6,Junho,Com. Leves,Varejo,22,FORD/F150,92
2026,6,Junho,Autos,Varejo,23,FIAT/PULSE,1966
2026,6,Junho,Com. Leves,Varejo,23,IVECO/DAILY 30-130,70
2026,6,Junho,Autos,Varejo,24,OMODA JAECOO/OMODA 5,1928
2026,6,Junho,Com. Leves,Varejo,24,EFFA/V22,67
2026,6,Junho,Autos,Varejo,25,JEEP/COMPASS,1679
2026,6,Junho,Com. Leves,Varejo,25,FARIZON/V6E,64
2026,6,Junho,Autos,Varejo,26,RENAULT/KWID,1641
2026,6,Junho,Com. Leves,Varejo,26,FOTON/TUNLAND,59
2026,6,Junho,Autos,Varejo,27,GM/SONIC,1616
2026,6,Junho,Com. Leves,Varejo,27,M.BENZ/SPRINTER 417,49
2026,6,Junho,Autos,Varejo,28,NISSAN/KAIT,1472
2026,6,Junho,Com. Leves,Varejo,28,FIAT/SCUDO,47
2026,6,Junho,Autos,Varejo,29,GEELY/EX5,1429
2026,6,Junho,Com. Leves,Varejo,29,PEUGEOT/EXPERT,4
2026,6,Junho,Autos,Varejo,30,JEEP/RENEGADE,1383
2026,6,Junho,Com. Leves,Varejo,30,IVECO/DAILY,39
2026,6,Junho,Autos,Varejo,31,NISSAN/KICKS,1170
2026,6,Junho,Com. Leves,Varejo,31,SHINERAY/TLUX,35
2026,6,Junho,Autos,Varejo,32,TOYOTA/HILUX SW4,1119
2026,6,Junho,Com. Leves,Varejo,32,FORD/TRANSIT,31
2026,6,Junho,Autos,Varejo,33,GWM/HAVAL H9,1046
2026,6,Junho,Com. Leves,Varejo,33,CITROEN/JUMPY,30
2026,6,Junho,Autos,Varejo,34,BYD/KING,1021
2026,6,Junho,Com. Leves,Varejo,34,FIAT/DUCATO,27
2026,6,Junho,Autos,Varejo,35,CAOA CHANGAN/UNIT-T,1003
2026,6,Junho,Com. Leves,Varejo,35,VW/AMAROK,24
2026,6,Junho,Autos,Varejo,36,TOYOTA/COROLLA,993
2026,6,Junho,Com. Leves,Varejo,36,BYD/SHARK,24
2026,6,Junho,Autos,Varejo,37,VW/TIGUAN,990
2026,6,Junho,Com. Leves,Varejo,37,PEUGEOT/BOXER,2
2026,6,Junho,Autos,Varejo,38,CAOA CHERY/TIGGO 8,978
2026,6,Junho,Com. Leves,Varejo,38,RENAULT/KANGOO,2
2026,6,Junho,Autos,Varejo,39,VW/TAOS,957
2026,6,Junho,Com. Leves,Varejo,39,PEUGEOT/PARTNER,21
2026,6,Junho,Autos,Varejo,40,GM/ONIX PLUS,843
2026,6,Junho,Com. Leves,Varejo,40,TOYOTA/HIACE,21
2026,6,Junho,Autos,Varejo,41,HONDA/CITY HATCH,725
2026,6,Junho,Com. Leves,Varejo,41,GM/SILVERADO,16
2026,6,Junho,Autos,Varejo,42,HONDA/CITY,702
2026,6,Junho,Com. Leves,Varejo,42,EFFA/V25,16
2026,6,Junho,Autos,Varejo,43,GM/SPARK,670
2026,6,Junho,Com. Leves,Varejo,43,CITROEN/JUMPER,14
2026,6,Junho,Autos,Varejo,44,RENAULT/KARDIAN,659
2026,6,Junho,Com. Leves,Varejo,44,JAC/HUNTER,14
2026,6,Junho,Autos,Varejo,45,FORD/TERRITORY,637
2026,6,Junho,Com. Leves,Varejo,45,FOTON/EVIEW CONNECT,12
2026,6,Junho,Autos,Varejo,46,GAC/AION UT,634
2026,6,Junho,Com. Leves,Varejo,46,NISSAN/FRONTIER,10
2026,6,Junho,Autos,Varejo,47,MITSUBISHI/ECLIPSE CROSS,631
2026,6,Junho,Com. Leves,Varejo,47,JAC/EJV5.5,7
2026,6,Junho,Autos,Varejo,48,FIAT/CRONOS,617
2026,6,Junho,Com. Leves,Varejo,48,JAC/EJV7L,7
2026,6,Junho,Autos,Varejo,49,HYUNDAI/HB20S,577
2026,6,Junho,Com. Leves,Varejo,49,IVECO/DAILY 35-180,6
2026,6,Junho,Autos,Varejo,50,LEAPMOTOR/C10,552
2026,6,Junho,Com. Leves,Varejo,50,M.BENZ/SPRINTER 315,6
2026,7,Julho,Autos,Total,1,VW/POLO,10340
2026,7,Julho,Com. Leves,Total,1,FIAT/STRADA,14912
2026,7,Julho,Autos,Total,2,VW/TERA,10165
2026,7,Julho,Com. Leves,Total,2,FIAT/TORO,5798
2026,7,Julho,Autos,Total,3,GM/ONIX,9313
2026,7,Julho,Com. Leves,Total,3,VW/SAVEIRO,5328
2026,7,Julho,Autos,Total,4,FIAT/ARGO,8612
2026,7,Julho,Com. Leves,Total,4,FORD/RANGER,3402
2026,7,Julho,Autos,Total,5,BYD/DOLPHIN MINI,7265
2026,7,Julho,Com. Leves,Total,5,TOYOTA/HILUX,3369
2026,7,Julho,Autos,Total,6,VW/T CROSS,7070
2026,7,Julho,Com. Leves,Total,6,GM/S10,2810
2026,7,Julho,Autos,Total,7,BYD/SONG,6834
2026,7,Julho,Com. Leves,Total,7,RAM/RAMPAGE,2338
2026,7,Julho,Autos,Total,8,BYD/DOLPHIN,6492
2026,7,Julho,Com. Leves,Total,8,FIAT/FIORINO,2280
2026,7,Julho,Autos,Total,9,GEELY/EX2,5898
2026,7,Julho,Com. Leves,Total,9,GM/MONTANA,1769
2026,7,Julho,Autos,Total,10,HYUNDAI/CRETA,5880
2026,7,Julho,Com. Leves,Total,10,MITSUBISHI/TRITON,1526
2026,7,Julho,Autos,Total,11,GWM/HAVAL H6,5673
2026,7,Julho,Com. Leves,Total,11,RENAULT/MASTER,1478
2026,7,Julho,Autos,Total,12,GM/TRACKER,5582
2026,7,Julho,Com. Leves,Total,12,RENAULT/OROCH,943
2026,7,Julho,Autos,Total,13,FIAT/MOBI,5193
2026,7,Julho,Com. Leves,Total,13,GWM/POER,801
2026,7,Julho,Autos,Total,14,TOYOTA/YARIS CROSS,5036
2026,7,Julho,Com. Leves,Total,14,RAM/DAKOTA,527
2026,7,Julho,Autos,Total,15,FIAT/FASTBACK,4849
2026,7,Julho,Com. Leves,Total,15,FIAT/TITANO,476
2026,7,Julho,Autos,Total,16,JEEP/COMPASS,4848
2026,7,Julho,Com. Leves,Total,16,VW/AMAROK,442
2026,7,Julho,Autos,Total,17,RENAULT/KWID,4382
2026,7,Julho,Com. Leves,Total,17,VW TRUCK E BUS/EXPRESS,382
2026,7,Julho,Autos,Total,18,FIAT/PULSE,4242
2026,7,Julho,Com. Leves,Total,18,FORD/MAVERICK,381
2026,7,Julho,Autos,Total,19,GM/ONIX PLUS,3888
2026,7,Julho,Com. Leves,Total,19,RENAULT/KANGOO,339
2026,7,Julho,Autos,Total,20,CAOA CHERY/TIGGO 5X,3879
2026,7,Julho,Com. Leves,Total,20,KIA/K2500,313
2026,7,Julho,Autos,Total,21,HONDA/HR-V,3858
2026,7,Julho,Com. Leves,Total,21,FIAT/DUCATO,307
2026,7,Julho,Autos,Total,22,VW/NIVUS,3728
2026,7,Julho,Com. Leves,Total,22,PEUGEOT/EXPERT,304
2026,7,Julho,Autos,Total,23,TOYOTA/COROLLA CROSS,3678
2026,7,Julho,Com. Leves,Total,23,EFFA/V21,298
2026,7,Julho,Autos,Total,24,HONDA/WR-V,3477
2026,7,Julho,Com. Leves,Total,24,FORD/TRANSIT,272
2026,7,Julho,Autos,Total,25,NISSAN/KICKS,3175
2026,7,Julho,Com. Leves,Total,25,IVECO/DAILY,220
2026,7,Julho,Autos,Total,26,OMODA JAECOO/JAECOO 7,3061
2026,7,Julho,Com. Leves,Total,26,RAM/2500,199
2026,7,Julho,Autos,Total,27,HYUNDAI/HB20,3037
2026,7,Julho,Com. Leves,Total,27,IVECO/DAILY 30-130,193
2026,7,Julho,Autos,Total,28,JEEP/RENEGADE,2934
2026,7,Julho,Com. Leves,Total,28,RAM/3500,183
2026,7,Julho,Autos,Total,29,GM/SONIC,2927
2026,7,Julho,Com. Leves,Total,29,CITROEN/JUMPY,171
2026,7,Julho,Autos,Total,30,VW/VIRTUS,2922
2026,7,Julho,Com. Leves,Total,30,TOYOTA/HIACE,149
2026,7,Julho,Autos,Total,31,NISSAN/KAIT,2902
2026,7,Julho,Com. Leves,Total,31,FIAT/SCUDO,117
2026,7,Julho,Autos,Total,32,HYUNDAI/I20,2668
2026,7,Julho,Com. Leves,Total,32,FORD/F150,112
2026,7,Julho,Autos,Total,33,OMODA JAECOO/OMODA 5,2552
2026,7,Julho,Com. Leves,Total,33,RAM/1500,106
2026,7,Julho,Autos,Total,34,FIAT/CRONOS,2237
2026,7,Julho,Com. Leves,Total,34,FOTON/AUMARK S 315,100
2026,7,Julho,Autos,Total,35,CAOA CHERY/TIGGO 7,2218
2026,7,Julho,Com. Leves,Total,35,M.BENZ/SPRINTER 317,78
2026,7,Julho,Autos,Total,36,GM/SPIN,1854
2026,7,Julho,Com. Leves,Total,36,EFFA/V22,75
2026,7,Julho,Autos,Total,37,TOYOTA/COROLLA,1666
2026,7,Julho,Com. Leves,Total,37,M.BENZ/SPRINTER 417,65
2026,7,Julho,Autos,Total,38,HYUNDAI/HB20S,1626
2026,7,Julho,Com. Leves,Total,38,SHINERAY/TLUX,5
2026,7,Julho,Autos,Total,39,RENAULT/DUSTER,1611
2026,7,Julho,Com. Leves,Total,39,FOTON/TUNLAND,53
2026,7,Julho,Autos,Total,40,BYD/KING,1605
2026,7,Julho,Com. Leves,Total,40,PEUGEOT/PARTNER,42
2026,7,Julho,Autos,Total,41,HONDA/CITY,1375
2026,7,Julho,Com. Leves,Total,41,BYD/SHARK,42
2026,7,Julho,Autos,Total,42,JEEP/COMMANDER,1278
2026,7,Julho,Com. Leves,Total,42,FEVER/ORCA,42
2026,7,Julho,Autos,Total,43,CAOA CHERY/TIGGO 8,1255
2026,7,Julho,Com. Leves,Total,43,CITROEN/JUMPER,37
2026,7,Julho,Autos,Total,44,GEELY/EX5 EM-I,1236
2026,7,Julho,Com. Leves,Total,44,PEUGEOT/BOXER,35
2026,7,Julho,Autos,Total,45,VW/TAOS,1210
2026,7,Julho,Com. Leves,Total,45,NISSAN/FRONTIER,34
2026,7,Julho,Autos,Total,46,CITROEN/C3,1205
2026,7,Julho,Com. Leves,Total,46,GM/SILVERADO,18
2026,7,Julho,Autos,Total,47,GWM/HAVAL H9,1183
2026,7,Julho,Com. Leves,Total,47,FOTON/EVIEW CONNECT,17
2026,7,Julho,Autos,Total,48,RENAULT/KARDIAN,1139
2026,7,Julho,Com. Leves,Total,48,EFFA/V25,13
2026,7,Julho,Autos,Total,49,HONDA/CITY HATCH,1065
2026,7,Julho,Com. Leves,Total,49,SHINERAY/DTRUCK,9
2026,7,Julho,Autos,Total,50,GAC/AION UT,1064
2026,7,Julho,Com. Leves,Total,50,FOTON/EWONDER,7
2026,7,Julho,Autos,Direta,1,VW/POLO,6830
2026,7,Julho,Com. Leves,Direta,1,FIAT/STRADA,11091
2026,7,Julho,Autos,Direta,2,FIAT/ARGO,6506
2026,7,Julho,Com. Leves,Direta,2,VW/SAVEIRO,5151
2026,7,Julho,Autos,Direta,3,VW/TERA,5695
2026,7,Julho,Com. Leves,Direta,3,FIAT/TORO,3309
2026,7,Julho,Autos,Direta,4,GM/ONIX,5693
2026,7,Julho,Com. Leves,Direta,4,FIAT/FIORINO,2142
2026,7,Julho,Autos,Direta,5,FIAT/MOBI,5091
2026,7,Julho,Com. Leves,Direta,5,GM/S10,2120
2026,7,Julho,Autos,Direta,6,VW/T CROSS,3905
2026,7,Julho,Com. Leves,Direta,6,RAM/RAMPAGE,1864
2026,7,Julho,Autos,Direta,7,BYD/SONG,3020
2026,7,Julho,Com. Leves,Direta,7,TOYOTA/HILUX,1777
2026,7,Julho,Autos,Direta,8,GM/ONIX PLUS,2832
2026,7,Julho,Com. Leves,Direta,8,GM/MONTANA,1309
2026,7,Julho,Autos,Direta,9,VW/VIRTUS,2456
2026,7,Julho,Com. Leves,Direta,9,RENAULT/MASTER,1178
2026,7,Julho,Autos,Direta,10,RENAULT/KWID,2446
2026,7,Julho,Com. Leves,Direta,10,FORD/RANGER,981
2026,7,Julho,Autos,Direta,11,FIAT/PULSE,2392
2026,7,Julho,Com. Leves,Direta,11,RENAULT/OROCH,680
2026,7,Julho,Autos,Direta,12,JEEP/COMPASS,2313
2026,7,Julho,Com. Leves,Direta,12,MITSUBISHI/TRITON,495
2026,7,Julho,Autos,Direta,13,NISSAN/KICKS,1867
2026,7,Julho,Com. Leves,Direta,13,VW/AMAROK,426
2026,7,Julho,Autos,Direta,14,GWM/HAVAL H6,1832
2026,7,Julho,Com. Leves,Direta,14,RAM/DAKOTA,420
2026,7,Julho,Autos,Direta,15,FIAT/CRONOS,1796
2026,7,Julho,Com. Leves,Direta,15,FIAT/TITANO,388
2026,7,Julho,Autos,Direta,16,FIAT/FASTBACK,1785
2026,7,Julho,Com. Leves,Direta,16,RENAULT/KANGOO,284
2026,7,Julho,Autos,Direta,17,BYD/DOLPHIN MINI,1728
2026,7,Julho,Com. Leves,Direta,17,VW TRUCK E BUS/EXPRESS,268
2026,7,Julho,Autos,Direta,18,HYUNDAI/CRETA,1695
2026,7,Julho,Com. Leves,Direta,18,FIAT/DUCATO,255
2026,7,Julho,Autos,Direta,19,JEEP/RENEGADE,1594
2026,7,Julho,Com. Leves,Direta,19,PEUGEOT/EXPERT,245
2026,7,Julho,Autos,Direta,20,GM/TRACKER,1491
2026,7,Julho,Com. Leves,Direta,20,FORD/TRANSIT,229
2026,7,Julho,Autos,Direta,21,HONDA/HR-V,1445
2026,7,Julho,Com. Leves,Direta,21,RAM/2500,194
2026,7,Julho,Autos,Direta,22,HYUNDAI/I20,1377
2026,7,Julho,Com. Leves,Direta,22,RAM/3500,180
2026,7,Julho,Autos,Direta,23,HYUNDAI/HB20,1338
2026,7,Julho,Com. Leves,Direta,23,IVECO/DAILY,159
2026,7,Julho,Autos,Direta,24,GM/SPIN,1296
2026,7,Julho,Com. Leves,Direta,24,CITROEN/JUMPY,148
2026,7,Julho,Autos,Direta,25,NISSAN/KAIT,1284
2026,7,Julho,Com. Leves,Direta,25,TOYOTA/HIACE,131
2026,7,Julho,Autos,Direta,26,HYUNDAI/HB20S,1077
2026,7,Julho,Com. Leves,Direta,26,IVECO/DAILY 30-130,111
2026,7,Julho,Autos,Direta,27,GM/SONIC,980
2026,7,Julho,Com. Leves,Direta,27,RAM/1500,96
2026,7,Julho,Autos,Direta,28,CITROEN/C3,955
2026,7,Julho,Com. Leves,Direta,28,FORD/MAVERICK,52
2026,7,Julho,Autos,Direta,29,TOYOTA/COROLLA CROSS,950
2026,7,Julho,Com. Leves,Direta,29,FIAT/SCUDO,49
2026,7,Julho,Autos,Direta,30,TOYOTA/YARIS CROSS,940
2026,7,Julho,Com. Leves,Direta,30,NISSAN/FRONTIER,28
2026,7,Julho,Autos,Direta,31,JEEP/COMMANDER,904
2026,7,Julho,Com. Leves,Direta,31,FORD/F150,23
2026,7,Julho,Autos,Direta,32,HONDA/WR-V,818
2026,7,Julho,Com. Leves,Direta,32,BYD/SHARK,20
2026,7,Julho,Autos,Direta,33,RENAULT/DUSTER,774
2026,7,Julho,Com. Leves,Direta,33,CITROEN/JUMPER,18
2026,7,Julho,Autos,Direta,34,TOYOTA/COROLLA,763
2026,7,Julho,Com. Leves,Direta,34,GWM/POER,18
2026,7,Julho,Autos,Direta,35,CITROEN/BASALT,636
2026,7,Julho,Com. Leves,Direta,35,PEUGEOT/BOXER,1
2026,7,Julho,Autos,Direta,36,BYD/DOLPHIN,631
2026,7,Julho,Com. Leves,Direta,36,PEUGEOT/PARTNER,8
2026,7,Julho,Autos,Direta,37,BYD/KING,609
2026,7,Julho,Com. Leves,Direta,37,GM/SILVERADO,5
2026,7,Julho,Autos,Direta,38,HONDA/CITY,580
2026,7,Julho,Com. Leves,Direta,38,KIA/K2500,5
2026,7,Julho,Autos,Direta,39,VW/NIVUS,445
2026,7,Julho,Com. Leves,Direta,39,RENAULT/KANGOO E-TECH,3
2026,7,Julho,Autos,Direta,40,PEUGEOT/2008,439
2026,7,Julho,Com. Leves,Direta,40,HYUNDAI/HR,2
2026,7,Julho,Autos,Direta,41,VW/TAOS,400
2026,7,Julho,Com. Leves,Direta,41,FORD/ETRANSIT,1
2026,7,Julho,Autos,Direta,42,FORD/TERRITORY,353
2026,7,Julho,Com. Leves,Direta,42,IVECO/DAILY 35-180,1
2026,7,Julho,Autos,Direta,43,GM/TRAILBLAZER,301
2026,7,Julho,Com. Leves,Direta,43,MITSUBISHI/L200,1
2026,7,Julho,Autos,Direta,44,NISSAN/VERSA,300
2026,7,Julho,Autos,Direta,45,HONDA/CITY HATCH,299
2026,7,Julho,Autos,Direta,46,GAC/GS3,296
2026,7,Julho,Autos,Direta,47,VOLVO/XC60,286
2026,7,Julho,Autos,Direta,48,PEUGEOT/208,278
2026,7,Julho,Autos,Direta,49,RENAULT/KARDIAN,220
2026,7,Julho,Autos,Direta,50,CAOA CHERY/TIGGO 7,220
2026,7,Julho,Autos,Varejo,1,BYD/DOLPHIN,5861
2026,7,Julho,Com. Leves,Varejo,1,FIAT/STRADA,3821
2026,7,Julho,Autos,Varejo,2,GEELY/EX2,5707
2026,7,Julho,Com. Leves,Varejo,2,FIAT/TORO,2489
2026,7,Julho,Autos,Varejo,3,BYD/DOLPHIN MINI,5537
2026,7,Julho,Com. Leves,Varejo,3,FORD/RANGER,2421
2026,7,Julho,Autos,Varejo,4,VW/TERA,4470
2026,7,Julho,Com. Leves,Varejo,4,TOYOTA/HILUX,1592
2026,7,Julho,Autos,Varejo,5,HYUNDAI/CRETA,4185
2026,7,Julho,Com. Leves,Varejo,5,MITSUBISHI/TRITON,1031
2026,7,Julho,Autos,Varejo,6,TOYOTA/YARIS CROSS,4096
2026,7,Julho,Com. Leves,Varejo,6,GWM/POER,783
2026,7,Julho,Autos,Varejo,7,GM/TRACKER,4091
2026,7,Julho,Com. Leves,Varejo,7,GM/S10,690
2026,7,Julho,Autos,Varejo,8,GWM/HAVAL H6,3841
2026,7,Julho,Com. Leves,Varejo,8,RAM/RAMPAGE,474
2026,7,Julho,Autos,Varejo,9,CAOA CHERY/TIGGO 5X,3828
2026,7,Julho,Com. Leves,Varejo,9,GM/MONTANA,460
2026,7,Julho,Autos,Varejo,10,BYD/SONG,3814
2026,7,Julho,Com. Leves,Varejo,10,FORD/MAVERICK,329
2026,7,Julho,Autos,Varejo,11,GM/ONIX,3620
2026,7,Julho,Com. Leves,Varejo,11,KIA/K2500,308
2026,7,Julho,Autos,Varejo,12,VW/POLO,3510
2026,7,Julho,Com. Leves,Varejo,12,RENAULT/MASTER,300
2026,7,Julho,Autos,Varejo,13,VW/NIVUS,3283
2026,7,Julho,Com. Leves,Varejo,13,EFFA/V21,298
2026,7,Julho,Autos,Varejo,14,VW/T CROSS,3165
2026,7,Julho,Com. Leves,Varejo,14,RENAULT/OROCH,263
2026,7,Julho,Autos,Varejo,15,FIAT/FASTBACK,3064
2026,7,Julho,Com. Leves,Varejo,15,VW/SAVEIRO,177
2026,7,Julho,Autos,Varejo,16,OMODA JAECOO/JAECOO 7,3061
2026,7,Julho,Com. Leves,Varejo,16,FIAT/FIORINO,138
2026,7,Julho,Autos,Varejo,17,TOYOTA/COROLLA CROSS,2728
2026,7,Julho,Com. Leves,Varejo,17,VW TRUCK E BUS/EXPRESS,114
2026,7,Julho,Autos,Varejo,18,HONDA/WR-V,2659
2026,7,Julho,Com. Leves,Varejo,18,RAM/DAKOTA,107
2026,7,Julho,Autos,Varejo,19,OMODA JAECOO/OMODA 5,2552
2026,7,Julho,Com. Leves,Varejo,19,FOTON/AUMARK S 315,100
2026,7,Julho,Autos,Varejo,20,JEEP/COMPASS,2535
2026,7,Julho,Com. Leves,Varejo,20,FORD/F150,89
2026,7,Julho,Autos,Varejo,21,HONDA/HR-V,2413
2026,7,Julho,Com. Leves,Varejo,21,FIAT/TITANO,8
2026,7,Julho,Autos,Varejo,22,FIAT/ARGO,2106
2026,7,Julho,Com. Leves,Varejo,22,IVECO/DAILY 30-130,82
2026,7,Julho,Autos,Varejo,23,CAOA CHERY/TIGGO 7,1998
2026,7,Julho,Com. Leves,Varejo,23,M.BENZ/SPRINTER 317,78
2026,7,Julho,Autos,Varejo,24,GM/SONIC,1947
2026,7,Julho,Com. Leves,Varejo,24,EFFA/V22,75
2026,7,Julho,Autos,Varejo,25,RENAULT/KWID,1936
2026,7,Julho,Com. Leves,Varejo,25,FIAT/SCUDO,68
2026,7,Julho,Autos,Varejo,26,FIAT/PULSE,1850
2026,7,Julho,Com. Leves,Varejo,26,M.BENZ/SPRINTER 417,65
2026,7,Julho,Autos,Varejo,27,HYUNDAI/HB20,1699
2026,7,Julho,Com. Leves,Varejo,27,IVECO/DAILY,61
2026,7,Julho,Autos,Varejo,28,NISSAN/KAIT,1618
2026,7,Julho,Com. Leves,Varejo,28,PEUGEOT/EXPERT,59
2026,7,Julho,Autos,Varejo,29,JEEP/RENEGADE,1340
2026,7,Julho,Com. Leves,Varejo,29,RENAULT/KANGOO,5
2026,7,Julho,Autos,Varejo,30,NISSAN/KICKS,1308
2026,7,Julho,Com. Leves,Varejo,30,SHINERAY/TLUX,5
2026,7,Julho,Autos,Varejo,31,HYUNDAI/I20,1291
2026,7,Julho,Com. Leves,Varejo,31,FOTON/TUNLAND,53
2026,7,Julho,Autos,Varejo,32,CAOA CHERY/TIGGO 8,1246
2026,7,Julho,Com. Leves,Varejo,32,FIAT/DUCATO,52
2026,7,Julho,Autos,Varejo,33,GEELY/EX5 EM-I,1193
2026,7,Julho,Com. Leves,Varejo,33,FORD/TRANSIT,43
2026,7,Julho,Autos,Varejo,34,GWM/HAVAL H9,1104
2026,7,Julho,Com. Leves,Varejo,34,FEVER/ORCA,42
2026,7,Julho,Autos,Varejo,35,CAOA CHANGAN/UNIT-T,1063
2026,7,Julho,Com. Leves,Varejo,35,PEUGEOT/PARTNER,34
2026,7,Julho,Autos,Varejo,36,GM/ONIX PLUS,1056
2026,7,Julho,Com. Leves,Varejo,36,PEUGEOT/BOXER,24
2026,7,Julho,Autos,Varejo,37,GAC/AION UT,1017
2026,7,Julho,Com. Leves,Varejo,37,CITROEN/JUMPY,23
2026,7,Julho,Autos,Varejo,38,BYD/KING,996
2026,7,Julho,Com. Leves,Varejo,38,BYD/SHARK,2
2026,7,Julho,Autos,Varejo,39,TOYOTA/HILUX SW4,941
2026,7,Julho,Com. Leves,Varejo,39,CITROEN/JUMPER,19
2026,7,Julho,Autos,Varejo,40,RENAULT/KARDIAN,919
2026,7,Julho,Com. Leves,Varejo,40,TOYOTA/HIACE,18
2026,7,Julho,Autos,Varejo,41,TOYOTA/COROLLA,903
2026,7,Julho,Com. Leves,Varejo,41,FOTON/EVIEW CONNECT,17
2026,7,Julho,Autos,Varejo,42,RENAULT/DUSTER,837
2026,7,Julho,Com. Leves,Varejo,42,VW/AMAROK,16
2026,7,Julho,Autos,Varejo,43,VW/TAOS,810
2026,7,Julho,Com. Leves,Varejo,43,GM/SILVERADO,13
2026,7,Julho,Autos,Varejo,44,HONDA/CITY,795
2026,7,Julho,Com. Leves,Varejo,44,EFFA/V25,13
2026,7,Julho,Autos,Varejo,45,HONDA/CITY HATCH,766
2026,7,Julho,Com. Leves,Varejo,45,RAM/1500,10
2026,7,Julho,Autos,Varejo,46,MITSUBISHI/ECLIPSE CROSS,699
2026,7,Julho,Com. Leves,Varejo,46,SHINERAY/DTRUCK,9
2026,7,Julho,Autos,Varejo,47,CAOA CHANGAN/CS75,672
2026,7,Julho,Com. Leves,Varejo,47,FOTON/EWONDER,7
2026,7,Julho,Autos,Varejo,48,LEAPMOTOR/C10,657
2026,7,Julho,Com. Leves,Varejo,48,NISSAN/FRONTIER,6
2026,7,Julho,Autos,Varejo,49,RENAULT/BOREAL,598
2026,7,Julho,Com. Leves,Varejo,49,RAM/2500,5
2026,7,Julho,Autos,Varejo,50,GWM/ORA 05,577
2026,7,Julho,Com. Leves,Varejo,50,M.BENZ/ESPRINTER 320,4
2026,8,Agosto,Autos,Total,1,VW/POLO,10472
2026,8,Agosto,Com. Leves,Total,1,FIAT/STRADA,13798
2026,8,Agosto,Autos,Total,2,VW/TERA,10338
2026,8,Agosto,Com. Leves,Total,2,FIAT/TORO,5707
2026,8,Agosto,Autos,Total,3,FIAT/ARGO,8811
2026,8,Agosto,Com. Leves,Total,3,VW/SAVEIRO,5295
2026,8,Agosto,Autos,Total,4,BYD/DOLPHIN MINI,8299
2026,8,Agosto,Com. Leves,Total,4,TOYOTA/HILUX,3471
2026,8,Agosto,Autos,Total,5,GM/ONIX,7635
2026,8,Agosto,Com. Leves,Total,5,FORD/RANGER,3130
2026,8,Agosto,Autos,Total,6,HYUNDAI/CRETA,7354
2026,8,Agosto,Com. Leves,Total,6,GM/S10,2759
2026,8,Agosto,Autos,Total,7,VW/T CROSS,6815
2026,8,Agosto,Com. Leves,Total,7,RAM/RAMPAGE,2303
2026,8,Agosto,Autos,Total,8,BYD/DOLPHIN,6740
2026,8,Agosto,Com. Leves,Total,8,FIAT/FIORINO,1845
2026,8,Agosto,Autos,Total,9,BYD/SONG,6724
2026,8,Agosto,Com. Leves,Total,9,GM/MONTANA,1587
2026,8,Agosto,Autos,Total,10,GWM/HAVAL H6,6433
2026,8,Agosto,Com. Leves,Total,10,RENAULT/MASTER,1267
2026,8,Agosto,Autos,Total,11,GEELY/EX2,5804
2026,8,Agosto,Com. Leves,Total,11,MITSUBISHI/TRITON,1225
2026,8,Agosto,Autos,Total,12,FIAT/MOBI,5587
2026,8,Agosto,Com. Leves,Total,12,RENAULT/OROCH,850
2026,8,Agosto,Autos,Total,13,GM/TRACKER,5326
2026,8,Agosto,Com. Leves,Total,13,RAM/DAKOTA,634
2026,8,Agosto,Autos,Total,14,HYUNDAI/HB20,5309
2026,8,Agosto,Com. Leves,Total,14,GWM/POER,621
2026,8,Agosto,Autos,Total,15,FIAT/FASTBACK,5133
2026,8,Agosto,Com. Leves,Total,15,VW TRUCK E BUS/EXPRESS,573
2026,8,Agosto,Autos,Total,16,GM/ONIX PLUS,4944
2026,8,Agosto,Com. Leves,Total,16,VW/AMAROK,492
2026,8,Agosto,Autos,Total,17,FIAT/PULSE,4775
2026,8,Agosto,Com. Leves,Total,17,FIAT/DUCATO,354
2026,8,Agosto,Autos,Total,18,JEEP/COMPASS,4547
2026,8,Agosto,Com. Leves,Total,18,KIA/K2500,350
2026,8,Agosto,Autos,Total,19,TOYOTA/YARIS CROSS,4414
2026,8,Agosto,Com. Leves,Total,19,EFFA/V21,335
2026,8,Agosto,Autos,Total,20,RENAULT/KWID,4357
2026,8,Agosto,Com. Leves,Total,20,FORD/MAVERICK,287
2026,8,Agosto,Autos,Total,21,HONDA/WR-V,3445
2026,8,Agosto,Com. Leves,Total,21,IVECO/DAILY,279
2026,8,Agosto,Autos,Total,22,CAOA CHERY/TIGGO 5X,3398
2026,8,Agosto,Com. Leves,Total,22,FIAT/TITANO,258
2026,8,Agosto,Autos,Total,23,OMODA JAECOO/OMODA 5,3344
2026,8,Agosto,Com. Leves,Total,23,IVECO/DAILY 30-130,235
2026,8,Agosto,Autos,Total,24,HONDA/HR-V,3279
2026,8,Agosto,Com. Leves,Total,24,PEUGEOT/EXPERT,235
2026,8,Agosto,Autos,Total,25,TOYOTA/COROLLA CROSS,3265
2026,8,Agosto,Com. Leves,Total,25,RENAULT/KANGOO,223
2026,8,Agosto,Autos,Total,26,VW/NIVUS,3259
2026,8,Agosto,Com. Leves,Total,26,FORD/TRANSIT,204
2026,8,Agosto,Autos,Total,27,NISSAN/KAIT,3194
2026,8,Agosto,Com. Leves,Total,27,RAM/3500,187
2026,8,Agosto,Autos,Total,28,HYUNDAI/I20,3042
2026,8,Agosto,Com. Leves,Total,28,CITROEN/JUMPY,180
2026,8,Agosto,Autos,Total,29,JEEP/RENEGADE,3039
2026,8,Agosto,Com. Leves,Total,29,RAM/2500,153
2026,8,Agosto,Autos,Total,30,VW/VIRTUS,2864
2026,8,Agosto,Com. Leves,Total,30,TOYOTA/HIACE,131
2026,8,Agosto,Autos,Total,31,NISSAN/KICKS,2676
2026,8,Agosto,Com. Leves,Total,31,M.BENZ/SPRINTER 417,130
2026,8,Agosto,Autos,Total,32,GM/SONIC,2651
2026,8,Agosto,Com. Leves,Total,32,FIAT/SCUDO,128
2026,8,Agosto,Autos,Total,33,OMODA JAECOO/JAECOO 7,2287
2026,8,Agosto,Com. Leves,Total,33,FOTON/AUMARK S 315,106
2026,8,Agosto,Autos,Total,34,FIAT/CRONOS,2066
2026,8,Agosto,Com. Leves,Total,34,M.BENZ/SPRINTER 317,9
2026,8,Agosto,Autos,Total,35,GM/SPIN,1636
2026,8,Agosto,Com. Leves,Total,35,FORD/F150,96
2026,8,Agosto,Autos,Total,36,HONDA/CITY,1479
2026,8,Agosto,Com. Leves,Total,36,RAM/1500,91
2026,8,Agosto,Autos,Total,37,HONDA/CITY HATCH,1447
2026,8,Agosto,Com. Leves,Total,37,RENAULT/KWID,80
2026,8,Agosto,Autos,Total,38,BYD/KING,1433
2026,8,Agosto,Com. Leves,Total,38,FOTON/TUNLAND,53
2026,8,Agosto,Autos,Total,39,RENAULT/KARDIAN,1414
2026,8,Agosto,Com. Leves,Total,39,EFFA/V22,46
2026,8,Agosto,Autos,Total,40,GEELY/EX5 EM-I,1346
2026,8,Agosto,Com. Leves,Total,40,BYD/SHARK,40
2026,8,Agosto,Autos,Total,41,CAOA CHERY/TIGGO 7,1324
2026,8,Agosto,Com. Leves,Total,41,JAC/HUNTER,35
2026,8,Agosto,Autos,Total,42,VW/TAOS,1295
2026,8,Agosto,Com. Leves,Total,42,PEUGEOT/BOXER,34
2026,8,Agosto,Autos,Total,43,CAOA CHERY/TIGGO 8,1290
2026,8,Agosto,Com. Leves,Total,43,GM/SILVERADO,3
2026,8,Agosto,Autos,Total,44,HYUNDAI/HB20S,1216
2026,8,Agosto,Com. Leves,Total,44,HITECH E/NEW DELIVERY,29
2026,8,Agosto,Autos,Total,45,RENAULT/DUSTER,1165
2026,8,Agosto,Com. Leves,Total,45,CITROEN/JUMPER,27
2026,8,Agosto,Autos,Total,46,JEEP/COMMANDER,1091
2026,8,Agosto,Com. Leves,Total,46,SHINERAY/TLUX,23
2026,8,Agosto,Autos,Total,47,TOYOTA/HILUX SW4,1064
2026,8,Agosto,Com. Leves,Total,47,FOTON/EVIEW CONNECT,20
2026,8,Agosto,Autos,Total,48,JETOUR/T2,1036
2026,8,Agosto,Com. Leves,Total,48,M.BENZ/ESPRINTER 320,19
2026,8,Agosto,Autos,Total,49,CITROEN/C3,981
2026,8,Agosto,Com. Leves,Total,49,NISSAN/FRONTIER,19
2026,8,Agosto,Autos,Total,50,GAC/AION UT,979
2026,8,Agosto,Com. Leves,Total,50,FEVER/ORCA,18
2026,8,Agosto,Autos,Direta,1,VW/POLO,6933
2026,8,Agosto,Com. Leves,Direta,1,FIAT/STRADA,8775
2026,8,Agosto,Autos,Direta,2,FIAT/ARGO,6721
2026,8,Agosto,Com. Leves,Direta,2,VW/SAVEIRO,5119
2026,8,Agosto,Autos,Direta,3,VW/TERA,5778
2026,8,Agosto,Com. Leves,Direta,3,FIAT/TORO,2619
2026,8,Agosto,Autos,Direta,4,FIAT/MOBI,5509
2026,8,Agosto,Com. Leves,Direta,4,GM/S10,2007
2026,8,Agosto,Autos,Direta,5,HYUNDAI/HB20,4131
2026,8,Agosto,Com. Leves,Direta,5,TOYOTA/HILUX,1920
2026,8,Agosto,Autos,Direta,6,VW/T CROSS,4105
2026,8,Agosto,Com. Leves,Direta,6,RAM/RAMPAGE,1814
2026,8,Agosto,Autos,Direta,7,GM/ONIX,4080
2026,8,Agosto,Com. Leves,Direta,7,FIAT/FIORINO,1666
2026,8,Agosto,Autos,Direta,8,GM/ONIX PLUS,3773
2026,8,Agosto,Com. Leves,Direta,8,GM/MONTANA,1103
2026,8,Agosto,Autos,Direta,9,HYUNDAI/CRETA,3591
2026,8,Agosto,Com. Leves,Direta,9,FORD/RANGER,983
2026,8,Agosto,Autos,Direta,10,FIAT/PULSE,2972
2026,8,Agosto,Com. Leves,Direta,10,RENAULT/MASTER,903
2026,8,Agosto,Autos,Direta,11,RENAULT/KWID,2661
2026,8,Agosto,Com. Leves,Direta,11,RENAULT/OROCH,584
2026,8,Agosto,Autos,Direta,12,BYD/SONG,2603
2026,8,Agosto,Com. Leves,Direta,12,VW/AMAROK,479
2026,8,Agosto,Autos,Direta,13,BYD/DOLPHIN MINI,2479
2026,8,Agosto,Com. Leves,Direta,13,VW TRUCK E BUS/EXPRESS,461
2026,8,Agosto,Autos,Direta,14,VW/VIRTUS,2447
2026,8,Agosto,Com. Leves,Direta,14,FIAT/DUCATO,302
2026,8,Agosto,Autos,Direta,15,FIAT/FASTBACK,2248
2026,8,Agosto,Com. Leves,Direta,15,MITSUBISHI/TRITON,276
2026,8,Agosto,Autos,Direta,16,JEEP/COMPASS,2142
2026,8,Agosto,Com. Leves,Direta,16,IVECO/DAILY,227
2026,8,Agosto,Autos,Direta,17,FIAT/CRONOS,1688
2026,8,Agosto,Com. Leves,Direta,17,RAM/DAKOTA,188
2026,8,Agosto,Autos,Direta,18,NISSAN/KAIT,1636
2026,8,Agosto,Com. Leves,Direta,18,PEUGEOT/EXPERT,181
2026,8,Agosto,Autos,Direta,19,HYUNDAI/I20,1633
2026,8,Agosto,Com. Leves,Direta,19,FORD/TRANSIT,180
2026,8,Agosto,Autos,Direta,20,JEEP/RENEGADE,1624
2026,8,Agosto,Com. Leves,Direta,20,RAM/3500,179
2026,8,Agosto,Autos,Direta,21,NISSAN/KICKS,1563
2026,8,Agosto,Com. Leves,Direta,21,RENAULT/KANGOO,170
2026,8,Agosto,Autos,Direta,22,HONDA/HR-V,1468
2026,8,Agosto,Com. Leves,Direta,22,FIAT/TITANO,155
2026,8,Agosto,Autos,Direta,23,HONDA/WR-V,1458
2026,8,Agosto,Com. Leves,Direta,23,IVECO/DAILY 30-130,153
2026,8,Agosto,Autos,Direta,24,GM/TRACKER,1249
2026,8,Agosto,Com. Leves,Direta,24,RAM/2500,149
2026,8,Agosto,Autos,Direta,25,GWM/HAVAL H6,1167
2026,8,Agosto,Com. Leves,Direta,25,CITROEN/JUMPY,137
2026,8,Agosto,Autos,Direta,26,GM/SPIN,1126
2026,8,Agosto,Com. Leves,Direta,26,TOYOTA/HIACE,122
2026,8,Agosto,Autos,Direta,27,TOYOTA/YARIS CROSS,1089
2026,8,Agosto,Com. Leves,Direta,27,RAM/1500,73
2026,8,Agosto,Autos,Direta,28,GM/SONIC,852
2026,8,Agosto,Com. Leves,Direta,28,FORD/MAVERICK,51
2026,8,Agosto,Autos,Direta,29,HONDA/CITY,782
2026,8,Agosto,Com. Leves,Direta,29,RENAULT/KWID,46
2026,8,Agosto,Autos,Direta,30,BYD/DOLPHIN,776
2026,8,Agosto,Com. Leves,Direta,30,FIAT/SCUDO,43
2026,8,Agosto,Autos,Direta,31,JEEP/COMMANDER,766
2026,8,Agosto,Com. Leves,Direta,31,GM/SILVERADO,29
2026,8,Agosto,Autos,Direta,32,CITROEN/C3,740
2026,8,Agosto,Com. Leves,Direta,32,CITROEN/JUMPER,19
2026,8,Agosto,Autos,Direta,33,TOYOTA/COROLLA CROSS,726
2026,8,Agosto,Com. Leves,Direta,33,GWM/POER,16
2026,8,Agosto,Autos,Direta,34,HYUNDAI/HB20S,717
2026,8,Agosto,Com. Leves,Direta,34,NISSAN/FRONTIER,14
2026,8,Agosto,Autos,Direta,35,HONDA/CITY HATCH,630
2026,8,Agosto,Com. Leves,Direta,35,KIA/K2500,12
2026,8,Agosto,Autos,Direta,36,RENAULT/DUSTER,628
2026,8,Agosto,Com. Leves,Direta,36,BYD/SHARK,12
2026,8,Agosto,Autos,Direta,37,CITROEN/BASALT,605
2026,8,Agosto,Com. Leves,Direta,37,FORD/F150,10
2026,8,Agosto,Autos,Direta,38,BYD/KING,543
2026,8,Agosto,Com. Leves,Direta,38,PEUGEOT/BOXER,7
2026,8,Agosto,Autos,Direta,39,RENAULT/KARDIAN,491
2026,8,Agosto,Com. Leves,Direta,39,PEUGEOT/PARTNER,6
2026,8,Agosto,Autos,Direta,40,FORD/TERRITORY,466
2026,8,Agosto,Com. Leves,Direta,40,HYUNDAI/HR,3
2026,8,Agosto,Autos,Direta,41,VW/TAOS,450
2026,8,Agosto,Com. Leves,Direta,41,FORD/ETRANSIT,2
2026,8,Agosto,Autos,Direta,42,PEUGEOT/2008,405
2026,8,Agosto,Autos,Direta,43,VW/NIVUS,335
2026,8,Agosto,Autos,Direta,44,GEELY/EX2,316
2026,8,Agosto,Autos,Direta,45,NISSAN/VERSA,314
2026,8,Agosto,Autos,Direta,46,JEEP/AVENGER,299
2026,8,Agosto,Autos,Direta,47,PEUGEOT/208,280
2026,8,Agosto,Autos,Direta,48,LEAPMOTOR/C10,260
2026,8,Agosto,Autos,Direta,49,GM/TRAILBLAZER,230
2026,8,Agosto,Autos,Direta,50,TOYOTA/COROLLA,218
2026,8,Agosto,Autos,Varejo,1,BYD/DOLPHIN,5964
2026,8,Agosto,Com. Leves,Varejo,1,FIAT/STRADA,5023
2026,8,Agosto,Autos,Varejo,2,BYD/DOLPHIN MINI,5820
2026,8,Agosto,Com. Leves,Varejo,2,FIAT/TORO,3088
2026,8,Agosto,Autos,Varejo,3,GEELY/EX2,5488
2026,8,Agosto,Com. Leves,Varejo,3,FORD/RANGER,2147
2026,8,Agosto,Autos,Varejo,4,GWM/HAVAL H6,5266
2026,8,Agosto,Com. Leves,Varejo,4,TOYOTA/HILUX,1551
2026,8,Agosto,Autos,Varejo,5,VW/TERA,4560
2026,8,Agosto,Com. Leves,Varejo,5,MITSUBISHI/TRITON,949
2026,8,Agosto,Autos,Varejo,6,BYD/SONG,4121
2026,8,Agosto,Com. Leves,Varejo,6,GM/S10,752
2026,8,Agosto,Autos,Varejo,7,GM/TRACKER,4077
2026,8,Agosto,Com. Leves,Varejo,7,GWM/POER,605
2026,8,Agosto,Autos,Varejo,8,HYUNDAI/CRETA,3763
2026,8,Agosto,Com. Leves,Varejo,8,RAM/RAMPAGE,489
2026,8,Agosto,Autos,Varejo,9,GM/ONIX,3555
2026,8,Agosto,Com. Leves,Varejo,9,GM/MONTANA,484
2026,8,Agosto,Autos,Varejo,10,VW/POLO,3539
2026,8,Agosto,Com. Leves,Varejo,10,RAM/DAKOTA,446
2026,8,Agosto,Autos,Varejo,11,OMODA JAECOO/OMODA 5,3344
2026,8,Agosto,Com. Leves,Varejo,11,RENAULT/MASTER,364
2026,8,Agosto,Autos,Varejo,12,TOYOTA/YARIS CROSS,3325
2026,8,Agosto,Com. Leves,Varejo,12,KIA/K2500,338
2026,8,Agosto,Autos,Varejo,13,CAOA CHERY/TIGGO 5X,3258
2026,8,Agosto,Com. Leves,Varejo,13,EFFA/V21,335
2026,8,Agosto,Autos,Varejo,14,VW/NIVUS,2924
2026,8,Agosto,Com. Leves,Varejo,14,RENAULT/OROCH,266
2026,8,Agosto,Autos,Varejo,15,FIAT/FASTBACK,2885
2026,8,Agosto,Com. Leves,Varejo,15,FORD/MAVERICK,236
2026,8,Agosto,Autos,Varejo,16,VW/T CROSS,2710
2026,8,Agosto,Com. Leves,Varejo,16,FIAT/FIORINO,179
2026,8,Agosto,Autos,Varejo,17,TOYOTA/COROLLA CROSS,2539
2026,8,Agosto,Com. Leves,Varejo,17,VW/SAVEIRO,176
2026,8,Agosto,Autos,Varejo,18,JEEP/COMPASS,2405
2026,8,Agosto,Com. Leves,Varejo,18,M.BENZ/SPRINTER 417,130
2026,8,Agosto,Autos,Varejo,19,OMODA JAECOO/JAECOO 7,2286
2026,8,Agosto,Com. Leves,Varejo,19,VW TRUCK E BUS/EXPRESS,112
2026,8,Agosto,Autos,Varejo,20,FIAT/ARGO,2090
2026,8,Agosto,Com. Leves,Varejo,20,FOTON/AUMARK S 315,106
2026,8,Agosto,Autos,Varejo,21,HONDA/WR-V,1987
2026,8,Agosto,Com. Leves,Varejo,21,FIAT/TITANO,103
2026,8,Agosto,Autos,Varejo,22,HONDA/HR-V,1811
2026,8,Agosto,Com. Leves,Varejo,22,M.BENZ/SPRINTER 317,9
2026,8,Agosto,Autos,Varejo,23,FIAT/PULSE,1803
2026,8,Agosto,Com. Leves,Varejo,23,FORD/F150,86
2026,8,Agosto,Autos,Varejo,24,GM/SONIC,1799
2026,8,Agosto,Com. Leves,Varejo,24,FIAT/SCUDO,85
2026,8,Agosto,Autos,Varejo,25,RENAULT/KWID,1696
2026,8,Agosto,Com. Leves,Varejo,25,IVECO/DAILY 30-130,82
2026,8,Agosto,Autos,Varejo,26,NISSAN/KAIT,1558
2026,8,Agosto,Com. Leves,Varejo,26,PEUGEOT/EXPERT,54
2026,8,Agosto,Autos,Varejo,27,JEEP/RENEGADE,1415
2026,8,Agosto,Com. Leves,Varejo,27,RENAULT/KANGOO,53
2026,8,Agosto,Autos,Varejo,28,HYUNDAI/I20,1409
2026,8,Agosto,Com. Leves,Varejo,28,FOTON/TUNLAND,53
2026,8,Agosto,Autos,Varejo,29,GEELY/EX5 EM-I,1309
2026,8,Agosto,Com. Leves,Varejo,29,FIAT/DUCATO,52
2026,8,Agosto,Autos,Varejo,30,CAOA CHERY/TIGGO 8,1283
2026,8,Agosto,Com. Leves,Varejo,30,IVECO/DAILY,52
2026,8,Agosto,Autos,Varejo,31,CAOA CHERY/TIGGO 7,1244
2026,8,Agosto,Com. Leves,Varejo,31,EFFA/V22,46
2026,8,Agosto,Autos,Varejo,32,HYUNDAI/HB20,1178
2026,8,Agosto,Com. Leves,Varejo,32,CITROEN/JUMPY,43
2026,8,Agosto,Autos,Varejo,33,GM/ONIX PLUS,1171
2026,8,Agosto,Com. Leves,Varejo,33,JAC/HUNTER,35
2026,8,Agosto,Autos,Varejo,34,NISSAN/KICKS,1113
2026,8,Agosto,Com. Leves,Varejo,34,RENAULT/KWID,34
2026,8,Agosto,Autos,Varejo,35,JETOUR/T2,1036
2026,8,Agosto,Com. Leves,Varejo,35,HITECH E/NEW DELIVERY,29
2026,8,Agosto,Autos,Varejo,36,TOYOTA/HILUX SW4,1021
2026,8,Agosto,Com. Leves,Varejo,36,BYD/SHARK,28
2026,8,Agosto,Autos,Varejo,37,GAC/AION UT,958
2026,8,Agosto,Com. Leves,Varejo,37,PEUGEOT/BOXER,27
2026,8,Agosto,Autos,Varejo,38,RENAULT/KARDIAN,923
2026,8,Agosto,Com. Leves,Varejo,38,FORD/TRANSIT,24
2026,8,Agosto,Autos,Varejo,39,CAOA CHANGAN/CS75,922
2026,8,Agosto,Com. Leves,Varejo,39,SHINERAY/TLUX,23
2026,8,Agosto,Autos,Varejo,40,GWM/HAVAL H9,920
2026,8,Agosto,Com. Leves,Varejo,40,FOTON/EVIEW CONNECT,20
2026,8,Agosto,Autos,Varejo,41,BYD/KING,890
2026,8,Agosto,Com. Leves,Varejo,41,M.BENZ/ESPRINTER 320,19
2026,8,Agosto,Autos,Varejo,42,VW/TAOS,845
2026,8,Agosto,Com. Leves,Varejo,42,RAM/1500,18
2026,8,Agosto,Autos,Varejo,43,GWM/ORA 05,836
2026,8,Agosto,Com. Leves,Varejo,43,FEVER/ORCA,18
2026,8,Agosto,Autos,Varejo,44,HONDA/CITY HATCH,817
2026,8,Agosto,Com. Leves,Varejo,44,SHINERAY/DTRUCK,17
2026,8,Agosto,Autos,Varejo,45,BYD/YUAN,742
2026,8,Agosto,Com. Leves,Varejo,45,IVECO/DAILY 35-180,14
2026,8,Agosto,Autos,Varejo,46,HONDA/CITY,697
2026,8,Agosto,Com. Leves,Varejo,46,VW/AMAROK,13
2026,8,Agosto,Autos,Varejo,47,CAOA CHANGAN/UNIT-T,645
2026,8,Agosto,Com. Leves,Varejo,47,PEUGEOT/PARTNER,1
2026,8,Agosto,Autos,Varejo,48,TOYOTA/COROLLA,637
2026,8,Agosto,Com. Leves,Varejo,48,TOYOTA/HIACE,9
2026,8,Agosto,Autos,Varejo,49,LEAPMOTOR/C10,631
2026,8,Agosto,Com. Leves,Varejo,49,CITROEN/JUMPER,8
2026,8,Agosto,Autos,Varejo,50,DENZA/B5,565
2026,8,Agosto,Com. Leves,Varejo,50,RAM/3500,8
